ISO-10303-21;
HEADER;
FILE_DESCRIPTION (( 'STEP AP203' ),
    '1' );
FILE_NAME ('Micro_Button_6x6.STEP',
    '2025-07-20T07:55:44',
    ( '' ),
    ( '' ),
    'SwSTEP 2.0',
    'SolidWorks 2024',
    '' );
FILE_SCHEMA (( 'CONFIG_CONTROL_DESIGN' ));
ENDSEC;

DATA;
#1 = EDGE_CURVE ( 'NONE', #743, #992, #621, .T. ) ;
#2 = ORIENTED_EDGE ( 'NONE', *, *, #392, .F. ) ;
#3 = DIRECTION ( 'NONE',  ( 0.000000000000000000, 0.000000000000000000, 1.000000000000000000 ) ) ;
#4 = ORIENTED_EDGE ( 'NONE', *, *, #300, .T. ) ;
#5 = CARTESIAN_POINT ( 'NONE',  ( 2.200000000000000622, 0.5000000000000000000, -4.199999999999999289 ) ) ;
#6 = DIRECTION ( 'NONE',  ( 1.000000000000000000, -0.000000000000000000, 2.891205793294678819E-16 ) ) ;
#7 = CARTESIAN_POINT ( 'NONE',  ( 2.799999999999999822, 0.5000000000000000000, -2.999999999999998224 ) ) ;
#8 = VERTEX_POINT ( 'NONE', #173 ) ;
#9 = PLANE ( 'NONE',  #610 ) ;
#10 = EDGE_LOOP ( 'NONE', ( #60, #1212, #623, #329 ) ) ;
#11 = DATE_TIME_ROLE ( 'classification_date' ) ;
#12 = DIRECTION ( 'NONE',  ( 0.000000000000000000, -1.000000000000000000, 0.000000000000000000 ) ) ;
#13 = PLANE ( 'NONE',  #631 ) ;
#14 = FACE_OUTER_BOUND ( 'NONE', #148, .T. ) ;
#15 = ORIENTED_EDGE ( 'NONE', *, *, #1186, .T. ) ;
#16 = PLANE ( 'NONE',  #234 ) ;
#17 = ORIENTED_EDGE ( 'NONE', *, *, #515, .T. ) ;
#18 = VECTOR ( 'NONE', #927, 1000.000000000000000 ) ;
#19 = CARTESIAN_POINT ( 'NONE',  ( 2.000000000000000444, 3.299999999999999822, 1.999999999999999112 ) ) ;
#20 = AXIS2_PLACEMENT_3D ( 'NONE', #216, #1123, #103 ) ;
#21 = CARTESIAN_POINT ( 'NONE',  ( 2.999999999999999112, 0.000000000000000000, -3.000000000000000444 ) ) ;
#22 = VECTOR ( 'NONE', #455, 1000.000000000000000 ) ;
#23 = CARTESIAN_POINT ( 'NONE',  ( 0.000000000000000000, 0.000000000000000000, 0.000000000000000000 ) ) ;
#24 = AXIS2_PLACEMENT_3D ( 'NONE', #1340, #555, #452 ) ;
#25 = ORIENTED_EDGE ( 'NONE', *, *, #541, .T. ) ;
#26 = DIRECTION ( 'NONE',  ( 0.000000000000000000, -0.000000000000000000, 1.000000000000000000 ) ) ;
#27 = LOCAL_TIME ( 10, 55, 44.00000000000000000, #145 ) ;
#28 = ORIENTED_EDGE ( 'NONE', *, *, #1029, .T. ) ;
#29 = PERSON_AND_ORGANIZATION ( #525, #114 ) ;
#30 = CARTESIAN_POINT ( 'NONE',  ( -2.799999999999998934, 0.5000000000000000000, 2.999999999999999112 ) ) ;
#31 = EDGE_CURVE ( 'NONE', #248, #1399, #298, .T. ) ;
#32 = LINE ( 'NONE', #260, #942 ) ;
#33 = MECHANICAL_CONTEXT ( 'NONE', #945, 'mechanical' ) ;
#34 = VERTEX_POINT ( 'NONE', #291 ) ;
#35 = DIRECTION ( 'NONE',  ( -1.445602896647339410E-16, 0.000000000000000000, -1.000000000000000000 ) ) ;
#36 = EDGE_LOOP ( 'NONE', ( #953, #1402, #846, #866 ) ) ;
#37 = DIRECTION ( 'NONE',  ( -1.000000000000000000, -0.000000000000000000, -0.000000000000000000 ) ) ;
#38 = LINE ( 'NONE', #702, #463 ) ;
#39 = ORIENTED_EDGE ( 'NONE', *, *, #1353, .F. ) ;
#40 = CARTESIAN_POINT ( 'NONE',  ( -2.799999999999998934, 0.5000000000000000000, 4.199999999999999289 ) ) ;
#41 = ORIENTED_EDGE ( 'NONE', *, *, #1145, .F. ) ;
#42 = LINE ( 'NONE', #30, #349 ) ;
#43 = EDGE_CURVE ( 'NONE', #790, #647, #1296, .T. ) ;
#44 = CARTESIAN_POINT ( 'NONE',  ( -2.199999999999999289, 0.1999999999999999833, 4.199999999999999289 ) ) ;
#45 = AXIS2_PLACEMENT_3D ( 'NONE', #1214, #105, #1448 ) ;
#46 = ORIENTED_EDGE ( 'NONE', *, *, #501, .F. ) ;
#47 = PLANE ( 'NONE',  #282 ) ;
#48 = AXIS2_PLACEMENT_3D ( 'NONE', #1386, #596, #1043 ) ;
#49 = ADVANCED_FACE ( 'NONE', ( #882 ), #1101, .T. ) ;
#50 = ORIENTED_EDGE ( 'NONE', *, *, #655, .F. ) ;
#51 = AXIS2_PLACEMENT_3D ( 'NONE', #1116, #664, #1224 ) ;
#52 = DIRECTION ( 'NONE',  ( -0.000000000000000000, -1.000000000000000000, -0.000000000000000000 ) ) ;
#53 = VERTEX_POINT ( 'NONE', #194 ) ;
#54 = CARTESIAN_POINT ( 'NONE',  ( -2.799999999999998934, 0.5000000000000000000, 4.199999999999999289 ) ) ;
#55 = ADVANCED_FACE ( 'NONE', ( #509 ), #1131, .T. ) ;
#56 = ORIENTED_EDGE ( 'NONE', *, *, #627, .F. ) ;
#57 = DIRECTION ( 'NONE',  ( 0.000000000000000000, 0.000000000000000000, 1.000000000000000000 ) ) ;
#58 = CYLINDRICAL_SURFACE ( 'NONE', #803, 1.699999999999999956 ) ;
#59 = FACE_OUTER_BOUND ( 'NONE', #604, .T. ) ;
#60 = ORIENTED_EDGE ( 'NONE', *, *, #541, .F. ) ;
#61 = FACE_OUTER_BOUND ( 'NONE', #1048, .T. ) ;
#62 = CIRCLE ( 'NONE', #278, 0.09999999999999982514 ) ;
#63 = VERTEX_POINT ( 'NONE', #530 ) ;
#64 = LINE ( 'NONE', #1211, #162 ) ;
#65 = VECTOR ( 'NONE', #616, 1000.000000000000000 ) ;
#66 = VECTOR ( 'NONE', #601, 1000.000000000000000 ) ;
#67 = ORIENTED_EDGE ( 'NONE', *, *, #765, .F. ) ;
#68 = EDGE_CURVE ( 'NONE', #849, #1323, #1321, .T. ) ;
#69 = EDGE_LOOP ( 'NONE', ( #461, #907, #41, #805 ) ) ;
#70 = DIRECTION ( 'NONE',  ( 0.000000000000000000, 0.000000000000000000, 1.000000000000000000 ) ) ;
#71 = EDGE_LOOP ( 'NONE', ( #526, #1055 ) ) ;
#72 = CARTESIAN_POINT ( 'NONE',  ( 2.000000000000000000, 3.200000000000000178, -2.000000000000000444 ) ) ;
#73 = ORIENTED_EDGE ( 'NONE', *, *, #838, .F. ) ;
#74 = DIRECTION ( 'NONE',  ( -0.000000000000000000, -1.000000000000000000, -0.000000000000000000 ) ) ;
#75 = DIRECTION ( 'NONE',  ( 0.000000000000000000, 0.000000000000000000, 1.000000000000000000 ) ) ;
#76 = DIRECTION ( 'NONE',  ( 0.000000000000000000, 1.000000000000000000, 0.000000000000000000 ) ) ;
#77 = ORIENTED_EDGE ( 'NONE', *, *, #877, .T. ) ;
#78 = DIRECTION ( 'NONE',  ( -0.000000000000000000, -1.000000000000000000, -0.000000000000000000 ) ) ;
#79 = ORIENTED_EDGE ( 'NONE', *, *, #863, .T. ) ;
#80 = CARTESIAN_POINT ( 'NONE',  ( 0.000000000000000000, 4.000000000000000000, 0.000000000000000000 ) ) ;
#81 = EDGE_CURVE ( 'NONE', #1112, #1360, #769, .T. ) ;
#82 = DIRECTION ( 'NONE',  ( 0.000000000000000000, 1.000000000000000000, 0.000000000000000000 ) ) ;
#83 = CARTESIAN_POINT ( 'NONE',  ( 2.799999999999999822, 0.2000000000000000111, -2.999999999999998224 ) ) ;
#84 = AXIS2_PLACEMENT_3D ( 'NONE', #327, #91, #1236 ) ;
#85 = ORIENTED_EDGE ( 'NONE', *, *, #1432, .T. ) ;
#86 = DIRECTION ( 'NONE',  ( -1.000000000000000000, -4.517509052022936580E-17, -2.891205793294678819E-16 ) ) ;
#87 = ADVANCED_FACE ( 'NONE', ( #1075 ), #58, .T. ) ;
#88 = AXIS2_PLACEMENT_3D ( 'NONE', #1093, #620, #1099 ) ;
#89 = AXIS2_PLACEMENT_3D ( 'NONE', #970, #1443, #183 ) ;
#90 = CIRCLE ( 'NONE', #24, 0.1000000000000000472 ) ;
#91 = DIRECTION ( 'NONE',  ( 0.000000000000000000, 1.000000000000000000, 0.000000000000000000 ) ) ;
#92 = LINE ( 'NONE', #1449, #711 ) ;
#93 = ORIENTED_EDGE ( 'NONE', *, *, #747, .F. ) ;
#94 = CARTESIAN_POINT ( 'NONE',  ( -2.999999999999999112, 0.000000000000000000, 2.999999999999999556 ) ) ;
#95 = LINE ( 'NONE', #423, #730 ) ;
#96 = PLANE ( 'NONE',  #390 ) ;
#97 = CARTESIAN_POINT ( 'NONE',  ( 2.200000000000000178, 0.5000000000000000000, 2.999999999999998668 ) ) ;
#98 = EDGE_LOOP ( 'NONE', ( #272, #500, #1376, #238 ) ) ;
#99 = PLANE ( 'NONE',  #1161 ) ;
#100 = EDGE_CURVE ( 'NONE', #869, #1187, #487, .T. ) ;
#101 = VERTEX_POINT ( 'NONE', #451 ) ;
#102 = ADVANCED_FACE ( 'NONE', ( #539 ), #554, .T. ) ;
#103 = DIRECTION ( 'NONE',  ( 0.000000000000000000, 0.000000000000000000, -1.000000000000000000 ) ) ;
#104 = EDGE_CURVE ( 'NONE', #672, #619, #1219, .T. ) ;
#105 = DIRECTION ( 'NONE',  ( 0.000000000000000000, 1.000000000000000000, 0.000000000000000000 ) ) ;
#106 = ORIENTED_EDGE ( 'NONE', *, *, #545, .F. ) ;
#107 = CARTESIAN_POINT ( 'NONE',  ( -3.000000000000000000, 3.000000000000000000, -2.999999999999999556 ) ) ;
#108 = ORIENTED_EDGE ( 'NONE', *, *, #475, .T. ) ;
#109 = AXIS2_PLACEMENT_3D ( 'NONE', #1266, #490, #1044 ) ;
#110 = AXIS2_PLACEMENT_3D ( 'NONE', #172, #74, #624 ) ;
#111 = EDGE_CURVE ( 'NONE', #1273, #999, #236, .T. ) ;
#112 = CARTESIAN_POINT ( 'NONE',  ( -2.799999999999998934, 0.2000000000000000111, -2.999999999999999112 ) ) ;
#113 = AXIS2_PLACEMENT_3D ( 'NONE', #72, #865, #433 ) ;
#114 = ORGANIZATION ( 'UNSPECIFIED', 'UNSPECIFIED', '' ) ;
#115 = CARTESIAN_POINT ( 'NONE',  ( 2.800000000000000266, 0.2000000000000000111, 4.199999999999998401 ) ) ;
#116 = LINE ( 'NONE', #246, #1164 ) ;
#117 = DESIGN_CONTEXT ( 'detailed design', #1122, 'design' ) ;
#118 = ORIENTED_EDGE ( 'NONE', *, *, #1325, .F. ) ;
#119 = DIRECTION ( 'NONE',  ( 0.000000000000000000, -1.000000000000000000, 0.000000000000000000 ) ) ;
#120 = ORIENTED_EDGE ( 'NONE', *, *, #545, .T. ) ;
#121 = DIRECTION ( 'NONE',  ( -0.000000000000000000, -1.000000000000000000, -0.000000000000000000 ) ) ;
#122 = CARTESIAN_POINT ( 'NONE',  ( -2.799999999999998934, 0.2000000000000000111, -2.999999999999999112 ) ) ;
#123 = DIRECTION ( 'NONE',  ( -1.445602896647339410E-16, -0.000000000000000000, -1.000000000000000000 ) ) ;
#124 = EDGE_CURVE ( 'NONE', #647, #1090, #547, .T. ) ;
#125 = ORIENTED_EDGE ( 'NONE', *, *, #1092, .T. ) ;
#126 = CARTESIAN_POINT ( 'NONE',  ( 2.999999999999999112, 3.000000000000000000, -3.000000000000000444 ) ) ;
#127 = ORIENTED_EDGE ( 'NONE', *, *, #193, .F. ) ;
#128 = DIRECTION ( 'NONE',  ( -0.000000000000000000, -1.000000000000000000, -0.000000000000000000 ) ) ;
#129 = DIRECTION ( 'NONE',  ( 1.000000000000000000, -0.000000000000000000, 2.891205793294678819E-16 ) ) ;
#130 = CARTESIAN_POINT ( 'NONE',  ( 2.200000000000000622, 0.1999999999999999833, 4.199999999999999289 ) ) ;
#131 = EDGE_CURVE ( 'NONE', #606, #320, #1010, .T. ) ;
#132 = VERTEX_POINT ( 'NONE', #459 ) ;
#133 = CARTESIAN_POINT ( 'NONE',  ( 2.000000000000000444, 3.200000000000000178, 1.399999999999999245 ) ) ;
#134 = CC_DESIGN_PERSON_AND_ORGANIZATION_ASSIGNMENT ( #1025, #1018, ( #399 ) ) ;
#135 = EDGE_LOOP ( 'NONE', ( #1046, #187, #156, #67 ) ) ;
#136 = EDGE_CURVE ( 'NONE', #795, #63, #158, .T. ) ;
#137 = CARTESIAN_POINT ( 'NONE',  ( 2.000000000000000000, 3.299999999999999822, -2.600000000000000533 ) ) ;
#138 = DIRECTION ( 'NONE',  ( 1.000000000000000000, 0.000000000000000000, 0.000000000000000000 ) ) ;
#139 = AXIS2_PLACEMENT_3D ( 'NONE', #321, #998, #1426 ) ;
#140 = TOROIDAL_SURFACE ( 'NONE', #1109, 0.4999999999999996669, 0.1000000000000000056 ) ;
#141 = DIRECTION ( 'NONE',  ( -0.000000000000000000, 0.000000000000000000, -1.000000000000000000 ) ) ;
#142 = VERTEX_POINT ( 'NONE', #776 ) ;
#143 = LINE ( 'NONE', #363, #1462 ) ;
#144 = DIRECTION ( 'NONE',  ( 0.000000000000000000, -1.000000000000000000, 0.000000000000000000 ) ) ;
#145 = COORDINATED_UNIVERSAL_TIME_OFFSET ( 2, 0, .AHEAD. ) ;
#146 = ORIENTED_EDGE ( 'NONE', *, *, #100, .F. ) ;
#147 = CARTESIAN_POINT ( 'NONE',  ( 2.800000000000000266, 0.5000000000000000000, 4.199999999999998401 ) ) ;
#148 = EDGE_LOOP ( 'NONE', ( #1284, #1406, #825, #378 ) ) ;
#149 = ADVANCED_FACE ( 'NONE', ( #1464 ), #444, .T. ) ;
#150 = FACE_OUTER_BOUND ( 'NONE', #1146, .T. ) ;
#151 = EDGE_CURVE ( 'NONE', #323, #231, #1105, .T. ) ;
#152 = LINE ( 'NONE', #1381, #1289 ) ;
#153 = EDGE_CURVE ( 'NONE', #606, #1273, #1346, .T. ) ;
#154 = ORIENTED_EDGE ( 'NONE', *, *, #1145, .T. ) ;
#155 = PLANE ( 'NONE',  #923 ) ;
#156 = ORIENTED_EDGE ( 'NONE', *, *, #344, .F. ) ;
#157 = FACE_BOUND ( 'NONE', #196, .T. ) ;
#158 = CIRCLE ( 'NONE', #852, 0.5999999999999998668 ) ;
#159 = CC_DESIGN_PERSON_AND_ORGANIZATION_ASSIGNMENT ( #29, #348, ( #399 ) ) ;
#160 = FACE_OUTER_BOUND ( 'NONE', #957, .T. ) ;
#161 = AXIS2_PLACEMENT_3D ( 'NONE', #1305, #986, #744 ) ;
#162 = VECTOR ( 'NONE', #648, 1000.000000000000000 ) ;
#163 = ORIENTED_EDGE ( 'NONE', *, *, #650, .T. ) ;
#164 = DIRECTION ( 'NONE',  ( 0.000000000000000000, -1.000000000000000000, -0.000000000000000000 ) ) ;
#165 = AXIS2_PLACEMENT_3D ( 'NONE', #897, #548, #445 ) ;
#166 = ORIENTED_EDGE ( 'NONE', *, *, #43, .T. ) ;
#167 = CIRCLE ( 'NONE', #165, 0.5999999999999998668 ) ;
#168 = DIRECTION ( 'NONE',  ( 0.000000000000000000, 0.000000000000000000, -1.000000000000000000 ) ) ;
#169 = ORIENTED_EDGE ( 'NONE', *, *, #104, .T. ) ;
#170 = CARTESIAN_POINT ( 'NONE',  ( 2.800000000000000266, 0.5000000000000000000, -4.199999999999998401 ) ) ;
#171 = ORIENTED_EDGE ( 'NONE', *, *, #1319, .F. ) ;
#172 = CARTESIAN_POINT ( 'NONE',  ( -2.000000000000000000, 3.299999999999999822, -2.000000000000000000 ) ) ;
#173 = CARTESIAN_POINT ( 'NONE',  ( -2.799999999999999378, 0.5000000000000000000, -2.999999999999999556 ) ) ;
#174 = CARTESIAN_POINT ( 'NONE',  ( 2.800000000000000266, 0.5000000000000000000, 4.199999999999998401 ) ) ;
#175 = ORIENTED_EDGE ( 'NONE', *, *, #68, .F. ) ;
#176 = EDGE_CURVE ( 'NONE', #1090, #362, #663, .T. ) ;
#177 = DIRECTION ( 'NONE',  ( -0.000000000000000000, -1.000000000000000000, -0.000000000000000000 ) ) ;
#178 = ORIENTED_EDGE ( 'NONE', *, *, #1359, .F. ) ;
#179 = CIRCLE ( 'NONE', #556, 0.4999999999999995559 ) ;
#180 = PLANE ( 'NONE',  #207 ) ;
#181 = TOROIDAL_SURFACE ( 'NONE', #161, 1.599999999999999867, 0.1000000000000000056 ) ;
#182 = ORIENTED_EDGE ( 'NONE', *, *, #1304, .F. ) ;
#183 = DIRECTION ( 'NONE',  ( 0.000000000000000000, 0.000000000000000000, -1.000000000000000000 ) ) ;
#184 = VECTOR ( 'NONE', #128, 1000.000000000000000 ) ;
#185 = AXIS2_PLACEMENT_3D ( 'NONE', #1429, #416, #1417 ) ;
#186 = CARTESIAN_POINT ( 'NONE',  ( 2.000000000000000000, 3.200000000000000178, -2.500000000000000000 ) ) ;
#187 = ORIENTED_EDGE ( 'NONE', *, *, #111, .F. ) ;
#188 = CARTESIAN_POINT ( 'NONE',  ( 2.200000000000000622, 0.5000000000000000000, 4.199999999999999289 ) ) ;
#189 = ORIENTED_EDGE ( 'NONE', *, *, #732, .F. ) ;
#190 = CARTESIAN_POINT ( 'NONE',  ( -2.199999999999999289, 0.5000000000000000000, 4.199999999999999289 ) ) ;
#191 = ADVANCED_FACE ( 'NONE', ( #1124 ), #438, .T. ) ;
#192 = DIRECTION ( 'NONE',  ( 1.000000000000000000, -0.000000000000000000, 1.224646799147353207E-16 ) ) ;
#193 = EDGE_CURVE ( 'NONE', #1323, #1332, #915, .T. ) ;
#194 = CARTESIAN_POINT ( 'NONE',  ( 2.999999999999999112, 3.000000000000000000, -3.000000000000000444 ) ) ;
#195 = LINE ( 'NONE', #646, #1274 ) ;
#196 = EDGE_LOOP ( 'NONE', ( #267, #758 ) ) ;
#197 = CARTESIAN_POINT ( 'NONE',  ( 2.799999999999999822, 0.5000000000000000000, -3.000000000000000444 ) ) ;
#198 = VERTEX_POINT ( 'NONE', #334 ) ;
#199 = CARTESIAN_POINT ( 'NONE',  ( 2.999999999999999112, 3.000000000000000000, -3.000000000000000444 ) ) ;
#200 = CC_DESIGN_PERSON_AND_ORGANIZATION_ASSIGNMENT ( #1334, #1361, ( #1370 ) ) ;
#201 = DIRECTION ( 'NONE',  ( 1.000000000000000000, -4.517509052022936580E-17, 0.000000000000000000 ) ) ;
#202 = PLANE ( 'NONE',  #1392 ) ;
#203 = ORIENTED_EDGE ( 'NONE', *, *, #81, .T. ) ;
#204 = DIRECTION ( 'NONE',  ( -1.000000000000000000, 0.000000000000000000, 0.000000000000000000 ) ) ;
#205 = EDGE_LOOP ( 'NONE', ( #1077, #1455 ) ) ;
#206 = CIRCLE ( 'NONE', #987, 0.1000000000000000472 ) ;
#207 = AXIS2_PLACEMENT_3D ( 'NONE', #188, #532, #635 ) ;
#208 = DIRECTION ( 'NONE',  ( -0.000000000000000000, -1.000000000000000000, -0.000000000000000000 ) ) ;
#209 = DIRECTION ( 'NONE',  ( -0.000000000000000000, 1.000000000000000000, -0.000000000000000000 ) ) ;
#210 = CARTESIAN_POINT ( 'NONE',  ( 2.800000000000000266, 0.5000000000000000000, 2.999999999999998668 ) ) ;
#211 = EDGE_CURVE ( 'NONE', #714, #439, #1268, .T. ) ;
#212 = EDGE_LOOP ( 'NONE', ( #738, #1030, #728, #592 ) ) ;
#213 = PLANE ( 'NONE',  #656 ) ;
#214 = EDGE_CURVE ( 'NONE', #101, #849, #793, .T. ) ;
#215 = ORIENTED_EDGE ( 'NONE', *, *, #1380, .F. ) ;
#216 = CARTESIAN_POINT ( 'NONE',  ( -1.999999999999999556, 3.299999999999999822, 2.000000000000000000 ) ) ;
#217 = DIRECTION ( 'NONE',  ( 0.000000000000000000, 0.000000000000000000, 1.000000000000000000 ) ) ;
#218 = CARTESIAN_POINT ( 'NONE',  ( 2.200000000000000178, 0.1999999999999999833, -2.999999999999998668 ) ) ;
#219 = EDGE_LOOP ( 'NONE', ( #301, #950, #1128, #250 ) ) ;
#220 = DIRECTION ( 'NONE',  ( -0.000000000000000000, -1.000000000000000000, -0.000000000000000000 ) ) ;
#221 = VERTEX_POINT ( 'NONE', #801 ) ;
#222 = ADVANCED_FACE ( 'NONE', ( #888 ), #13, .T. ) ;
#223 = PERSON_AND_ORGANIZATION ( #525, #114 ) ;
#224 = LINE ( 'NONE', #5, #1364 ) ;
#225 = CARTESIAN_POINT ( 'NONE',  ( -2.799999999999998934, 0.2000000000000000111, 4.199999999999999289 ) ) ;
#226 = DIRECTION ( 'NONE',  ( 0.000000000000000000, 0.000000000000000000, -1.000000000000000000 ) ) ;
#227 = EDGE_LOOP ( 'NONE', ( #557, #542, #1450, #578 ) ) ;
#228 = CARTESIAN_POINT ( 'NONE',  ( -2.000000000000000000, 3.299999999999999822, -2.600000000000000089 ) ) ;
#229 = PRODUCT_DEFINITION_SHAPE ( 'NONE', 'NONE',  #797 ) ;
#230 = VECTOR ( 'NONE', #6, 1000.000000000000000 ) ;
#231 = VERTEX_POINT ( 'NONE', #1223 ) ;
#232 = AXIS2_PLACEMENT_3D ( 'NONE', #939, #374, #718 ) ;
#233 = CARTESIAN_POINT ( 'NONE',  ( 2.799999999999999822, 0.2000000000000000111, 2.999999999999998224 ) ) ;
#234 = AXIS2_PLACEMENT_3D ( 'NONE', #356, #1259, #699 ) ;
#235 = CIRCLE ( 'NONE', #561, 0.5999999999999998668 ) ;
#236 = LINE ( 'NONE', #353, #706 ) ;
#237 = LINE ( 'NONE', #97, #351 ) ;
#238 = ORIENTED_EDGE ( 'NONE', *, *, #732, .T. ) ;
#239 = CARTESIAN_POINT ( 'NONE',  ( -2.000000000000000000, 3.200000000000000178, -2.000000000000000000 ) ) ;
#240 = ORIENTED_EDGE ( 'NONE', *, *, #435, .T. ) ;
#241 = CALENDAR_DATE ( 2025, 20, 7 ) ;
#242 = ADVANCED_FACE ( 'NONE', ( #1115 ), #96, .T. ) ;
#243 = FACE_BOUND ( 'NONE', #1017, .T. ) ;
#244 = ADVANCED_FACE ( 'NONE', ( #843 ), #1150, .T. ) ;
#245 = DIRECTION ( 'NONE',  ( 0.000000000000000000, 1.000000000000000000, 0.000000000000000000 ) ) ;
#246 = CARTESIAN_POINT ( 'NONE',  ( 2.800000000000000266, 0.2000000000000000111, 4.199999999999998401 ) ) ;
#247 = ADVANCED_FACE ( 'NONE', ( #365 ), #697, .F. ) ;
#248 = VERTEX_POINT ( 'NONE', #495 ) ;
#249 = CARTESIAN_POINT ( 'NONE',  ( -2.000000000000000000, 3.299999999999999822, -2.000000000000000000 ) ) ;
#250 = ORIENTED_EDGE ( 'NONE', *, *, #1057, .T. ) ;
#251 = DATE_AND_TIME ( #676, #735 ) ;
#252 = LINE ( 'NONE', #696, #1108 ) ;
#253 = CARTESIAN_POINT ( 'NONE',  ( -1.999999999999999556, 3.200000000000000178, 1.500000000000000444 ) ) ;
#254 = DIRECTION ( 'NONE',  ( 0.000000000000000000, 0.000000000000000000, 1.000000000000000000 ) ) ;
#255 = DIRECTION ( 'NONE',  ( 0.000000000000000000, 0.000000000000000000, -1.000000000000000000 ) ) ;
#256 = ORIENTED_EDGE ( 'NONE', *, *, #412, .T. ) ;
#257 = VECTOR ( 'NONE', #1110, 1000.000000000000000 ) ;
#258 = LINE ( 'NONE', #137, #184 ) ;
#259 = AXIS2_PLACEMENT_3D ( 'NONE', #867, #385, #753 ) ;
#260 = CARTESIAN_POINT ( 'NONE',  ( -3.000000000000000000, 0.000000000000000000, -2.999999999999999556 ) ) ;
#261 = AXIS2_PLACEMENT_3D ( 'NONE', #1026, #458, #914 ) ;
#262 = DATE_AND_TIME ( #1168, #305 ) ;
#263 = EDGE_CURVE ( 'NONE', #640, #1298, #831, .T. ) ;
#264 = PLANE ( 'NONE',  #636 ) ;
#265 = CC_DESIGN_SECURITY_CLASSIFICATION ( #1370, ( #399 ) ) ;
#266 = EDGE_CURVE ( 'NONE', #492, #1070, #932, .T. ) ;
#267 = ORIENTED_EDGE ( 'NONE', *, *, #1400, .F. ) ;
#268 = EDGE_CURVE ( 'NONE', #439, #1003, #345, .T. ) ;
#269 = CARTESIAN_POINT ( 'NONE',  ( 0.000000000000000000, 3.000000000000000000, 0.000000000000000000 ) ) ;
#270 = DIRECTION ( 'NONE',  ( 1.000000000000000000, -0.000000000000000000, 1.224646799147353207E-16 ) ) ;
#271 = DIRECTION ( 'NONE',  ( -2.891205793294678819E-16, -0.000000000000000000, 1.000000000000000000 ) ) ;
#272 = ORIENTED_EDGE ( 'NONE', *, *, #863, .F. ) ;
#273 = CARTESIAN_POINT ( 'NONE',  ( 0.000000000000000000, 0.000000000000000000, 0.000000000000000000 ) ) ;
#274 = DIRECTION ( 'NONE',  ( 0.000000000000000000, 0.000000000000000000, 1.000000000000000000 ) ) ;
#275 = CARTESIAN_POINT ( 'NONE',  ( -2.999999999999999112, 3.000000000000000000, 2.999999999999999556 ) ) ;
#276 = ORIENTED_EDGE ( 'NONE', *, *, #660, .F. ) ;
#277 = CARTESIAN_POINT ( 'NONE',  ( -1.999999999999999556, 3.200000000000000178, 1.400000000000000133 ) ) ;
#278 = AXIS2_PLACEMENT_3D ( 'NONE', #186, #192, #1461 ) ;
#279 = AXIS2_PLACEMENT_3D ( 'NONE', #1118, #1233, #906 ) ;
#280 = ORIENTED_EDGE ( 'NONE', *, *, #153, .F. ) ;
#281 = DIRECTION ( 'NONE',  ( 0.000000000000000000, 0.000000000000000000, -1.000000000000000000 ) ) ;
#282 = AXIS2_PLACEMENT_3D ( 'NONE', #935, #960, #622 ) ;
#283 = ORIENTED_EDGE ( 'NONE', *, *, #211, .T. ) ;
#284 = EDGE_CURVE ( 'NONE', #534, #142, #179, .T. ) ;
#285 = CYLINDRICAL_SURFACE ( 'NONE', #1220, 0.5999999999999998668 ) ;
#286 = VERTEX_POINT ( 'NONE', #1036 ) ;
#287 = FACE_OUTER_BOUND ( 'NONE', #1103, .T. ) ;
#288 = EDGE_CURVE ( 'NONE', #1072, #640, #38, .T. ) ;
#289 = ORIENTED_EDGE ( 'NONE', *, *, #1057, .F. ) ;
#290 = CARTESIAN_POINT ( 'NONE',  ( 3.000000000000000000, 0.000000000000000000, 2.999999999999998668 ) ) ;
#291 = CARTESIAN_POINT ( 'NONE',  ( -1.999999999999999556, 3.000000000000000000, 1.400000000000000133 ) ) ;
#292 = LINE ( 'NONE', #1322, #1067 ) ;
#293 = ORIENTED_EDGE ( 'NONE', *, *, #980, .T. ) ;
#294 = DIRECTION ( 'NONE',  ( 1.000000000000000000, -0.000000000000000000, 1.224646799147353207E-16 ) ) ;
#295 = EDGE_LOOP ( 'NONE', ( #1371, #477, #293, #890 ) ) ;
#296 = CARTESIAN_POINT ( 'NONE',  ( -2.199999999999999289, 0.5000000000000000000, -4.199999999999999289 ) ) ;
#297 = ORIENTED_EDGE ( 'NONE', *, *, #412, .F. ) ;
#298 = CIRCLE ( 'NONE', #584, 0.5999999999999998668 ) ;
#299 = DIRECTION ( 'NONE',  ( 0.000000000000000000, 0.000000000000000000, 1.000000000000000000 ) ) ;
#300 = EDGE_CURVE ( 'NONE', #357, #492, #152, .T. ) ;
#301 = ORIENTED_EDGE ( 'NONE', *, *, #765, .T. ) ;
#302 = FACE_BOUND ( 'NONE', #71, .T. ) ;
#303 = CIRCLE ( 'NONE', #1366, 0.09999999999999982514 ) ;
#304 = EDGE_CURVE ( 'NONE', #1070, #1190, #603, .T. ) ;
#305 = LOCAL_TIME ( 10, 55, 44.00000000000000000, #366 ) ;
#306 = ADVANCED_FACE ( 'NONE', ( #482 ), #827, .T. ) ;
#307 = LINE ( 'NONE', #971, #833 ) ;
#308 = DIRECTION ( 'NONE',  ( -0.000000000000000000, 0.000000000000000000, 1.000000000000000000 ) ) ;
#309 = FACE_OUTER_BOUND ( 'NONE', #1089, .T. ) ;
#310 = ORIENTED_EDGE ( 'NONE', *, *, #475, .F. ) ;
#311 = LINE ( 'NONE', #190, #533 ) ;
#312 = CARTESIAN_POINT ( 'NONE',  ( 2.000000000000000444, 3.200000000000000178, 2.599999999999999201 ) ) ;
#313 = DIRECTION ( 'NONE',  ( 0.000000000000000000, 0.000000000000000000, 1.000000000000000000 ) ) ;
#314 = CARTESIAN_POINT ( 'NONE',  ( -2.799999999999999378, 0.1999999999999999278, 2.999999999999999556 ) ) ;
#315 = ORIENTED_EDGE ( 'NONE', *, *, #1327, .T. ) ;
#316 = DIRECTION ( 'NONE',  ( 0.000000000000000000, 0.000000000000000000, 1.000000000000000000 ) ) ;
#317 = VERTEX_POINT ( 'NONE', #590 ) ;
#318 = LINE ( 'NONE', #564, #963 ) ;
#319 = PLANE ( 'NONE',  #966 ) ;
#320 = VERTEX_POINT ( 'NONE', #44 ) ;
#321 = CARTESIAN_POINT ( 'NONE',  ( 0.000000000000000000, 3.000000000000000000, 0.000000000000000000 ) ) ;
#322 = VECTOR ( 'NONE', #908, 1000.000000000000000 ) ;
#323 = VERTEX_POINT ( 'NONE', #470 ) ;
#324 = VECTOR ( 'NONE', #550, 1000.000000000000000 ) ;
#325 = VECTOR ( 'NONE', #567, 1000.000000000000000 ) ;
#326 = CARTESIAN_POINT ( 'NONE',  ( 2.800000000000000266, 0.5000000000000000000, -4.199999999999998401 ) ) ;
#327 = CARTESIAN_POINT ( 'NONE',  ( -2.000000000000000000, 3.299999999999999822, -2.000000000000000000 ) ) ;
#328 = EDGE_CURVE ( 'NONE', #685, #1317, #752, .T. ) ;
#329 = ORIENTED_EDGE ( 'NONE', *, *, #1189, .T. ) ;
#330 = FACE_OUTER_BOUND ( 'NONE', #370, .T. ) ;
#331 = EDGE_CURVE ( 'NONE', #1190, #936, #32, .T. ) ;
#332 = ORIENTED_EDGE ( 'NONE', *, *, #268, .F. ) ;
#333 = DIRECTION ( 'NONE',  ( 0.000000000000000000, 1.000000000000000000, 0.000000000000000000 ) ) ;
#334 = CARTESIAN_POINT ( 'NONE',  ( 2.000000000000000000, 3.200000000000000178, -2.600000000000000533 ) ) ;
#335 = ORIENTED_EDGE ( 'NONE', *, *, #331, .T. ) ;
#336 = DIRECTION ( 'NONE',  ( 1.000000000000000000, 0.000000000000000000, -1.445602896647339410E-16 ) ) ;
#337 = EDGE_LOOP ( 'NONE', ( #276, #17, #861, #721 ) ) ;
#338 = DATE_AND_TIME ( #1374, #27 ) ;
#339 = CARTESIAN_POINT ( 'NONE',  ( 2.000000000000000000, 3.200000000000000178, -2.000000000000000444 ) ) ;
#340 = DIRECTION ( 'NONE',  ( -0.000000000000000000, -1.000000000000000000, -0.000000000000000000 ) ) ;
#341 = FACE_OUTER_BOUND ( 'NONE', #576, .T. ) ;
#342 = ORIENTED_EDGE ( 'NONE', *, *, #300, .F. ) ;
#343 = CARTESIAN_POINT ( 'NONE',  ( -2.999999999999999112, 3.000000000000000000, 2.999999999999999556 ) ) ;
#344 = EDGE_CURVE ( 'NONE', #1197, #1273, #1394, .T. ) ;
#345 = CIRCLE ( 'NONE', #775, 0.1000000000000000472 ) ;
#346 = ORIENTED_EDGE ( 'NONE', *, *, #131, .F. ) ;
#347 = CIRCLE ( 'NONE', #653, 1.599999999999999867 ) ;
#348 = PERSON_AND_ORGANIZATION_ROLE ( 'creator' ) ;
#349 = VECTOR ( 'NONE', #37, 1000.000000000000000 ) ;
#350 = DIRECTION ( 'NONE',  ( 0.000000000000000000, 0.000000000000000000, -1.000000000000000000 ) ) ;
#351 = VECTOR ( 'NONE', #460, 1000.000000000000000 ) ;
#352 = ADVANCED_FACE ( 'NONE', ( #598 ), #1051, .T. ) ;
#353 = CARTESIAN_POINT ( 'NONE',  ( -2.799999999999998934, 0.2000000000000000111, 2.999999999999999112 ) ) ;
#354 = LINE ( 'NONE', #910, #325 ) ;
#355 = ORIENTED_EDGE ( 'NONE', *, *, #43, .F. ) ;
#356 = CARTESIAN_POINT ( 'NONE',  ( -2.799999999999998934, 0.2000000000000000111, 4.199999999999999289 ) ) ;
#357 = VERTEX_POINT ( 'NONE', #380 ) ;
#358 = CARTESIAN_POINT ( 'NONE',  ( 2.000000000000000000, 3.299999999999999822, -2.000000000000000444 ) ) ;
#359 = DIRECTION ( 'NONE',  ( 0.000000000000000000, -0.000000000000000000, 1.000000000000000000 ) ) ;
#360 = VERTEX_POINT ( 'NONE', #1281 ) ;
#361 = FACE_OUTER_BOUND ( 'NONE', #930, .T. ) ;
#362 = VERTEX_POINT ( 'NONE', #724 ) ;
#363 = CARTESIAN_POINT ( 'NONE',  ( -2.199999999999999289, 0.1999999999999999833, 4.199999999999999289 ) ) ;
#364 = ADVANCED_FACE ( 'NONE', ( #160 ), #612, .T. ) ;
#365 = FACE_OUTER_BOUND ( 'NONE', #1241, .T. ) ;
#366 = COORDINATED_UNIVERSAL_TIME_OFFSET ( 2, 0, .AHEAD. ) ;
#367 = EDGE_LOOP ( 'NONE', ( #642, #1205, #899, #182 ) ) ;
#368 = CARTESIAN_POINT ( 'NONE',  ( -1.999999999999999556, 3.000000000000000000, 2.000000000000000000 ) ) ;
#369 = EDGE_CURVE ( 'NONE', #1072, #132, #917, .T. ) ;
#370 = EDGE_LOOP ( 'NONE', ( #520, #1154, #346, #1349 ) ) ;
#371 = AXIS2_PLACEMENT_3D ( 'NONE', #401, #1373, #274 ) ;
#372 = CARTESIAN_POINT ( 'NONE',  ( 2.200000000000000178, 0.5000000000000000000, -2.999999999999998668 ) ) ;
#373 = AXIS2_PLACEMENT_3D ( 'NONE', #1447, #1142, #1354 ) ;
#374 = DIRECTION ( 'NONE',  ( -0.000000000000000000, -1.000000000000000000, -0.000000000000000000 ) ) ;
#375 = AXIS2_PLACEMENT_3D ( 'NONE', #358, #480, #488 ) ;
#376 = AXIS2_PLACEMENT_3D ( 'NONE', #814, #1021, #226 ) ;
#377 = CARTESIAN_POINT ( 'NONE',  ( -2.199999999999999289, 0.1999999999999999833, -2.999999999999999112 ) ) ;
#378 = ORIENTED_EDGE ( 'NONE', *, *, #193, .T. ) ;
#379 = LINE ( 'NONE', #1056, #1272 ) ;
#380 = CARTESIAN_POINT ( 'NONE',  ( 3.000000000000000000, 3.000000000000000000, 2.999999999999998668 ) ) ;
#381 = ORIENTED_EDGE ( 'NONE', *, *, #344, .T. ) ;
#382 = DIRECTION ( 'NONE',  ( -0.000000000000000000, -0.000000000000000000, -1.000000000000000000 ) ) ;
#383 = ORIENTED_EDGE ( 'NONE', *, *, #124, .F. ) ;
#384 = EDGE_CURVE ( 'NONE', #1193, #286, #608, .T. ) ;
#385 = DIRECTION ( 'NONE',  ( 1.000000000000000000, -0.000000000000000000, 1.224646799147353207E-16 ) ) ;
#386 = FACE_BOUND ( 'NONE', #1063, .T. ) ;
#387 = ORIENTED_EDGE ( 'NONE', *, *, #1400, .T. ) ;
#388 = ADVANCED_FACE ( 'NONE', ( #965 ), #1405, .T. ) ;
#389 = CC_DESIGN_PERSON_AND_ORGANIZATION_ASSIGNMENT ( #1382, #713, ( #797 ) ) ;
#390 = AXIS2_PLACEMENT_3D ( 'NONE', #954, #245, #359 ) ;
#391 = CARTESIAN_POINT ( 'NONE',  ( 2.000000000000000444, 3.299999999999999822, 2.599999999999999201 ) ) ;
#392 = EDGE_CURVE ( 'NONE', #1175, #1177, #644, .T. ) ;
#393 = CIRCLE ( 'NONE', #1157, 0.5999999999999998668 ) ;
#394 = AXIS2_PLACEMENT_3D ( 'NONE', #1308, #982, #870 ) ;
#395 = DIRECTION ( 'NONE',  ( 0.000000000000000000, 0.000000000000000000, -1.000000000000000000 ) ) ;
#396 = CARTESIAN_POINT ( 'NONE',  ( -3.000000000000000000, 0.000000000000000000, -2.999999999999999556 ) ) ;
#397 = AXIS2_PLACEMENT_3D ( 'NONE', #875, #1440, #654 ) ;
#398 = ORIENTED_EDGE ( 'NONE', *, *, #544, .T. ) ;
#399 = PRODUCT_DEFINITION_FORMATION_WITH_SPECIFIED_SOURCE ( 'ANY', '', #1037, .NOT_KNOWN. ) ;
#400 = LINE ( 'NONE', #1185, #1247 ) ;
#401 = CARTESIAN_POINT ( 'NONE',  ( 0.000000000000000000, 3.000000000000000000, 0.000000000000000000 ) ) ;
#402 = DIRECTION ( 'NONE',  ( -1.000000000000000000, -4.517509052022936580E-17, 2.891205793294678819E-16 ) ) ;
#403 = ORIENTED_EDGE ( 'NONE', *, *, #151, .T. ) ;
#404 = PLANE ( 'NONE',  #139 ) ;
#405 = ORIENTED_EDGE ( 'NONE', *, *, #176, .T. ) ;
#406 = FACE_OUTER_BOUND ( 'NONE', #1391, .T. ) ;
#407 = ADVANCED_FACE ( 'NONE', ( #502 ), #1085, .F. ) ;
#408 = CARTESIAN_POINT ( 'NONE',  ( -2.000000000000000000, 3.200000000000000178, -2.000000000000000000 ) ) ;
#409 = LINE ( 'NONE', #517, #1367 ) ;
#410 = ORIENTED_EDGE ( 'NONE', *, *, #1254, .F. ) ;
#411 = CARTESIAN_POINT ( 'NONE',  ( -1.999999999999999556, 3.299999999999999822, 2.499999999999999556 ) ) ;
#412 = EDGE_CURVE ( 'NONE', #1378, #748, #307, .T. ) ;
#413 = DIRECTION ( 'NONE',  ( -0.000000000000000000, 1.000000000000000000, -0.000000000000000000 ) ) ;
#414 = DIRECTION ( 'NONE',  ( -0.000000000000000000, -0.000000000000000000, 1.000000000000000000 ) ) ;
#415 = VECTOR ( 'NONE', #767, 1000.000000000000000 ) ;
#416 = DIRECTION ( 'NONE',  ( 0.000000000000000000, 1.000000000000000000, 0.000000000000000000 ) ) ;
#417 = CIRCLE ( 'NONE', #259, 0.1000000000000000472 ) ;
#418 = EDGE_LOOP ( 'NONE', ( #1368, #405, #79, #1420 ) ) ;
#419 = PLANE ( 'NONE',  #946 ) ;
#420 = AXIS2_PLACEMENT_3D ( 'NONE', #1283, #605, #956 ) ;
#421 = AXIS2_PLACEMENT_3D ( 'NONE', #1306, #70, #626 ) ;
#422 = APPROVAL_PERSON_ORGANIZATION ( #552, #595, #449 ) ;
#423 = CARTESIAN_POINT ( 'NONE',  ( 2.000000000000000000, 3.299999999999999822, -1.400000000000000577 ) ) ;
#424 = ORIENTED_EDGE ( 'NONE', *, *, #214, .T. ) ;
#425 = FACE_OUTER_BOUND ( 'NONE', #212, .T. ) ;
#426 = EDGE_LOOP ( 'NONE', ( #441, #189, #1119, #166 ) ) ;
#427 = FACE_OUTER_BOUND ( 'NONE', #367, .T. ) ;
#428 = ORIENTED_EDGE ( 'NONE', *, *, #453, .T. ) ;
#429 = CARTESIAN_POINT ( 'NONE',  ( -2.000000000000000000, 3.200000000000000178, -2.000000000000000000 ) ) ;
#430 = CARTESIAN_POINT ( 'NONE',  ( -2.199999999999999289, 0.5000000000000000000, -2.999999999999999112 ) ) ;
#431 =( NAMED_UNIT ( * ) SI_UNIT ( $, .STERADIAN. ) SOLID_ANGLE_UNIT ( ) );
#432 = ORIENTED_EDGE ( 'NONE', *, *, #1254, .T. ) ;
#433 = DIRECTION ( 'NONE',  ( 0.000000000000000000, 0.000000000000000000, 1.000000000000000000 ) ) ;
#434 = DIRECTION ( 'NONE',  ( -1.000000000000000000, 0.000000000000000000, -2.891205793294678819E-16 ) ) ;
#435 = EDGE_CURVE ( 'NONE', #978, #323, #1191, .T. ) ;
#436 = DIRECTION ( 'NONE',  ( -0.000000000000000000, -0.000000000000000000, -1.000000000000000000 ) ) ;
#437 = DIRECTION ( 'NONE',  ( -0.000000000000000000, -1.000000000000000000, -0.000000000000000000 ) ) ;
#438 = TOROIDAL_SURFACE ( 'NONE', #45, 0.4999999999999996669, 0.1000000000000000056 ) ;
#439 = VERTEX_POINT ( 'NONE', #277 ) ;
#440 = DIRECTION ( 'NONE',  ( -1.000000000000000000, 0.000000000000000000, 1.445602896647339410E-16 ) ) ;
#441 = ORIENTED_EDGE ( 'NONE', *, *, #742, .F. ) ;
#442 = AXIS2_PLACEMENT_3D ( 'NONE', #868, #76, #299 ) ;
#443 = DIRECTION ( 'NONE',  ( 0.000000000000000000, 0.000000000000000000, 1.000000000000000000 ) ) ;
#444 = PLANE ( 'NONE',  #1309 ) ;
#445 = DIRECTION ( 'NONE',  ( 0.000000000000000000, 0.000000000000000000, -1.000000000000000000 ) ) ;
#446 = EDGE_LOOP ( 'NONE', ( #692, #955 ) ) ;
#447 = LINE ( 'NONE', #228, #807 ) ;
#448 = ORIENTED_EDGE ( 'NONE', *, *, #627, .T. ) ;
#449 = APPROVAL_ROLE ( '' ) ;
#450 = DIRECTION ( 'NONE',  ( -0.000000000000000000, -0.000000000000000000, 1.000000000000000000 ) ) ;
#451 = CARTESIAN_POINT ( 'NONE',  ( 2.200000000000000622, 0.5000000000000000000, -4.199999999999999289 ) ) ;
#452 = DIRECTION ( 'NONE',  ( 1.224646799147353207E-16, 0.000000000000000000, -1.000000000000000000 ) ) ;
#453 = EDGE_CURVE ( 'NONE', #999, #1182, #400, .T. ) ;
#454 = ORIENTED_EDGE ( 'NONE', *, *, #1162, .T. ) ;
#455 = DIRECTION ( 'NONE',  ( -2.891205793294678819E-16, -0.000000000000000000, 1.000000000000000000 ) ) ;
#456 = ORIENTED_EDGE ( 'NONE', *, *, #597, .T. ) ;
#457 = ADVANCED_FACE ( 'NONE', ( #406 ), #684, .T. ) ;
#458 = DIRECTION ( 'NONE',  ( 0.000000000000000000, 1.000000000000000000, 0.000000000000000000 ) ) ;
#459 = CARTESIAN_POINT ( 'NONE',  ( 2.081899558550500280E-16, 3.900000000000000355, 1.699999999999999956 ) ) ;
#460 = DIRECTION ( 'NONE',  ( 0.000000000000000000, 1.000000000000000000, 0.000000000000000000 ) ) ;
#461 = ORIENTED_EDGE ( 'NONE', *, *, #725, .F. ) ;
#462 = FACE_BOUND ( 'NONE', #418, .T. ) ;
#463 = VECTOR ( 'NONE', #1167, 1000.000000000000000 ) ;
#464 = ADVANCED_FACE ( 'NONE', ( #507 ), #181, .T. ) ;
#465 = VERTEX_POINT ( 'NONE', #296 ) ;
#466 = APPROVAL_STATUS ( 'not_yet_approved' ) ;
#467 = TOROIDAL_SURFACE ( 'NONE', #261, 1.599999999999999867, 0.1000000000000000056 ) ;
#468 = LINE ( 'NONE', #372, #1337 ) ;
#469 = VECTOR ( 'NONE', #1028, 1000.000000000000000 ) ;
#470 = CARTESIAN_POINT ( 'NONE',  ( 2.000000000000000444, 3.000000000000000000, 1.399999999999999245 ) ) ;
#471 = ORIENTED_EDGE ( 'NONE', *, *, #860, .F. ) ;
#472 = LINE ( 'NONE', #929, #1065 ) ;
#473 = ORIENTED_EDGE ( 'NONE', *, *, #104, .F. ) ;
#474 = CARTESIAN_POINT ( 'NONE',  ( 2.800000000000000266, 0.5000000000000000000, -4.199999999999998401 ) ) ;
#475 = EDGE_CURVE ( 'NONE', #978, #672, #872, .T. ) ;
#476 = DIRECTION ( 'NONE',  ( -1.000000000000000000, 0.000000000000000000, -2.891205793294678819E-16 ) ) ;
#477 = ORIENTED_EDGE ( 'NONE', *, *, #31, .T. ) ;
#478 = CARTESIAN_POINT ( 'NONE',  ( 2.200000000000000622, 0.5000000000000000000, 4.199999999999999289 ) ) ;
#479 = ORIENTED_EDGE ( 'NONE', *, *, #369, .T. ) ;
#480 = DIRECTION ( 'NONE',  ( 0.000000000000000000, 1.000000000000000000, 0.000000000000000000 ) ) ;
#481 = CC_DESIGN_DATE_AND_TIME_ASSIGNMENT ( #338, #668, ( #797 ) ) ;
#482 = FACE_OUTER_BOUND ( 'NONE', #1234, .T. ) ;
#483 = EDGE_CURVE ( 'NONE', #978, #600, #417, .T. ) ;
#484 = EDGE_LOOP ( 'NONE', ( #106, #1208, #665, #256 ) ) ;
#485 = CARTESIAN_POINT ( 'NONE',  ( -2.199999999999998845, 0.5000000000000000000, 2.999999999999999556 ) ) ;
#486 = ORIENTED_EDGE ( 'NONE', *, *, #266, .T. ) ;
#487 = CIRCLE ( 'NONE', #1333, 0.5999999999999998668 ) ;
#488 = DIRECTION ( 'NONE',  ( 0.000000000000000000, 0.000000000000000000, 1.000000000000000000 ) ) ;
#489 = VECTOR ( 'NONE', #144, 1000.000000000000000 ) ;
#490 = DIRECTION ( 'NONE',  ( -1.000000000000000000, 0.000000000000000000, 0.000000000000000000 ) ) ;
#491 = AXIS2_PLACEMENT_3D ( 'NONE', #249, #1004, #673 ) ;
#492 = VERTEX_POINT ( 'NONE', #290 ) ;
#493 = DIRECTION ( 'NONE',  ( -0.000000000000000000, 1.000000000000000000, -0.000000000000000000 ) ) ;
#494 = ORIENTED_EDGE ( 'NONE', *, *, #924, .F. ) ;
#495 = CARTESIAN_POINT ( 'NONE',  ( -2.000000000000000000, 3.200000000000000178, -1.400000000000000133 ) ) ;
#496 = EDGE_CURVE ( 'NONE', #685, #198, #393, .T. ) ;
#497 = ORIENTED_EDGE ( 'NONE', *, *, #563, .T. ) ;
#498 = LINE ( 'NONE', #1403, #1249 ) ;
#499 = CC_DESIGN_DATE_AND_TIME_ASSIGNMENT ( #1229, #11, ( #1370 ) ) ;
#500 = ORIENTED_EDGE ( 'NONE', *, *, #1275, .F. ) ;
#501 = EDGE_CURVE ( 'NONE', #672, #231, #958, .T. ) ;
#502 = FACE_OUTER_BOUND ( 'NONE', #1357, .T. ) ;
#503 = CARTESIAN_POINT ( 'NONE',  ( 0.000000000000000000, 4.000000000000000000, 0.000000000000000000 ) ) ;
#504 = DIRECTION ( 'NONE',  ( -1.000000000000000000, 0.000000000000000000, 1.445602896647339410E-16 ) ) ;
#505 = ORIENTED_EDGE ( 'NONE', *, *, #1162, .F. ) ;
#506 = AXIS2_PLACEMENT_3D ( 'NONE', #645, #82, #313 ) ;
#507 = FACE_OUTER_BOUND ( 'NONE', #227, .T. ) ;
#508 = CIRCLE ( 'NONE', #633, 0.5999999999999998668 ) ;
#509 = FACE_OUTER_BOUND ( 'NONE', #337, .T. ) ;
#510 = EDGE_LOOP ( 'NONE', ( #1330, #1159, #1445, #585 ) ) ;
#511 = CARTESIAN_POINT ( 'NONE',  ( 2.000000000000000000, 3.000000000000000000, -1.400000000000000577 ) ) ;
#512 = EDGE_CURVE ( 'NONE', #913, #1003, #1011, .T. ) ;
#513 = ADVANCED_FACE ( 'NONE', ( #1299 ), #285, .T. ) ;
#514 = CARTESIAN_POINT ( 'NONE',  ( -2.000000000000000000, 3.299999999999999822, -2.000000000000000000 ) ) ;
#515 = EDGE_CURVE ( 'NONE', #198, #911, #62, .T. ) ;
#516 = CARTESIAN_POINT ( 'NONE',  ( -3.000000000000000000, 3.000000000000000000, -2.999999999999999556 ) ) ;
#517 = CARTESIAN_POINT ( 'NONE',  ( -2.799999999999998934, 0.2000000000000000111, -4.199999999999999289 ) ) ;
#518 = ORIENTED_EDGE ( 'NONE', *, *, #722, .T. ) ;
#519 = DIRECTION ( 'NONE',  ( -1.000000000000000000, -0.000000000000000000, -0.000000000000000000 ) ) ;
#520 = ORIENTED_EDGE ( 'NONE', *, *, #111, .T. ) ;
#521 = DIRECTION ( 'NONE',  ( 1.000000000000000000, -0.000000000000000000, -2.891205793294678819E-16 ) ) ;
#522 = EDGE_CURVE ( 'NONE', #714, #913, #531, .T. ) ;
#523 = EDGE_LOOP ( 'NONE', ( #629, #424, #1228, #77 ) ) ;
#524 = DIRECTION ( 'NONE',  ( -0.000000000000000000, -1.000000000000000000, -0.000000000000000000 ) ) ;
#525 = PERSON ( 'UNSPECIFIED', 'UNSPECIFIED', 'UNSPECIFIED', ('UNSPECIFIED'), ('UNSPECIFIED'), ('UNSPECIFIED') ) ;
#526 = ORIENTED_EDGE ( 'NONE', *, *, #263, .F. ) ;
#527 = CARTESIAN_POINT ( 'NONE',  ( 2.000000000000000000, 3.299999999999999822, -2.500000000000000000 ) ) ;
#528 = CARTESIAN_POINT ( 'NONE',  ( -2.199999999999999289, 0.5000000000000000000, 4.199999999999999289 ) ) ;
#529 = VECTOR ( 'NONE', #414, 1000.000000000000000 ) ;
#530 = CARTESIAN_POINT ( 'NONE',  ( -2.000000000000000000, 3.000000000000000000, -2.600000000000000089 ) ) ;
#531 = CIRCLE ( 'NONE', #373, 0.09999999999999982514 ) ;
#532 = DIRECTION ( 'NONE',  ( -1.000000000000000000, 0.000000000000000000, 2.891205793294678819E-16 ) ) ;
#533 = VECTOR ( 'NONE', #1066, 1000.000000000000000 ) ;
#534 = VERTEX_POINT ( 'NONE', #1107 ) ;
#535 = CARTESIAN_POINT ( 'NONE',  ( -2.000000000000000000, 3.200000000000000178, -2.000000000000000000 ) ) ;
#536 = EDGE_CURVE ( 'NONE', #439, #714, #1084, .T. ) ;
#537 = AXIS2_PLACEMENT_3D ( 'NONE', #1151, #1356, #671 ) ;
#538 = CARTESIAN_POINT ( 'NONE',  ( 2.000000000000000444, 3.299999999999999822, 2.499999999999998668 ) ) ;
#539 = FACE_OUTER_BOUND ( 'NONE', #1163, .T. ) ;
#540 = DIRECTION ( 'NONE',  ( -4.517509052022936580E-17, -1.000000000000000000, 0.000000000000000000 ) ) ;
#541 = EDGE_CURVE ( 'NONE', #685, #869, #95, .T. ) ;
#542 = ORIENTED_EDGE ( 'NONE', *, *, #1351, .F. ) ;
#543 = FACE_OUTER_BOUND ( 'NONE', #36, .T. ) ;
#544 = EDGE_CURVE ( 'NONE', #1126, #606, #669, .T. ) ;
#545 = EDGE_CURVE ( 'NONE', #221, #748, #902, .T. ) ;
#546 = CARTESIAN_POINT ( 'NONE',  ( -2.799999999999998934, 0.5000000000000000000, 4.199999999999999289 ) ) ;
#547 = LINE ( 'NONE', #122, #1038 ) ;
#548 = DIRECTION ( 'NONE',  ( -0.000000000000000000, 1.000000000000000000, -0.000000000000000000 ) ) ;
#549 = ORIENTED_EDGE ( 'NONE', *, *, #136, .T. ) ;
#550 = DIRECTION ( 'NONE',  ( -0.000000000000000000, -0.000000000000000000, -1.000000000000000000 ) ) ;
#551 = ORIENTED_EDGE ( 'NONE', *, *, #941, .T. ) ;
#552 = PERSON_AND_ORGANIZATION ( #525, #114 ) ;
#553 = DIRECTION ( 'NONE',  ( 1.000000000000000000, -0.000000000000000000, -1.445602896647339410E-16 ) ) ;
#554 = PLANE ( 'NONE',  #84 ) ;
#555 = DIRECTION ( 'NONE',  ( 1.000000000000000000, -0.000000000000000000, 1.224646799147353207E-16 ) ) ;
#556 = AXIS2_PLACEMENT_3D ( 'NONE', #1156, #1180, #1387 ) ;
#557 = ORIENTED_EDGE ( 'NONE', *, *, #1432, .F. ) ;
#558 = FACE_OUTER_BOUND ( 'NONE', #205, .T. ) ;
#559 = EDGE_LOOP ( 'NONE', ( #997, #39 ) ) ;
#560 = VECTOR ( 'NONE', #12, 1000.000000000000000 ) ;
#561 = AXIS2_PLACEMENT_3D ( 'NONE', #368, #493, #281 ) ;
#562 = CALENDAR_DATE ( 2025, 20, 7 ) ;
#563 = EDGE_CURVE ( 'NONE', #53, #1070, #1221, .T. ) ;
#564 = CARTESIAN_POINT ( 'NONE',  ( -2.199999999999999289, 0.1999999999999999833, -4.199999999999999289 ) ) ;
#565 = ADVANCED_FACE ( 'NONE', ( #662 ), #586, .T. ) ;
#566 = DIRECTION ( 'NONE',  ( 1.000000000000000000, -4.517509052022936580E-17, 0.000000000000000000 ) ) ;
#567 = DIRECTION ( 'NONE',  ( 0.000000000000000000, 1.000000000000000000, 0.000000000000000000 ) ) ;
#568 = ADVANCED_FACE ( 'NONE', ( #573 ), #1452, .F. ) ;
#569 = ORIENTED_EDGE ( 'NONE', *, *, #1319, .T. ) ;
#570 = CARTESIAN_POINT ( 'NONE',  ( 2.000000000000000000, 3.299999999999999822, -2.000000000000000444 ) ) ;
#571 = ORIENTED_EDGE ( 'NONE', *, *, #522, .F. ) ;
#572 = APPROVAL_DATE_TIME ( #251, #952 ) ;
#573 = FACE_OUTER_BOUND ( 'NONE', #1310, .T. ) ;
#574 = DIRECTION ( 'NONE',  ( -0.000000000000000000, 1.000000000000000000, -0.000000000000000000 ) ) ;
#575 = DIRECTION ( 'NONE',  ( 0.000000000000000000, 0.000000000000000000, -1.000000000000000000 ) ) ;
#576 = EDGE_LOOP ( 'NONE', ( #486, #1430, #215, #4 ) ) ;
#577 = DIRECTION ( 'NONE',  ( 1.445602896647339410E-16, -0.000000000000000000, 1.000000000000000000 ) ) ;
#578 = ORIENTED_EDGE ( 'NONE', *, *, #597, .F. ) ;
#579 = APPROVAL_ROLE ( '' ) ;
#580 = CARTESIAN_POINT ( 'NONE',  ( 2.000000000000000000, 3.200000000000000178, -1.400000000000000577 ) ) ;
#581 = DIRECTION ( 'NONE',  ( 0.000000000000000000, 0.000000000000000000, -1.000000000000000000 ) ) ;
#582 =( NAMED_UNIT ( * ) PLANE_ANGLE_UNIT ( ) SI_UNIT ( $, .RADIAN. ) );
#583 = CARTESIAN_POINT ( 'NONE',  ( 2.999999999999999112, 0.000000000000000000, -3.000000000000000444 ) ) ;
#584 = AXIS2_PLACEMENT_3D ( 'NONE', #408, #1095, #75 ) ;
#585 = ORIENTED_EDGE ( 'NONE', *, *, #977, .T. ) ;
#586 = TOROIDAL_SURFACE ( 'NONE', #1106, 0.4999999999999996669, 0.1000000000000000056 ) ;
#587 = AXIS2_PLACEMENT_3D ( 'NONE', #269, #812, #947 ) ;
#588 = DIRECTION ( 'NONE',  ( -0.000000000000000000, -0.000000000000000000, 1.000000000000000000 ) ) ;
#589 = CIRCLE ( 'NONE', #376, 0.5999999999999998668 ) ;
#590 = CARTESIAN_POINT ( 'NONE',  ( -2.199999999999999289, 0.5000000000000000000, 4.199999999999999289 ) ) ;
#591 = APPROVAL_STATUS ( 'not_yet_approved' ) ;
#592 = ORIENTED_EDGE ( 'NONE', *, *, #1446, .T. ) ;
#593 = PLANE ( 'NONE',  #420 ) ;
#594 = EDGE_LOOP ( 'NONE', ( #1385, #56, #1169, #315 ) ) ;
#595 = APPROVAL ( #466, 'UNSPECIFIED' ) ;
#596 = DIRECTION ( 'NONE',  ( 2.891205793294678819E-16, 0.000000000000000000, 1.000000000000000000 ) ) ;
#597 = EDGE_CURVE ( 'NONE', #286, #1193, #347, .T. ) ;
#598 = FACE_OUTER_BOUND ( 'NONE', #771, .T. ) ;
#599 = PERSON_AND_ORGANIZATION ( #525, #114 ) ;
#600 = VERTEX_POINT ( 'NONE', #1345 ) ;
#601 = DIRECTION ( 'NONE',  ( 0.000000000000000000, 1.000000000000000000, 0.000000000000000000 ) ) ;
#602 = ORIENTED_EDGE ( 'NONE', *, *, #705, .T. ) ;
#603 = LINE ( 'NONE', #21, #18 ) ;
#604 = EDGE_LOOP ( 'NONE', ( #381, #280, #1022, #675 ) ) ;
#605 = DIRECTION ( 'NONE',  ( 0.000000000000000000, 1.000000000000000000, 0.000000000000000000 ) ) ;
#606 = VERTEX_POINT ( 'NONE', #1230 ) ;
#607 = CLOSED_SHELL ( 'NONE', ( #565, #55, #191, #1287, #611, #674, #364, #513, #818, #87, #1032, #1158, #983, #1414, #820, #791, #352, #242, #464, #388, #102, #847, #1006, #1094, #1074, #1271, #222, #457, #1285, #892, #823, #407, #926, #1141, #1049, #1242, #1244, #149, #1200, #1184, #750, #247, #787, #568, #1383, #244, #880, #1348, #49, #1091, #306 ) ) ;
#608 = CIRCLE ( 'NONE', #896, 1.599999999999999867 ) ;
#609 = FACE_OUTER_BOUND ( 'NONE', #510, .T. ) ;
#610 = AXIS2_PLACEMENT_3D ( 'NONE', #1147, #577, #1350 ) ;
#611 = ADVANCED_FACE ( 'NONE', ( #893 ), #1336, .T. ) ;
#612 = CYLINDRICAL_SURFACE ( 'NONE', #1311, 0.5999999999999998668 ) ;
#613 = VECTOR ( 'NONE', #519, 1000.000000000000000 ) ;
#614 = CIRCLE ( 'NONE', #1463, 1.699999999999999956 ) ;
#615 = ORIENTED_EDGE ( 'NONE', *, *, #1009, .F. ) ;
#616 = DIRECTION ( 'NONE',  ( -0.000000000000000000, -1.000000000000000000, -0.000000000000000000 ) ) ;
#617 = APPROVAL_PERSON_ORGANIZATION ( #223, #952, #579 ) ;
#618 = EDGE_CURVE ( 'NONE', #992, #357, #792, .T. ) ;
#619 = VERTEX_POINT ( 'NONE', #538 ) ;
#620 = DIRECTION ( 'NONE',  ( -0.000000000000000000, -1.000000000000000000, -0.000000000000000000 ) ) ;
#621 = LINE ( 'NONE', #516, #1458 ) ;
#622 = DIRECTION ( 'NONE',  ( 0.000000000000000000, 0.000000000000000000, 1.000000000000000000 ) ) ;
#623 = ORIENTED_EDGE ( 'NONE', *, *, #708, .T. ) ;
#624 = DIRECTION ( 'NONE',  ( 0.000000000000000000, 0.000000000000000000, -1.000000000000000000 ) ) ;
#625 = ORIENTED_EDGE ( 'NONE', *, *, #841, .F. ) ;
#626 = DIRECTION ( 'NONE',  ( 1.000000000000000000, 0.000000000000000000, -0.000000000000000000 ) ) ;
#627 = EDGE_CURVE ( 'NONE', #1175, #1112, #1235, .T. ) ;
#628 = ORIENTED_EDGE ( 'NONE', *, *, #977, .F. ) ;
#629 = ORIENTED_EDGE ( 'NONE', *, *, #630, .T. ) ;
#630 = EDGE_CURVE ( 'NONE', #878, #101, #224, .T. ) ;
#631 = AXIS2_PLACEMENT_3D ( 'NONE', #1246, #690, #995 ) ;
#632 = DIRECTION ( 'NONE',  ( 0.000000000000000000, 0.000000000000000000, 1.000000000000000000 ) ) ;
#633 = AXIS2_PLACEMENT_3D ( 'NONE', #339, #800, #1243 ) ;
#634 = EDGE_LOOP ( 'NONE', ( #1352, #342, #905, #125 ) ) ;
#635 = DIRECTION ( 'NONE',  ( 2.891205793294678819E-16, 0.000000000000000000, 1.000000000000000000 ) ) ;
#636 = AXIS2_PLACEMENT_3D ( 'NONE', #839, #35, #504 ) ;
#637 = ORIENTED_EDGE ( 'NONE', *, *, #31, .F. ) ;
#638 = CARTESIAN_POINT ( 'NONE',  ( 2.800000000000000266, 0.5000000000000000000, -4.199999999999998401 ) ) ;
#639 = CARTESIAN_POINT ( 'NONE',  ( 2.800000000000000266, 0.5000000000000000000, 4.199999999999998401 ) ) ;
#640 = VERTEX_POINT ( 'NONE', #677 ) ;
#641 = DIRECTION ( 'NONE',  ( 1.000000000000000000, -4.517509052022936580E-17, 0.000000000000000000 ) ) ;
#642 = ORIENTED_EDGE ( 'NONE', *, *, #515, .F. ) ;
#643 = CARTESIAN_POINT ( 'NONE',  ( 2.000000000000000000, 3.299999999999999822, -2.000000000000000444 ) ) ;
#644 = LINE ( 'NONE', #639, #1335 ) ;
#645 = CARTESIAN_POINT ( 'NONE',  ( 2.000000000000000000, 3.200000000000000178, -2.000000000000000444 ) ) ;
#646 = CARTESIAN_POINT ( 'NONE',  ( 2.800000000000000266, 0.5000000000000000000, 4.199999999999998401 ) ) ;
#647 = VERTEX_POINT ( 'NONE', #112 ) ;
#648 = DIRECTION ( 'NONE',  ( -1.000000000000000000, -0.000000000000000000, 0.000000000000000000 ) ) ;
#649 = FACE_OUTER_BOUND ( 'NONE', #1250, .T. ) ;
#650 = EDGE_CURVE ( 'NONE', #755, #1090, #318, .T. ) ;
#651 = VECTOR ( 'NONE', #436, 1000.000000000000000 ) ;
#652 = DIRECTION ( 'NONE',  ( 0.000000000000000000, 1.000000000000000000, 0.000000000000000000 ) ) ;
#653 = AXIS2_PLACEMENT_3D ( 'NONE', #1130, #1213, #887 ) ;
#654 = DIRECTION ( 'NONE',  ( 0.000000000000000000, 0.000000000000000000, 1.000000000000000000 ) ) ;
#655 = EDGE_CURVE ( 'NONE', #132, #1298, #1019, .T. ) ;
#656 = AXIS2_PLACEMENT_3D ( 'NONE', #570, #900, #1377 ) ;
#657 = EDGE_LOOP ( 'NONE', ( #310, #1442, #1279, #473 ) ) ;
#658 = CARTESIAN_POINT ( 'NONE',  ( -2.799999999999998934, 0.5000000000000000000, 4.199999999999999289 ) ) ;
#659 = VECTOR ( 'NONE', #786, 1000.000000000000000 ) ;
#660 = EDGE_CURVE ( 'NONE', #198, #685, #508, .T. ) ;
#661 = ORIENTED_EDGE ( 'NONE', *, *, #1052, .F. ) ;
#662 = FACE_OUTER_BOUND ( 'NONE', #1082, .T. ) ;
#663 = LINE ( 'NONE', #430, #962 ) ;
#664 = DIRECTION ( 'NONE',  ( -1.000000000000000000, 0.000000000000000000, 1.445602896647339410E-16 ) ) ;
#665 = ORIENTED_EDGE ( 'NONE', *, *, #1325, .T. ) ;
#666 = CARTESIAN_POINT ( 'NONE',  ( -1.999999999999999556, 3.299999999999999822, 2.600000000000000089 ) ) ;
#667 = ORIENTED_EDGE ( 'NONE', *, *, #384, .F. ) ;
#668 = DATE_TIME_ROLE ( 'creation_date' ) ;
#669 = LINE ( 'NONE', #546, #415 ) ;
#670 = CARTESIAN_POINT ( 'NONE',  ( 2.000000000000000444, 3.200000000000000178, 2.499999999999998668 ) ) ;
#671 = DIRECTION ( 'NONE',  ( 0.000000000000000000, 0.000000000000000000, 1.000000000000000000 ) ) ;
#672 = VERTEX_POINT ( 'NONE', #312 ) ;
#673 = DIRECTION ( 'NONE',  ( 0.000000000000000000, 0.000000000000000000, 1.000000000000000000 ) ) ;
#674 = ADVANCED_FACE ( 'NONE', ( #649 ), #774, .T. ) ;
#675 = ORIENTED_EDGE ( 'NONE', *, *, #1172, .T. ) ;
#676 = CALENDAR_DATE ( 2025, 20, 7 ) ;
#677 = CARTESIAN_POINT ( 'NONE',  ( 0.000000000000000000, 3.000000000000000000, -1.699999999999999956 ) ) ;
#678 = EDGE_CURVE ( 'NONE', #936, #492, #1261, .T. ) ;
#679 = CARTESIAN_POINT ( 'NONE',  ( 2.800000000000000266, 0.5000000000000000000, -4.199999999999998401 ) ) ;
#680 = DIRECTION ( 'NONE',  ( -0.000000000000000000, 1.000000000000000000, -0.000000000000000000 ) ) ;
#681 = AXIS2_PLACEMENT_3D ( 'NONE', #1231, #209, #1020 ) ;
#682 = ORIENTED_EDGE ( 'NONE', *, *, #288, .F. ) ;
#683 = CARTESIAN_POINT ( 'NONE',  ( 2.000000000000000444, 3.299999999999999822, 1.999999999999999112 ) ) ;
#684 = TOROIDAL_SURFACE ( 'NONE', #777, 0.4999999999999996669, 0.1000000000000000056 ) ;
#685 = VERTEX_POINT ( 'NONE', #580 ) ;
#686 = VECTOR ( 'NONE', #1166, 1000.000000000000000 ) ;
#687 = AXIS2_PLACEMENT_3D ( 'NONE', #996, #979, #1316 ) ;
#688 = APPROVAL_STATUS ( 'not_yet_approved' ) ;
#689 = CARTESIAN_POINT ( 'NONE',  ( 3.000000000000000000, 3.000000000000000000, 2.999999999999998668 ) ) ;
#690 = DIRECTION ( 'NONE',  ( 0.000000000000000000, 1.000000000000000000, 0.000000000000000000 ) ) ;
#691 = CARTESIAN_POINT ( 'NONE',  ( -2.000000000000000000, 3.000000000000000000, -2.000000000000000000 ) ) ;
#692 = ORIENTED_EDGE ( 'NONE', *, *, #1415, .T. ) ;
#693 = FACE_BOUND ( 'NONE', #69, .T. ) ;
#694 = EDGE_LOOP ( 'NONE', ( #1411, #569 ) ) ;
#695 = SHAPE_DEFINITION_REPRESENTATION ( #229, #1408 ) ;
#696 = CARTESIAN_POINT ( 'NONE',  ( -2.799999999999998934, 0.5000000000000000000, -4.199999999999999289 ) ) ;
#697 = PLANE ( 'NONE',  #1407 ) ;
#698 = ORIENTED_EDGE ( 'NONE', *, *, #288, .T. ) ;
#699 = DIRECTION ( 'NONE',  ( -1.000000000000000000, 4.517509052022936580E-17, 0.000000000000000000 ) ) ;
#700 = EDGE_LOOP ( 'NONE', ( #335, #1059, #1014, #1194 ) ) ;
#701 = DIRECTION ( 'NONE',  ( -0.000000000000000000, -1.000000000000000000, -0.000000000000000000 ) ) ;
#702 = CARTESIAN_POINT ( 'NONE',  ( 0.000000000000000000, 4.000000000000000000, -1.699999999999999956 ) ) ;
#703 = DIRECTION ( 'NONE',  ( 1.000000000000000000, 0.000000000000000000, 0.000000000000000000 ) ) ;
#704 = CARTESIAN_POINT ( 'NONE',  ( 2.799999999999999822, 0.5000000000000000000, -2.999999999999998224 ) ) ;
#705 = EDGE_CURVE ( 'NONE', #320, #999, #143, .T. ) ;
#706 = VECTOR ( 'NONE', #1143, 1000.000000000000000 ) ;
#707 = ORIENTED_EDGE ( 'NONE', *, *, #284, .F. ) ;
#708 = EDGE_CURVE ( 'NONE', #198, #1187, #258, .T. ) ;
#709 = AXIS2_PLACEMENT_3D ( 'NONE', #1104, #764, #975 ) ;
#710 = PLANE ( 'NONE',  #48 ) ;
#711 = VECTOR ( 'NONE', #402, 1000.000000000000000 ) ;
#712 = CARTESIAN_POINT ( 'NONE',  ( -2.799999999999998934, 0.5000000000000000000, 2.999999999999999112 ) ) ;
#713 = PERSON_AND_ORGANIZATION_ROLE ( 'creator' ) ;
#714 = VERTEX_POINT ( 'NONE', #1035 ) ;
#715 = CYLINDRICAL_SURFACE ( 'NONE', #1086, 0.5999999999999998668 ) ;
#716 = ORIENTED_EDGE ( 'NONE', *, *, #1052, .T. ) ;
#717 = PLANE ( 'NONE',  #1013 ) ;
#718 = DIRECTION ( 'NONE',  ( 0.000000000000000000, 0.000000000000000000, -1.000000000000000000 ) ) ;
#719 = ORIENTED_EDGE ( 'NONE', *, *, #1078, .T. ) ;
#720 = LINE ( 'NONE', #170, #1042 ) ;
#721 = ORIENTED_EDGE ( 'NONE', *, *, #328, .F. ) ;
#722 = EDGE_CURVE ( 'NONE', #1298, #640, #898, .T. ) ;
#723 = CARTESIAN_POINT ( 'NONE',  ( 3.000000000000000000, 0.000000000000000000, 2.999999999999998668 ) ) ;
#724 = CARTESIAN_POINT ( 'NONE',  ( -2.199999999999999289, 0.5000000000000000000, -2.999999999999999112 ) ) ;
#725 = EDGE_CURVE ( 'NONE', #1418, #851, #468, .T. ) ;
#726 = ORIENTED_EDGE ( 'NONE', *, *, #536, .F. ) ;
#727 = FACE_OUTER_BOUND ( 'NONE', #1288, .T. ) ;
#728 = ORIENTED_EDGE ( 'NONE', *, *, #747, .T. ) ;
#729 = VECTOR ( 'NONE', #1439, 1000.000000000000000 ) ;
#730 = VECTOR ( 'NONE', #121, 1000.000000000000000 ) ;
#731 = CIRCLE ( 'NONE', #709, 0.5999999999999998668 ) ;
#732 = EDGE_CURVE ( 'NONE', #360, #8, #252, .T. ) ;
#733 = DIRECTION ( 'NONE',  ( -0.000000000000000000, -1.000000000000000000, -0.000000000000000000 ) ) ;
#734 = VECTOR ( 'NONE', #123, 1000.000000000000000 ) ;
#735 = LOCAL_TIME ( 10, 55, 44.00000000000000000, #1129 ) ;
#736 = ORIENTED_EDGE ( 'NONE', *, *, #136, .F. ) ;
#737 = CARTESIAN_POINT ( 'NONE',  ( 2.000000000000000000, 3.000000000000000000, -2.000000000000000444 ) ) ;
#738 = ORIENTED_EDGE ( 'NONE', *, *, #1078, .F. ) ;
#739 = DIRECTION ( 'NONE',  ( 0.000000000000000000, 1.000000000000000000, 0.000000000000000000 ) ) ;
#740 = CARTESIAN_POINT ( 'NONE',  ( 2.799999999999999822, 0.5000000000000000000, 2.999999999999998224 ) ) ;
#741 = CARTESIAN_POINT ( 'NONE',  ( -2.199999999999999289, 0.5000000000000000000, -4.199999999999999289 ) ) ;
#742 = EDGE_CURVE ( 'NONE', #8, #647, #1178, .T. ) ;
#743 = VERTEX_POINT ( 'NONE', #1149 ) ;
#744 = DIRECTION ( 'NONE',  ( 0.000000000000000000, 0.000000000000000000, 1.000000000000000000 ) ) ;
#745 = ORIENTED_EDGE ( 'NONE', *, *, #512, .F. ) ;
#746 = DIRECTION ( 'NONE',  ( -1.000000000000000000, -4.517509052022936580E-17, -2.891205793294678819E-16 ) ) ;
#747 = EDGE_CURVE ( 'NONE', #1177, #761, #379, .T. ) ;
#748 = VERTEX_POINT ( 'NONE', #1050 ) ;
#749 = CYLINDRICAL_SURFACE ( 'NONE', #1183, 0.5999999999999998668 ) ;
#750 = ADVANCED_FACE ( 'NONE', ( #1265 ), #710, .T. ) ;
#751 = ORIENTED_EDGE ( 'NONE', *, *, #263, .T. ) ;
#752 = CIRCLE ( 'NONE', #109, 0.1000000000000000472 ) ;
#753 = DIRECTION ( 'NONE',  ( 0.000000000000000000, 0.000000000000000000, -1.000000000000000000 ) ) ;
#754 = VECTOR ( 'NONE', #86, 1000.000000000000000 ) ;
#755 = VERTEX_POINT ( 'NONE', #835 ) ;
#756 = CARTESIAN_POINT ( 'NONE',  ( -1.999999999999999556, 3.200000000000000178, 2.000000000000000000 ) ) ;
#757 =( GEOMETRIC_REPRESENTATION_CONTEXT ( 3 ) GLOBAL_UNCERTAINTY_ASSIGNED_CONTEXT ( ( #1375 ) ) GLOBAL_UNIT_ASSIGNED_CONTEXT ( ( #1002, #582, #431 ) ) REPRESENTATION_CONTEXT ( 'NONE', 'WORKASPACE' ) );
#758 = ORIENTED_EDGE ( 'NONE', *, *, #1186, .F. ) ;
#759 = FACE_OUTER_BOUND ( 'NONE', #1302, .T. ) ;
#760 = CARTESIAN_POINT ( 'NONE',  ( 2.000000000000000000, 3.200000000000000178, -2.000000000000000444 ) ) ;
#761 = VERTEX_POINT ( 'NONE', #1372 ) ;
#762 = CARTESIAN_POINT ( 'NONE',  ( 2.800000000000000266, 0.2000000000000000111, -4.199999999999998401 ) ) ;
#763 = ORIENTED_EDGE ( 'NONE', *, *, #304, .F. ) ;
#764 = DIRECTION ( 'NONE',  ( -0.000000000000000000, -1.000000000000000000, -0.000000000000000000 ) ) ;
#765 = EDGE_CURVE ( 'NONE', #1182, #1197, #42, .T. ) ;
#766 = CC_DESIGN_PERSON_AND_ORGANIZATION_ASSIGNMENT ( #933, #828, ( #1037 ) ) ;
#767 = DIRECTION ( 'NONE',  ( 0.000000000000000000, -1.000000000000000000, 0.000000000000000000 ) ) ;
#768 = EDGE_CURVE ( 'NONE', #1317, #911, #834, .T. ) ;
#769 = LINE ( 'NONE', #740, #729 ) ;
#770 = CARTESIAN_POINT ( 'NONE',  ( 2.800000000000000266, 0.2000000000000000944, -3.000000000000000444 ) ) ;
#771 = EDGE_LOOP ( 'NONE', ( #50, #858, #698, #751 ) ) ;
#772 = FACE_OUTER_BOUND ( 'NONE', #219, .T. ) ;
#773 = ORIENTED_EDGE ( 'NONE', *, *, #980, .F. ) ;
#774 = CYLINDRICAL_SURFACE ( 'NONE', #1390, 0.5999999999999998668 ) ;
#775 = AXIS2_PLACEMENT_3D ( 'NONE', #253, #270, #581 ) ;
#776 = CARTESIAN_POINT ( 'NONE',  ( -2.000000000000000000, 3.299999999999999822, -1.500000000000000444 ) ) ;
#777 = AXIS2_PLACEMENT_3D ( 'NONE', #1073, #855, #1286 ) ;
#778 = LINE ( 'NONE', #7, #659 ) ;
#779 = VECTOR ( 'NONE', #440, 1000.000000000000000 ) ;
#780 = ORIENTED_EDGE ( 'NONE', *, *, #1120, .F. ) ;
#781 = FACE_BOUND ( 'NONE', #1258, .T. ) ;
#782 = TOROIDAL_SURFACE ( 'NONE', #442, 0.4999999999999996669, 0.1000000000000000056 ) ;
#783 = EDGE_LOOP ( 'NONE', ( #1152, #780, #901, #454 ) ) ;
#784 = DIRECTION ( 'NONE',  ( -0.000000000000000000, -1.000000000000000000, -0.000000000000000000 ) ) ;
#785 = DIRECTION ( 'NONE',  ( 1.000000000000000000, 4.517509052022936580E-17, 0.000000000000000000 ) ) ;
#786 = DIRECTION ( 'NONE',  ( 1.000000000000000000, -0.000000000000000000, 2.891205793294678819E-16 ) ) ;
#787 = ADVANCED_FACE ( 'NONE', ( #819 ), #937, .F. ) ;
#788 = ORIENTED_EDGE ( 'NONE', *, *, #1009, .T. ) ;
#789 = CARTESIAN_POINT ( 'NONE',  ( 0.000000000000000000, 3.900000000000000355, -1.699999999999999956 ) ) ;
#790 = VERTEX_POINT ( 'NONE', #1276 ) ;
#791 = ADVANCED_FACE ( 'NONE', ( #842 ), #717, .T. ) ;
#792 = LINE ( 'NONE', #689, #853 ) ;
#793 = LINE ( 'NONE', #679, #230 ) ;
#794 = DIRECTION ( 'NONE',  ( -4.517509052022936580E-17, 1.000000000000000000, -1.306104834246986819E-32 ) ) ;
#795 = VERTEX_POINT ( 'NONE', #1280 ) ;
#796 = LINE ( 'NONE', #666, #854 ) ;
#797 = PRODUCT_DEFINITION ( 'UNKNOWN', '', #399, #117 ) ;
#798 = EDGE_LOOP ( 'NONE', ( #383, #355, #432, #163 ) ) ;
#799 = COORDINATED_UNIVERSAL_TIME_OFFSET ( 2, 0, .AHEAD. ) ;
#800 = DIRECTION ( 'NONE',  ( -0.000000000000000000, -1.000000000000000000, -0.000000000000000000 ) ) ;
#801 = CARTESIAN_POINT ( 'NONE',  ( 2.799999999999999822, 0.2000000000000000111, 2.999999999999998224 ) ) ;
#802 = CARTESIAN_POINT ( 'NONE',  ( -1.999999999999999556, 3.299999999999999822, 1.400000000000000133 ) ) ;
#803 = AXIS2_PLACEMENT_3D ( 'NONE', #503, #959, #395 ) ;
#804 = AXIS2_PLACEMENT_3D ( 'NONE', #326, #434, #994 ) ;
#805 = ORIENTED_EDGE ( 'NONE', *, *, #1398, .F. ) ;
#806 = CARTESIAN_POINT ( 'NONE',  ( -2.199999999999999289, 0.1999999999999999833, 2.999999999999999112 ) ) ;
#807 = VECTOR ( 'NONE', #824, 1000.000000000000000 ) ;
#808 = EDGE_LOOP ( 'NONE', ( #1264, #1253, #398, #886 ) ) ;
#809 = VECTOR ( 'NONE', #164, 1000.000000000000000 ) ;
#810 = VECTOR ( 'NONE', #437, 1000.000000000000000 ) ;
#811 = DATE_AND_TIME ( #562, #1165 ) ;
#812 = DIRECTION ( 'NONE',  ( 0.000000000000000000, 1.000000000000000000, 0.000000000000000000 ) ) ;
#813 = DIRECTION ( 'NONE',  ( -1.445602896647339410E-16, -0.000000000000000000, -1.000000000000000000 ) ) ;
#814 = CARTESIAN_POINT ( 'NONE',  ( 2.000000000000000444, 3.000000000000000000, 1.999999999999999112 ) ) ;
#815 = ORIENTED_EDGE ( 'NONE', *, *, #268, .T. ) ;
#816 = CARTESIAN_POINT ( 'NONE',  ( -1.999999999999999556, 3.299999999999999822, 1.500000000000000444 ) ) ;
#817 = ORIENTED_EDGE ( 'NONE', *, *, #1460, .F. ) ;
#818 = ADVANCED_FACE ( 'NONE', ( #150 ), #467, .T. ) ;
#819 = FACE_OUTER_BOUND ( 'NONE', #783, .T. ) ;
#820 = ADVANCED_FACE ( 'NONE', ( #157, #1363, #243, #781, #302, #609 ), #404, .F. ) ;
#821 = DIRECTION ( 'NONE',  ( 2.891205793294678819E-16, 0.000000000000000000, -1.000000000000000000 ) ) ;
#822 = APPROVAL_DATE_TIME ( #262, #1444 ) ;
#823 = ADVANCED_FACE ( 'NONE', ( #759 ), #1412, .T. ) ;
#824 = DIRECTION ( 'NONE',  ( -0.000000000000000000, -1.000000000000000000, -0.000000000000000000 ) ) ;
#825 = ORIENTED_EDGE ( 'NONE', *, *, #877, .F. ) ;
#826 = DIRECTION ( 'NONE',  ( 0.000000000000000000, -1.000000000000000000, 0.000000000000000000 ) ) ;
#827 = PLANE ( 'NONE',  #1388 ) ;
#828 = PERSON_AND_ORGANIZATION_ROLE ( 'design_owner' ) ;
#829 = ORIENTED_EDGE ( 'NONE', *, *, #1029, .F. ) ;
#830 = DIRECTION ( 'NONE',  ( -0.000000000000000000, -1.000000000000000000, -0.000000000000000000 ) ) ;
#831 = CIRCLE ( 'NONE', #371, 1.699999999999999956 ) ;
#832 = ORIENTED_EDGE ( 'NONE', *, *, #708, .F. ) ;
#833 = VECTOR ( 'NONE', #1427, 1000.000000000000000 ) ;
#834 = CIRCLE ( 'NONE', #375, 0.4999999999999995559 ) ;
#835 = CARTESIAN_POINT ( 'NONE',  ( -2.199999999999999289, 0.1999999999999999833, -4.199999999999999289 ) ) ;
#836 = CIRCLE ( 'NONE', #537, 0.4999999999999995559 ) ;
#837 = CARTESIAN_POINT ( 'NONE',  ( 1.214306433183764966E-15, 0.000000000000000000, -4.199999999999999289 ) ) ;
#838 = EDGE_CURVE ( 'NONE', #672, #978, #731, .T. ) ;
#839 = CARTESIAN_POINT ( 'NONE',  ( 3.000000000000000000, 3.000000000000000000, 2.999999999999998668 ) ) ;
#840 = VERTEX_POINT ( 'NONE', #197 ) ;
#841 = EDGE_CURVE ( 'NONE', #600, #619, #1199, .T. ) ;
#842 = FACE_OUTER_BOUND ( 'NONE', #1024, .T. ) ;
#843 = FACE_OUTER_BOUND ( 'NONE', #523, .T. ) ;
#844 = ORIENTED_EDGE ( 'NONE', *, *, #938, .T. ) ;
#845 = CARTESIAN_POINT ( 'NONE',  ( -2.799999999999999378, 0.5000000000000000000, 2.999999999999999556 ) ) ;
#846 = ORIENTED_EDGE ( 'NONE', *, *, #1395, .T. ) ;
#847 = ADVANCED_FACE ( 'NONE', ( #1318 ), #749, .T. ) ;
#848 = DIRECTION ( 'NONE',  ( 0.000000000000000000, 0.000000000000000000, 1.000000000000000000 ) ) ;
#849 = VERTEX_POINT ( 'NONE', #638 ) ;
#850 = LINE ( 'NONE', #1188, #1202 ) ;
#851 = VERTEX_POINT ( 'NONE', #1206 ) ;
#852 = AXIS2_PLACEMENT_3D ( 'NONE', #895, #574, #909 ) ;
#853 = VECTOR ( 'NONE', #553, 1000.000000000000000 ) ;
#854 = VECTOR ( 'NONE', #220, 1000.000000000000000 ) ;
#855 = DIRECTION ( 'NONE',  ( 0.000000000000000000, 1.000000000000000000, 0.000000000000000000 ) ) ;
#856 = AXIS2_PLACEMENT_3D ( 'NONE', #174, #1301, #973 ) ;
#857 = DIRECTION ( 'NONE',  ( 1.000000000000000000, -4.517509052022936580E-17, 0.000000000000000000 ) ) ;
#858 = ORIENTED_EDGE ( 'NONE', *, *, #1351, .T. ) ;
#859 = DIRECTION ( 'NONE',  ( 0.000000000000000000, 0.000000000000000000, 1.000000000000000000 ) ) ;
#860 = EDGE_CURVE ( 'NONE', #320, #317, #311, .T. ) ;
#861 = ORIENTED_EDGE ( 'NONE', *, *, #768, .F. ) ;
#862 = CARTESIAN_POINT ( 'NONE',  ( 2.081899558550500280E-16, 3.000000000000000000, 1.699999999999999956 ) ) ;
#863 = EDGE_CURVE ( 'NONE', #362, #8, #64, .T. ) ;
#864 = ORIENTED_EDGE ( 'NONE', *, *, #678, .F. ) ;
#865 = DIRECTION ( 'NONE',  ( 0.000000000000000000, 1.000000000000000000, 0.000000000000000000 ) ) ;
#866 = ORIENTED_EDGE ( 'NONE', *, *, #1275, .T. ) ;
#867 = CARTESIAN_POINT ( 'NONE',  ( 2.000000000000000444, 3.200000000000000178, 1.499999999999999556 ) ) ;
#868 = CARTESIAN_POINT ( 'NONE',  ( 2.000000000000000444, 3.200000000000000178, 1.999999999999999112 ) ) ;
#869 = VERTEX_POINT ( 'NONE', #511 ) ;
#870 = DIRECTION ( 'NONE',  ( 0.000000000000000000, 0.000000000000000000, 1.000000000000000000 ) ) ;
#871 = DIRECTION ( 'NONE',  ( -0.000000000000000000, -1.000000000000000000, -0.000000000000000000 ) ) ;
#872 = CIRCLE ( 'NONE', #1064, 0.5999999999999998668 ) ;
#873 = CIRCLE ( 'NONE', #964, 0.5999999999999998668 ) ;
#874 = CARTESIAN_POINT ( 'NONE',  ( -2.799999999999998934, 0.5000000000000000000, -4.199999999999999289 ) ) ;
#875 = CARTESIAN_POINT ( 'NONE',  ( -1.999999999999999556, 3.299999999999999822, 2.000000000000000000 ) ) ;
#876 = VECTOR ( 'NONE', #382, 1000.000000000000000 ) ;
#877 = EDGE_CURVE ( 'NONE', #1323, #878, #993, .T. ) ;
#878 = VERTEX_POINT ( 'NONE', #1419 ) ;
#879 = DIRECTION ( 'NONE',  ( 0.000000000000000000, -1.000000000000000000, 0.000000000000000000 ) ) ;
#880 = ADVANCED_FACE ( 'NONE', ( #543 ), #1098, .T. ) ;
#881 = CARTESIAN_POINT ( 'NONE',  ( 2.200000000000000622, 0.5000000000000000000, 4.199999999999999289 ) ) ;
#882 = FACE_OUTER_BOUND ( 'NONE', #426, .T. ) ;
#883 = PLANE ( 'NONE',  #856 ) ;
#884 = EDGE_LOOP ( 'NONE', ( #788, #1282, #549, #773 ) ) ;
#885 = LINE ( 'NONE', #1303, #613 ) ;
#886 = ORIENTED_EDGE ( 'NONE', *, *, #131, .T. ) ;
#887 = DIRECTION ( 'NONE',  ( 0.000000000000000000, 0.000000000000000000, 1.000000000000000000 ) ) ;
#888 = FACE_OUTER_BOUND ( 'NONE', #694, .T. ) ;
#889 = CARTESIAN_POINT ( 'NONE',  ( 0.000000000000000000, 3.900000000000000355, 0.000000000000000000 ) ) ;
#890 = ORIENTED_EDGE ( 'NONE', *, *, #1422, .T. ) ;
#891 = CARTESIAN_POINT ( 'NONE',  ( -2.000000000000000000, 3.200000000000000178, -2.499999999999999556 ) ) ;
#892 = ADVANCED_FACE ( 'NONE', ( #427 ), #920, .T. ) ;
#893 = FACE_OUTER_BOUND ( 'NONE', #1080, .T. ) ;
#894 = VECTOR ( 'NONE', #566, 1000.000000000000000 ) ;
#895 = CARTESIAN_POINT ( 'NONE',  ( -2.000000000000000000, 3.000000000000000000, -2.000000000000000000 ) ) ;
#896 = AXIS2_PLACEMENT_3D ( 'NONE', #80, #739, #1195 ) ;
#897 = CARTESIAN_POINT ( 'NONE',  ( -1.999999999999999556, 3.000000000000000000, 2.000000000000000000 ) ) ;
#898 = CIRCLE ( 'NONE', #587, 1.699999999999999956 ) ;
#899 = ORIENTED_EDGE ( 'NONE', *, *, #328, .T. ) ;
#900 = DIRECTION ( 'NONE',  ( 0.000000000000000000, 1.000000000000000000, 0.000000000000000000 ) ) ;
#901 = ORIENTED_EDGE ( 'NONE', *, *, #214, .F. ) ;
#902 = LINE ( 'NONE', #233, #1245 ) ;
#903 = DIRECTION ( 'NONE',  ( 4.517509052022936580E-17, -1.000000000000000000, -1.306104834246986819E-32 ) ) ;
#904 = LINE ( 'NONE', #1329, #810 ) ;
#905 = ORIENTED_EDGE ( 'NONE', *, *, #618, .F. ) ;
#906 = DIRECTION ( 'NONE',  ( 0.000000000000000000, 0.000000000000000000, 1.000000000000000000 ) ) ;
#907 = ORIENTED_EDGE ( 'NONE', *, *, #1240, .F. ) ;
#908 = DIRECTION ( 'NONE',  ( -0.000000000000000000, -1.000000000000000000, -0.000000000000000000 ) ) ;
#909 = DIRECTION ( 'NONE',  ( 0.000000000000000000, 0.000000000000000000, -1.000000000000000000 ) ) ;
#910 = CARTESIAN_POINT ( 'NONE',  ( -2.199999999999999289, 0.5000000000000000000, -4.199999999999999289 ) ) ;
#911 = VERTEX_POINT ( 'NONE', #527 ) ;
#912 = DIRECTION ( 'NONE',  ( -1.000000000000000000, -0.000000000000000000, 0.000000000000000000 ) ) ;
#913 = VERTEX_POINT ( 'NONE', #411 ) ;
#914 = DIRECTION ( 'NONE',  ( 0.000000000000000000, 0.000000000000000000, 1.000000000000000000 ) ) ;
#915 = LINE ( 'NONE', #1355, #257 ) ;
#916 = VECTOR ( 'NONE', #813, 1000.000000000000000 ) ;
#917 = CIRCLE ( 'NONE', #88, 1.699999999999999956 ) ;
#918 = ORIENTED_EDGE ( 'NONE', *, *, #1120, .T. ) ;
#919 = LINE ( 'NONE', #1369, #22 ) ;
#920 = TOROIDAL_SURFACE ( 'NONE', #113, 0.4999999999999996669, 0.1000000000000000056 ) ;
#921 = EDGE_CURVE ( 'NONE', #317, #1126, #885, .T. ) ;
#922 = ORIENTED_EDGE ( 'NONE', *, *, #522, .T. ) ;
#923 = AXIS2_PLACEMENT_3D ( 'NONE', #40, #1270, #141 ) ;
#924 = EDGE_CURVE ( 'NONE', #132, #1193, #206, .T. ) ;
#925 = CARTESIAN_POINT ( 'NONE',  ( -2.799999999999998934, 0.5000000000000000000, -2.999999999999999112 ) ) ;
#926 = ADVANCED_FACE ( 'NONE', ( #772 ), #419, .F. ) ;
#927 = DIRECTION ( 'NONE',  ( -1.000000000000000000, 0.000000000000000000, 1.445602896647339410E-16 ) ) ;
#928 = APPLICATION_PROTOCOL_DEFINITION ( 'international standard', 'config_control_design', 1994, #1122 ) ;
#929 = CARTESIAN_POINT ( 'NONE',  ( 2.799999999999999822, 0.5000000000000000000, 2.999999999999998224 ) ) ;
#930 = EDGE_LOOP ( 'NONE', ( #1117, #178, #628, #497 ) ) ;
#931 = DIRECTION ( 'NONE',  ( 0.000000000000000000, 0.000000000000000000, -1.000000000000000000 ) ) ;
#932 = LINE ( 'NONE', #1256, #916 ) ;
#933 = PERSON_AND_ORGANIZATION ( #525, #114 ) ;
#934 = ORIENTED_EDGE ( 'NONE', *, *, #1353, .T. ) ;
#935 = CARTESIAN_POINT ( 'NONE',  ( 2.800000000000000266, 0.5000000000000000000, 4.199999999999998401 ) ) ;
#936 = VERTEX_POINT ( 'NONE', #94 ) ;
#937 = PLANE ( 'NONE',  #1040 ) ;
#938 = EDGE_CURVE ( 'NONE', #1399, #534, #303, .T. ) ;
#939 = CARTESIAN_POINT ( 'NONE',  ( 0.000000000000000000, 4.000000000000000000, 0.000000000000000000 ) ) ;
#940 = LINE ( 'NONE', #704, #809 ) ;
#941 = EDGE_CURVE ( 'NONE', #142, #534, #1135, .T. ) ;
#942 = VECTOR ( 'NONE', #949, 1000.000000000000000 ) ;
#943 = VERTEX_POINT ( 'NONE', #1015 ) ;
#944 = AXIS2_PLACEMENT_3D ( 'NONE', #528, #1421, #848 ) ;
#945 = APPLICATION_CONTEXT ( 'configuration controlled 3d designs of mechanical parts and assemblies' ) ;
#946 = AXIS2_PLACEMENT_3D ( 'NONE', #658, #879, #1113 ) ;
#947 = DIRECTION ( 'NONE',  ( 0.000000000000000000, 0.000000000000000000, 1.000000000000000000 ) ) ;
#948 = APPROVAL_PERSON_ORGANIZATION ( #599, #1444, #1045 ) ;
#949 = DIRECTION ( 'NONE',  ( 1.445602896647339410E-16, 0.000000000000000000, 1.000000000000000000 ) ) ;
#950 = ORIENTED_EDGE ( 'NONE', *, *, #1172, .F. ) ;
#951 = CARTESIAN_POINT ( 'NONE',  ( 0.000000000000000000, 4.000000000000000000, 1.599999999999999867 ) ) ;
#952 = APPROVAL ( #688, 'UNSPECIFIED' ) ;
#953 = ORIENTED_EDGE ( 'NONE', *, *, #176, .F. ) ;
#954 = CARTESIAN_POINT ( 'NONE',  ( 0.000000000000000000, 4.000000000000000000, 0.000000000000000000 ) ) ;
#955 = ORIENTED_EDGE ( 'NONE', *, *, #841, .T. ) ;
#956 = DIRECTION ( 'NONE',  ( 0.000000000000000000, -0.000000000000000000, 1.000000000000000000 ) ) ;
#957 = EDGE_LOOP ( 'NONE', ( #1292, #25, #1307, #832 ) ) ;
#958 = LINE ( 'NONE', #391, #1291 ) ;
#959 = DIRECTION ( 'NONE',  ( -0.000000000000000000, -1.000000000000000000, -0.000000000000000000 ) ) ;
#960 = DIRECTION ( 'NONE',  ( 0.000000000000000000, 1.000000000000000000, -0.000000000000000000 ) ) ;
#961 = ORIENTED_EDGE ( 'NONE', *, *, #1034, .T. ) ;
#962 = VECTOR ( 'NONE', #652, 1000.000000000000000 ) ;
#963 = VECTOR ( 'NONE', #450, 1000.000000000000000 ) ;
#964 = AXIS2_PLACEMENT_3D ( 'NONE', #239, #1342, #3 ) ;
#965 = FACE_OUTER_BOUND ( 'NONE', #295, .T. ) ;
#966 = AXIS2_PLACEMENT_3D ( 'NONE', #1248, #794, #1465 ) ;
#967 = EDGE_CURVE ( 'NONE', #465, #360, #1031, .T. ) ;
#968 = CC_DESIGN_APPROVAL ( #952, ( #399 ) ) ;
#969 = ORIENTED_EDGE ( 'NONE', *, *, #384, .T. ) ;
#970 = CARTESIAN_POINT ( 'NONE',  ( -2.199999999999999289, 0.5000000000000000000, -4.199999999999999289 ) ) ;
#971 = CARTESIAN_POINT ( 'NONE',  ( 2.200000000000000622, 0.1999999999999999833, 4.199999999999999289 ) ) ;
#972 = ORIENTED_EDGE ( 'NONE', *, *, #1179, .T. ) ;
#973 = DIRECTION ( 'NONE',  ( -2.891205793294678819E-16, 0.000000000000000000, -1.000000000000000000 ) ) ;
#974 = ORIENTED_EDGE ( 'NONE', *, *, #435, .F. ) ;
#975 = DIRECTION ( 'NONE',  ( 0.000000000000000000, 0.000000000000000000, 1.000000000000000000 ) ) ;
#976 = DIRECTION ( 'NONE',  ( -0.000000000000000000, -1.000000000000000000, -0.000000000000000000 ) ) ;
#977 = EDGE_CURVE ( 'NONE', #53, #743, #1358, .T. ) ;
#978 = VERTEX_POINT ( 'NONE', #133 ) ;
#979 = DIRECTION ( 'NONE',  ( -0.000000000000000000, -1.000000000000000000, -0.000000000000000000 ) ) ;
#980 = EDGE_CURVE ( 'NONE', #1399, #63, #447, .T. ) ;
#981 = ORIENTED_EDGE ( 'NONE', *, *, #1395, .F. ) ;
#982 = DIRECTION ( 'NONE',  ( 0.000000000000000000, 1.000000000000000000, 0.000000000000000000 ) ) ;
#983 = ADVANCED_FACE ( 'NONE', ( #1023 ), #1456, .F. ) ;
#984 = AXIS2_PLACEMENT_3D ( 'NONE', #874, #1315, #308 ) ;
#985 = AXIS2_PLACEMENT_3D ( 'NONE', #1201, #1295, #632 ) ;
#986 = DIRECTION ( 'NONE',  ( 0.000000000000000000, 1.000000000000000000, 0.000000000000000000 ) ) ;
#987 = AXIS2_PLACEMENT_3D ( 'NONE', #1431, #204, #316 ) ;
#988 = AXIS2_PLACEMENT_3D ( 'NONE', #691, #680, #575 ) ;
#989 = CARTESIAN_POINT ( 'NONE',  ( 2.800000000000000266, 0.5000000000000000000, -4.199999999999998401 ) ) ;
#990 = CARTESIAN_POINT ( 'NONE',  ( 2.000000000000000000, 3.299999999999999822, -1.500000000000000888 ) ) ;
#991 = PRODUCT_RELATED_PRODUCT_CATEGORY ( 'detail', '', ( #1037 ) ) ;
#992 = VERTEX_POINT ( 'NONE', #343 ) ;
#993 = LINE ( 'NONE', #1451, #754 ) ;
#994 = DIRECTION ( 'NONE',  ( -2.891205793294678819E-16, 0.000000000000000000, 1.000000000000000000 ) ) ;
#995 = DIRECTION ( 'NONE',  ( 0.000000000000000000, -0.000000000000000000, 1.000000000000000000 ) ) ;
#996 = CARTESIAN_POINT ( 'NONE',  ( -1.999999999999999556, 3.299999999999999822, 2.000000000000000000 ) ) ;
#997 = ORIENTED_EDGE ( 'NONE', *, *, #151, .F. ) ;
#998 = DIRECTION ( 'NONE',  ( 0.000000000000000000, -1.000000000000000000, 0.000000000000000000 ) ) ;
#999 = VERTEX_POINT ( 'NONE', #806 ) ;
#1000 = DIRECTION ( 'NONE',  ( 0.000000000000000000, 0.000000000000000000, 1.000000000000000000 ) ) ;
#1001 = CARTESIAN_POINT ( 'NONE',  ( -1.999999999999999556, 3.200000000000000178, 2.000000000000000000 ) ) ;
#1002 =( LENGTH_UNIT ( ) NAMED_UNIT ( * ) SI_UNIT ( .MILLI., .METRE. ) );
#1003 = VERTEX_POINT ( 'NONE', #816 ) ;
#1004 = DIRECTION ( 'NONE',  ( 0.000000000000000000, 1.000000000000000000, 0.000000000000000000 ) ) ;
#1005 = ORIENTED_EDGE ( 'NONE', *, *, #211, .F. ) ;
#1006 = ADVANCED_FACE ( 'NONE', ( #558 ), #213, .T. ) ;
#1007 = DIRECTION ( 'NONE',  ( -2.891205793294678819E-16, -0.000000000000000000, -1.000000000000000000 ) ) ;
#1008 = AXIS2_PLACEMENT_3D ( 'NONE', #1001, #340, #1453 ) ;
#1009 = EDGE_CURVE ( 'NONE', #1399, #248, #873, .T. ) ;
#1010 = LINE ( 'NONE', #225, #894 ) ;
#1011 = CIRCLE ( 'NONE', #985, 0.4999999999999995559 ) ;
#1012 = DIRECTION ( 'NONE',  ( -0.000000000000000000, -1.000000000000000000, -0.000000000000000000 ) ) ;
#1013 = AXIS2_PLACEMENT_3D ( 'NONE', #273, #1255, #1173 ) ;
#1014 = ORIENTED_EDGE ( 'NONE', *, *, #1, .F. ) ;
#1015 = CARTESIAN_POINT ( 'NONE',  ( -1.999999999999999556, 3.000000000000000000, 2.600000000000000089 ) ) ;
#1016 = CIRCLE ( 'NONE', #988, 0.5999999999999998668 ) ;
#1017 = EDGE_LOOP ( 'NONE', ( #1053, #146 ) ) ;
#1018 = PERSON_AND_ORGANIZATION_ROLE ( 'design_supplier' ) ;
#1019 = LINE ( 'NONE', #1320, #322 ) ;
#1020 = DIRECTION ( 'NONE',  ( 0.000000000000000000, 0.000000000000000000, -1.000000000000000000 ) ) ;
#1021 = DIRECTION ( 'NONE',  ( -0.000000000000000000, 1.000000000000000000, -0.000000000000000000 ) ) ;
#1022 = ORIENTED_EDGE ( 'NONE', *, *, #544, .F. ) ;
#1023 = FACE_OUTER_BOUND ( 'NONE', #700, .T. ) ;
#1024 = EDGE_LOOP ( 'NONE', ( #1033, #763, #1148, #864 ) ) ;
#1025 = PERSON_AND_ORGANIZATION ( #525, #114 ) ;
#1026 = CARTESIAN_POINT ( 'NONE',  ( 0.000000000000000000, 3.900000000000000355, 0.000000000000000000 ) ) ;
#1027 = CARTESIAN_POINT ( 'NONE',  ( -2.799999999999998934, 0.2000000000000000111, 4.199999999999999289 ) ) ;
#1028 = DIRECTION ( 'NONE',  ( -0.000000000000000000, -1.000000000000000000, -0.000000000000000000 ) ) ;
#1029 = EDGE_CURVE ( 'NONE', #248, #142, #1436, .T. ) ;
#1030 = ORIENTED_EDGE ( 'NONE', *, *, #1327, .F. ) ;
#1031 = LINE ( 'NONE', #1127, #1312 ) ;
#1032 = ADVANCED_FACE ( 'NONE', ( #462, #361, #693 ), #9, .F. ) ;
#1033 = ORIENTED_EDGE ( 'NONE', *, *, #331, .F. ) ;
#1034 = EDGE_CURVE ( 'NONE', #878, #1418, #919, .T. ) ;
#1035 = CARTESIAN_POINT ( 'NONE',  ( -1.999999999999999556, 3.200000000000000178, 2.600000000000000089 ) ) ;
#1036 = CARTESIAN_POINT ( 'NONE',  ( 2.020667218593132508E-16, 4.000000000000000000, -1.599999999999999867 ) ) ;
#1037 = PRODUCT ( 'Micro_Button_6x6', 'Micro_Button_6x6', '', ( #33 ) ) ;
#1038 = VECTOR ( 'NONE', #201, 1000.000000000000000 ) ;
#1039 = FACE_OUTER_BOUND ( 'NONE', #446, .T. ) ;
#1040 = AXIS2_PLACEMENT_3D ( 'NONE', #474, #1379, #931 ) ;
#1041 = ORIENTED_EDGE ( 'NONE', *, *, #938, .F. ) ;
#1042 = VECTOR ( 'NONE', #271, 1000.000000000000000 ) ;
#1043 = DIRECTION ( 'NONE',  ( -1.000000000000000000, 0.000000000000000000, 2.891205793294678819E-16 ) ) ;
#1044 = DIRECTION ( 'NONE',  ( 0.000000000000000000, 0.000000000000000000, 1.000000000000000000 ) ) ;
#1045 = APPROVAL_ROLE ( '' ) ;
#1046 = ORIENTED_EDGE ( 'NONE', *, *, #453, .F. ) ;
#1047 = DIRECTION ( 'NONE',  ( 0.000000000000000000, -1.000000000000000000, 0.000000000000000000 ) ) ;
#1048 = EDGE_LOOP ( 'NONE', ( #1396, #73, #169, #625 ) ) ;
#1049 = ADVANCED_FACE ( 'NONE', ( #330 ), #16, .F. ) ;
#1050 = CARTESIAN_POINT ( 'NONE',  ( 2.200000000000000178, 0.1999999999999999833, 2.999999999999998668 ) ) ;
#1051 = CYLINDRICAL_SURFACE ( 'NONE', #232, 1.699999999999999956 ) ;
#1052 = EDGE_CURVE ( 'NONE', #714, #943, #796, .T. ) ;
#1053 = ORIENTED_EDGE ( 'NONE', *, *, #1189, .F. ) ;
#1054 = FACE_BOUND ( 'NONE', #135, .T. ) ;
#1055 = ORIENTED_EDGE ( 'NONE', *, *, #722, .F. ) ;
#1056 = CARTESIAN_POINT ( 'NONE',  ( 2.800000000000000266, 0.5000000000000000000, 4.199999999999998401 ) ) ;
#1057 = EDGE_CURVE ( 'NONE', #317, #1182, #1239, .T. ) ;
#1058 = CARTESIAN_POINT ( 'NONE',  ( 0.000000000000000000, 0.000000000000000000, -4.199999999999999289 ) ) ;
#1059 = ORIENTED_EDGE ( 'NONE', *, *, #1092, .F. ) ;
#1060 = AXIS2_PLACEMENT_3D ( 'NONE', #837, #821, #476 ) ;
#1061 = CARTESIAN_POINT ( 'NONE',  ( 2.200000000000000178, 0.5000000000000000000, 2.999999999999998668 ) ) ;
#1062 = AXIS2_PLACEMENT_3D ( 'NONE', #670, #1328, #217 ) ;
#1063 = EDGE_LOOP ( 'NONE', ( #120, #1425, #203, #719 ) ) ;
#1064 = AXIS2_PLACEMENT_3D ( 'NONE', #1416, #871, #859 ) ;
#1065 = VECTOR ( 'NONE', #119, 1000.000000000000000 ) ;
#1066 = DIRECTION ( 'NONE',  ( -0.000000000000000000, 1.000000000000000000, -0.000000000000000000 ) ) ;
#1067 = VECTOR ( 'NONE', #524, 1000.000000000000000 ) ;
#1068 = LOCAL_TIME ( 10, 55, 44.00000000000000000, #1140 ) ;
#1069 = CARTESIAN_POINT ( 'NONE',  ( 2.000000000000000000, 3.299999999999999822, -2.000000000000000444 ) ) ;
#1070 = VERTEX_POINT ( 'NONE', #583 ) ;
#1071 = LINE ( 'NONE', #1290, #66 ) ;
#1072 = VERTEX_POINT ( 'NONE', #789 ) ;
#1073 = CARTESIAN_POINT ( 'NONE',  ( -1.999999999999999556, 3.200000000000000178, 2.000000000000000000 ) ) ;
#1074 = ADVANCED_FACE ( 'NONE', ( #1039 ), #99, .T. ) ;
#1075 = FACE_OUTER_BOUND ( 'NONE', #1083, .T. ) ;
#1076 = DIRECTION ( 'NONE',  ( 0.000000000000000000, 0.000000000000000000, -1.000000000000000000 ) ) ;
#1077 = ORIENTED_EDGE ( 'NONE', *, *, #768, .T. ) ;
#1078 = EDGE_CURVE ( 'NONE', #1360, #221, #472, .T. ) ;
#1079 = CARTESIAN_POINT ( 'NONE',  ( 2.000000000000000444, 3.299999999999999822, 1.399999999999999245 ) ) ;
#1080 = EDGE_LOOP ( 'NONE', ( #1171, #716, #15, #1260 ) ) ;
#1081 = FACE_OUTER_BOUND ( 'NONE', #1097, .T. ) ;
#1082 = EDGE_LOOP ( 'NONE', ( #615, #844, #1404, #829 ) ) ;
#1083 = EDGE_LOOP ( 'NONE', ( #479, #1343, #518, #682 ) ) ;
#1084 = CIRCLE ( 'NONE', #1269, 0.5999999999999998668 ) ;
#1085 = PLANE ( 'NONE',  #944 ) ;
#1086 = AXIS2_PLACEMENT_3D ( 'NONE', #1170, #830, #255 ) ;
#1087 = CC_DESIGN_APPROVAL ( #595, ( #1370 ) ) ;
#1088 = CYLINDRICAL_SURFACE ( 'NONE', #687, 0.5999999999999998668 ) ;
#1089 = EDGE_LOOP ( 'NONE', ( #726, #815, #745, #571 ) ) ;
#1090 = VERTEX_POINT ( 'NONE', #377 ) ;
#1091 = ADVANCED_FACE ( 'NONE', ( #1181 ), #593, .T. ) ;
#1092 = EDGE_CURVE ( 'NONE', #992, #936, #1263, .T. ) ;
#1093 = CARTESIAN_POINT ( 'NONE',  ( 0.000000000000000000, 3.900000000000000355, 0.000000000000000000 ) ) ;
#1094 = ADVANCED_FACE ( 'NONE', ( #727 ), #715, .T. ) ;
#1095 = DIRECTION ( 'NONE',  ( -0.000000000000000000, -1.000000000000000000, -0.000000000000000000 ) ) ;
#1096 = LINE ( 'NONE', #741, #1413 ) ;
#1097 = EDGE_LOOP ( 'NONE', ( #817, #297, #972, #448 ) ) ;
#1098 = PLANE ( 'NONE',  #89 ) ;
#1099 = DIRECTION ( 'NONE',  ( 0.000000000000000000, 0.000000000000000000, 1.000000000000000000 ) ) ;
#1100 = EDGE_CURVE ( 'NONE', #360, #790, #498, .T. ) ;
#1101 = PLANE ( 'NONE',  #984 ) ;
#1102 = DIRECTION ( 'NONE',  ( -2.891205793294678819E-16, -0.000000000000000000, -1.000000000000000000 ) ) ;
#1103 = EDGE_LOOP ( 'NONE', ( #661, #283, #1434, #387 ) ) ;
#1104 = CARTESIAN_POINT ( 'NONE',  ( 2.000000000000000444, 3.200000000000000178, 1.999999999999999112 ) ) ;
#1105 = CIRCLE ( 'NONE', #681, 0.5999999999999998668 ) ;
#1106 = AXIS2_PLACEMENT_3D ( 'NONE', #429, #333, #1000 ) ;
#1107 = CARTESIAN_POINT ( 'NONE',  ( -2.000000000000000000, 3.299999999999999822, -2.499999999999999556 ) ) ;
#1108 = VECTOR ( 'NONE', #588, 1000.000000000000000 ) ;
#1109 = AXIS2_PLACEMENT_3D ( 'NONE', #756, #1209, #1204 ) ;
#1110 = DIRECTION ( 'NONE',  ( -2.891205793294678819E-16, -0.000000000000000000, 1.000000000000000000 ) ) ;
#1111 = CARTESIAN_POINT ( 'NONE',  ( -2.799999999999998934, 0.2000000000000000111, -4.199999999999999289 ) ) ;
#1112 = VERTEX_POINT ( 'NONE', #1061 ) ;
#1113 = DIRECTION ( 'NONE',  ( 0.000000000000000000, -0.000000000000000000, -1.000000000000000000 ) ) ;
#1114 = DIRECTION ( 'NONE',  ( -1.000000000000000000, -4.517509052022936580E-17, 2.891205793294678819E-16 ) ) ;
#1115 = FACE_OUTER_BOUND ( 'NONE', #1341, .T. ) ;
#1116 = CARTESIAN_POINT ( 'NONE',  ( 2.999999999999999112, 3.000000000000000000, -3.000000000000000444 ) ) ;
#1117 = ORIENTED_EDGE ( 'NONE', *, *, #304, .T. ) ;
#1118 = CARTESIAN_POINT ( 'NONE',  ( -2.000000000000000000, 3.200000000000000178, -1.500000000000000444 ) ) ;
#1119 = ORIENTED_EDGE ( 'NONE', *, *, #1100, .T. ) ;
#1120 = EDGE_CURVE ( 'NONE', #849, #840, #720, .T. ) ;
#1121 = APPROVAL_DATE_TIME ( #811, #595 ) ;
#1122 = APPLICATION_CONTEXT ( 'configuration controlled 3d designs of mechanical parts and assemblies' ) ;
#1123 = DIRECTION ( 'NONE',  ( -0.000000000000000000, -1.000000000000000000, -0.000000000000000000 ) ) ;
#1124 = FACE_OUTER_BOUND ( 'NONE', #657, .T. ) ;
#1125 = DIRECTION ( 'NONE',  ( -2.891205793294678819E-16, -0.000000000000000000, -1.000000000000000000 ) ) ;
#1126 = VERTEX_POINT ( 'NONE', #54 ) ;
#1127 = CARTESIAN_POINT ( 'NONE',  ( -2.799999999999998934, 0.5000000000000000000, -4.199999999999999289 ) ) ;
#1128 = ORIENTED_EDGE ( 'NONE', *, *, #921, .F. ) ;
#1129 = COORDINATED_UNIVERSAL_TIME_OFFSET ( 2, 0, .AHEAD. ) ;
#1130 = CARTESIAN_POINT ( 'NONE',  ( 0.000000000000000000, 4.000000000000000000, 0.000000000000000000 ) ) ;
#1131 = TOROIDAL_SURFACE ( 'NONE', #506, 0.4999999999999996669, 0.1000000000000000056 ) ;
#1132 = DIRECTION ( 'NONE',  ( -0.000000000000000000, 1.000000000000000000, -0.000000000000000000 ) ) ;
#1133 = VECTOR ( 'NONE', #976, 1000.000000000000000 ) ;
#1134 = DIRECTION ( 'NONE',  ( 0.000000000000000000, 0.000000000000000000, 1.000000000000000000 ) ) ;
#1135 = CIRCLE ( 'NONE', #491, 0.4999999999999995559 ) ;
#1136 = ORIENTED_EDGE ( 'NONE', *, *, #967, .F. ) ;
#1137 = DIRECTION ( 'NONE',  ( 0.000000000000000000, 1.000000000000000000, 0.000000000000000000 ) ) ;
#1138 = CC_DESIGN_APPROVAL ( #1444, ( #797 ) ) ;
#1139 = ORIENTED_EDGE ( 'NONE', *, *, #1179, .F. ) ;
#1140 = COORDINATED_UNIVERSAL_TIME_OFFSET ( 2, 0, .AHEAD. ) ;
#1141 = ADVANCED_FACE ( 'NONE', ( #59 ), #155, .F. ) ;
#1142 = DIRECTION ( 'NONE',  ( -1.000000000000000000, 0.000000000000000000, 0.000000000000000000 ) ) ;
#1143 = DIRECTION ( 'NONE',  ( 1.000000000000000000, -4.517509052022936580E-17, 0.000000000000000000 ) ) ;
#1144 = CARTESIAN_POINT ( 'NONE',  ( 2.999999999999999112, 3.000000000000000000, -3.000000000000000444 ) ) ;
#1145 = EDGE_CURVE ( 'NONE', #840, #1332, #940, .T. ) ;
#1146 = EDGE_LOOP ( 'NONE', ( #1203, #85, #667, #494 ) ) ;
#1147 = CARTESIAN_POINT ( 'NONE',  ( 2.999999999999999112, 3.000000000000000000, -3.000000000000000444 ) ) ;
#1148 = ORIENTED_EDGE ( 'NONE', *, *, #266, .F. ) ;
#1149 = CARTESIAN_POINT ( 'NONE',  ( -3.000000000000000000, 3.000000000000000000, -2.999999999999999556 ) ) ;
#1150 = PLANE ( 'NONE',  #1060 ) ;
#1151 = CARTESIAN_POINT ( 'NONE',  ( 2.000000000000000444, 3.299999999999999822, 1.999999999999999112 ) ) ;
#1152 = ORIENTED_EDGE ( 'NONE', *, *, #1398, .T. ) ;
#1153 = CARTESIAN_POINT ( 'NONE',  ( -2.199999999999999289, 0.5000000000000000000, 4.199999999999999289 ) ) ;
#1154 = ORIENTED_EDGE ( 'NONE', *, *, #705, .F. ) ;
#1155 = DIRECTION ( 'NONE',  ( -0.000000000000000000, -0.000000000000000000, -1.000000000000000000 ) ) ;
#1156 = CARTESIAN_POINT ( 'NONE',  ( -2.000000000000000000, 3.299999999999999822, -2.000000000000000000 ) ) ;
#1157 = AXIS2_PLACEMENT_3D ( 'NONE', #760, #733, #57 ) ;
#1158 = ADVANCED_FACE ( 'NONE', ( #386, #1389, #1054 ), #264, .F. ) ;
#1159 = ORIENTED_EDGE ( 'NONE', *, *, #618, .T. ) ;
#1160 = DIRECTION ( 'NONE',  ( -2.891205793294678819E-16, -0.000000000000000000, 1.000000000000000000 ) ) ;
#1161 = AXIS2_PLACEMENT_3D ( 'NONE', #683, #1137, #26 ) ;
#1162 = EDGE_CURVE ( 'NONE', #101, #851, #850, .T. ) ;
#1163 = EDGE_LOOP ( 'NONE', ( #551, #1225 ) ) ;
#1164 = VECTOR ( 'NONE', #1125, 1000.000000000000000 ) ;
#1165 = LOCAL_TIME ( 10, 55, 44.00000000000000000, #799 ) ;
#1166 = DIRECTION ( 'NONE',  ( 1.000000000000000000, -0.000000000000000000, -1.445602896647339410E-16 ) ) ;
#1167 = DIRECTION ( 'NONE',  ( -0.000000000000000000, -1.000000000000000000, -0.000000000000000000 ) ) ;
#1168 = CALENDAR_DATE ( 2025, 20, 7 ) ;
#1169 = ORIENTED_EDGE ( 'NONE', *, *, #392, .T. ) ;
#1170 = CARTESIAN_POINT ( 'NONE',  ( 2.000000000000000444, 3.299999999999999822, 1.999999999999999112 ) ) ;
#1171 = ORIENTED_EDGE ( 'NONE', *, *, #536, .T. ) ;
#1172 = EDGE_CURVE ( 'NONE', #1126, #1197, #1278, .T. ) ;
#1173 = DIRECTION ( 'NONE',  ( 0.000000000000000000, -0.000000000000000000, -1.000000000000000000 ) ) ;
#1174 = DIRECTION ( 'NONE',  ( -0.000000000000000000, -1.000000000000000000, -0.000000000000000000 ) ) ;
#1175 = VERTEX_POINT ( 'NONE', #478 ) ;
#1176 = CARTESIAN_POINT ( 'NONE',  ( -2.799999999999998934, 0.5000000000000000000, 4.199999999999999289 ) ) ;
#1177 = VERTEX_POINT ( 'NONE', #147 ) ;
#1178 = LINE ( 'NONE', #925, #560 ) ;
#1179 = EDGE_CURVE ( 'NONE', #1378, #1175, #1071, .T. ) ;
#1180 = DIRECTION ( 'NONE',  ( 0.000000000000000000, 1.000000000000000000, 0.000000000000000000 ) ) ;
#1181 = FACE_OUTER_BOUND ( 'NONE', #98, .T. ) ;
#1182 = VERTEX_POINT ( 'NONE', #485 ) ;
#1183 = AXIS2_PLACEMENT_3D ( 'NONE', #643, #78, #1198 ) ;
#1184 = ADVANCED_FACE ( 'NONE', ( #1384 ), #47, .T. ) ;
#1185 = CARTESIAN_POINT ( 'NONE',  ( -2.199999999999999289, 0.5000000000000000000, 2.999999999999999112 ) ) ;
#1186 = EDGE_CURVE ( 'NONE', #943, #34, #235, .T. ) ;
#1187 = VERTEX_POINT ( 'NONE', #1409 ) ;
#1188 = CARTESIAN_POINT ( 'NONE',  ( 2.200000000000000622, 0.5000000000000000000, -4.199999999999999289 ) ) ;
#1189 = EDGE_CURVE ( 'NONE', #1187, #869, #1222, .T. ) ;
#1190 = VERTEX_POINT ( 'NONE', #396 ) ;
#1191 = LINE ( 'NONE', #1079, #1133 ) ;
#1192 = DIRECTION ( 'NONE',  ( -0.000000000000000000, -0.000000000000000000, 1.000000000000000000 ) ) ;
#1193 = VERTEX_POINT ( 'NONE', #951 ) ;
#1194 = ORIENTED_EDGE ( 'NONE', *, *, #1359, .T. ) ;
#1195 = DIRECTION ( 'NONE',  ( 0.000000000000000000, 0.000000000000000000, 1.000000000000000000 ) ) ;
#1196 = FACE_OUTER_BOUND ( 'NONE', #808, .T. ) ;
#1197 = VERTEX_POINT ( 'NONE', #845 ) ;
#1198 = DIRECTION ( 'NONE',  ( 0.000000000000000000, 0.000000000000000000, -1.000000000000000000 ) ) ;
#1199 = CIRCLE ( 'NONE', #394, 0.4999999999999995559 ) ;
#1200 = ADVANCED_FACE ( 'NONE', ( #425 ), #883, .T. ) ;
#1201 = CARTESIAN_POINT ( 'NONE',  ( -1.999999999999999556, 3.299999999999999822, 2.000000000000000000 ) ) ;
#1202 = VECTOR ( 'NONE', #1160, 1000.000000000000000 ) ;
#1203 = ORIENTED_EDGE ( 'NONE', *, *, #369, .F. ) ;
#1204 = DIRECTION ( 'NONE',  ( 0.000000000000000000, 0.000000000000000000, 1.000000000000000000 ) ) ;
#1205 = ORIENTED_EDGE ( 'NONE', *, *, #496, .F. ) ;
#1206 = CARTESIAN_POINT ( 'NONE',  ( 2.200000000000000178, 0.5000000000000000000, -3.000000000000000444 ) ) ;
#1207 = DIRECTION ( 'NONE',  ( -0.000000000000000000, -1.000000000000000000, -0.000000000000000000 ) ) ;
#1208 = ORIENTED_EDGE ( 'NONE', *, *, #1446, .F. ) ;
#1209 = DIRECTION ( 'NONE',  ( 0.000000000000000000, 1.000000000000000000, 0.000000000000000000 ) ) ;
#1210 = ORIENTED_EDGE ( 'NONE', *, *, #1100, .F. ) ;
#1211 = CARTESIAN_POINT ( 'NONE',  ( -2.799999999999998934, 0.5000000000000000000, -2.999999999999999112 ) ) ;
#1212 = ORIENTED_EDGE ( 'NONE', *, *, #496, .T. ) ;
#1213 = DIRECTION ( 'NONE',  ( 0.000000000000000000, 1.000000000000000000, 0.000000000000000000 ) ) ;
#1214 = CARTESIAN_POINT ( 'NONE',  ( 2.000000000000000444, 3.200000000000000178, 1.999999999999999112 ) ) ;
#1215 = FACE_OUTER_BOUND ( 'NONE', #798, .T. ) ;
#1216 = ORIENTED_EDGE ( 'NONE', *, *, #838, .T. ) ;
#1217 = DIRECTION ( 'NONE',  ( 0.000000000000000000, 0.000000000000000000, 1.000000000000000000 ) ) ;
#1218 = ORIENTED_EDGE ( 'NONE', *, *, #501, .T. ) ;
#1219 = CIRCLE ( 'NONE', #1062, 0.09999999999999982514 ) ;
#1220 = AXIS2_PLACEMENT_3D ( 'NONE', #514, #1207, #1313 ) ;
#1221 = LINE ( 'NONE', #199, #1433 ) ;
#1222 = CIRCLE ( 'NONE', #1438, 0.5999999999999998668 ) ;
#1223 = CARTESIAN_POINT ( 'NONE',  ( 2.000000000000000444, 3.000000000000000000, 2.599999999999999201 ) ) ;
#1224 = DIRECTION ( 'NONE',  ( 1.445602896647339410E-16, 0.000000000000000000, 1.000000000000000000 ) ) ;
#1225 = ORIENTED_EDGE ( 'NONE', *, *, #284, .T. ) ;
#1226 = DIRECTION ( 'NONE',  ( 0.000000000000000000, 1.000000000000000000, 0.000000000000000000 ) ) ;
#1227 = EDGE_CURVE ( 'NONE', #248, #795, #292, .T. ) ;
#1228 = ORIENTED_EDGE ( 'NONE', *, *, #68, .T. ) ;
#1229 = DATE_AND_TIME ( #241, #1068 ) ;
#1230 = CARTESIAN_POINT ( 'NONE',  ( -2.799999999999998934, 0.2000000000000000111, 4.199999999999999289 ) ) ;
#1231 = CARTESIAN_POINT ( 'NONE',  ( 2.000000000000000444, 3.000000000000000000, 1.999999999999999112 ) ) ;
#1232 = EDGE_LOOP ( 'NONE', ( #1139, #118, #93, #2 ) ) ;
#1233 = DIRECTION ( 'NONE',  ( -1.000000000000000000, 0.000000000000000000, 0.000000000000000000 ) ) ;
#1234 = EDGE_LOOP ( 'NONE', ( #981, #410, #1210, #1136 ) ) ;
#1235 = LINE ( 'NONE', #881, #1410 ) ;
#1236 = DIRECTION ( 'NONE',  ( 0.000000000000000000, -0.000000000000000000, 1.000000000000000000 ) ) ;
#1237 = PLANE ( 'NONE',  #51 ) ;
#1238 = ORIENTED_EDGE ( 'NONE', *, *, #630, .F. ) ;
#1239 = LINE ( 'NONE', #1153, #324 ) ;
#1240 = EDGE_CURVE ( 'NONE', #1332, #1418, #1297, .T. ) ;
#1241 = EDGE_LOOP ( 'NONE', ( #1324, #505, #1238, #961 ) ) ;
#1242 = ADVANCED_FACE ( 'NONE', ( #1196 ), #1424, .T. ) ;
#1243 = DIRECTION ( 'NONE',  ( 0.000000000000000000, 0.000000000000000000, 1.000000000000000000 ) ) ;
#1244 = ADVANCED_FACE ( 'NONE', ( #1081 ), #180, .T. ) ;
#1245 = VECTOR ( 'NONE', #1114, 1000.000000000000000 ) ;
#1246 = CARTESIAN_POINT ( 'NONE',  ( -1.999999999999999556, 3.299999999999999822, 2.000000000000000000 ) ) ;
#1247 = VECTOR ( 'NONE', #413, 1000.000000000000000 ) ;
#1248 = CARTESIAN_POINT ( 'NONE',  ( 2.800000000000000266, 0.2000000000000000111, -4.199999999999998401 ) ) ;
#1249 = VECTOR ( 'NONE', #1047, 1000.000000000000000 ) ;
#1250 = EDGE_LOOP ( 'NONE', ( #108, #1218, #934, #974 ) ) ;
#1251 = DIRECTION ( 'NONE',  ( -1.445602896647339410E-16, 0.000000000000000000, -1.000000000000000000 ) ) ;
#1252 = CIRCLE ( 'NONE', #185, 0.4999999999999995559 ) ;
#1253 = ORIENTED_EDGE ( 'NONE', *, *, #921, .T. ) ;
#1254 = EDGE_CURVE ( 'NONE', #790, #755, #409, .T. ) ;
#1255 = DIRECTION ( 'NONE',  ( 0.000000000000000000, -1.000000000000000000, 0.000000000000000000 ) ) ;
#1256 = CARTESIAN_POINT ( 'NONE',  ( 2.999999999999999112, 0.000000000000000000, -3.000000000000000444 ) ) ;
#1257 = CARTESIAN_POINT ( 'NONE',  ( -2.000000000000000000, 3.200000000000000178, -2.600000000000000089 ) ) ;
#1258 = EDGE_LOOP ( 'NONE', ( #1457, #736 ) ) ;
#1259 = DIRECTION ( 'NONE',  ( 4.517509052022936580E-17, 1.000000000000000000, -0.000000000000000000 ) ) ;
#1260 = ORIENTED_EDGE ( 'NONE', *, *, #1441, .F. ) ;
#1261 = LINE ( 'NONE', #723, #686 ) ;
#1262 = DIRECTION ( 'NONE',  ( 2.891205793294678819E-16, 0.000000000000000000, -1.000000000000000000 ) ) ;
#1263 = LINE ( 'NONE', #275, #65 ) ;
#1264 = ORIENTED_EDGE ( 'NONE', *, *, #860, .T. ) ;
#1265 = FACE_OUTER_BOUND ( 'NONE', #1232, .T. ) ;
#1266 = CARTESIAN_POINT ( 'NONE',  ( 2.000000000000000000, 3.200000000000000178, -1.500000000000000888 ) ) ;
#1267 = APPLICATION_PROTOCOL_DEFINITION ( 'international standard', 'config_control_design', 1994, #945 ) ;
#1268 = CIRCLE ( 'NONE', #1008, 0.5999999999999998668 ) ;
#1269 = AXIS2_PLACEMENT_3D ( 'NONE', #1437, #784, #443 ) ;
#1270 = DIRECTION ( 'NONE',  ( 1.000000000000000000, 0.000000000000000000, -0.000000000000000000 ) ) ;
#1271 = ADVANCED_FACE ( 'NONE', ( #287 ), #1088, .T. ) ;
#1272 = VECTOR ( 'NONE', #826, 1000.000000000000000 ) ;
#1273 = VERTEX_POINT ( 'NONE', #314 ) ;
#1274 = VECTOR ( 'NONE', #1102, 1000.000000000000000 ) ;
#1275 = EDGE_CURVE ( 'NONE', #465, #362, #1096, .T. ) ;
#1276 = CARTESIAN_POINT ( 'NONE',  ( -2.799999999999998934, 0.2000000000000000111, -4.199999999999999289 ) ) ;
#1277 = DIRECTION ( 'NONE',  ( 0.000000000000000000, 0.000000000000000000, -1.000000000000000000 ) ) ;
#1278 = LINE ( 'NONE', #1176, #876 ) ;
#1279 = ORIENTED_EDGE ( 'NONE', *, *, #1415, .F. ) ;
#1280 = CARTESIAN_POINT ( 'NONE',  ( -2.000000000000000000, 3.000000000000000000, -1.400000000000000133 ) ) ;
#1281 = CARTESIAN_POINT ( 'NONE',  ( -2.799999999999998934, 0.5000000000000000000, -4.199999999999999289 ) ) ;
#1282 = ORIENTED_EDGE ( 'NONE', *, *, #1227, .T. ) ;
#1283 = CARTESIAN_POINT ( 'NONE',  ( -2.799999999999998934, 0.5000000000000000000, -4.199999999999999289 ) ) ;
#1284 = ORIENTED_EDGE ( 'NONE', *, *, #1240, .T. ) ;
#1285 = ADVANCED_FACE ( 'NONE', ( #61 ), #782, .T. ) ;
#1286 = DIRECTION ( 'NONE',  ( 0.000000000000000000, 0.000000000000000000, 1.000000000000000000 ) ) ;
#1287 = ADVANCED_FACE ( 'NONE', ( #309 ), #140, .T. ) ;
#1288 = EDGE_LOOP ( 'NONE', ( #46, #1216, #240, #403 ) ) ;
#1289 = VECTOR ( 'NONE', #1174, 1000.000000000000000 ) ;
#1290 = CARTESIAN_POINT ( 'NONE',  ( 2.200000000000000622, 0.5000000000000000000, 4.199999999999999289 ) ) ;
#1291 = VECTOR ( 'NONE', #177, 1000.000000000000000 ) ;
#1292 = ORIENTED_EDGE ( 'NONE', *, *, #660, .T. ) ;
#1293 = AXIS2_PLACEMENT_3D ( 'NONE', #107, #336, #1251 ) ;
#1294 = CIRCLE ( 'NONE', #397, 0.4999999999999995559 ) ;
#1295 = DIRECTION ( 'NONE',  ( 0.000000000000000000, 1.000000000000000000, 0.000000000000000000 ) ) ;
#1296 = LINE ( 'NONE', #1428, #529 ) ;
#1297 = LINE ( 'NONE', #83, #1314 ) ;
#1298 = VERTEX_POINT ( 'NONE', #862 ) ;
#1299 = FACE_OUTER_BOUND ( 'NONE', #884, .T. ) ;
#1300 = DIRECTION ( 'NONE',  ( 0.000000000000000000, -1.000000000000000000, -0.000000000000000000 ) ) ;
#1301 = DIRECTION ( 'NONE',  ( 1.000000000000000000, 0.000000000000000000, -2.891205793294678819E-16 ) ) ;
#1302 = EDGE_LOOP ( 'NONE', ( #1041, #637, #28, #707 ) ) ;
#1303 = CARTESIAN_POINT ( 'NONE',  ( -2.799999999999998934, 0.5000000000000000000, 4.199999999999999289 ) ) ;
#1304 = EDGE_CURVE ( 'NONE', #911, #1317, #1252, .T. ) ;
#1305 = CARTESIAN_POINT ( 'NONE',  ( 0.000000000000000000, 3.900000000000000355, 0.000000000000000000 ) ) ;
#1306 = CARTESIAN_POINT ( 'NONE',  ( 0.000000000000000000, 0.000000000000000000, 4.199999999999999289 ) ) ;
#1307 = ORIENTED_EDGE ( 'NONE', *, *, #100, .T. ) ;
#1308 = CARTESIAN_POINT ( 'NONE',  ( 2.000000000000000444, 3.299999999999999822, 1.999999999999999112 ) ) ;
#1309 = AXIS2_PLACEMENT_3D ( 'NONE', #115, #903, #785 ) ;
#1310 = EDGE_LOOP ( 'NONE', ( #154, #127, #175, #918 ) ) ;
#1311 = AXIS2_PLACEMENT_3D ( 'NONE', #1069, #52, #168 ) ;
#1312 = VECTOR ( 'NONE', #912, 1000.000000000000000 ) ;
#1313 = DIRECTION ( 'NONE',  ( 0.000000000000000000, 0.000000000000000000, -1.000000000000000000 ) ) ;
#1314 = VECTOR ( 'NONE', #746, 1000.000000000000000 ) ;
#1315 = DIRECTION ( 'NONE',  ( -1.000000000000000000, 0.000000000000000000, -0.000000000000000000 ) ) ;
#1316 = DIRECTION ( 'NONE',  ( 0.000000000000000000, 0.000000000000000000, -1.000000000000000000 ) ) ;
#1317 = VERTEX_POINT ( 'NONE', #990 ) ;
#1318 = FACE_OUTER_BOUND ( 'NONE', #10, .T. ) ;
#1319 = EDGE_CURVE ( 'NONE', #1003, #913, #1294, .T. ) ;
#1320 = CARTESIAN_POINT ( 'NONE',  ( 2.081899558550500280E-16, 4.000000000000000000, 1.699999999999999956 ) ) ;
#1321 = LINE ( 'NONE', #989, #1362 ) ;
#1322 = CARTESIAN_POINT ( 'NONE',  ( -2.000000000000000000, 3.299999999999999822, -1.400000000000000133 ) ) ;
#1323 = VERTEX_POINT ( 'NONE', #762 ) ;
#1324 = ORIENTED_EDGE ( 'NONE', *, *, #725, .T. ) ;
#1325 = EDGE_CURVE ( 'NONE', #761, #1378, #92, .T. ) ;
#1326 = DIRECTION ( 'NONE',  ( 0.000000000000000000, 1.000000000000000000, 0.000000000000000000 ) ) ;
#1327 = EDGE_CURVE ( 'NONE', #1177, #1360, #195, .T. ) ;
#1328 = DIRECTION ( 'NONE',  ( -1.000000000000000000, 0.000000000000000000, 0.000000000000000000 ) ) ;
#1329 = CARTESIAN_POINT ( 'NONE',  ( -3.000000000000000000, 3.000000000000000000, -2.999999999999999556 ) ) ;
#1330 = ORIENTED_EDGE ( 'NONE', *, *, #1, .T. ) ;
#1331 = DIRECTION ( 'NONE',  ( 0.000000000000000000, 0.000000000000000000, -1.000000000000000000 ) ) ;
#1332 = VERTEX_POINT ( 'NONE', #770 ) ;
#1333 = AXIS2_PLACEMENT_3D ( 'NONE', #1339, #1132, #1365 ) ;
#1334 = PERSON_AND_ORGANIZATION ( #525, #114 ) ;
#1335 = VECTOR ( 'NONE', #521, 1000.000000000000000 ) ;
#1336 = CYLINDRICAL_SURFACE ( 'NONE', #20, 0.5999999999999998668 ) ;
#1337 = VECTOR ( 'NONE', #1393, 1000.000000000000000 ) ;
#1338 = AXIS2_PLACEMENT_3D ( 'NONE', #23, #254, #703 ) ;
#1339 = CARTESIAN_POINT ( 'NONE',  ( 2.000000000000000000, 3.000000000000000000, -2.000000000000000444 ) ) ;
#1340 = CARTESIAN_POINT ( 'NONE',  ( 1.959434878635764984E-16, 3.900000000000000355, -1.599999999999999867 ) ) ;
#1341 = EDGE_LOOP ( 'NONE', ( #969, #456 ) ) ;
#1342 = DIRECTION ( 'NONE',  ( -0.000000000000000000, -1.000000000000000000, -0.000000000000000000 ) ) ;
#1343 = ORIENTED_EDGE ( 'NONE', *, *, #655, .T. ) ;
#1344 = MANIFOLD_SOLID_BREP ( 'Mirror2', #607 ) ;
#1345 = CARTESIAN_POINT ( 'NONE',  ( 2.000000000000000444, 3.299999999999999822, 1.499999999999999556 ) ) ;
#1346 = LINE ( 'NONE', #1027, #651 ) ;
#1347 = LINE ( 'NONE', #802, #469 ) ;
#1348 = ADVANCED_FACE ( 'NONE', ( #1215 ), #202, .T. ) ;
#1349 = ORIENTED_EDGE ( 'NONE', *, *, #153, .T. ) ;
#1350 = DIRECTION ( 'NONE',  ( 1.000000000000000000, 0.000000000000000000, -1.445602896647339410E-16 ) ) ;
#1351 = EDGE_CURVE ( 'NONE', #132, #1072, #614, .T. ) ;
#1352 = ORIENTED_EDGE ( 'NONE', *, *, #678, .T. ) ;
#1353 = EDGE_CURVE ( 'NONE', #231, #323, #589, .T. ) ;
#1354 = DIRECTION ( 'NONE',  ( 0.000000000000000000, 0.000000000000000000, 1.000000000000000000 ) ) ;
#1355 = CARTESIAN_POINT ( 'NONE',  ( 2.800000000000000266, 0.2000000000000000111, -4.199999999999998401 ) ) ;
#1356 = DIRECTION ( 'NONE',  ( 0.000000000000000000, 1.000000000000000000, 0.000000000000000000 ) ) ;
#1357 = EDGE_LOOP ( 'NONE', ( #428, #289, #471, #602 ) ) ;
#1358 = LINE ( 'NONE', #126, #779 ) ;
#1359 = EDGE_CURVE ( 'NONE', #743, #1190, #904, .T. ) ;
#1360 = VERTEX_POINT ( 'NONE', #210 ) ;
#1361 = PERSON_AND_ORGANIZATION_ROLE ( 'classification_officer' ) ;
#1362 = VECTOR ( 'NONE', #1300, 1000.000000000000000 ) ;
#1363 = FACE_BOUND ( 'NONE', #559, .T. ) ;
#1364 = VECTOR ( 'NONE', #1326, 1000.000000000000000 ) ;
#1365 = DIRECTION ( 'NONE',  ( 0.000000000000000000, 0.000000000000000000, -1.000000000000000000 ) ) ;
#1366 = AXIS2_PLACEMENT_3D ( 'NONE', #891, #294, #1331 ) ;
#1367 = VECTOR ( 'NONE', #641, 1000.000000000000000 ) ;
#1368 = ORIENTED_EDGE ( 'NONE', *, *, #124, .T. ) ;
#1369 = CARTESIAN_POINT ( 'NONE',  ( 2.200000000000000622, 0.1999999999999999833, -4.199999999999999289 ) ) ;
#1370 = SECURITY_CLASSIFICATION ( '', '', #1459 ) ;
#1371 = ORIENTED_EDGE ( 'NONE', *, *, #1227, .F. ) ;
#1372 = CARTESIAN_POINT ( 'NONE',  ( 2.800000000000000266, 0.2000000000000000111, 4.199999999999998401 ) ) ;
#1373 = DIRECTION ( 'NONE',  ( 0.000000000000000000, 1.000000000000000000, 0.000000000000000000 ) ) ;
#1374 = CALENDAR_DATE ( 2025, 20, 7 ) ;
#1375 = UNCERTAINTY_MEASURE_WITH_UNIT (LENGTH_MEASURE( 1.000000000000000082E-05 ), #1002, 'distance_accuracy_value', 'NONE');
#1376 = ORIENTED_EDGE ( 'NONE', *, *, #967, .T. ) ;
#1377 = DIRECTION ( 'NONE',  ( 0.000000000000000000, -0.000000000000000000, 1.000000000000000000 ) ) ;
#1378 = VERTEX_POINT ( 'NONE', #130 ) ;
#1379 = DIRECTION ( 'NONE',  ( 0.000000000000000000, -1.000000000000000000, 0.000000000000000000 ) ) ;
#1380 = EDGE_CURVE ( 'NONE', #357, #53, #1454, .T. ) ;
#1381 = CARTESIAN_POINT ( 'NONE',  ( 3.000000000000000000, 3.000000000000000000, 2.999999999999998668 ) ) ;
#1382 = PERSON_AND_ORGANIZATION ( #525, #114 ) ;
#1383 = ADVANCED_FACE ( 'NONE', ( #14 ), #319, .F. ) ;
#1384 = FACE_OUTER_BOUND ( 'NONE', #594, .T. ) ;
#1385 = ORIENTED_EDGE ( 'NONE', *, *, #81, .F. ) ;
#1386 = CARTESIAN_POINT ( 'NONE',  ( 1.214306433183764966E-15, 0.000000000000000000, 4.199999999999999289 ) ) ;
#1387 = DIRECTION ( 'NONE',  ( 0.000000000000000000, 0.000000000000000000, 1.000000000000000000 ) ) ;
#1388 = AXIS2_PLACEMENT_3D ( 'NONE', #1058, #1277, #138 ) ;
#1389 = FACE_OUTER_BOUND ( 'NONE', #634, .T. ) ;
#1390 = AXIS2_PLACEMENT_3D ( 'NONE', #19, #701, #350 ) ;
#1391 = EDGE_LOOP ( 'NONE', ( #332, #1005, #922, #171 ) ) ;
#1392 = AXIS2_PLACEMENT_3D ( 'NONE', #1111, #540, #857 ) ;
#1393 = DIRECTION ( 'NONE',  ( 0.000000000000000000, 1.000000000000000000, 0.000000000000000000 ) ) ;
#1394 = LINE ( 'NONE', #712, #489 ) ;
#1395 = EDGE_CURVE ( 'NONE', #755, #465, #354, .T. ) ;
#1396 = ORIENTED_EDGE ( 'NONE', *, *, #483, .F. ) ;
#1397 = DIRECTION ( 'NONE',  ( -0.000000000000000000, 1.000000000000000000, -0.000000000000000000 ) ) ;
#1398 = EDGE_CURVE ( 'NONE', #851, #840, #778, .T. ) ;
#1399 = VERTEX_POINT ( 'NONE', #1257 ) ;
#1400 = EDGE_CURVE ( 'NONE', #34, #943, #167, .T. ) ;
#1401 = CARTESIAN_POINT ( 'NONE',  ( 2.200000000000000622, 0.5000000000000000000, -4.199999999999999289 ) ) ;
#1402 = ORIENTED_EDGE ( 'NONE', *, *, #650, .F. ) ;
#1403 = CARTESIAN_POINT ( 'NONE',  ( -2.799999999999998934, 0.5000000000000000000, -4.199999999999999289 ) ) ;
#1404 = ORIENTED_EDGE ( 'NONE', *, *, #941, .F. ) ;
#1405 = CYLINDRICAL_SURFACE ( 'NONE', #110, 0.5999999999999998668 ) ;
#1406 = ORIENTED_EDGE ( 'NONE', *, *, #1034, .F. ) ;
#1407 = AXIS2_PLACEMENT_3D ( 'NONE', #1401, #129, #1262 ) ;
#1408 = ADVANCED_BREP_SHAPE_REPRESENTATION ( 'Micro_Button_6x6', ( #1344, #1338 ), #757 ) ;
#1409 = CARTESIAN_POINT ( 'NONE',  ( 2.000000000000000000, 3.000000000000000000, -2.600000000000000533 ) ) ;
#1410 = VECTOR ( 'NONE', #1007, 1000.000000000000000 ) ;
#1411 = ORIENTED_EDGE ( 'NONE', *, *, #512, .T. ) ;
#1412 = TOROIDAL_SURFACE ( 'NONE', #1435, 0.4999999999999996669, 0.1000000000000000056 ) ;
#1413 = VECTOR ( 'NONE', #1192, 1000.000000000000000 ) ;
#1414 = ADVANCED_FACE ( 'NONE', ( #341 ), #1237, .F. ) ;
#1415 = EDGE_CURVE ( 'NONE', #619, #600, #836, .T. ) ;
#1416 = CARTESIAN_POINT ( 'NONE',  ( 2.000000000000000444, 3.200000000000000178, 1.999999999999999112 ) ) ;
#1417 = DIRECTION ( 'NONE',  ( 0.000000000000000000, 0.000000000000000000, 1.000000000000000000 ) ) ;
#1418 = VERTEX_POINT ( 'NONE', #218 ) ;
#1419 = CARTESIAN_POINT ( 'NONE',  ( 2.200000000000000622, 0.1999999999999999833, -4.199999999999999289 ) ) ;
#1420 = ORIENTED_EDGE ( 'NONE', *, *, #742, .T. ) ;
#1421 = DIRECTION ( 'NONE',  ( -1.000000000000000000, 0.000000000000000000, 0.000000000000000000 ) ) ;
#1422 = EDGE_CURVE ( 'NONE', #63, #795, #1016, .T. ) ;
#1423 = DIRECTION ( 'NONE',  ( 1.445602896647339410E-16, 0.000000000000000000, 1.000000000000000000 ) ) ;
#1424 = PLANE ( 'NONE',  #421 ) ;
#1425 = ORIENTED_EDGE ( 'NONE', *, *, #1460, .T. ) ;
#1426 = DIRECTION ( 'NONE',  ( 0.000000000000000000, -0.000000000000000000, -1.000000000000000000 ) ) ;
#1427 = DIRECTION ( 'NONE',  ( -2.891205793294678819E-16, -0.000000000000000000, -1.000000000000000000 ) ) ;
#1428 = CARTESIAN_POINT ( 'NONE',  ( -2.799999999999998934, 0.2000000000000000111, -4.199999999999999289 ) ) ;
#1429 = CARTESIAN_POINT ( 'NONE',  ( 2.000000000000000000, 3.299999999999999822, -2.000000000000000444 ) ) ;
#1430 = ORIENTED_EDGE ( 'NONE', *, *, #563, .F. ) ;
#1431 = CARTESIAN_POINT ( 'NONE',  ( 0.000000000000000000, 3.900000000000000355, 1.599999999999999867 ) ) ;
#1432 = EDGE_CURVE ( 'NONE', #1072, #286, #90, .T. ) ;
#1433 = VECTOR ( 'NONE', #208, 1000.000000000000000 ) ;
#1434 = ORIENTED_EDGE ( 'NONE', *, *, #1441, .T. ) ;
#1435 = AXIS2_PLACEMENT_3D ( 'NONE', #535, #1226, #1217 ) ;
#1436 = CIRCLE ( 'NONE', #279, 0.1000000000000000472 ) ;
#1437 = CARTESIAN_POINT ( 'NONE',  ( -1.999999999999999556, 3.200000000000000178, 2.000000000000000000 ) ) ;
#1438 = AXIS2_PLACEMENT_3D ( 'NONE', #737, #1397, #1076 ) ;
#1439 = DIRECTION ( 'NONE',  ( 1.000000000000000000, -0.000000000000000000, -2.891205793294678819E-16 ) ) ;
#1440 = DIRECTION ( 'NONE',  ( 0.000000000000000000, 1.000000000000000000, 0.000000000000000000 ) ) ;
#1441 = EDGE_CURVE ( 'NONE', #439, #34, #1347, .T. ) ;
#1442 = ORIENTED_EDGE ( 'NONE', *, *, #483, .T. ) ;
#1443 = DIRECTION ( 'NONE',  ( 1.000000000000000000, -0.000000000000000000, 0.000000000000000000 ) ) ;
#1444 = APPROVAL ( #591, 'UNSPECIFIED' ) ;
#1445 = ORIENTED_EDGE ( 'NONE', *, *, #1380, .T. ) ;
#1446 = EDGE_CURVE ( 'NONE', #761, #221, #116, .T. ) ;
#1447 = CARTESIAN_POINT ( 'NONE',  ( -1.999999999999999556, 3.200000000000000178, 2.499999999999999556 ) ) ;
#1448 = DIRECTION ( 'NONE',  ( 0.000000000000000000, 0.000000000000000000, 1.000000000000000000 ) ) ;
#1449 = CARTESIAN_POINT ( 'NONE',  ( 2.800000000000000266, 0.2000000000000000111, 4.199999999999998401 ) ) ;
#1450 = ORIENTED_EDGE ( 'NONE', *, *, #924, .T. ) ;
#1451 = CARTESIAN_POINT ( 'NONE',  ( 2.800000000000000266, 0.2000000000000000111, -4.199999999999998401 ) ) ;
#1452 = PLANE ( 'NONE',  #804 ) ;
#1453 = DIRECTION ( 'NONE',  ( 0.000000000000000000, 0.000000000000000000, 1.000000000000000000 ) ) ;
#1454 = LINE ( 'NONE', #1144, #734 ) ;
#1455 = ORIENTED_EDGE ( 'NONE', *, *, #1304, .T. ) ;
#1456 = PLANE ( 'NONE',  #1293 ) ;
#1457 = ORIENTED_EDGE ( 'NONE', *, *, #1422, .F. ) ;
#1458 = VECTOR ( 'NONE', #1423, 1000.000000000000000 ) ;
#1459 = SECURITY_CLASSIFICATION_LEVEL ( 'unclassified' ) ;
#1460 = EDGE_CURVE ( 'NONE', #748, #1112, #237, .T. ) ;
#1461 = DIRECTION ( 'NONE',  ( 0.000000000000000000, 0.000000000000000000, -1.000000000000000000 ) ) ;
#1462 = VECTOR ( 'NONE', #1155, 1000.000000000000000 ) ;
#1463 = AXIS2_PLACEMENT_3D ( 'NONE', #889, #1012, #1134 ) ;
#1464 = FACE_OUTER_BOUND ( 'NONE', #484, .T. ) ;
#1465 = DIRECTION ( 'NONE',  ( -1.000000000000000000, -4.517509052022936580E-17, 0.000000000000000000 ) ) ;
ENDSEC;
END-ISO-10303-21;
