ISO-10303-21;
HEADER;
/* Generated by software containing ST-Developer
 * from STEP Tools, Inc. (www.steptools.com) 
 */

FILE_DESCRIPTION(
/* description */ (''),
/* implementation_level */ '2;1');

FILE_NAME(
/* name */ 'SolarPanel_30x65x3mm.step',
/* time_stamp */ '2026-01-31T13:25:31-08:00',
/* author */ (''),
/* organization */ (''),
/* preprocessor_version */ 'ST-DEVELOPER v20.1',
/* originating_system */ 'Autodesk Translation Framework v14.24.0.0',
/* authorisation */ '');

FILE_SCHEMA (('AUTOMOTIVE_DESIGN { 1 0 10303 214 3 1 1 }'));
ENDSEC;

DATA;
#10=MECHANICAL_DESIGN_GEOMETRIC_PRESENTATION_REPRESENTATION('',(#13,#14,
#15,#16,#17,#18,#19,#20,#21,#22,#23,#24,#25,#26,#27,#28,#29,#30,#31,#32,
#33,#34,#35,#36,#37,#38,#39,#40,#41,#42,#43,#44,#45,#46,#47,#48,#49,#50,
#51,#52,#53,#54,#55,#56,#57,#58,#59,#60,#61,#62,#63,#64,#65,#66,#67,#68,
#69,#70,#71,#72,#73,#74,#75,#76,#77,#78,#79,#80,#81,#82,#83,#84,#85,#86,
#87,#88,#89,#90,#91,#92,#93,#94,#95,#96,#97,#98,#99,#100,#101),#21427);
#11=SHAPE_REPRESENTATION_RELATIONSHIP('SRR','None',#21434,#12);
#12=ADVANCED_BREP_SHAPE_REPRESENTATION('',(#102,#103,#104,#105,#106,#107,
#108,#109,#110,#111,#112,#113,#114,#115,#116,#117,#118,#119,#120,#121,#122,
#123,#124,#125,#126,#127,#128,#129,#130,#131,#132,#133,#134,#135,#136,#137,
#138,#139,#140,#141,#142,#143,#144,#145,#146,#147,#148,#149,#150,#151,#152,
#153,#154,#155,#156,#157,#158,#159,#160,#161,#162,#163,#164,#165,#166,#167,
#168,#169,#170,#171,#172,#173,#174,#175,#176,#177,#178,#179,#180,#181,#182,
#183,#184,#185,#186,#187,#188,#189,#190),#21426);
#13=STYLED_ITEM('',(#21444),#102);
#14=STYLED_ITEM('',(#21445),#103);
#15=STYLED_ITEM('',(#21445),#104);
#16=STYLED_ITEM('',(#21445),#105);
#17=STYLED_ITEM('',(#21445),#106);
#18=STYLED_ITEM('',(#21445),#107);
#19=STYLED_ITEM('',(#21445),#108);
#20=STYLED_ITEM('',(#21445),#109);
#21=STYLED_ITEM('',(#21445),#110);
#22=STYLED_ITEM('',(#21445),#111);
#23=STYLED_ITEM('',(#21445),#112);
#24=STYLED_ITEM('',(#21445),#113);
#25=STYLED_ITEM('',(#21445),#114);
#26=STYLED_ITEM('',(#21445),#115);
#27=STYLED_ITEM('',(#21445),#116);
#28=STYLED_ITEM('',(#21445),#117);
#29=STYLED_ITEM('',(#21445),#118);
#30=STYLED_ITEM('',(#21445),#119);
#31=STYLED_ITEM('',(#21445),#120);
#32=STYLED_ITEM('',(#21445),#121);
#33=STYLED_ITEM('',(#21445),#122);
#34=STYLED_ITEM('',(#21445),#123);
#35=STYLED_ITEM('',(#21445),#124);
#36=STYLED_ITEM('',(#21445),#125);
#37=STYLED_ITEM('',(#21445),#126);
#38=STYLED_ITEM('',(#21445),#127);
#39=STYLED_ITEM('',(#21445),#128);
#40=STYLED_ITEM('',(#21445),#129);
#41=STYLED_ITEM('',(#21445),#130);
#42=STYLED_ITEM('',(#21445),#131);
#43=STYLED_ITEM('',(#21445),#132);
#44=STYLED_ITEM('',(#21445),#133);
#45=STYLED_ITEM('',(#21445),#134);
#46=STYLED_ITEM('',(#21445),#135);
#47=STYLED_ITEM('',(#21445),#136);
#48=STYLED_ITEM('',(#21445),#137);
#49=STYLED_ITEM('',(#21445),#138);
#50=STYLED_ITEM('',(#21445),#139);
#51=STYLED_ITEM('',(#21445),#140);
#52=STYLED_ITEM('',(#21445),#141);
#53=STYLED_ITEM('',(#21445),#142);
#54=STYLED_ITEM('',(#21445),#143);
#55=STYLED_ITEM('',(#21445),#144);
#56=STYLED_ITEM('',(#21445),#145);
#57=STYLED_ITEM('',(#21445),#146);
#58=STYLED_ITEM('',(#21445),#147);
#59=STYLED_ITEM('',(#21445),#148);
#60=STYLED_ITEM('',(#21445),#149);
#61=STYLED_ITEM('',(#21445),#150);
#62=STYLED_ITEM('',(#21445),#151);
#63=STYLED_ITEM('',(#21445),#152);
#64=STYLED_ITEM('',(#21445),#153);
#65=STYLED_ITEM('',(#21445),#154);
#66=STYLED_ITEM('',(#21445),#155);
#67=STYLED_ITEM('',(#21445),#156);
#68=STYLED_ITEM('',(#21445),#157);
#69=STYLED_ITEM('',(#21445),#158);
#70=STYLED_ITEM('',(#21445),#159);
#71=STYLED_ITEM('',(#21445),#160);
#72=STYLED_ITEM('',(#21445),#161);
#73=STYLED_ITEM('',(#21445),#162);
#74=STYLED_ITEM('',(#21445),#163);
#75=STYLED_ITEM('',(#21445),#164);
#76=STYLED_ITEM('',(#21445),#165);
#77=STYLED_ITEM('',(#21445),#166);
#78=STYLED_ITEM('',(#21445),#167);
#79=STYLED_ITEM('',(#21445),#168);
#80=STYLED_ITEM('',(#21445),#169);
#81=STYLED_ITEM('',(#21445),#170);
#82=STYLED_ITEM('',(#21445),#171);
#83=STYLED_ITEM('',(#21445),#172);
#84=STYLED_ITEM('',(#21445),#173);
#85=STYLED_ITEM('',(#21445),#174);
#86=STYLED_ITEM('',(#21445),#175);
#87=STYLED_ITEM('',(#21445),#176);
#88=STYLED_ITEM('',(#21445),#177);
#89=STYLED_ITEM('',(#21445),#178);
#90=STYLED_ITEM('',(#21445),#179);
#91=STYLED_ITEM('',(#21445),#180);
#92=STYLED_ITEM('',(#21445),#181);
#93=STYLED_ITEM('',(#21445),#182);
#94=STYLED_ITEM('',(#21445),#183);
#95=STYLED_ITEM('',(#21445),#184);
#96=STYLED_ITEM('',(#21445),#185);
#97=STYLED_ITEM('',(#21445),#186);
#98=STYLED_ITEM('',(#21445),#187);
#99=STYLED_ITEM('',(#21445),#188);
#100=STYLED_ITEM('',(#21445),#189);
#101=STYLED_ITEM('',(#21445),#190);
#102=MANIFOLD_SOLID_BREP('Body',#13415);
#103=MANIFOLD_SOLID_BREP('Body2',#13416);
#104=MANIFOLD_SOLID_BREP('Body3',#13417);
#105=MANIFOLD_SOLID_BREP('Body4',#13418);
#106=MANIFOLD_SOLID_BREP('Body5',#13419);
#107=MANIFOLD_SOLID_BREP('Body6',#13420);
#108=MANIFOLD_SOLID_BREP('Body7',#13421);
#109=MANIFOLD_SOLID_BREP('Body8',#13422);
#110=MANIFOLD_SOLID_BREP('Body9',#13423);
#111=MANIFOLD_SOLID_BREP('Body10',#13424);
#112=MANIFOLD_SOLID_BREP('Body11',#13425);
#113=MANIFOLD_SOLID_BREP('Body12',#13426);
#114=MANIFOLD_SOLID_BREP('Body13',#13427);
#115=MANIFOLD_SOLID_BREP('Body14',#13428);
#116=MANIFOLD_SOLID_BREP('Body15',#13429);
#117=MANIFOLD_SOLID_BREP('Body16',#13430);
#118=MANIFOLD_SOLID_BREP('Body17',#13431);
#119=MANIFOLD_SOLID_BREP('Body22',#13432);
#120=MANIFOLD_SOLID_BREP('Body23',#13433);
#121=MANIFOLD_SOLID_BREP('Body24',#13434);
#122=MANIFOLD_SOLID_BREP('Body25',#13435);
#123=MANIFOLD_SOLID_BREP('Body26',#13436);
#124=MANIFOLD_SOLID_BREP('Body27',#13437);
#125=MANIFOLD_SOLID_BREP('Body28',#13438);
#126=MANIFOLD_SOLID_BREP('Body29',#13439);
#127=MANIFOLD_SOLID_BREP('Body30',#13440);
#128=MANIFOLD_SOLID_BREP('Body32',#13441);
#129=MANIFOLD_SOLID_BREP('Body33',#13442);
#130=MANIFOLD_SOLID_BREP('Body34',#13443);
#131=MANIFOLD_SOLID_BREP('Body35',#13444);
#132=MANIFOLD_SOLID_BREP('Body37',#13445);
#133=MANIFOLD_SOLID_BREP('Body38',#13446);
#134=MANIFOLD_SOLID_BREP('Body39',#13447);
#135=MANIFOLD_SOLID_BREP('Body42',#13448);
#136=MANIFOLD_SOLID_BREP('Body43',#13449);
#137=MANIFOLD_SOLID_BREP('Body44',#13450);
#138=MANIFOLD_SOLID_BREP('Body45',#13451);
#139=MANIFOLD_SOLID_BREP('Body46',#13452);
#140=MANIFOLD_SOLID_BREP('Body47',#13453);
#141=MANIFOLD_SOLID_BREP('Body48',#13454);
#142=MANIFOLD_SOLID_BREP('Body49',#13455);
#143=MANIFOLD_SOLID_BREP('Body50',#13456);
#144=MANIFOLD_SOLID_BREP('Body51',#13457);
#145=MANIFOLD_SOLID_BREP('Body52',#13458);
#146=MANIFOLD_SOLID_BREP('Body53',#13459);
#147=MANIFOLD_SOLID_BREP('Body58',#13460);
#148=MANIFOLD_SOLID_BREP('Body59',#13461);
#149=MANIFOLD_SOLID_BREP('Body60',#13462);
#150=MANIFOLD_SOLID_BREP('Body61',#13463);
#151=MANIFOLD_SOLID_BREP('Body62',#13464);
#152=MANIFOLD_SOLID_BREP('Body63',#13465);
#153=MANIFOLD_SOLID_BREP('Body64',#13466);
#154=MANIFOLD_SOLID_BREP('Body65',#13467);
#155=MANIFOLD_SOLID_BREP('Body66',#13468);
#156=MANIFOLD_SOLID_BREP('Body67',#13469);
#157=MANIFOLD_SOLID_BREP('Body68',#13470);
#158=MANIFOLD_SOLID_BREP('Body69',#13471);
#159=MANIFOLD_SOLID_BREP('Body74',#13472);
#160=MANIFOLD_SOLID_BREP('Body71',#13473);
#161=MANIFOLD_SOLID_BREP('Body77',#13474);
#162=MANIFOLD_SOLID_BREP('Body73',#13475);
#163=MANIFOLD_SOLID_BREP('Body78',#13476);
#164=MANIFOLD_SOLID_BREP('Body79',#13477);
#165=MANIFOLD_SOLID_BREP('Body80',#13478);
#166=MANIFOLD_SOLID_BREP('Body81',#13479);
#167=MANIFOLD_SOLID_BREP('Body82',#13480);
#168=MANIFOLD_SOLID_BREP('Body83',#13481);
#169=MANIFOLD_SOLID_BREP('Body84',#13482);
#170=MANIFOLD_SOLID_BREP('Body85',#13483);
#171=MANIFOLD_SOLID_BREP('Body86',#13484);
#172=MANIFOLD_SOLID_BREP('Body88',#13485);
#173=MANIFOLD_SOLID_BREP('Body89',#13486);
#174=MANIFOLD_SOLID_BREP('Body90',#13487);
#175=MANIFOLD_SOLID_BREP('Body91',#13488);
#176=MANIFOLD_SOLID_BREP('Body93',#13489);
#177=MANIFOLD_SOLID_BREP('Body87',#13490);
#178=MANIFOLD_SOLID_BREP('Body97',#13491);
#179=MANIFOLD_SOLID_BREP('Body98',#13492);
#180=MANIFOLD_SOLID_BREP('Body99',#13493);
#181=MANIFOLD_SOLID_BREP('Body100',#13494);
#182=MANIFOLD_SOLID_BREP('Body101',#13495);
#183=MANIFOLD_SOLID_BREP('Body102',#13496);
#184=MANIFOLD_SOLID_BREP('Body103',#13497);
#185=MANIFOLD_SOLID_BREP('Body104',#13498);
#186=MANIFOLD_SOLID_BREP('Body105',#13499);
#187=MANIFOLD_SOLID_BREP('Body106',#13500);
#188=MANIFOLD_SOLID_BREP('Body107',#13501);
#189=MANIFOLD_SOLID_BREP('Body108',#13502);
#190=MANIFOLD_SOLID_BREP('Body109',#13503);
#191=FACE_BOUND('',#1354,.T.);
#192=FACE_BOUND('',#1355,.T.);
#193=FACE_BOUND('',#1356,.T.);
#194=FACE_BOUND('',#1357,.T.);
#195=FACE_BOUND('',#1358,.T.);
#196=FACE_BOUND('',#1359,.T.);
#197=FACE_BOUND('',#1360,.T.);
#198=FACE_BOUND('',#1361,.T.);
#199=FACE_BOUND('',#1362,.T.);
#200=FACE_BOUND('',#1363,.T.);
#201=FACE_BOUND('',#1364,.T.);
#202=FACE_BOUND('',#1365,.T.);
#203=FACE_BOUND('',#1366,.T.);
#204=FACE_BOUND('',#1367,.T.);
#205=FACE_BOUND('',#1368,.T.);
#206=FACE_BOUND('',#1369,.T.);
#207=FACE_BOUND('',#1370,.T.);
#208=FACE_BOUND('',#1371,.T.);
#209=FACE_BOUND('',#1372,.T.);
#210=FACE_BOUND('',#1373,.T.);
#211=FACE_BOUND('',#1374,.T.);
#212=FACE_BOUND('',#1375,.T.);
#213=FACE_BOUND('',#1376,.T.);
#214=FACE_BOUND('',#1377,.T.);
#215=FACE_BOUND('',#1378,.T.);
#216=FACE_BOUND('',#1379,.T.);
#217=FACE_BOUND('',#1380,.T.);
#218=FACE_BOUND('',#1381,.T.);
#219=FACE_BOUND('',#1382,.T.);
#220=FACE_BOUND('',#1383,.T.);
#221=FACE_BOUND('',#1384,.T.);
#222=FACE_BOUND('',#1385,.T.);
#223=FACE_BOUND('',#1386,.T.);
#224=FACE_BOUND('',#1387,.T.);
#225=FACE_BOUND('',#1388,.T.);
#226=FACE_BOUND('',#1389,.T.);
#227=FACE_BOUND('',#1390,.T.);
#228=FACE_BOUND('',#1391,.T.);
#229=FACE_BOUND('',#1392,.T.);
#230=FACE_BOUND('',#1393,.T.);
#231=FACE_BOUND('',#1394,.T.);
#232=FACE_BOUND('',#1395,.T.);
#233=FACE_BOUND('',#1396,.T.);
#234=FACE_BOUND('',#1397,.T.);
#235=FACE_BOUND('',#1398,.T.);
#236=FACE_BOUND('',#1399,.T.);
#237=FACE_BOUND('',#1400,.T.);
#238=FACE_BOUND('',#1401,.T.);
#239=FACE_BOUND('',#1402,.T.);
#240=FACE_BOUND('',#1403,.T.);
#241=FACE_BOUND('',#1404,.T.);
#242=FACE_BOUND('',#1405,.T.);
#243=FACE_BOUND('',#1406,.T.);
#244=FACE_BOUND('',#1407,.T.);
#245=FACE_BOUND('',#1408,.T.);
#246=FACE_BOUND('',#1409,.T.);
#247=ELLIPSE('',#13798,4.24264068711929,3.);
#248=ELLIPSE('',#13799,4.24264068711929,3.);
#249=ELLIPSE('',#13801,4.24264068711929,3.);
#250=ELLIPSE('',#13803,4.24264068711929,3.);
#251=CYLINDRICAL_SURFACE('',#13797,3.);
#252=CYLINDRICAL_SURFACE('',#13800,3.);
#253=CYLINDRICAL_SURFACE('',#13802,3.);
#254=CYLINDRICAL_SURFACE('',#13804,3.);
#255=FACE_OUTER_BOUND('',#1069,.T.);
#256=FACE_OUTER_BOUND('',#1070,.T.);
#257=FACE_OUTER_BOUND('',#1071,.T.);
#258=FACE_OUTER_BOUND('',#1072,.T.);
#259=FACE_OUTER_BOUND('',#1073,.T.);
#260=FACE_OUTER_BOUND('',#1074,.T.);
#261=FACE_OUTER_BOUND('',#1075,.T.);
#262=FACE_OUTER_BOUND('',#1076,.T.);
#263=FACE_OUTER_BOUND('',#1077,.T.);
#264=FACE_OUTER_BOUND('',#1078,.T.);
#265=FACE_OUTER_BOUND('',#1079,.T.);
#266=FACE_OUTER_BOUND('',#1080,.T.);
#267=FACE_OUTER_BOUND('',#1081,.T.);
#268=FACE_OUTER_BOUND('',#1082,.T.);
#269=FACE_OUTER_BOUND('',#1083,.T.);
#270=FACE_OUTER_BOUND('',#1084,.T.);
#271=FACE_OUTER_BOUND('',#1085,.T.);
#272=FACE_OUTER_BOUND('',#1086,.T.);
#273=FACE_OUTER_BOUND('',#1087,.T.);
#274=FACE_OUTER_BOUND('',#1088,.T.);
#275=FACE_OUTER_BOUND('',#1089,.T.);
#276=FACE_OUTER_BOUND('',#1090,.T.);
#277=FACE_OUTER_BOUND('',#1091,.T.);
#278=FACE_OUTER_BOUND('',#1092,.T.);
#279=FACE_OUTER_BOUND('',#1093,.T.);
#280=FACE_OUTER_BOUND('',#1094,.T.);
#281=FACE_OUTER_BOUND('',#1095,.T.);
#282=FACE_OUTER_BOUND('',#1096,.T.);
#283=FACE_OUTER_BOUND('',#1097,.T.);
#284=FACE_OUTER_BOUND('',#1098,.T.);
#285=FACE_OUTER_BOUND('',#1099,.T.);
#286=FACE_OUTER_BOUND('',#1100,.T.);
#287=FACE_OUTER_BOUND('',#1101,.T.);
#288=FACE_OUTER_BOUND('',#1102,.T.);
#289=FACE_OUTER_BOUND('',#1103,.T.);
#290=FACE_OUTER_BOUND('',#1104,.T.);
#291=FACE_OUTER_BOUND('',#1105,.T.);
#292=FACE_OUTER_BOUND('',#1106,.T.);
#293=FACE_OUTER_BOUND('',#1107,.T.);
#294=FACE_OUTER_BOUND('',#1108,.T.);
#295=FACE_OUTER_BOUND('',#1109,.T.);
#296=FACE_OUTER_BOUND('',#1110,.T.);
#297=FACE_OUTER_BOUND('',#1111,.T.);
#298=FACE_OUTER_BOUND('',#1112,.T.);
#299=FACE_OUTER_BOUND('',#1113,.T.);
#300=FACE_OUTER_BOUND('',#1114,.T.);
#301=FACE_OUTER_BOUND('',#1115,.T.);
#302=FACE_OUTER_BOUND('',#1116,.T.);
#303=FACE_OUTER_BOUND('',#1117,.T.);
#304=FACE_OUTER_BOUND('',#1118,.T.);
#305=FACE_OUTER_BOUND('',#1119,.T.);
#306=FACE_OUTER_BOUND('',#1120,.T.);
#307=FACE_OUTER_BOUND('',#1121,.T.);
#308=FACE_OUTER_BOUND('',#1122,.T.);
#309=FACE_OUTER_BOUND('',#1123,.T.);
#310=FACE_OUTER_BOUND('',#1124,.T.);
#311=FACE_OUTER_BOUND('',#1125,.T.);
#312=FACE_OUTER_BOUND('',#1126,.T.);
#313=FACE_OUTER_BOUND('',#1127,.T.);
#314=FACE_OUTER_BOUND('',#1128,.T.);
#315=FACE_OUTER_BOUND('',#1129,.T.);
#316=FACE_OUTER_BOUND('',#1130,.T.);
#317=FACE_OUTER_BOUND('',#1131,.T.);
#318=FACE_OUTER_BOUND('',#1132,.T.);
#319=FACE_OUTER_BOUND('',#1133,.T.);
#320=FACE_OUTER_BOUND('',#1134,.T.);
#321=FACE_OUTER_BOUND('',#1135,.T.);
#322=FACE_OUTER_BOUND('',#1136,.T.);
#323=FACE_OUTER_BOUND('',#1137,.T.);
#324=FACE_OUTER_BOUND('',#1138,.T.);
#325=FACE_OUTER_BOUND('',#1139,.T.);
#326=FACE_OUTER_BOUND('',#1140,.T.);
#327=FACE_OUTER_BOUND('',#1141,.T.);
#328=FACE_OUTER_BOUND('',#1142,.T.);
#329=FACE_OUTER_BOUND('',#1143,.T.);
#330=FACE_OUTER_BOUND('',#1144,.T.);
#331=FACE_OUTER_BOUND('',#1145,.T.);
#332=FACE_OUTER_BOUND('',#1146,.T.);
#333=FACE_OUTER_BOUND('',#1147,.T.);
#334=FACE_OUTER_BOUND('',#1148,.T.);
#335=FACE_OUTER_BOUND('',#1149,.T.);
#336=FACE_OUTER_BOUND('',#1150,.T.);
#337=FACE_OUTER_BOUND('',#1151,.T.);
#338=FACE_OUTER_BOUND('',#1152,.T.);
#339=FACE_OUTER_BOUND('',#1153,.T.);
#340=FACE_OUTER_BOUND('',#1154,.T.);
#341=FACE_OUTER_BOUND('',#1155,.T.);
#342=FACE_OUTER_BOUND('',#1156,.T.);
#343=FACE_OUTER_BOUND('',#1157,.T.);
#344=FACE_OUTER_BOUND('',#1158,.T.);
#345=FACE_OUTER_BOUND('',#1159,.T.);
#346=FACE_OUTER_BOUND('',#1160,.T.);
#347=FACE_OUTER_BOUND('',#1161,.T.);
#348=FACE_OUTER_BOUND('',#1162,.T.);
#349=FACE_OUTER_BOUND('',#1163,.T.);
#350=FACE_OUTER_BOUND('',#1164,.T.);
#351=FACE_OUTER_BOUND('',#1165,.T.);
#352=FACE_OUTER_BOUND('',#1166,.T.);
#353=FACE_OUTER_BOUND('',#1167,.T.);
#354=FACE_OUTER_BOUND('',#1168,.T.);
#355=FACE_OUTER_BOUND('',#1169,.T.);
#356=FACE_OUTER_BOUND('',#1170,.T.);
#357=FACE_OUTER_BOUND('',#1171,.T.);
#358=FACE_OUTER_BOUND('',#1172,.T.);
#359=FACE_OUTER_BOUND('',#1173,.T.);
#360=FACE_OUTER_BOUND('',#1174,.T.);
#361=FACE_OUTER_BOUND('',#1175,.T.);
#362=FACE_OUTER_BOUND('',#1176,.T.);
#363=FACE_OUTER_BOUND('',#1177,.T.);
#364=FACE_OUTER_BOUND('',#1178,.T.);
#365=FACE_OUTER_BOUND('',#1179,.T.);
#366=FACE_OUTER_BOUND('',#1180,.T.);
#367=FACE_OUTER_BOUND('',#1181,.T.);
#368=FACE_OUTER_BOUND('',#1182,.T.);
#369=FACE_OUTER_BOUND('',#1183,.T.);
#370=FACE_OUTER_BOUND('',#1184,.T.);
#371=FACE_OUTER_BOUND('',#1185,.T.);
#372=FACE_OUTER_BOUND('',#1186,.T.);
#373=FACE_OUTER_BOUND('',#1187,.T.);
#374=FACE_OUTER_BOUND('',#1188,.T.);
#375=FACE_OUTER_BOUND('',#1189,.T.);
#376=FACE_OUTER_BOUND('',#1190,.T.);
#377=FACE_OUTER_BOUND('',#1191,.T.);
#378=FACE_OUTER_BOUND('',#1192,.T.);
#379=FACE_OUTER_BOUND('',#1193,.T.);
#380=FACE_OUTER_BOUND('',#1194,.T.);
#381=FACE_OUTER_BOUND('',#1195,.T.);
#382=FACE_OUTER_BOUND('',#1196,.T.);
#383=FACE_OUTER_BOUND('',#1197,.T.);
#384=FACE_OUTER_BOUND('',#1198,.T.);
#385=FACE_OUTER_BOUND('',#1199,.T.);
#386=FACE_OUTER_BOUND('',#1200,.T.);
#387=FACE_OUTER_BOUND('',#1201,.T.);
#388=FACE_OUTER_BOUND('',#1202,.T.);
#389=FACE_OUTER_BOUND('',#1203,.T.);
#390=FACE_OUTER_BOUND('',#1204,.T.);
#391=FACE_OUTER_BOUND('',#1205,.T.);
#392=FACE_OUTER_BOUND('',#1206,.T.);
#393=FACE_OUTER_BOUND('',#1207,.T.);
#394=FACE_OUTER_BOUND('',#1208,.T.);
#395=FACE_OUTER_BOUND('',#1209,.T.);
#396=FACE_OUTER_BOUND('',#1210,.T.);
#397=FACE_OUTER_BOUND('',#1211,.T.);
#398=FACE_OUTER_BOUND('',#1212,.T.);
#399=FACE_OUTER_BOUND('',#1213,.T.);
#400=FACE_OUTER_BOUND('',#1214,.T.);
#401=FACE_OUTER_BOUND('',#1215,.T.);
#402=FACE_OUTER_BOUND('',#1216,.T.);
#403=FACE_OUTER_BOUND('',#1217,.T.);
#404=FACE_OUTER_BOUND('',#1218,.T.);
#405=FACE_OUTER_BOUND('',#1219,.T.);
#406=FACE_OUTER_BOUND('',#1220,.T.);
#407=FACE_OUTER_BOUND('',#1221,.T.);
#408=FACE_OUTER_BOUND('',#1222,.T.);
#409=FACE_OUTER_BOUND('',#1223,.T.);
#410=FACE_OUTER_BOUND('',#1224,.T.);
#411=FACE_OUTER_BOUND('',#1225,.T.);
#412=FACE_OUTER_BOUND('',#1226,.T.);
#413=FACE_OUTER_BOUND('',#1227,.T.);
#414=FACE_OUTER_BOUND('',#1228,.T.);
#415=FACE_OUTER_BOUND('',#1229,.T.);
#416=FACE_OUTER_BOUND('',#1230,.T.);
#417=FACE_OUTER_BOUND('',#1231,.T.);
#418=FACE_OUTER_BOUND('',#1232,.T.);
#419=FACE_OUTER_BOUND('',#1233,.T.);
#420=FACE_OUTER_BOUND('',#1234,.T.);
#421=FACE_OUTER_BOUND('',#1235,.T.);
#422=FACE_OUTER_BOUND('',#1236,.T.);
#423=FACE_OUTER_BOUND('',#1237,.T.);
#424=FACE_OUTER_BOUND('',#1238,.T.);
#425=FACE_OUTER_BOUND('',#1239,.T.);
#426=FACE_OUTER_BOUND('',#1240,.T.);
#427=FACE_OUTER_BOUND('',#1241,.T.);
#428=FACE_OUTER_BOUND('',#1242,.T.);
#429=FACE_OUTER_BOUND('',#1243,.T.);
#430=FACE_OUTER_BOUND('',#1244,.T.);
#431=FACE_OUTER_BOUND('',#1245,.T.);
#432=FACE_OUTER_BOUND('',#1246,.T.);
#433=FACE_OUTER_BOUND('',#1247,.T.);
#434=FACE_OUTER_BOUND('',#1248,.T.);
#435=FACE_OUTER_BOUND('',#1249,.T.);
#436=FACE_OUTER_BOUND('',#1250,.T.);
#437=FACE_OUTER_BOUND('',#1251,.T.);
#438=FACE_OUTER_BOUND('',#1252,.T.);
#439=FACE_OUTER_BOUND('',#1253,.T.);
#440=FACE_OUTER_BOUND('',#1254,.T.);
#441=FACE_OUTER_BOUND('',#1255,.T.);
#442=FACE_OUTER_BOUND('',#1256,.T.);
#443=FACE_OUTER_BOUND('',#1257,.T.);
#444=FACE_OUTER_BOUND('',#1258,.T.);
#445=FACE_OUTER_BOUND('',#1259,.T.);
#446=FACE_OUTER_BOUND('',#1260,.T.);
#447=FACE_OUTER_BOUND('',#1261,.T.);
#448=FACE_OUTER_BOUND('',#1262,.T.);
#449=FACE_OUTER_BOUND('',#1263,.T.);
#450=FACE_OUTER_BOUND('',#1264,.T.);
#451=FACE_OUTER_BOUND('',#1265,.T.);
#452=FACE_OUTER_BOUND('',#1266,.T.);
#453=FACE_OUTER_BOUND('',#1267,.T.);
#454=FACE_OUTER_BOUND('',#1268,.T.);
#455=FACE_OUTER_BOUND('',#1269,.T.);
#456=FACE_OUTER_BOUND('',#1270,.T.);
#457=FACE_OUTER_BOUND('',#1271,.T.);
#458=FACE_OUTER_BOUND('',#1272,.T.);
#459=FACE_OUTER_BOUND('',#1273,.T.);
#460=FACE_OUTER_BOUND('',#1274,.T.);
#461=FACE_OUTER_BOUND('',#1275,.T.);
#462=FACE_OUTER_BOUND('',#1276,.T.);
#463=FACE_OUTER_BOUND('',#1277,.T.);
#464=FACE_OUTER_BOUND('',#1278,.T.);
#465=FACE_OUTER_BOUND('',#1279,.T.);
#466=FACE_OUTER_BOUND('',#1280,.T.);
#467=FACE_OUTER_BOUND('',#1281,.T.);
#468=FACE_OUTER_BOUND('',#1282,.T.);
#469=FACE_OUTER_BOUND('',#1283,.T.);
#470=FACE_OUTER_BOUND('',#1284,.T.);
#471=FACE_OUTER_BOUND('',#1285,.T.);
#472=FACE_OUTER_BOUND('',#1286,.T.);
#473=FACE_OUTER_BOUND('',#1287,.T.);
#474=FACE_OUTER_BOUND('',#1288,.T.);
#475=FACE_OUTER_BOUND('',#1289,.T.);
#476=FACE_OUTER_BOUND('',#1290,.T.);
#477=FACE_OUTER_BOUND('',#1291,.T.);
#478=FACE_OUTER_BOUND('',#1292,.T.);
#479=FACE_OUTER_BOUND('',#1293,.T.);
#480=FACE_OUTER_BOUND('',#1294,.T.);
#481=FACE_OUTER_BOUND('',#1295,.T.);
#482=FACE_OUTER_BOUND('',#1296,.T.);
#483=FACE_OUTER_BOUND('',#1297,.T.);
#484=FACE_OUTER_BOUND('',#1298,.T.);
#485=FACE_OUTER_BOUND('',#1299,.T.);
#486=FACE_OUTER_BOUND('',#1300,.T.);
#487=FACE_OUTER_BOUND('',#1301,.T.);
#488=FACE_OUTER_BOUND('',#1302,.T.);
#489=FACE_OUTER_BOUND('',#1303,.T.);
#490=FACE_OUTER_BOUND('',#1304,.T.);
#491=FACE_OUTER_BOUND('',#1305,.T.);
#492=FACE_OUTER_BOUND('',#1306,.T.);
#493=FACE_OUTER_BOUND('',#1307,.T.);
#494=FACE_OUTER_BOUND('',#1308,.T.);
#495=FACE_OUTER_BOUND('',#1309,.T.);
#496=FACE_OUTER_BOUND('',#1310,.T.);
#497=FACE_OUTER_BOUND('',#1311,.T.);
#498=FACE_OUTER_BOUND('',#1312,.T.);
#499=FACE_OUTER_BOUND('',#1313,.T.);
#500=FACE_OUTER_BOUND('',#1314,.T.);
#501=FACE_OUTER_BOUND('',#1315,.T.);
#502=FACE_OUTER_BOUND('',#1316,.T.);
#503=FACE_OUTER_BOUND('',#1317,.T.);
#504=FACE_OUTER_BOUND('',#1318,.T.);
#505=FACE_OUTER_BOUND('',#1319,.T.);
#506=FACE_OUTER_BOUND('',#1320,.T.);
#507=FACE_OUTER_BOUND('',#1321,.T.);
#508=FACE_OUTER_BOUND('',#1322,.T.);
#509=FACE_OUTER_BOUND('',#1323,.T.);
#510=FACE_OUTER_BOUND('',#1324,.T.);
#511=FACE_OUTER_BOUND('',#1325,.T.);
#512=FACE_OUTER_BOUND('',#1326,.T.);
#513=FACE_OUTER_BOUND('',#1327,.T.);
#514=FACE_OUTER_BOUND('',#1328,.T.);
#515=FACE_OUTER_BOUND('',#1329,.T.);
#516=FACE_OUTER_BOUND('',#1330,.T.);
#517=FACE_OUTER_BOUND('',#1331,.T.);
#518=FACE_OUTER_BOUND('',#1332,.T.);
#519=FACE_OUTER_BOUND('',#1333,.T.);
#520=FACE_OUTER_BOUND('',#1334,.T.);
#521=FACE_OUTER_BOUND('',#1335,.T.);
#522=FACE_OUTER_BOUND('',#1336,.T.);
#523=FACE_OUTER_BOUND('',#1337,.T.);
#524=FACE_OUTER_BOUND('',#1338,.T.);
#525=FACE_OUTER_BOUND('',#1339,.T.);
#526=FACE_OUTER_BOUND('',#1340,.T.);
#527=FACE_OUTER_BOUND('',#1341,.T.);
#528=FACE_OUTER_BOUND('',#1342,.T.);
#529=FACE_OUTER_BOUND('',#1343,.T.);
#530=FACE_OUTER_BOUND('',#1344,.T.);
#531=FACE_OUTER_BOUND('',#1345,.T.);
#532=FACE_OUTER_BOUND('',#1346,.T.);
#533=FACE_OUTER_BOUND('',#1347,.T.);
#534=FACE_OUTER_BOUND('',#1348,.T.);
#535=FACE_OUTER_BOUND('',#1349,.T.);
#536=FACE_OUTER_BOUND('',#1350,.T.);
#537=FACE_OUTER_BOUND('',#1351,.T.);
#538=FACE_OUTER_BOUND('',#1352,.T.);
#539=FACE_OUTER_BOUND('',#1353,.T.);
#540=FACE_OUTER_BOUND('',#1410,.T.);
#541=FACE_OUTER_BOUND('',#1411,.T.);
#542=FACE_OUTER_BOUND('',#1412,.T.);
#543=FACE_OUTER_BOUND('',#1413,.T.);
#544=FACE_OUTER_BOUND('',#1414,.T.);
#545=FACE_OUTER_BOUND('',#1415,.T.);
#546=FACE_OUTER_BOUND('',#1416,.T.);
#547=FACE_OUTER_BOUND('',#1417,.T.);
#548=FACE_OUTER_BOUND('',#1418,.T.);
#549=FACE_OUTER_BOUND('',#1419,.T.);
#550=FACE_OUTER_BOUND('',#1420,.T.);
#551=FACE_OUTER_BOUND('',#1421,.T.);
#552=FACE_OUTER_BOUND('',#1422,.T.);
#553=FACE_OUTER_BOUND('',#1423,.T.);
#554=FACE_OUTER_BOUND('',#1424,.T.);
#555=FACE_OUTER_BOUND('',#1425,.T.);
#556=FACE_OUTER_BOUND('',#1426,.T.);
#557=FACE_OUTER_BOUND('',#1427,.T.);
#558=FACE_OUTER_BOUND('',#1428,.T.);
#559=FACE_OUTER_BOUND('',#1429,.T.);
#560=FACE_OUTER_BOUND('',#1430,.T.);
#561=FACE_OUTER_BOUND('',#1431,.T.);
#562=FACE_OUTER_BOUND('',#1432,.T.);
#563=FACE_OUTER_BOUND('',#1433,.T.);
#564=FACE_OUTER_BOUND('',#1434,.T.);
#565=FACE_OUTER_BOUND('',#1435,.T.);
#566=FACE_OUTER_BOUND('',#1436,.T.);
#567=FACE_OUTER_BOUND('',#1437,.T.);
#568=FACE_OUTER_BOUND('',#1438,.T.);
#569=FACE_OUTER_BOUND('',#1439,.T.);
#570=FACE_OUTER_BOUND('',#1440,.T.);
#571=FACE_OUTER_BOUND('',#1441,.T.);
#572=FACE_OUTER_BOUND('',#1442,.T.);
#573=FACE_OUTER_BOUND('',#1443,.T.);
#574=FACE_OUTER_BOUND('',#1444,.T.);
#575=FACE_OUTER_BOUND('',#1445,.T.);
#576=FACE_OUTER_BOUND('',#1446,.T.);
#577=FACE_OUTER_BOUND('',#1447,.T.);
#578=FACE_OUTER_BOUND('',#1448,.T.);
#579=FACE_OUTER_BOUND('',#1449,.T.);
#580=FACE_OUTER_BOUND('',#1450,.T.);
#581=FACE_OUTER_BOUND('',#1451,.T.);
#582=FACE_OUTER_BOUND('',#1452,.T.);
#583=FACE_OUTER_BOUND('',#1453,.T.);
#584=FACE_OUTER_BOUND('',#1454,.T.);
#585=FACE_OUTER_BOUND('',#1455,.T.);
#586=FACE_OUTER_BOUND('',#1456,.T.);
#587=FACE_OUTER_BOUND('',#1457,.T.);
#588=FACE_OUTER_BOUND('',#1458,.T.);
#589=FACE_OUTER_BOUND('',#1459,.T.);
#590=FACE_OUTER_BOUND('',#1460,.T.);
#591=FACE_OUTER_BOUND('',#1461,.T.);
#592=FACE_OUTER_BOUND('',#1462,.T.);
#593=FACE_OUTER_BOUND('',#1463,.T.);
#594=FACE_OUTER_BOUND('',#1464,.T.);
#595=FACE_OUTER_BOUND('',#1465,.T.);
#596=FACE_OUTER_BOUND('',#1466,.T.);
#597=FACE_OUTER_BOUND('',#1467,.T.);
#598=FACE_OUTER_BOUND('',#1468,.T.);
#599=FACE_OUTER_BOUND('',#1469,.T.);
#600=FACE_OUTER_BOUND('',#1470,.T.);
#601=FACE_OUTER_BOUND('',#1471,.T.);
#602=FACE_OUTER_BOUND('',#1472,.T.);
#603=FACE_OUTER_BOUND('',#1473,.T.);
#604=FACE_OUTER_BOUND('',#1474,.T.);
#605=FACE_OUTER_BOUND('',#1475,.T.);
#606=FACE_OUTER_BOUND('',#1476,.T.);
#607=FACE_OUTER_BOUND('',#1477,.T.);
#608=FACE_OUTER_BOUND('',#1478,.T.);
#609=FACE_OUTER_BOUND('',#1479,.T.);
#610=FACE_OUTER_BOUND('',#1480,.T.);
#611=FACE_OUTER_BOUND('',#1481,.T.);
#612=FACE_OUTER_BOUND('',#1482,.T.);
#613=FACE_OUTER_BOUND('',#1483,.T.);
#614=FACE_OUTER_BOUND('',#1484,.T.);
#615=FACE_OUTER_BOUND('',#1485,.T.);
#616=FACE_OUTER_BOUND('',#1486,.T.);
#617=FACE_OUTER_BOUND('',#1487,.T.);
#618=FACE_OUTER_BOUND('',#1488,.T.);
#619=FACE_OUTER_BOUND('',#1489,.T.);
#620=FACE_OUTER_BOUND('',#1490,.T.);
#621=FACE_OUTER_BOUND('',#1491,.T.);
#622=FACE_OUTER_BOUND('',#1492,.T.);
#623=FACE_OUTER_BOUND('',#1493,.T.);
#624=FACE_OUTER_BOUND('',#1494,.T.);
#625=FACE_OUTER_BOUND('',#1495,.T.);
#626=FACE_OUTER_BOUND('',#1496,.T.);
#627=FACE_OUTER_BOUND('',#1497,.T.);
#628=FACE_OUTER_BOUND('',#1498,.T.);
#629=FACE_OUTER_BOUND('',#1499,.T.);
#630=FACE_OUTER_BOUND('',#1500,.T.);
#631=FACE_OUTER_BOUND('',#1501,.T.);
#632=FACE_OUTER_BOUND('',#1502,.T.);
#633=FACE_OUTER_BOUND('',#1503,.T.);
#634=FACE_OUTER_BOUND('',#1504,.T.);
#635=FACE_OUTER_BOUND('',#1505,.T.);
#636=FACE_OUTER_BOUND('',#1506,.T.);
#637=FACE_OUTER_BOUND('',#1507,.T.);
#638=FACE_OUTER_BOUND('',#1508,.T.);
#639=FACE_OUTER_BOUND('',#1509,.T.);
#640=FACE_OUTER_BOUND('',#1510,.T.);
#641=FACE_OUTER_BOUND('',#1511,.T.);
#642=FACE_OUTER_BOUND('',#1512,.T.);
#643=FACE_OUTER_BOUND('',#1513,.T.);
#644=FACE_OUTER_BOUND('',#1514,.T.);
#645=FACE_OUTER_BOUND('',#1515,.T.);
#646=FACE_OUTER_BOUND('',#1516,.T.);
#647=FACE_OUTER_BOUND('',#1517,.T.);
#648=FACE_OUTER_BOUND('',#1518,.T.);
#649=FACE_OUTER_BOUND('',#1519,.T.);
#650=FACE_OUTER_BOUND('',#1520,.T.);
#651=FACE_OUTER_BOUND('',#1521,.T.);
#652=FACE_OUTER_BOUND('',#1522,.T.);
#653=FACE_OUTER_BOUND('',#1523,.T.);
#654=FACE_OUTER_BOUND('',#1524,.T.);
#655=FACE_OUTER_BOUND('',#1525,.T.);
#656=FACE_OUTER_BOUND('',#1526,.T.);
#657=FACE_OUTER_BOUND('',#1527,.T.);
#658=FACE_OUTER_BOUND('',#1528,.T.);
#659=FACE_OUTER_BOUND('',#1529,.T.);
#660=FACE_OUTER_BOUND('',#1530,.T.);
#661=FACE_OUTER_BOUND('',#1531,.T.);
#662=FACE_OUTER_BOUND('',#1532,.T.);
#663=FACE_OUTER_BOUND('',#1533,.T.);
#664=FACE_OUTER_BOUND('',#1534,.T.);
#665=FACE_OUTER_BOUND('',#1535,.T.);
#666=FACE_OUTER_BOUND('',#1536,.T.);
#667=FACE_OUTER_BOUND('',#1537,.T.);
#668=FACE_OUTER_BOUND('',#1538,.T.);
#669=FACE_OUTER_BOUND('',#1539,.T.);
#670=FACE_OUTER_BOUND('',#1540,.T.);
#671=FACE_OUTER_BOUND('',#1541,.T.);
#672=FACE_OUTER_BOUND('',#1542,.T.);
#673=FACE_OUTER_BOUND('',#1543,.T.);
#674=FACE_OUTER_BOUND('',#1544,.T.);
#675=FACE_OUTER_BOUND('',#1545,.T.);
#676=FACE_OUTER_BOUND('',#1546,.T.);
#677=FACE_OUTER_BOUND('',#1547,.T.);
#678=FACE_OUTER_BOUND('',#1548,.T.);
#679=FACE_OUTER_BOUND('',#1549,.T.);
#680=FACE_OUTER_BOUND('',#1550,.T.);
#681=FACE_OUTER_BOUND('',#1551,.T.);
#682=FACE_OUTER_BOUND('',#1552,.T.);
#683=FACE_OUTER_BOUND('',#1553,.T.);
#684=FACE_OUTER_BOUND('',#1554,.T.);
#685=FACE_OUTER_BOUND('',#1555,.T.);
#686=FACE_OUTER_BOUND('',#1556,.T.);
#687=FACE_OUTER_BOUND('',#1557,.T.);
#688=FACE_OUTER_BOUND('',#1558,.T.);
#689=FACE_OUTER_BOUND('',#1559,.T.);
#690=FACE_OUTER_BOUND('',#1560,.T.);
#691=FACE_OUTER_BOUND('',#1561,.T.);
#692=FACE_OUTER_BOUND('',#1562,.T.);
#693=FACE_OUTER_BOUND('',#1563,.T.);
#694=FACE_OUTER_BOUND('',#1564,.T.);
#695=FACE_OUTER_BOUND('',#1565,.T.);
#696=FACE_OUTER_BOUND('',#1566,.T.);
#697=FACE_OUTER_BOUND('',#1567,.T.);
#698=FACE_OUTER_BOUND('',#1568,.T.);
#699=FACE_OUTER_BOUND('',#1569,.T.);
#700=FACE_OUTER_BOUND('',#1570,.T.);
#701=FACE_OUTER_BOUND('',#1571,.T.);
#702=FACE_OUTER_BOUND('',#1572,.T.);
#703=FACE_OUTER_BOUND('',#1573,.T.);
#704=FACE_OUTER_BOUND('',#1574,.T.);
#705=FACE_OUTER_BOUND('',#1575,.T.);
#706=FACE_OUTER_BOUND('',#1576,.T.);
#707=FACE_OUTER_BOUND('',#1577,.T.);
#708=FACE_OUTER_BOUND('',#1578,.T.);
#709=FACE_OUTER_BOUND('',#1579,.T.);
#710=FACE_OUTER_BOUND('',#1580,.T.);
#711=FACE_OUTER_BOUND('',#1581,.T.);
#712=FACE_OUTER_BOUND('',#1582,.T.);
#713=FACE_OUTER_BOUND('',#1583,.T.);
#714=FACE_OUTER_BOUND('',#1584,.T.);
#715=FACE_OUTER_BOUND('',#1585,.T.);
#716=FACE_OUTER_BOUND('',#1586,.T.);
#717=FACE_OUTER_BOUND('',#1587,.T.);
#718=FACE_OUTER_BOUND('',#1588,.T.);
#719=FACE_OUTER_BOUND('',#1589,.T.);
#720=FACE_OUTER_BOUND('',#1590,.T.);
#721=FACE_OUTER_BOUND('',#1591,.T.);
#722=FACE_OUTER_BOUND('',#1592,.T.);
#723=FACE_OUTER_BOUND('',#1593,.T.);
#724=FACE_OUTER_BOUND('',#1594,.T.);
#725=FACE_OUTER_BOUND('',#1595,.T.);
#726=FACE_OUTER_BOUND('',#1596,.T.);
#727=FACE_OUTER_BOUND('',#1597,.T.);
#728=FACE_OUTER_BOUND('',#1598,.T.);
#729=FACE_OUTER_BOUND('',#1599,.T.);
#730=FACE_OUTER_BOUND('',#1600,.T.);
#731=FACE_OUTER_BOUND('',#1601,.T.);
#732=FACE_OUTER_BOUND('',#1602,.T.);
#733=FACE_OUTER_BOUND('',#1603,.T.);
#734=FACE_OUTER_BOUND('',#1604,.T.);
#735=FACE_OUTER_BOUND('',#1605,.T.);
#736=FACE_OUTER_BOUND('',#1606,.T.);
#737=FACE_OUTER_BOUND('',#1607,.T.);
#738=FACE_OUTER_BOUND('',#1608,.T.);
#739=FACE_OUTER_BOUND('',#1609,.T.);
#740=FACE_OUTER_BOUND('',#1610,.T.);
#741=FACE_OUTER_BOUND('',#1611,.T.);
#742=FACE_OUTER_BOUND('',#1612,.T.);
#743=FACE_OUTER_BOUND('',#1613,.T.);
#744=FACE_OUTER_BOUND('',#1614,.T.);
#745=FACE_OUTER_BOUND('',#1615,.T.);
#746=FACE_OUTER_BOUND('',#1616,.T.);
#747=FACE_OUTER_BOUND('',#1617,.T.);
#748=FACE_OUTER_BOUND('',#1618,.T.);
#749=FACE_OUTER_BOUND('',#1619,.T.);
#750=FACE_OUTER_BOUND('',#1620,.T.);
#751=FACE_OUTER_BOUND('',#1621,.T.);
#752=FACE_OUTER_BOUND('',#1622,.T.);
#753=FACE_OUTER_BOUND('',#1623,.T.);
#754=FACE_OUTER_BOUND('',#1624,.T.);
#755=FACE_OUTER_BOUND('',#1625,.T.);
#756=FACE_OUTER_BOUND('',#1626,.T.);
#757=FACE_OUTER_BOUND('',#1627,.T.);
#758=FACE_OUTER_BOUND('',#1628,.T.);
#759=FACE_OUTER_BOUND('',#1629,.T.);
#760=FACE_OUTER_BOUND('',#1630,.T.);
#761=FACE_OUTER_BOUND('',#1631,.T.);
#762=FACE_OUTER_BOUND('',#1632,.T.);
#763=FACE_OUTER_BOUND('',#1633,.T.);
#764=FACE_OUTER_BOUND('',#1634,.T.);
#765=FACE_OUTER_BOUND('',#1635,.T.);
#766=FACE_OUTER_BOUND('',#1636,.T.);
#767=FACE_OUTER_BOUND('',#1637,.T.);
#768=FACE_OUTER_BOUND('',#1638,.T.);
#769=FACE_OUTER_BOUND('',#1639,.T.);
#770=FACE_OUTER_BOUND('',#1640,.T.);
#771=FACE_OUTER_BOUND('',#1641,.T.);
#772=FACE_OUTER_BOUND('',#1642,.T.);
#773=FACE_OUTER_BOUND('',#1643,.T.);
#774=FACE_OUTER_BOUND('',#1644,.T.);
#775=FACE_OUTER_BOUND('',#1645,.T.);
#776=FACE_OUTER_BOUND('',#1646,.T.);
#777=FACE_OUTER_BOUND('',#1647,.T.);
#778=FACE_OUTER_BOUND('',#1648,.T.);
#779=FACE_OUTER_BOUND('',#1649,.T.);
#780=FACE_OUTER_BOUND('',#1650,.T.);
#781=FACE_OUTER_BOUND('',#1651,.T.);
#782=FACE_OUTER_BOUND('',#1652,.T.);
#783=FACE_OUTER_BOUND('',#1653,.T.);
#784=FACE_OUTER_BOUND('',#1654,.T.);
#785=FACE_OUTER_BOUND('',#1655,.T.);
#786=FACE_OUTER_BOUND('',#1656,.T.);
#787=FACE_OUTER_BOUND('',#1657,.T.);
#788=FACE_OUTER_BOUND('',#1658,.T.);
#789=FACE_OUTER_BOUND('',#1659,.T.);
#790=FACE_OUTER_BOUND('',#1660,.T.);
#791=FACE_OUTER_BOUND('',#1661,.T.);
#792=FACE_OUTER_BOUND('',#1662,.T.);
#793=FACE_OUTER_BOUND('',#1663,.T.);
#794=FACE_OUTER_BOUND('',#1664,.T.);
#795=FACE_OUTER_BOUND('',#1665,.T.);
#796=FACE_OUTER_BOUND('',#1666,.T.);
#797=FACE_OUTER_BOUND('',#1667,.T.);
#798=FACE_OUTER_BOUND('',#1668,.T.);
#799=FACE_OUTER_BOUND('',#1669,.T.);
#800=FACE_OUTER_BOUND('',#1670,.T.);
#801=FACE_OUTER_BOUND('',#1671,.T.);
#802=FACE_OUTER_BOUND('',#1672,.T.);
#803=FACE_OUTER_BOUND('',#1673,.T.);
#804=FACE_OUTER_BOUND('',#1674,.T.);
#805=FACE_OUTER_BOUND('',#1675,.T.);
#806=FACE_OUTER_BOUND('',#1676,.T.);
#807=FACE_OUTER_BOUND('',#1677,.T.);
#808=FACE_OUTER_BOUND('',#1678,.T.);
#809=FACE_OUTER_BOUND('',#1679,.T.);
#810=FACE_OUTER_BOUND('',#1680,.T.);
#811=FACE_OUTER_BOUND('',#1681,.T.);
#812=FACE_OUTER_BOUND('',#1682,.T.);
#813=FACE_OUTER_BOUND('',#1683,.T.);
#814=FACE_OUTER_BOUND('',#1684,.T.);
#815=FACE_OUTER_BOUND('',#1685,.T.);
#816=FACE_OUTER_BOUND('',#1686,.T.);
#817=FACE_OUTER_BOUND('',#1687,.T.);
#818=FACE_OUTER_BOUND('',#1688,.T.);
#819=FACE_OUTER_BOUND('',#1689,.T.);
#820=FACE_OUTER_BOUND('',#1690,.T.);
#821=FACE_OUTER_BOUND('',#1691,.T.);
#822=FACE_OUTER_BOUND('',#1692,.T.);
#823=FACE_OUTER_BOUND('',#1693,.T.);
#824=FACE_OUTER_BOUND('',#1694,.T.);
#825=FACE_OUTER_BOUND('',#1695,.T.);
#826=FACE_OUTER_BOUND('',#1696,.T.);
#827=FACE_OUTER_BOUND('',#1697,.T.);
#828=FACE_OUTER_BOUND('',#1698,.T.);
#829=FACE_OUTER_BOUND('',#1699,.T.);
#830=FACE_OUTER_BOUND('',#1700,.T.);
#831=FACE_OUTER_BOUND('',#1701,.T.);
#832=FACE_OUTER_BOUND('',#1702,.T.);
#833=FACE_OUTER_BOUND('',#1703,.T.);
#834=FACE_OUTER_BOUND('',#1704,.T.);
#835=FACE_OUTER_BOUND('',#1705,.T.);
#836=FACE_OUTER_BOUND('',#1706,.T.);
#837=FACE_OUTER_BOUND('',#1707,.T.);
#838=FACE_OUTER_BOUND('',#1708,.T.);
#839=FACE_OUTER_BOUND('',#1709,.T.);
#840=FACE_OUTER_BOUND('',#1710,.T.);
#841=FACE_OUTER_BOUND('',#1711,.T.);
#842=FACE_OUTER_BOUND('',#1712,.T.);
#843=FACE_OUTER_BOUND('',#1713,.T.);
#844=FACE_OUTER_BOUND('',#1714,.T.);
#845=FACE_OUTER_BOUND('',#1715,.T.);
#846=FACE_OUTER_BOUND('',#1716,.T.);
#847=FACE_OUTER_BOUND('',#1717,.T.);
#848=FACE_OUTER_BOUND('',#1718,.T.);
#849=FACE_OUTER_BOUND('',#1719,.T.);
#850=FACE_OUTER_BOUND('',#1720,.T.);
#851=FACE_OUTER_BOUND('',#1721,.T.);
#852=FACE_OUTER_BOUND('',#1722,.T.);
#853=FACE_OUTER_BOUND('',#1723,.T.);
#854=FACE_OUTER_BOUND('',#1724,.T.);
#855=FACE_OUTER_BOUND('',#1725,.T.);
#856=FACE_OUTER_BOUND('',#1726,.T.);
#857=FACE_OUTER_BOUND('',#1727,.T.);
#858=FACE_OUTER_BOUND('',#1728,.T.);
#859=FACE_OUTER_BOUND('',#1729,.T.);
#860=FACE_OUTER_BOUND('',#1730,.T.);
#861=FACE_OUTER_BOUND('',#1731,.T.);
#862=FACE_OUTER_BOUND('',#1732,.T.);
#863=FACE_OUTER_BOUND('',#1733,.T.);
#864=FACE_OUTER_BOUND('',#1734,.T.);
#865=FACE_OUTER_BOUND('',#1735,.T.);
#866=FACE_OUTER_BOUND('',#1736,.T.);
#867=FACE_OUTER_BOUND('',#1737,.T.);
#868=FACE_OUTER_BOUND('',#1738,.T.);
#869=FACE_OUTER_BOUND('',#1739,.T.);
#870=FACE_OUTER_BOUND('',#1740,.T.);
#871=FACE_OUTER_BOUND('',#1741,.T.);
#872=FACE_OUTER_BOUND('',#1742,.T.);
#873=FACE_OUTER_BOUND('',#1743,.T.);
#874=FACE_OUTER_BOUND('',#1744,.T.);
#875=FACE_OUTER_BOUND('',#1745,.T.);
#876=FACE_OUTER_BOUND('',#1746,.T.);
#877=FACE_OUTER_BOUND('',#1747,.T.);
#878=FACE_OUTER_BOUND('',#1748,.T.);
#879=FACE_OUTER_BOUND('',#1749,.T.);
#880=FACE_OUTER_BOUND('',#1750,.T.);
#881=FACE_OUTER_BOUND('',#1751,.T.);
#882=FACE_OUTER_BOUND('',#1752,.T.);
#883=FACE_OUTER_BOUND('',#1753,.T.);
#884=FACE_OUTER_BOUND('',#1754,.T.);
#885=FACE_OUTER_BOUND('',#1755,.T.);
#886=FACE_OUTER_BOUND('',#1756,.T.);
#887=FACE_OUTER_BOUND('',#1757,.T.);
#888=FACE_OUTER_BOUND('',#1758,.T.);
#889=FACE_OUTER_BOUND('',#1759,.T.);
#890=FACE_OUTER_BOUND('',#1760,.T.);
#891=FACE_OUTER_BOUND('',#1761,.T.);
#892=FACE_OUTER_BOUND('',#1762,.T.);
#893=FACE_OUTER_BOUND('',#1763,.T.);
#894=FACE_OUTER_BOUND('',#1764,.T.);
#895=FACE_OUTER_BOUND('',#1765,.T.);
#896=FACE_OUTER_BOUND('',#1766,.T.);
#897=FACE_OUTER_BOUND('',#1767,.T.);
#898=FACE_OUTER_BOUND('',#1768,.T.);
#899=FACE_OUTER_BOUND('',#1769,.T.);
#900=FACE_OUTER_BOUND('',#1770,.T.);
#901=FACE_OUTER_BOUND('',#1771,.T.);
#902=FACE_OUTER_BOUND('',#1772,.T.);
#903=FACE_OUTER_BOUND('',#1773,.T.);
#904=FACE_OUTER_BOUND('',#1774,.T.);
#905=FACE_OUTER_BOUND('',#1775,.T.);
#906=FACE_OUTER_BOUND('',#1776,.T.);
#907=FACE_OUTER_BOUND('',#1777,.T.);
#908=FACE_OUTER_BOUND('',#1778,.T.);
#909=FACE_OUTER_BOUND('',#1779,.T.);
#910=FACE_OUTER_BOUND('',#1780,.T.);
#911=FACE_OUTER_BOUND('',#1781,.T.);
#912=FACE_OUTER_BOUND('',#1782,.T.);
#913=FACE_OUTER_BOUND('',#1783,.T.);
#914=FACE_OUTER_BOUND('',#1784,.T.);
#915=FACE_OUTER_BOUND('',#1785,.T.);
#916=FACE_OUTER_BOUND('',#1786,.T.);
#917=FACE_OUTER_BOUND('',#1787,.T.);
#918=FACE_OUTER_BOUND('',#1788,.T.);
#919=FACE_OUTER_BOUND('',#1789,.T.);
#920=FACE_OUTER_BOUND('',#1790,.T.);
#921=FACE_OUTER_BOUND('',#1791,.T.);
#922=FACE_OUTER_BOUND('',#1792,.T.);
#923=FACE_OUTER_BOUND('',#1793,.T.);
#924=FACE_OUTER_BOUND('',#1794,.T.);
#925=FACE_OUTER_BOUND('',#1795,.T.);
#926=FACE_OUTER_BOUND('',#1796,.T.);
#927=FACE_OUTER_BOUND('',#1797,.T.);
#928=FACE_OUTER_BOUND('',#1798,.T.);
#929=FACE_OUTER_BOUND('',#1799,.T.);
#930=FACE_OUTER_BOUND('',#1800,.T.);
#931=FACE_OUTER_BOUND('',#1801,.T.);
#932=FACE_OUTER_BOUND('',#1802,.T.);
#933=FACE_OUTER_BOUND('',#1803,.T.);
#934=FACE_OUTER_BOUND('',#1804,.T.);
#935=FACE_OUTER_BOUND('',#1805,.T.);
#936=FACE_OUTER_BOUND('',#1806,.T.);
#937=FACE_OUTER_BOUND('',#1807,.T.);
#938=FACE_OUTER_BOUND('',#1808,.T.);
#939=FACE_OUTER_BOUND('',#1809,.T.);
#940=FACE_OUTER_BOUND('',#1810,.T.);
#941=FACE_OUTER_BOUND('',#1811,.T.);
#942=FACE_OUTER_BOUND('',#1812,.T.);
#943=FACE_OUTER_BOUND('',#1813,.T.);
#944=FACE_OUTER_BOUND('',#1814,.T.);
#945=FACE_OUTER_BOUND('',#1815,.T.);
#946=FACE_OUTER_BOUND('',#1816,.T.);
#947=FACE_OUTER_BOUND('',#1817,.T.);
#948=FACE_OUTER_BOUND('',#1818,.T.);
#949=FACE_OUTER_BOUND('',#1819,.T.);
#950=FACE_OUTER_BOUND('',#1820,.T.);
#951=FACE_OUTER_BOUND('',#1821,.T.);
#952=FACE_OUTER_BOUND('',#1822,.T.);
#953=FACE_OUTER_BOUND('',#1823,.T.);
#954=FACE_OUTER_BOUND('',#1824,.T.);
#955=FACE_OUTER_BOUND('',#1825,.T.);
#956=FACE_OUTER_BOUND('',#1826,.T.);
#957=FACE_OUTER_BOUND('',#1827,.T.);
#958=FACE_OUTER_BOUND('',#1828,.T.);
#959=FACE_OUTER_BOUND('',#1829,.T.);
#960=FACE_OUTER_BOUND('',#1830,.T.);
#961=FACE_OUTER_BOUND('',#1831,.T.);
#962=FACE_OUTER_BOUND('',#1832,.T.);
#963=FACE_OUTER_BOUND('',#1833,.T.);
#964=FACE_OUTER_BOUND('',#1834,.T.);
#965=FACE_OUTER_BOUND('',#1835,.T.);
#966=FACE_OUTER_BOUND('',#1836,.T.);
#967=FACE_OUTER_BOUND('',#1837,.T.);
#968=FACE_OUTER_BOUND('',#1838,.T.);
#969=FACE_OUTER_BOUND('',#1839,.T.);
#970=FACE_OUTER_BOUND('',#1840,.T.);
#971=FACE_OUTER_BOUND('',#1841,.T.);
#972=FACE_OUTER_BOUND('',#1842,.T.);
#973=FACE_OUTER_BOUND('',#1843,.T.);
#974=FACE_OUTER_BOUND('',#1844,.T.);
#975=FACE_OUTER_BOUND('',#1845,.T.);
#976=FACE_OUTER_BOUND('',#1846,.T.);
#977=FACE_OUTER_BOUND('',#1847,.T.);
#978=FACE_OUTER_BOUND('',#1848,.T.);
#979=FACE_OUTER_BOUND('',#1849,.T.);
#980=FACE_OUTER_BOUND('',#1850,.T.);
#981=FACE_OUTER_BOUND('',#1851,.T.);
#982=FACE_OUTER_BOUND('',#1852,.T.);
#983=FACE_OUTER_BOUND('',#1853,.T.);
#984=FACE_OUTER_BOUND('',#1854,.T.);
#985=FACE_OUTER_BOUND('',#1855,.T.);
#986=FACE_OUTER_BOUND('',#1856,.T.);
#987=FACE_OUTER_BOUND('',#1857,.T.);
#988=FACE_OUTER_BOUND('',#1858,.T.);
#989=FACE_OUTER_BOUND('',#1859,.T.);
#990=FACE_OUTER_BOUND('',#1860,.T.);
#991=FACE_OUTER_BOUND('',#1861,.T.);
#992=FACE_OUTER_BOUND('',#1862,.T.);
#993=FACE_OUTER_BOUND('',#1863,.T.);
#994=FACE_OUTER_BOUND('',#1864,.T.);
#995=FACE_OUTER_BOUND('',#1865,.T.);
#996=FACE_OUTER_BOUND('',#1866,.T.);
#997=FACE_OUTER_BOUND('',#1867,.T.);
#998=FACE_OUTER_BOUND('',#1868,.T.);
#999=FACE_OUTER_BOUND('',#1869,.T.);
#1000=FACE_OUTER_BOUND('',#1870,.T.);
#1001=FACE_OUTER_BOUND('',#1871,.T.);
#1002=FACE_OUTER_BOUND('',#1872,.T.);
#1003=FACE_OUTER_BOUND('',#1873,.T.);
#1004=FACE_OUTER_BOUND('',#1874,.T.);
#1005=FACE_OUTER_BOUND('',#1875,.T.);
#1006=FACE_OUTER_BOUND('',#1876,.T.);
#1007=FACE_OUTER_BOUND('',#1877,.T.);
#1008=FACE_OUTER_BOUND('',#1878,.T.);
#1009=FACE_OUTER_BOUND('',#1879,.T.);
#1010=FACE_OUTER_BOUND('',#1880,.T.);
#1011=FACE_OUTER_BOUND('',#1881,.T.);
#1012=FACE_OUTER_BOUND('',#1882,.T.);
#1013=FACE_OUTER_BOUND('',#1883,.T.);
#1014=FACE_OUTER_BOUND('',#1884,.T.);
#1015=FACE_OUTER_BOUND('',#1885,.T.);
#1016=FACE_OUTER_BOUND('',#1886,.T.);
#1017=FACE_OUTER_BOUND('',#1887,.T.);
#1018=FACE_OUTER_BOUND('',#1888,.T.);
#1019=FACE_OUTER_BOUND('',#1889,.T.);
#1020=FACE_OUTER_BOUND('',#1890,.T.);
#1021=FACE_OUTER_BOUND('',#1891,.T.);
#1022=FACE_OUTER_BOUND('',#1892,.T.);
#1023=FACE_OUTER_BOUND('',#1893,.T.);
#1024=FACE_OUTER_BOUND('',#1894,.T.);
#1025=FACE_OUTER_BOUND('',#1895,.T.);
#1026=FACE_OUTER_BOUND('',#1896,.T.);
#1027=FACE_OUTER_BOUND('',#1897,.T.);
#1028=FACE_OUTER_BOUND('',#1898,.T.);
#1029=FACE_OUTER_BOUND('',#1899,.T.);
#1030=FACE_OUTER_BOUND('',#1900,.T.);
#1031=FACE_OUTER_BOUND('',#1901,.T.);
#1032=FACE_OUTER_BOUND('',#1902,.T.);
#1033=FACE_OUTER_BOUND('',#1903,.T.);
#1034=FACE_OUTER_BOUND('',#1904,.T.);
#1035=FACE_OUTER_BOUND('',#1905,.T.);
#1036=FACE_OUTER_BOUND('',#1906,.T.);
#1037=FACE_OUTER_BOUND('',#1907,.T.);
#1038=FACE_OUTER_BOUND('',#1908,.T.);
#1039=FACE_OUTER_BOUND('',#1909,.T.);
#1040=FACE_OUTER_BOUND('',#1910,.T.);
#1041=FACE_OUTER_BOUND('',#1911,.T.);
#1042=FACE_OUTER_BOUND('',#1912,.T.);
#1043=FACE_OUTER_BOUND('',#1913,.T.);
#1044=FACE_OUTER_BOUND('',#1914,.T.);
#1045=FACE_OUTER_BOUND('',#1915,.T.);
#1046=FACE_OUTER_BOUND('',#1916,.T.);
#1047=FACE_OUTER_BOUND('',#1917,.T.);
#1048=FACE_OUTER_BOUND('',#1918,.T.);
#1049=FACE_OUTER_BOUND('',#1919,.T.);
#1050=FACE_OUTER_BOUND('',#1920,.T.);
#1051=FACE_OUTER_BOUND('',#1921,.T.);
#1052=FACE_OUTER_BOUND('',#1922,.T.);
#1053=FACE_OUTER_BOUND('',#1923,.T.);
#1054=FACE_OUTER_BOUND('',#1924,.T.);
#1055=FACE_OUTER_BOUND('',#1925,.T.);
#1056=FACE_OUTER_BOUND('',#1926,.T.);
#1057=FACE_OUTER_BOUND('',#1927,.T.);
#1058=FACE_OUTER_BOUND('',#1928,.T.);
#1059=FACE_OUTER_BOUND('',#1929,.T.);
#1060=FACE_OUTER_BOUND('',#1930,.T.);
#1061=FACE_OUTER_BOUND('',#1931,.T.);
#1062=FACE_OUTER_BOUND('',#1932,.T.);
#1063=FACE_OUTER_BOUND('',#1933,.T.);
#1064=FACE_OUTER_BOUND('',#1934,.T.);
#1065=FACE_OUTER_BOUND('',#1935,.T.);
#1066=FACE_OUTER_BOUND('',#1936,.T.);
#1067=FACE_OUTER_BOUND('',#1937,.T.);
#1068=FACE_OUTER_BOUND('',#1938,.T.);
#1069=EDGE_LOOP('',(#8311,#8312,#8313,#8314));
#1070=EDGE_LOOP('',(#8315,#8316,#8317,#8318));
#1071=EDGE_LOOP('',(#8319,#8320,#8321,#8322));
#1072=EDGE_LOOP('',(#8323,#8324,#8325,#8326));
#1073=EDGE_LOOP('',(#8327,#8328,#8329,#8330));
#1074=EDGE_LOOP('',(#8331,#8332,#8333,#8334));
#1075=EDGE_LOOP('',(#8335,#8336,#8337,#8338));
#1076=EDGE_LOOP('',(#8339,#8340,#8341,#8342));
#1077=EDGE_LOOP('',(#8343,#8344,#8345,#8346));
#1078=EDGE_LOOP('',(#8347,#8348,#8349,#8350));
#1079=EDGE_LOOP('',(#8351,#8352,#8353,#8354));
#1080=EDGE_LOOP('',(#8355,#8356,#8357,#8358));
#1081=EDGE_LOOP('',(#8359,#8360,#8361,#8362));
#1082=EDGE_LOOP('',(#8363,#8364,#8365,#8366));
#1083=EDGE_LOOP('',(#8367,#8368,#8369,#8370));
#1084=EDGE_LOOP('',(#8371,#8372,#8373,#8374));
#1085=EDGE_LOOP('',(#8375,#8376,#8377,#8378));
#1086=EDGE_LOOP('',(#8379,#8380,#8381,#8382));
#1087=EDGE_LOOP('',(#8383,#8384,#8385,#8386));
#1088=EDGE_LOOP('',(#8387,#8388,#8389,#8390));
#1089=EDGE_LOOP('',(#8391,#8392,#8393,#8394));
#1090=EDGE_LOOP('',(#8395,#8396,#8397,#8398));
#1091=EDGE_LOOP('',(#8399,#8400,#8401,#8402));
#1092=EDGE_LOOP('',(#8403,#8404,#8405,#8406));
#1093=EDGE_LOOP('',(#8407,#8408,#8409,#8410));
#1094=EDGE_LOOP('',(#8411,#8412,#8413,#8414));
#1095=EDGE_LOOP('',(#8415,#8416,#8417,#8418));
#1096=EDGE_LOOP('',(#8419,#8420,#8421,#8422));
#1097=EDGE_LOOP('',(#8423,#8424,#8425,#8426));
#1098=EDGE_LOOP('',(#8427,#8428,#8429,#8430));
#1099=EDGE_LOOP('',(#8431,#8432,#8433,#8434));
#1100=EDGE_LOOP('',(#8435,#8436,#8437,#8438));
#1101=EDGE_LOOP('',(#8439,#8440,#8441,#8442));
#1102=EDGE_LOOP('',(#8443,#8444,#8445,#8446));
#1103=EDGE_LOOP('',(#8447,#8448,#8449,#8450));
#1104=EDGE_LOOP('',(#8451,#8452,#8453,#8454));
#1105=EDGE_LOOP('',(#8455,#8456,#8457,#8458));
#1106=EDGE_LOOP('',(#8459,#8460,#8461,#8462));
#1107=EDGE_LOOP('',(#8463,#8464,#8465,#8466));
#1108=EDGE_LOOP('',(#8467,#8468,#8469,#8470));
#1109=EDGE_LOOP('',(#8471,#8472,#8473,#8474));
#1110=EDGE_LOOP('',(#8475,#8476,#8477,#8478));
#1111=EDGE_LOOP('',(#8479,#8480,#8481,#8482));
#1112=EDGE_LOOP('',(#8483,#8484,#8485,#8486));
#1113=EDGE_LOOP('',(#8487,#8488,#8489,#8490));
#1114=EDGE_LOOP('',(#8491,#8492,#8493,#8494));
#1115=EDGE_LOOP('',(#8495,#8496,#8497,#8498));
#1116=EDGE_LOOP('',(#8499,#8500,#8501,#8502));
#1117=EDGE_LOOP('',(#8503,#8504,#8505,#8506));
#1118=EDGE_LOOP('',(#8507,#8508,#8509,#8510));
#1119=EDGE_LOOP('',(#8511,#8512,#8513,#8514));
#1120=EDGE_LOOP('',(#8515,#8516,#8517,#8518));
#1121=EDGE_LOOP('',(#8519,#8520,#8521,#8522));
#1122=EDGE_LOOP('',(#8523,#8524,#8525,#8526));
#1123=EDGE_LOOP('',(#8527,#8528,#8529,#8530));
#1124=EDGE_LOOP('',(#8531,#8532,#8533,#8534));
#1125=EDGE_LOOP('',(#8535,#8536,#8537,#8538));
#1126=EDGE_LOOP('',(#8539,#8540,#8541,#8542));
#1127=EDGE_LOOP('',(#8543,#8544,#8545,#8546));
#1128=EDGE_LOOP('',(#8547,#8548,#8549,#8550));
#1129=EDGE_LOOP('',(#8551,#8552,#8553,#8554));
#1130=EDGE_LOOP('',(#8555,#8556,#8557,#8558));
#1131=EDGE_LOOP('',(#8559,#8560,#8561,#8562));
#1132=EDGE_LOOP('',(#8563,#8564,#8565,#8566));
#1133=EDGE_LOOP('',(#8567,#8568,#8569,#8570));
#1134=EDGE_LOOP('',(#8571,#8572,#8573,#8574));
#1135=EDGE_LOOP('',(#8575,#8576,#8577,#8578));
#1136=EDGE_LOOP('',(#8579,#8580,#8581,#8582));
#1137=EDGE_LOOP('',(#8583,#8584,#8585,#8586));
#1138=EDGE_LOOP('',(#8587,#8588,#8589,#8590));
#1139=EDGE_LOOP('',(#8591,#8592,#8593,#8594));
#1140=EDGE_LOOP('',(#8595,#8596,#8597,#8598));
#1141=EDGE_LOOP('',(#8599,#8600,#8601,#8602));
#1142=EDGE_LOOP('',(#8603,#8604,#8605,#8606));
#1143=EDGE_LOOP('',(#8607,#8608,#8609,#8610));
#1144=EDGE_LOOP('',(#8611,#8612,#8613,#8614));
#1145=EDGE_LOOP('',(#8615,#8616,#8617,#8618));
#1146=EDGE_LOOP('',(#8619,#8620,#8621,#8622));
#1147=EDGE_LOOP('',(#8623,#8624,#8625,#8626));
#1148=EDGE_LOOP('',(#8627,#8628,#8629,#8630));
#1149=EDGE_LOOP('',(#8631,#8632,#8633,#8634));
#1150=EDGE_LOOP('',(#8635,#8636,#8637,#8638));
#1151=EDGE_LOOP('',(#8639,#8640,#8641,#8642));
#1152=EDGE_LOOP('',(#8643,#8644,#8645,#8646));
#1153=EDGE_LOOP('',(#8647,#8648,#8649,#8650));
#1154=EDGE_LOOP('',(#8651,#8652,#8653,#8654));
#1155=EDGE_LOOP('',(#8655,#8656,#8657,#8658));
#1156=EDGE_LOOP('',(#8659,#8660,#8661,#8662));
#1157=EDGE_LOOP('',(#8663,#8664,#8665,#8666));
#1158=EDGE_LOOP('',(#8667,#8668,#8669,#8670));
#1159=EDGE_LOOP('',(#8671,#8672,#8673,#8674));
#1160=EDGE_LOOP('',(#8675,#8676,#8677,#8678));
#1161=EDGE_LOOP('',(#8679,#8680,#8681,#8682));
#1162=EDGE_LOOP('',(#8683,#8684,#8685,#8686));
#1163=EDGE_LOOP('',(#8687,#8688,#8689,#8690));
#1164=EDGE_LOOP('',(#8691,#8692,#8693,#8694));
#1165=EDGE_LOOP('',(#8695,#8696,#8697,#8698));
#1166=EDGE_LOOP('',(#8699,#8700,#8701,#8702));
#1167=EDGE_LOOP('',(#8703,#8704,#8705,#8706));
#1168=EDGE_LOOP('',(#8707,#8708,#8709,#8710));
#1169=EDGE_LOOP('',(#8711,#8712,#8713,#8714));
#1170=EDGE_LOOP('',(#8715,#8716,#8717,#8718));
#1171=EDGE_LOOP('',(#8719,#8720,#8721,#8722));
#1172=EDGE_LOOP('',(#8723,#8724,#8725,#8726));
#1173=EDGE_LOOP('',(#8727,#8728,#8729,#8730));
#1174=EDGE_LOOP('',(#8731,#8732,#8733,#8734));
#1175=EDGE_LOOP('',(#8735,#8736,#8737,#8738));
#1176=EDGE_LOOP('',(#8739,#8740,#8741,#8742));
#1177=EDGE_LOOP('',(#8743,#8744,#8745,#8746));
#1178=EDGE_LOOP('',(#8747,#8748,#8749,#8750));
#1179=EDGE_LOOP('',(#8751,#8752,#8753,#8754));
#1180=EDGE_LOOP('',(#8755,#8756,#8757,#8758));
#1181=EDGE_LOOP('',(#8759,#8760,#8761,#8762));
#1182=EDGE_LOOP('',(#8763,#8764,#8765,#8766));
#1183=EDGE_LOOP('',(#8767,#8768,#8769,#8770));
#1184=EDGE_LOOP('',(#8771,#8772,#8773,#8774));
#1185=EDGE_LOOP('',(#8775,#8776,#8777,#8778));
#1186=EDGE_LOOP('',(#8779,#8780,#8781,#8782));
#1187=EDGE_LOOP('',(#8783,#8784,#8785,#8786));
#1188=EDGE_LOOP('',(#8787,#8788,#8789,#8790));
#1189=EDGE_LOOP('',(#8791,#8792,#8793,#8794));
#1190=EDGE_LOOP('',(#8795,#8796,#8797,#8798));
#1191=EDGE_LOOP('',(#8799,#8800,#8801,#8802));
#1192=EDGE_LOOP('',(#8803,#8804,#8805,#8806));
#1193=EDGE_LOOP('',(#8807,#8808,#8809,#8810));
#1194=EDGE_LOOP('',(#8811,#8812,#8813,#8814));
#1195=EDGE_LOOP('',(#8815,#8816,#8817,#8818));
#1196=EDGE_LOOP('',(#8819,#8820,#8821,#8822));
#1197=EDGE_LOOP('',(#8823,#8824,#8825,#8826));
#1198=EDGE_LOOP('',(#8827,#8828,#8829,#8830));
#1199=EDGE_LOOP('',(#8831,#8832,#8833,#8834));
#1200=EDGE_LOOP('',(#8835,#8836,#8837,#8838));
#1201=EDGE_LOOP('',(#8839,#8840,#8841,#8842));
#1202=EDGE_LOOP('',(#8843,#8844,#8845,#8846));
#1203=EDGE_LOOP('',(#8847,#8848,#8849,#8850));
#1204=EDGE_LOOP('',(#8851,#8852,#8853,#8854));
#1205=EDGE_LOOP('',(#8855,#8856,#8857,#8858));
#1206=EDGE_LOOP('',(#8859,#8860,#8861,#8862));
#1207=EDGE_LOOP('',(#8863,#8864,#8865,#8866));
#1208=EDGE_LOOP('',(#8867,#8868,#8869,#8870));
#1209=EDGE_LOOP('',(#8871,#8872,#8873,#8874));
#1210=EDGE_LOOP('',(#8875,#8876,#8877,#8878));
#1211=EDGE_LOOP('',(#8879,#8880,#8881,#8882));
#1212=EDGE_LOOP('',(#8883,#8884,#8885,#8886));
#1213=EDGE_LOOP('',(#8887,#8888,#8889,#8890));
#1214=EDGE_LOOP('',(#8891,#8892,#8893,#8894));
#1215=EDGE_LOOP('',(#8895,#8896,#8897,#8898));
#1216=EDGE_LOOP('',(#8899,#8900,#8901,#8902));
#1217=EDGE_LOOP('',(#8903,#8904,#8905,#8906));
#1218=EDGE_LOOP('',(#8907,#8908,#8909,#8910));
#1219=EDGE_LOOP('',(#8911,#8912,#8913,#8914));
#1220=EDGE_LOOP('',(#8915,#8916,#8917,#8918));
#1221=EDGE_LOOP('',(#8919,#8920,#8921,#8922));
#1222=EDGE_LOOP('',(#8923,#8924,#8925,#8926));
#1223=EDGE_LOOP('',(#8927,#8928,#8929,#8930));
#1224=EDGE_LOOP('',(#8931,#8932,#8933,#8934));
#1225=EDGE_LOOP('',(#8935,#8936,#8937,#8938));
#1226=EDGE_LOOP('',(#8939,#8940,#8941,#8942));
#1227=EDGE_LOOP('',(#8943,#8944,#8945,#8946));
#1228=EDGE_LOOP('',(#8947,#8948,#8949,#8950));
#1229=EDGE_LOOP('',(#8951,#8952,#8953,#8954));
#1230=EDGE_LOOP('',(#8955,#8956,#8957,#8958));
#1231=EDGE_LOOP('',(#8959,#8960,#8961,#8962));
#1232=EDGE_LOOP('',(#8963,#8964,#8965,#8966));
#1233=EDGE_LOOP('',(#8967,#8968,#8969,#8970));
#1234=EDGE_LOOP('',(#8971,#8972,#8973,#8974));
#1235=EDGE_LOOP('',(#8975,#8976,#8977,#8978));
#1236=EDGE_LOOP('',(#8979,#8980,#8981,#8982));
#1237=EDGE_LOOP('',(#8983,#8984,#8985,#8986));
#1238=EDGE_LOOP('',(#8987,#8988,#8989,#8990));
#1239=EDGE_LOOP('',(#8991,#8992,#8993,#8994));
#1240=EDGE_LOOP('',(#8995,#8996,#8997,#8998));
#1241=EDGE_LOOP('',(#8999,#9000,#9001,#9002));
#1242=EDGE_LOOP('',(#9003,#9004,#9005,#9006));
#1243=EDGE_LOOP('',(#9007,#9008,#9009,#9010));
#1244=EDGE_LOOP('',(#9011,#9012,#9013,#9014));
#1245=EDGE_LOOP('',(#9015,#9016,#9017,#9018));
#1246=EDGE_LOOP('',(#9019,#9020,#9021,#9022));
#1247=EDGE_LOOP('',(#9023,#9024,#9025,#9026));
#1248=EDGE_LOOP('',(#9027,#9028,#9029,#9030));
#1249=EDGE_LOOP('',(#9031,#9032,#9033,#9034));
#1250=EDGE_LOOP('',(#9035,#9036,#9037,#9038));
#1251=EDGE_LOOP('',(#9039,#9040,#9041,#9042));
#1252=EDGE_LOOP('',(#9043,#9044,#9045,#9046));
#1253=EDGE_LOOP('',(#9047,#9048,#9049,#9050));
#1254=EDGE_LOOP('',(#9051,#9052,#9053,#9054));
#1255=EDGE_LOOP('',(#9055,#9056,#9057,#9058));
#1256=EDGE_LOOP('',(#9059,#9060,#9061,#9062));
#1257=EDGE_LOOP('',(#9063,#9064,#9065,#9066));
#1258=EDGE_LOOP('',(#9067,#9068,#9069,#9070));
#1259=EDGE_LOOP('',(#9071,#9072,#9073,#9074));
#1260=EDGE_LOOP('',(#9075,#9076,#9077,#9078));
#1261=EDGE_LOOP('',(#9079,#9080,#9081,#9082));
#1262=EDGE_LOOP('',(#9083,#9084,#9085,#9086));
#1263=EDGE_LOOP('',(#9087,#9088,#9089,#9090));
#1264=EDGE_LOOP('',(#9091,#9092,#9093,#9094));
#1265=EDGE_LOOP('',(#9095,#9096,#9097,#9098));
#1266=EDGE_LOOP('',(#9099,#9100,#9101,#9102));
#1267=EDGE_LOOP('',(#9103,#9104,#9105,#9106));
#1268=EDGE_LOOP('',(#9107,#9108,#9109,#9110));
#1269=EDGE_LOOP('',(#9111,#9112,#9113,#9114));
#1270=EDGE_LOOP('',(#9115,#9116,#9117,#9118));
#1271=EDGE_LOOP('',(#9119,#9120,#9121,#9122));
#1272=EDGE_LOOP('',(#9123,#9124,#9125,#9126));
#1273=EDGE_LOOP('',(#9127,#9128,#9129,#9130));
#1274=EDGE_LOOP('',(#9131,#9132,#9133,#9134));
#1275=EDGE_LOOP('',(#9135,#9136,#9137,#9138));
#1276=EDGE_LOOP('',(#9139,#9140,#9141,#9142));
#1277=EDGE_LOOP('',(#9143,#9144,#9145,#9146));
#1278=EDGE_LOOP('',(#9147,#9148,#9149,#9150));
#1279=EDGE_LOOP('',(#9151,#9152,#9153,#9154));
#1280=EDGE_LOOP('',(#9155,#9156,#9157,#9158));
#1281=EDGE_LOOP('',(#9159,#9160,#9161,#9162));
#1282=EDGE_LOOP('',(#9163,#9164,#9165,#9166));
#1283=EDGE_LOOP('',(#9167,#9168,#9169,#9170));
#1284=EDGE_LOOP('',(#9171,#9172,#9173,#9174));
#1285=EDGE_LOOP('',(#9175,#9176,#9177,#9178));
#1286=EDGE_LOOP('',(#9179,#9180,#9181,#9182));
#1287=EDGE_LOOP('',(#9183,#9184,#9185,#9186));
#1288=EDGE_LOOP('',(#9187,#9188,#9189,#9190));
#1289=EDGE_LOOP('',(#9191,#9192,#9193,#9194));
#1290=EDGE_LOOP('',(#9195,#9196,#9197,#9198));
#1291=EDGE_LOOP('',(#9199,#9200,#9201,#9202));
#1292=EDGE_LOOP('',(#9203,#9204,#9205,#9206));
#1293=EDGE_LOOP('',(#9207,#9208,#9209,#9210));
#1294=EDGE_LOOP('',(#9211,#9212,#9213,#9214));
#1295=EDGE_LOOP('',(#9215,#9216,#9217,#9218));
#1296=EDGE_LOOP('',(#9219,#9220,#9221,#9222));
#1297=EDGE_LOOP('',(#9223,#9224,#9225,#9226));
#1298=EDGE_LOOP('',(#9227,#9228,#9229,#9230));
#1299=EDGE_LOOP('',(#9231,#9232,#9233,#9234));
#1300=EDGE_LOOP('',(#9235,#9236,#9237,#9238));
#1301=EDGE_LOOP('',(#9239,#9240,#9241,#9242));
#1302=EDGE_LOOP('',(#9243,#9244,#9245,#9246));
#1303=EDGE_LOOP('',(#9247,#9248,#9249,#9250));
#1304=EDGE_LOOP('',(#9251,#9252,#9253,#9254));
#1305=EDGE_LOOP('',(#9255,#9256,#9257,#9258));
#1306=EDGE_LOOP('',(#9259,#9260,#9261,#9262));
#1307=EDGE_LOOP('',(#9263,#9264,#9265,#9266));
#1308=EDGE_LOOP('',(#9267,#9268,#9269,#9270));
#1309=EDGE_LOOP('',(#9271,#9272,#9273,#9274));
#1310=EDGE_LOOP('',(#9275,#9276,#9277,#9278));
#1311=EDGE_LOOP('',(#9279,#9280,#9281,#9282));
#1312=EDGE_LOOP('',(#9283,#9284,#9285,#9286));
#1313=EDGE_LOOP('',(#9287,#9288,#9289,#9290));
#1314=EDGE_LOOP('',(#9291,#9292,#9293,#9294));
#1315=EDGE_LOOP('',(#9295,#9296,#9297,#9298));
#1316=EDGE_LOOP('',(#9299,#9300,#9301,#9302));
#1317=EDGE_LOOP('',(#9303,#9304,#9305,#9306));
#1318=EDGE_LOOP('',(#9307,#9308,#9309,#9310));
#1319=EDGE_LOOP('',(#9311,#9312,#9313,#9314));
#1320=EDGE_LOOP('',(#9315,#9316,#9317,#9318));
#1321=EDGE_LOOP('',(#9319,#9320,#9321,#9322));
#1322=EDGE_LOOP('',(#9323,#9324,#9325,#9326));
#1323=EDGE_LOOP('',(#9327,#9328,#9329,#9330));
#1324=EDGE_LOOP('',(#9331,#9332,#9333,#9334));
#1325=EDGE_LOOP('',(#9335,#9336,#9337,#9338));
#1326=EDGE_LOOP('',(#9339,#9340,#9341,#9342));
#1327=EDGE_LOOP('',(#9343,#9344,#9345,#9346));
#1328=EDGE_LOOP('',(#9347,#9348,#9349,#9350));
#1329=EDGE_LOOP('',(#9351,#9352,#9353,#9354));
#1330=EDGE_LOOP('',(#9355,#9356,#9357,#9358));
#1331=EDGE_LOOP('',(#9359,#9360,#9361,#9362));
#1332=EDGE_LOOP('',(#9363,#9364,#9365,#9366));
#1333=EDGE_LOOP('',(#9367,#9368,#9369,#9370));
#1334=EDGE_LOOP('',(#9371,#9372,#9373,#9374));
#1335=EDGE_LOOP('',(#9375,#9376,#9377,#9378));
#1336=EDGE_LOOP('',(#9379,#9380,#9381,#9382));
#1337=EDGE_LOOP('',(#9383,#9384,#9385,#9386));
#1338=EDGE_LOOP('',(#9387,#9388,#9389,#9390));
#1339=EDGE_LOOP('',(#9391,#9392,#9393,#9394));
#1340=EDGE_LOOP('',(#9395,#9396,#9397,#9398));
#1341=EDGE_LOOP('',(#9399,#9400,#9401,#9402));
#1342=EDGE_LOOP('',(#9403,#9404,#9405,#9406));
#1343=EDGE_LOOP('',(#9407,#9408,#9409,#9410));
#1344=EDGE_LOOP('',(#9411,#9412,#9413,#9414));
#1345=EDGE_LOOP('',(#9415,#9416,#9417,#9418));
#1346=EDGE_LOOP('',(#9419,#9420,#9421,#9422));
#1347=EDGE_LOOP('',(#9423,#9424,#9425,#9426));
#1348=EDGE_LOOP('',(#9427,#9428,#9429,#9430));
#1349=EDGE_LOOP('',(#9431,#9432,#9433,#9434));
#1350=EDGE_LOOP('',(#9435,#9436,#9437,#9438));
#1351=EDGE_LOOP('',(#9439,#9440,#9441,#9442));
#1352=EDGE_LOOP('',(#9443,#9444,#9445,#9446));
#1353=EDGE_LOOP('',(#9447,#9448,#9449,#9450));
#1354=EDGE_LOOP('',(#9451,#9452,#9453,#9454));
#1355=EDGE_LOOP('',(#9455,#9456,#9457,#9458));
#1356=EDGE_LOOP('',(#9459,#9460,#9461,#9462));
#1357=EDGE_LOOP('',(#9463,#9464,#9465,#9466));
#1358=EDGE_LOOP('',(#9467,#9468,#9469,#9470));
#1359=EDGE_LOOP('',(#9471,#9472,#9473,#9474));
#1360=EDGE_LOOP('',(#9475,#9476,#9477,#9478));
#1361=EDGE_LOOP('',(#9479,#9480,#9481,#9482));
#1362=EDGE_LOOP('',(#9483,#9484,#9485,#9486));
#1363=EDGE_LOOP('',(#9487,#9488,#9489,#9490));
#1364=EDGE_LOOP('',(#9491,#9492,#9493,#9494));
#1365=EDGE_LOOP('',(#9495,#9496,#9497,#9498));
#1366=EDGE_LOOP('',(#9499,#9500,#9501,#9502));
#1367=EDGE_LOOP('',(#9503,#9504,#9505,#9506));
#1368=EDGE_LOOP('',(#9507,#9508,#9509,#9510));
#1369=EDGE_LOOP('',(#9511,#9512,#9513,#9514));
#1370=EDGE_LOOP('',(#9515,#9516,#9517,#9518));
#1371=EDGE_LOOP('',(#9519,#9520,#9521,#9522));
#1372=EDGE_LOOP('',(#9523,#9524,#9525,#9526));
#1373=EDGE_LOOP('',(#9527,#9528,#9529,#9530));
#1374=EDGE_LOOP('',(#9531,#9532,#9533,#9534));
#1375=EDGE_LOOP('',(#9535,#9536,#9537,#9538));
#1376=EDGE_LOOP('',(#9539,#9540,#9541,#9542));
#1377=EDGE_LOOP('',(#9543,#9544,#9545,#9546));
#1378=EDGE_LOOP('',(#9547,#9548,#9549,#9550));
#1379=EDGE_LOOP('',(#9551,#9552,#9553,#9554));
#1380=EDGE_LOOP('',(#9555,#9556,#9557,#9558));
#1381=EDGE_LOOP('',(#9559,#9560,#9561,#9562));
#1382=EDGE_LOOP('',(#9563,#9564,#9565,#9566));
#1383=EDGE_LOOP('',(#9567,#9568,#9569,#9570));
#1384=EDGE_LOOP('',(#9571,#9572,#9573,#9574));
#1385=EDGE_LOOP('',(#9575,#9576,#9577,#9578));
#1386=EDGE_LOOP('',(#9579,#9580,#9581,#9582));
#1387=EDGE_LOOP('',(#9583,#9584,#9585,#9586));
#1388=EDGE_LOOP('',(#9587,#9588,#9589,#9590));
#1389=EDGE_LOOP('',(#9591,#9592,#9593,#9594));
#1390=EDGE_LOOP('',(#9595,#9596,#9597,#9598));
#1391=EDGE_LOOP('',(#9599,#9600,#9601,#9602));
#1392=EDGE_LOOP('',(#9603,#9604,#9605,#9606));
#1393=EDGE_LOOP('',(#9607,#9608,#9609,#9610));
#1394=EDGE_LOOP('',(#9611,#9612,#9613,#9614));
#1395=EDGE_LOOP('',(#9615,#9616,#9617,#9618));
#1396=EDGE_LOOP('',(#9619,#9620,#9621,#9622));
#1397=EDGE_LOOP('',(#9623,#9624,#9625,#9626));
#1398=EDGE_LOOP('',(#9627,#9628,#9629,#9630));
#1399=EDGE_LOOP('',(#9631,#9632,#9633,#9634));
#1400=EDGE_LOOP('',(#9635,#9636,#9637,#9638));
#1401=EDGE_LOOP('',(#9639,#9640,#9641,#9642));
#1402=EDGE_LOOP('',(#9643,#9644,#9645,#9646));
#1403=EDGE_LOOP('',(#9647,#9648,#9649,#9650));
#1404=EDGE_LOOP('',(#9651,#9652,#9653,#9654));
#1405=EDGE_LOOP('',(#9655,#9656,#9657,#9658));
#1406=EDGE_LOOP('',(#9659,#9660,#9661,#9662));
#1407=EDGE_LOOP('',(#9663,#9664,#9665,#9666));
#1408=EDGE_LOOP('',(#9667,#9668,#9669,#9670));
#1409=EDGE_LOOP('',(#9671,#9672,#9673,#9674));
#1410=EDGE_LOOP('',(#9675,#9676,#9677,#9678));
#1411=EDGE_LOOP('',(#9679,#9680,#9681,#9682));
#1412=EDGE_LOOP('',(#9683,#9684,#9685,#9686));
#1413=EDGE_LOOP('',(#9687,#9688,#9689,#9690));
#1414=EDGE_LOOP('',(#9691,#9692,#9693,#9694));
#1415=EDGE_LOOP('',(#9695,#9696,#9697,#9698));
#1416=EDGE_LOOP('',(#9699,#9700,#9701,#9702));
#1417=EDGE_LOOP('',(#9703,#9704,#9705,#9706));
#1418=EDGE_LOOP('',(#9707,#9708,#9709,#9710));
#1419=EDGE_LOOP('',(#9711,#9712,#9713,#9714));
#1420=EDGE_LOOP('',(#9715,#9716,#9717,#9718));
#1421=EDGE_LOOP('',(#9719,#9720,#9721,#9722));
#1422=EDGE_LOOP('',(#9723,#9724,#9725,#9726));
#1423=EDGE_LOOP('',(#9727,#9728,#9729,#9730));
#1424=EDGE_LOOP('',(#9731,#9732,#9733,#9734));
#1425=EDGE_LOOP('',(#9735,#9736,#9737,#9738));
#1426=EDGE_LOOP('',(#9739,#9740,#9741,#9742));
#1427=EDGE_LOOP('',(#9743,#9744,#9745,#9746));
#1428=EDGE_LOOP('',(#9747,#9748,#9749,#9750));
#1429=EDGE_LOOP('',(#9751,#9752,#9753,#9754));
#1430=EDGE_LOOP('',(#9755,#9756,#9757,#9758));
#1431=EDGE_LOOP('',(#9759,#9760,#9761,#9762));
#1432=EDGE_LOOP('',(#9763,#9764,#9765,#9766));
#1433=EDGE_LOOP('',(#9767,#9768,#9769,#9770));
#1434=EDGE_LOOP('',(#9771,#9772,#9773,#9774));
#1435=EDGE_LOOP('',(#9775,#9776,#9777,#9778));
#1436=EDGE_LOOP('',(#9779,#9780,#9781,#9782));
#1437=EDGE_LOOP('',(#9783,#9784,#9785,#9786));
#1438=EDGE_LOOP('',(#9787,#9788,#9789,#9790));
#1439=EDGE_LOOP('',(#9791,#9792,#9793,#9794));
#1440=EDGE_LOOP('',(#9795,#9796,#9797,#9798));
#1441=EDGE_LOOP('',(#9799,#9800,#9801,#9802));
#1442=EDGE_LOOP('',(#9803,#9804,#9805,#9806));
#1443=EDGE_LOOP('',(#9807,#9808,#9809,#9810));
#1444=EDGE_LOOP('',(#9811,#9812,#9813,#9814));
#1445=EDGE_LOOP('',(#9815,#9816,#9817,#9818));
#1446=EDGE_LOOP('',(#9819,#9820,#9821,#9822));
#1447=EDGE_LOOP('',(#9823,#9824,#9825,#9826));
#1448=EDGE_LOOP('',(#9827,#9828,#9829,#9830));
#1449=EDGE_LOOP('',(#9831,#9832,#9833,#9834));
#1450=EDGE_LOOP('',(#9835,#9836,#9837,#9838));
#1451=EDGE_LOOP('',(#9839,#9840,#9841,#9842));
#1452=EDGE_LOOP('',(#9843,#9844,#9845,#9846));
#1453=EDGE_LOOP('',(#9847,#9848,#9849,#9850));
#1454=EDGE_LOOP('',(#9851,#9852,#9853,#9854));
#1455=EDGE_LOOP('',(#9855,#9856,#9857,#9858));
#1456=EDGE_LOOP('',(#9859,#9860,#9861,#9862));
#1457=EDGE_LOOP('',(#9863,#9864,#9865,#9866));
#1458=EDGE_LOOP('',(#9867,#9868,#9869,#9870));
#1459=EDGE_LOOP('',(#9871,#9872,#9873,#9874));
#1460=EDGE_LOOP('',(#9875,#9876,#9877,#9878));
#1461=EDGE_LOOP('',(#9879,#9880,#9881,#9882));
#1462=EDGE_LOOP('',(#9883,#9884,#9885,#9886));
#1463=EDGE_LOOP('',(#9887,#9888,#9889,#9890));
#1464=EDGE_LOOP('',(#9891,#9892,#9893,#9894));
#1465=EDGE_LOOP('',(#9895,#9896,#9897,#9898));
#1466=EDGE_LOOP('',(#9899,#9900,#9901,#9902));
#1467=EDGE_LOOP('',(#9903,#9904,#9905,#9906));
#1468=EDGE_LOOP('',(#9907,#9908,#9909,#9910));
#1469=EDGE_LOOP('',(#9911,#9912,#9913,#9914));
#1470=EDGE_LOOP('',(#9915,#9916,#9917,#9918));
#1471=EDGE_LOOP('',(#9919,#9920,#9921,#9922));
#1472=EDGE_LOOP('',(#9923,#9924,#9925,#9926));
#1473=EDGE_LOOP('',(#9927,#9928,#9929,#9930));
#1474=EDGE_LOOP('',(#9931,#9932,#9933,#9934));
#1475=EDGE_LOOP('',(#9935,#9936,#9937,#9938));
#1476=EDGE_LOOP('',(#9939,#9940,#9941,#9942));
#1477=EDGE_LOOP('',(#9943,#9944,#9945,#9946));
#1478=EDGE_LOOP('',(#9947,#9948,#9949,#9950));
#1479=EDGE_LOOP('',(#9951,#9952,#9953,#9954));
#1480=EDGE_LOOP('',(#9955,#9956,#9957,#9958));
#1481=EDGE_LOOP('',(#9959,#9960,#9961,#9962));
#1482=EDGE_LOOP('',(#9963,#9964,#9965,#9966));
#1483=EDGE_LOOP('',(#9967,#9968,#9969,#9970));
#1484=EDGE_LOOP('',(#9971,#9972,#9973,#9974));
#1485=EDGE_LOOP('',(#9975,#9976,#9977,#9978));
#1486=EDGE_LOOP('',(#9979,#9980,#9981,#9982));
#1487=EDGE_LOOP('',(#9983,#9984,#9985,#9986));
#1488=EDGE_LOOP('',(#9987,#9988,#9989,#9990));
#1489=EDGE_LOOP('',(#9991,#9992,#9993,#9994));
#1490=EDGE_LOOP('',(#9995,#9996,#9997,#9998));
#1491=EDGE_LOOP('',(#9999,#10000,#10001,#10002));
#1492=EDGE_LOOP('',(#10003,#10004,#10005,#10006));
#1493=EDGE_LOOP('',(#10007,#10008,#10009,#10010));
#1494=EDGE_LOOP('',(#10011,#10012,#10013,#10014));
#1495=EDGE_LOOP('',(#10015,#10016,#10017,#10018));
#1496=EDGE_LOOP('',(#10019,#10020,#10021,#10022));
#1497=EDGE_LOOP('',(#10023,#10024,#10025,#10026));
#1498=EDGE_LOOP('',(#10027,#10028,#10029,#10030));
#1499=EDGE_LOOP('',(#10031,#10032,#10033,#10034));
#1500=EDGE_LOOP('',(#10035,#10036,#10037,#10038));
#1501=EDGE_LOOP('',(#10039,#10040,#10041,#10042));
#1502=EDGE_LOOP('',(#10043,#10044,#10045,#10046));
#1503=EDGE_LOOP('',(#10047,#10048,#10049,#10050));
#1504=EDGE_LOOP('',(#10051,#10052,#10053,#10054));
#1505=EDGE_LOOP('',(#10055,#10056,#10057,#10058));
#1506=EDGE_LOOP('',(#10059,#10060,#10061,#10062));
#1507=EDGE_LOOP('',(#10063,#10064,#10065,#10066));
#1508=EDGE_LOOP('',(#10067,#10068,#10069,#10070));
#1509=EDGE_LOOP('',(#10071,#10072,#10073,#10074));
#1510=EDGE_LOOP('',(#10075,#10076,#10077,#10078));
#1511=EDGE_LOOP('',(#10079,#10080,#10081,#10082));
#1512=EDGE_LOOP('',(#10083,#10084,#10085,#10086));
#1513=EDGE_LOOP('',(#10087,#10088,#10089,#10090));
#1514=EDGE_LOOP('',(#10091,#10092,#10093,#10094));
#1515=EDGE_LOOP('',(#10095,#10096,#10097,#10098));
#1516=EDGE_LOOP('',(#10099,#10100,#10101,#10102));
#1517=EDGE_LOOP('',(#10103,#10104,#10105,#10106));
#1518=EDGE_LOOP('',(#10107,#10108,#10109,#10110));
#1519=EDGE_LOOP('',(#10111,#10112,#10113,#10114));
#1520=EDGE_LOOP('',(#10115,#10116,#10117,#10118));
#1521=EDGE_LOOP('',(#10119,#10120,#10121,#10122));
#1522=EDGE_LOOP('',(#10123,#10124,#10125,#10126));
#1523=EDGE_LOOP('',(#10127,#10128,#10129,#10130));
#1524=EDGE_LOOP('',(#10131,#10132,#10133,#10134));
#1525=EDGE_LOOP('',(#10135,#10136,#10137,#10138));
#1526=EDGE_LOOP('',(#10139,#10140,#10141,#10142));
#1527=EDGE_LOOP('',(#10143,#10144,#10145,#10146));
#1528=EDGE_LOOP('',(#10147,#10148,#10149,#10150));
#1529=EDGE_LOOP('',(#10151,#10152,#10153,#10154));
#1530=EDGE_LOOP('',(#10155,#10156,#10157,#10158));
#1531=EDGE_LOOP('',(#10159,#10160,#10161,#10162));
#1532=EDGE_LOOP('',(#10163,#10164,#10165,#10166));
#1533=EDGE_LOOP('',(#10167,#10168,#10169,#10170));
#1534=EDGE_LOOP('',(#10171,#10172,#10173,#10174));
#1535=EDGE_LOOP('',(#10175,#10176,#10177,#10178));
#1536=EDGE_LOOP('',(#10179,#10180,#10181,#10182));
#1537=EDGE_LOOP('',(#10183,#10184,#10185,#10186));
#1538=EDGE_LOOP('',(#10187,#10188,#10189,#10190));
#1539=EDGE_LOOP('',(#10191,#10192,#10193,#10194));
#1540=EDGE_LOOP('',(#10195,#10196,#10197,#10198));
#1541=EDGE_LOOP('',(#10199,#10200,#10201,#10202));
#1542=EDGE_LOOP('',(#10203,#10204,#10205,#10206));
#1543=EDGE_LOOP('',(#10207,#10208,#10209,#10210));
#1544=EDGE_LOOP('',(#10211,#10212,#10213,#10214));
#1545=EDGE_LOOP('',(#10215,#10216,#10217,#10218));
#1546=EDGE_LOOP('',(#10219,#10220,#10221,#10222));
#1547=EDGE_LOOP('',(#10223,#10224,#10225,#10226));
#1548=EDGE_LOOP('',(#10227,#10228,#10229,#10230));
#1549=EDGE_LOOP('',(#10231,#10232,#10233,#10234));
#1550=EDGE_LOOP('',(#10235,#10236,#10237,#10238));
#1551=EDGE_LOOP('',(#10239,#10240,#10241,#10242));
#1552=EDGE_LOOP('',(#10243,#10244,#10245,#10246));
#1553=EDGE_LOOP('',(#10247,#10248,#10249,#10250));
#1554=EDGE_LOOP('',(#10251,#10252,#10253,#10254));
#1555=EDGE_LOOP('',(#10255,#10256,#10257,#10258));
#1556=EDGE_LOOP('',(#10259,#10260,#10261,#10262));
#1557=EDGE_LOOP('',(#10263,#10264,#10265,#10266));
#1558=EDGE_LOOP('',(#10267,#10268,#10269,#10270));
#1559=EDGE_LOOP('',(#10271,#10272,#10273,#10274));
#1560=EDGE_LOOP('',(#10275,#10276,#10277,#10278));
#1561=EDGE_LOOP('',(#10279,#10280,#10281,#10282));
#1562=EDGE_LOOP('',(#10283,#10284,#10285,#10286));
#1563=EDGE_LOOP('',(#10287,#10288,#10289,#10290));
#1564=EDGE_LOOP('',(#10291,#10292,#10293,#10294));
#1565=EDGE_LOOP('',(#10295,#10296,#10297,#10298));
#1566=EDGE_LOOP('',(#10299,#10300,#10301,#10302));
#1567=EDGE_LOOP('',(#10303,#10304,#10305,#10306));
#1568=EDGE_LOOP('',(#10307,#10308,#10309,#10310));
#1569=EDGE_LOOP('',(#10311,#10312,#10313,#10314));
#1570=EDGE_LOOP('',(#10315,#10316,#10317,#10318));
#1571=EDGE_LOOP('',(#10319,#10320,#10321,#10322));
#1572=EDGE_LOOP('',(#10323,#10324,#10325,#10326));
#1573=EDGE_LOOP('',(#10327,#10328,#10329,#10330));
#1574=EDGE_LOOP('',(#10331,#10332,#10333,#10334));
#1575=EDGE_LOOP('',(#10335,#10336,#10337,#10338));
#1576=EDGE_LOOP('',(#10339,#10340,#10341,#10342));
#1577=EDGE_LOOP('',(#10343,#10344,#10345,#10346));
#1578=EDGE_LOOP('',(#10347,#10348,#10349,#10350));
#1579=EDGE_LOOP('',(#10351,#10352,#10353,#10354));
#1580=EDGE_LOOP('',(#10355,#10356,#10357,#10358));
#1581=EDGE_LOOP('',(#10359,#10360,#10361,#10362));
#1582=EDGE_LOOP('',(#10363,#10364,#10365,#10366));
#1583=EDGE_LOOP('',(#10367,#10368,#10369,#10370));
#1584=EDGE_LOOP('',(#10371,#10372,#10373,#10374));
#1585=EDGE_LOOP('',(#10375,#10376,#10377,#10378));
#1586=EDGE_LOOP('',(#10379,#10380,#10381,#10382));
#1587=EDGE_LOOP('',(#10383,#10384,#10385,#10386));
#1588=EDGE_LOOP('',(#10387,#10388,#10389,#10390));
#1589=EDGE_LOOP('',(#10391,#10392,#10393,#10394));
#1590=EDGE_LOOP('',(#10395,#10396,#10397,#10398));
#1591=EDGE_LOOP('',(#10399,#10400,#10401,#10402));
#1592=EDGE_LOOP('',(#10403,#10404,#10405,#10406));
#1593=EDGE_LOOP('',(#10407,#10408,#10409,#10410));
#1594=EDGE_LOOP('',(#10411,#10412,#10413,#10414));
#1595=EDGE_LOOP('',(#10415,#10416,#10417,#10418));
#1596=EDGE_LOOP('',(#10419,#10420,#10421,#10422));
#1597=EDGE_LOOP('',(#10423,#10424,#10425,#10426));
#1598=EDGE_LOOP('',(#10427,#10428,#10429,#10430));
#1599=EDGE_LOOP('',(#10431,#10432,#10433,#10434));
#1600=EDGE_LOOP('',(#10435,#10436,#10437,#10438));
#1601=EDGE_LOOP('',(#10439,#10440,#10441,#10442));
#1602=EDGE_LOOP('',(#10443,#10444,#10445,#10446));
#1603=EDGE_LOOP('',(#10447,#10448,#10449,#10450));
#1604=EDGE_LOOP('',(#10451,#10452,#10453,#10454));
#1605=EDGE_LOOP('',(#10455,#10456,#10457,#10458));
#1606=EDGE_LOOP('',(#10459,#10460,#10461,#10462));
#1607=EDGE_LOOP('',(#10463,#10464,#10465,#10466));
#1608=EDGE_LOOP('',(#10467,#10468,#10469,#10470));
#1609=EDGE_LOOP('',(#10471,#10472,#10473,#10474));
#1610=EDGE_LOOP('',(#10475,#10476,#10477,#10478));
#1611=EDGE_LOOP('',(#10479,#10480,#10481,#10482));
#1612=EDGE_LOOP('',(#10483,#10484,#10485,#10486));
#1613=EDGE_LOOP('',(#10487,#10488,#10489,#10490));
#1614=EDGE_LOOP('',(#10491,#10492,#10493,#10494));
#1615=EDGE_LOOP('',(#10495,#10496,#10497,#10498));
#1616=EDGE_LOOP('',(#10499,#10500,#10501,#10502));
#1617=EDGE_LOOP('',(#10503,#10504,#10505,#10506));
#1618=EDGE_LOOP('',(#10507,#10508,#10509,#10510));
#1619=EDGE_LOOP('',(#10511,#10512,#10513,#10514));
#1620=EDGE_LOOP('',(#10515,#10516,#10517,#10518));
#1621=EDGE_LOOP('',(#10519,#10520,#10521,#10522));
#1622=EDGE_LOOP('',(#10523,#10524,#10525,#10526));
#1623=EDGE_LOOP('',(#10527,#10528,#10529,#10530));
#1624=EDGE_LOOP('',(#10531,#10532,#10533,#10534));
#1625=EDGE_LOOP('',(#10535,#10536,#10537,#10538));
#1626=EDGE_LOOP('',(#10539,#10540,#10541,#10542));
#1627=EDGE_LOOP('',(#10543,#10544,#10545,#10546));
#1628=EDGE_LOOP('',(#10547,#10548,#10549,#10550));
#1629=EDGE_LOOP('',(#10551,#10552,#10553,#10554));
#1630=EDGE_LOOP('',(#10555,#10556,#10557,#10558));
#1631=EDGE_LOOP('',(#10559,#10560,#10561,#10562));
#1632=EDGE_LOOP('',(#10563,#10564,#10565,#10566));
#1633=EDGE_LOOP('',(#10567,#10568,#10569,#10570));
#1634=EDGE_LOOP('',(#10571,#10572,#10573,#10574));
#1635=EDGE_LOOP('',(#10575,#10576,#10577,#10578));
#1636=EDGE_LOOP('',(#10579,#10580,#10581,#10582));
#1637=EDGE_LOOP('',(#10583,#10584,#10585,#10586));
#1638=EDGE_LOOP('',(#10587,#10588,#10589,#10590));
#1639=EDGE_LOOP('',(#10591,#10592,#10593,#10594));
#1640=EDGE_LOOP('',(#10595,#10596,#10597,#10598));
#1641=EDGE_LOOP('',(#10599,#10600,#10601,#10602));
#1642=EDGE_LOOP('',(#10603,#10604,#10605,#10606));
#1643=EDGE_LOOP('',(#10607,#10608,#10609,#10610));
#1644=EDGE_LOOP('',(#10611,#10612,#10613,#10614));
#1645=EDGE_LOOP('',(#10615,#10616,#10617,#10618));
#1646=EDGE_LOOP('',(#10619,#10620,#10621,#10622));
#1647=EDGE_LOOP('',(#10623,#10624,#10625,#10626));
#1648=EDGE_LOOP('',(#10627,#10628,#10629,#10630));
#1649=EDGE_LOOP('',(#10631,#10632,#10633,#10634));
#1650=EDGE_LOOP('',(#10635,#10636,#10637,#10638));
#1651=EDGE_LOOP('',(#10639,#10640,#10641,#10642));
#1652=EDGE_LOOP('',(#10643,#10644,#10645,#10646));
#1653=EDGE_LOOP('',(#10647,#10648,#10649,#10650));
#1654=EDGE_LOOP('',(#10651,#10652,#10653,#10654));
#1655=EDGE_LOOP('',(#10655,#10656,#10657,#10658));
#1656=EDGE_LOOP('',(#10659,#10660,#10661,#10662));
#1657=EDGE_LOOP('',(#10663,#10664,#10665,#10666));
#1658=EDGE_LOOP('',(#10667,#10668,#10669,#10670));
#1659=EDGE_LOOP('',(#10671,#10672,#10673,#10674));
#1660=EDGE_LOOP('',(#10675,#10676,#10677,#10678));
#1661=EDGE_LOOP('',(#10679,#10680,#10681,#10682));
#1662=EDGE_LOOP('',(#10683,#10684,#10685,#10686));
#1663=EDGE_LOOP('',(#10687,#10688,#10689,#10690));
#1664=EDGE_LOOP('',(#10691,#10692,#10693,#10694));
#1665=EDGE_LOOP('',(#10695,#10696,#10697,#10698));
#1666=EDGE_LOOP('',(#10699,#10700,#10701,#10702));
#1667=EDGE_LOOP('',(#10703,#10704,#10705,#10706));
#1668=EDGE_LOOP('',(#10707,#10708,#10709,#10710));
#1669=EDGE_LOOP('',(#10711,#10712,#10713,#10714));
#1670=EDGE_LOOP('',(#10715,#10716,#10717,#10718));
#1671=EDGE_LOOP('',(#10719,#10720,#10721,#10722));
#1672=EDGE_LOOP('',(#10723,#10724,#10725,#10726));
#1673=EDGE_LOOP('',(#10727,#10728,#10729,#10730));
#1674=EDGE_LOOP('',(#10731,#10732,#10733,#10734));
#1675=EDGE_LOOP('',(#10735,#10736,#10737,#10738));
#1676=EDGE_LOOP('',(#10739,#10740,#10741,#10742));
#1677=EDGE_LOOP('',(#10743,#10744,#10745,#10746));
#1678=EDGE_LOOP('',(#10747,#10748,#10749,#10750));
#1679=EDGE_LOOP('',(#10751,#10752,#10753,#10754));
#1680=EDGE_LOOP('',(#10755,#10756,#10757,#10758));
#1681=EDGE_LOOP('',(#10759,#10760,#10761,#10762));
#1682=EDGE_LOOP('',(#10763,#10764,#10765,#10766));
#1683=EDGE_LOOP('',(#10767,#10768,#10769,#10770));
#1684=EDGE_LOOP('',(#10771,#10772,#10773,#10774));
#1685=EDGE_LOOP('',(#10775,#10776,#10777,#10778));
#1686=EDGE_LOOP('',(#10779,#10780,#10781,#10782));
#1687=EDGE_LOOP('',(#10783,#10784,#10785,#10786));
#1688=EDGE_LOOP('',(#10787,#10788,#10789,#10790));
#1689=EDGE_LOOP('',(#10791,#10792,#10793,#10794));
#1690=EDGE_LOOP('',(#10795,#10796,#10797,#10798));
#1691=EDGE_LOOP('',(#10799,#10800,#10801,#10802));
#1692=EDGE_LOOP('',(#10803,#10804,#10805,#10806));
#1693=EDGE_LOOP('',(#10807,#10808,#10809,#10810));
#1694=EDGE_LOOP('',(#10811,#10812,#10813,#10814));
#1695=EDGE_LOOP('',(#10815,#10816,#10817,#10818));
#1696=EDGE_LOOP('',(#10819,#10820,#10821,#10822));
#1697=EDGE_LOOP('',(#10823,#10824,#10825,#10826));
#1698=EDGE_LOOP('',(#10827,#10828,#10829,#10830));
#1699=EDGE_LOOP('',(#10831,#10832,#10833,#10834));
#1700=EDGE_LOOP('',(#10835,#10836,#10837,#10838));
#1701=EDGE_LOOP('',(#10839,#10840,#10841,#10842));
#1702=EDGE_LOOP('',(#10843,#10844,#10845,#10846));
#1703=EDGE_LOOP('',(#10847,#10848,#10849,#10850));
#1704=EDGE_LOOP('',(#10851,#10852,#10853,#10854));
#1705=EDGE_LOOP('',(#10855,#10856,#10857,#10858));
#1706=EDGE_LOOP('',(#10859,#10860,#10861,#10862));
#1707=EDGE_LOOP('',(#10863,#10864,#10865,#10866));
#1708=EDGE_LOOP('',(#10867,#10868,#10869,#10870));
#1709=EDGE_LOOP('',(#10871,#10872,#10873,#10874));
#1710=EDGE_LOOP('',(#10875,#10876,#10877,#10878));
#1711=EDGE_LOOP('',(#10879,#10880,#10881,#10882));
#1712=EDGE_LOOP('',(#10883,#10884,#10885,#10886));
#1713=EDGE_LOOP('',(#10887,#10888,#10889,#10890));
#1714=EDGE_LOOP('',(#10891,#10892,#10893,#10894));
#1715=EDGE_LOOP('',(#10895,#10896,#10897,#10898));
#1716=EDGE_LOOP('',(#10899,#10900,#10901,#10902));
#1717=EDGE_LOOP('',(#10903,#10904,#10905,#10906));
#1718=EDGE_LOOP('',(#10907,#10908,#10909,#10910));
#1719=EDGE_LOOP('',(#10911,#10912,#10913,#10914));
#1720=EDGE_LOOP('',(#10915,#10916,#10917,#10918));
#1721=EDGE_LOOP('',(#10919,#10920,#10921,#10922));
#1722=EDGE_LOOP('',(#10923,#10924,#10925,#10926));
#1723=EDGE_LOOP('',(#10927,#10928,#10929,#10930));
#1724=EDGE_LOOP('',(#10931,#10932,#10933,#10934));
#1725=EDGE_LOOP('',(#10935,#10936,#10937,#10938));
#1726=EDGE_LOOP('',(#10939,#10940,#10941,#10942));
#1727=EDGE_LOOP('',(#10943,#10944,#10945,#10946));
#1728=EDGE_LOOP('',(#10947,#10948,#10949,#10950));
#1729=EDGE_LOOP('',(#10951,#10952,#10953,#10954));
#1730=EDGE_LOOP('',(#10955,#10956,#10957,#10958));
#1731=EDGE_LOOP('',(#10959,#10960,#10961,#10962));
#1732=EDGE_LOOP('',(#10963,#10964,#10965,#10966));
#1733=EDGE_LOOP('',(#10967,#10968,#10969,#10970));
#1734=EDGE_LOOP('',(#10971,#10972,#10973,#10974));
#1735=EDGE_LOOP('',(#10975,#10976,#10977,#10978));
#1736=EDGE_LOOP('',(#10979,#10980,#10981,#10982));
#1737=EDGE_LOOP('',(#10983,#10984,#10985,#10986));
#1738=EDGE_LOOP('',(#10987,#10988,#10989,#10990));
#1739=EDGE_LOOP('',(#10991,#10992,#10993,#10994));
#1740=EDGE_LOOP('',(#10995,#10996,#10997,#10998));
#1741=EDGE_LOOP('',(#10999,#11000,#11001,#11002));
#1742=EDGE_LOOP('',(#11003,#11004,#11005,#11006));
#1743=EDGE_LOOP('',(#11007,#11008,#11009,#11010));
#1744=EDGE_LOOP('',(#11011,#11012,#11013,#11014));
#1745=EDGE_LOOP('',(#11015,#11016,#11017,#11018));
#1746=EDGE_LOOP('',(#11019,#11020,#11021,#11022));
#1747=EDGE_LOOP('',(#11023,#11024,#11025,#11026));
#1748=EDGE_LOOP('',(#11027,#11028,#11029,#11030));
#1749=EDGE_LOOP('',(#11031,#11032,#11033,#11034));
#1750=EDGE_LOOP('',(#11035,#11036,#11037,#11038));
#1751=EDGE_LOOP('',(#11039,#11040,#11041,#11042));
#1752=EDGE_LOOP('',(#11043,#11044,#11045,#11046));
#1753=EDGE_LOOP('',(#11047,#11048,#11049,#11050));
#1754=EDGE_LOOP('',(#11051,#11052,#11053,#11054));
#1755=EDGE_LOOP('',(#11055,#11056,#11057,#11058));
#1756=EDGE_LOOP('',(#11059,#11060,#11061,#11062));
#1757=EDGE_LOOP('',(#11063,#11064,#11065,#11066));
#1758=EDGE_LOOP('',(#11067,#11068,#11069,#11070));
#1759=EDGE_LOOP('',(#11071,#11072,#11073,#11074));
#1760=EDGE_LOOP('',(#11075,#11076,#11077,#11078));
#1761=EDGE_LOOP('',(#11079,#11080,#11081,#11082));
#1762=EDGE_LOOP('',(#11083,#11084,#11085,#11086));
#1763=EDGE_LOOP('',(#11087,#11088,#11089,#11090));
#1764=EDGE_LOOP('',(#11091,#11092,#11093,#11094));
#1765=EDGE_LOOP('',(#11095,#11096,#11097,#11098));
#1766=EDGE_LOOP('',(#11099,#11100,#11101,#11102));
#1767=EDGE_LOOP('',(#11103,#11104,#11105,#11106));
#1768=EDGE_LOOP('',(#11107,#11108,#11109,#11110));
#1769=EDGE_LOOP('',(#11111,#11112,#11113,#11114));
#1770=EDGE_LOOP('',(#11115,#11116,#11117,#11118));
#1771=EDGE_LOOP('',(#11119,#11120,#11121,#11122));
#1772=EDGE_LOOP('',(#11123,#11124,#11125,#11126));
#1773=EDGE_LOOP('',(#11127,#11128,#11129,#11130));
#1774=EDGE_LOOP('',(#11131,#11132,#11133,#11134));
#1775=EDGE_LOOP('',(#11135,#11136,#11137,#11138));
#1776=EDGE_LOOP('',(#11139,#11140,#11141,#11142));
#1777=EDGE_LOOP('',(#11143,#11144,#11145,#11146));
#1778=EDGE_LOOP('',(#11147,#11148,#11149,#11150));
#1779=EDGE_LOOP('',(#11151,#11152,#11153,#11154));
#1780=EDGE_LOOP('',(#11155,#11156,#11157,#11158));
#1781=EDGE_LOOP('',(#11159,#11160,#11161,#11162));
#1782=EDGE_LOOP('',(#11163,#11164,#11165,#11166));
#1783=EDGE_LOOP('',(#11167,#11168,#11169,#11170));
#1784=EDGE_LOOP('',(#11171,#11172,#11173,#11174));
#1785=EDGE_LOOP('',(#11175,#11176,#11177,#11178));
#1786=EDGE_LOOP('',(#11179,#11180,#11181,#11182));
#1787=EDGE_LOOP('',(#11183,#11184,#11185,#11186));
#1788=EDGE_LOOP('',(#11187,#11188,#11189,#11190));
#1789=EDGE_LOOP('',(#11191,#11192,#11193,#11194));
#1790=EDGE_LOOP('',(#11195,#11196,#11197,#11198));
#1791=EDGE_LOOP('',(#11199,#11200,#11201,#11202));
#1792=EDGE_LOOP('',(#11203,#11204,#11205,#11206));
#1793=EDGE_LOOP('',(#11207,#11208,#11209,#11210));
#1794=EDGE_LOOP('',(#11211,#11212,#11213,#11214));
#1795=EDGE_LOOP('',(#11215,#11216,#11217,#11218));
#1796=EDGE_LOOP('',(#11219,#11220,#11221,#11222));
#1797=EDGE_LOOP('',(#11223,#11224,#11225,#11226));
#1798=EDGE_LOOP('',(#11227,#11228,#11229,#11230));
#1799=EDGE_LOOP('',(#11231,#11232,#11233,#11234));
#1800=EDGE_LOOP('',(#11235,#11236,#11237,#11238));
#1801=EDGE_LOOP('',(#11239,#11240,#11241,#11242));
#1802=EDGE_LOOP('',(#11243,#11244,#11245,#11246));
#1803=EDGE_LOOP('',(#11247,#11248,#11249,#11250));
#1804=EDGE_LOOP('',(#11251,#11252,#11253,#11254));
#1805=EDGE_LOOP('',(#11255,#11256,#11257,#11258));
#1806=EDGE_LOOP('',(#11259,#11260,#11261,#11262));
#1807=EDGE_LOOP('',(#11263,#11264,#11265,#11266));
#1808=EDGE_LOOP('',(#11267,#11268,#11269,#11270));
#1809=EDGE_LOOP('',(#11271,#11272,#11273,#11274));
#1810=EDGE_LOOP('',(#11275,#11276,#11277,#11278));
#1811=EDGE_LOOP('',(#11279,#11280,#11281,#11282));
#1812=EDGE_LOOP('',(#11283,#11284,#11285,#11286));
#1813=EDGE_LOOP('',(#11287,#11288,#11289,#11290));
#1814=EDGE_LOOP('',(#11291,#11292,#11293,#11294));
#1815=EDGE_LOOP('',(#11295,#11296,#11297,#11298));
#1816=EDGE_LOOP('',(#11299,#11300,#11301,#11302));
#1817=EDGE_LOOP('',(#11303,#11304,#11305,#11306));
#1818=EDGE_LOOP('',(#11307,#11308,#11309,#11310));
#1819=EDGE_LOOP('',(#11311,#11312,#11313,#11314));
#1820=EDGE_LOOP('',(#11315,#11316,#11317,#11318));
#1821=EDGE_LOOP('',(#11319,#11320,#11321,#11322));
#1822=EDGE_LOOP('',(#11323,#11324,#11325,#11326));
#1823=EDGE_LOOP('',(#11327,#11328,#11329,#11330));
#1824=EDGE_LOOP('',(#11331,#11332,#11333,#11334));
#1825=EDGE_LOOP('',(#11335,#11336,#11337,#11338));
#1826=EDGE_LOOP('',(#11339,#11340,#11341,#11342));
#1827=EDGE_LOOP('',(#11343,#11344,#11345,#11346));
#1828=EDGE_LOOP('',(#11347,#11348,#11349,#11350));
#1829=EDGE_LOOP('',(#11351,#11352,#11353,#11354));
#1830=EDGE_LOOP('',(#11355,#11356,#11357,#11358));
#1831=EDGE_LOOP('',(#11359,#11360,#11361,#11362));
#1832=EDGE_LOOP('',(#11363,#11364,#11365,#11366));
#1833=EDGE_LOOP('',(#11367,#11368,#11369,#11370));
#1834=EDGE_LOOP('',(#11371,#11372,#11373,#11374));
#1835=EDGE_LOOP('',(#11375,#11376,#11377,#11378));
#1836=EDGE_LOOP('',(#11379,#11380,#11381,#11382));
#1837=EDGE_LOOP('',(#11383,#11384,#11385,#11386));
#1838=EDGE_LOOP('',(#11387,#11388,#11389,#11390));
#1839=EDGE_LOOP('',(#11391,#11392,#11393,#11394));
#1840=EDGE_LOOP('',(#11395,#11396,#11397,#11398));
#1841=EDGE_LOOP('',(#11399,#11400,#11401,#11402));
#1842=EDGE_LOOP('',(#11403,#11404,#11405,#11406));
#1843=EDGE_LOOP('',(#11407,#11408,#11409,#11410));
#1844=EDGE_LOOP('',(#11411,#11412,#11413,#11414));
#1845=EDGE_LOOP('',(#11415,#11416,#11417,#11418));
#1846=EDGE_LOOP('',(#11419,#11420,#11421,#11422));
#1847=EDGE_LOOP('',(#11423,#11424,#11425,#11426));
#1848=EDGE_LOOP('',(#11427,#11428,#11429,#11430));
#1849=EDGE_LOOP('',(#11431,#11432,#11433,#11434));
#1850=EDGE_LOOP('',(#11435,#11436,#11437,#11438));
#1851=EDGE_LOOP('',(#11439,#11440,#11441,#11442));
#1852=EDGE_LOOP('',(#11443,#11444,#11445,#11446));
#1853=EDGE_LOOP('',(#11447,#11448,#11449,#11450));
#1854=EDGE_LOOP('',(#11451,#11452,#11453,#11454));
#1855=EDGE_LOOP('',(#11455,#11456,#11457,#11458));
#1856=EDGE_LOOP('',(#11459,#11460,#11461,#11462));
#1857=EDGE_LOOP('',(#11463,#11464,#11465,#11466));
#1858=EDGE_LOOP('',(#11467,#11468,#11469,#11470));
#1859=EDGE_LOOP('',(#11471,#11472,#11473,#11474));
#1860=EDGE_LOOP('',(#11475,#11476,#11477,#11478));
#1861=EDGE_LOOP('',(#11479,#11480,#11481,#11482));
#1862=EDGE_LOOP('',(#11483,#11484,#11485,#11486));
#1863=EDGE_LOOP('',(#11487,#11488,#11489,#11490));
#1864=EDGE_LOOP('',(#11491,#11492,#11493,#11494));
#1865=EDGE_LOOP('',(#11495,#11496,#11497,#11498));
#1866=EDGE_LOOP('',(#11499,#11500,#11501,#11502));
#1867=EDGE_LOOP('',(#11503,#11504,#11505,#11506));
#1868=EDGE_LOOP('',(#11507,#11508,#11509,#11510));
#1869=EDGE_LOOP('',(#11511,#11512,#11513,#11514));
#1870=EDGE_LOOP('',(#11515,#11516,#11517,#11518));
#1871=EDGE_LOOP('',(#11519,#11520,#11521,#11522));
#1872=EDGE_LOOP('',(#11523,#11524,#11525,#11526));
#1873=EDGE_LOOP('',(#11527,#11528,#11529,#11530));
#1874=EDGE_LOOP('',(#11531,#11532,#11533,#11534));
#1875=EDGE_LOOP('',(#11535,#11536,#11537,#11538));
#1876=EDGE_LOOP('',(#11539,#11540,#11541,#11542));
#1877=EDGE_LOOP('',(#11543,#11544,#11545,#11546));
#1878=EDGE_LOOP('',(#11547,#11548,#11549,#11550));
#1879=EDGE_LOOP('',(#11551,#11552,#11553,#11554));
#1880=EDGE_LOOP('',(#11555,#11556,#11557,#11558));
#1881=EDGE_LOOP('',(#11559,#11560,#11561,#11562));
#1882=EDGE_LOOP('',(#11563,#11564,#11565,#11566));
#1883=EDGE_LOOP('',(#11567,#11568,#11569,#11570));
#1884=EDGE_LOOP('',(#11571,#11572,#11573,#11574));
#1885=EDGE_LOOP('',(#11575,#11576,#11577,#11578));
#1886=EDGE_LOOP('',(#11579,#11580,#11581,#11582));
#1887=EDGE_LOOP('',(#11583,#11584,#11585,#11586));
#1888=EDGE_LOOP('',(#11587,#11588,#11589,#11590));
#1889=EDGE_LOOP('',(#11591,#11592,#11593,#11594));
#1890=EDGE_LOOP('',(#11595,#11596,#11597,#11598));
#1891=EDGE_LOOP('',(#11599,#11600,#11601,#11602));
#1892=EDGE_LOOP('',(#11603,#11604,#11605,#11606));
#1893=EDGE_LOOP('',(#11607,#11608,#11609,#11610));
#1894=EDGE_LOOP('',(#11611,#11612,#11613,#11614));
#1895=EDGE_LOOP('',(#11615,#11616,#11617,#11618));
#1896=EDGE_LOOP('',(#11619,#11620,#11621,#11622));
#1897=EDGE_LOOP('',(#11623,#11624,#11625,#11626));
#1898=EDGE_LOOP('',(#11627,#11628,#11629,#11630));
#1899=EDGE_LOOP('',(#11631,#11632,#11633,#11634));
#1900=EDGE_LOOP('',(#11635,#11636,#11637,#11638));
#1901=EDGE_LOOP('',(#11639,#11640,#11641,#11642));
#1902=EDGE_LOOP('',(#11643,#11644,#11645,#11646));
#1903=EDGE_LOOP('',(#11647,#11648,#11649,#11650));
#1904=EDGE_LOOP('',(#11651,#11652,#11653,#11654));
#1905=EDGE_LOOP('',(#11655,#11656,#11657,#11658));
#1906=EDGE_LOOP('',(#11659,#11660,#11661,#11662));
#1907=EDGE_LOOP('',(#11663,#11664,#11665,#11666));
#1908=EDGE_LOOP('',(#11667,#11668,#11669,#11670));
#1909=EDGE_LOOP('',(#11671,#11672,#11673,#11674));
#1910=EDGE_LOOP('',(#11675,#11676,#11677,#11678));
#1911=EDGE_LOOP('',(#11679,#11680,#11681,#11682));
#1912=EDGE_LOOP('',(#11683,#11684,#11685,#11686));
#1913=EDGE_LOOP('',(#11687,#11688,#11689,#11690));
#1914=EDGE_LOOP('',(#11691,#11692,#11693,#11694));
#1915=EDGE_LOOP('',(#11695,#11696,#11697,#11698));
#1916=EDGE_LOOP('',(#11699,#11700,#11701,#11702));
#1917=EDGE_LOOP('',(#11703,#11704,#11705,#11706));
#1918=EDGE_LOOP('',(#11707,#11708,#11709,#11710));
#1919=EDGE_LOOP('',(#11711,#11712,#11713,#11714));
#1920=EDGE_LOOP('',(#11715,#11716,#11717,#11718));
#1921=EDGE_LOOP('',(#11719,#11720,#11721,#11722));
#1922=EDGE_LOOP('',(#11723,#11724,#11725,#11726));
#1923=EDGE_LOOP('',(#11727,#11728,#11729,#11730));
#1924=EDGE_LOOP('',(#11731,#11732,#11733,#11734));
#1925=EDGE_LOOP('',(#11735,#11736,#11737,#11738));
#1926=EDGE_LOOP('',(#11739,#11740,#11741,#11742));
#1927=EDGE_LOOP('',(#11743,#11744,#11745,#11746));
#1928=EDGE_LOOP('',(#11747,#11748,#11749,#11750));
#1929=EDGE_LOOP('',(#11751,#11752,#11753,#11754));
#1930=EDGE_LOOP('',(#11755,#11756,#11757,#11758));
#1931=EDGE_LOOP('',(#11759,#11760,#11761,#11762));
#1932=EDGE_LOOP('',(#11763,#11764,#11765,#11766));
#1933=EDGE_LOOP('',(#11767,#11768,#11769,#11770));
#1934=EDGE_LOOP('',(#11771,#11772,#11773,#11774));
#1935=EDGE_LOOP('',(#11775,#11776,#11777,#11778));
#1936=EDGE_LOOP('',(#11779,#11780,#11781,#11782));
#1937=EDGE_LOOP('',(#11783,#11784,#11785,#11786));
#1938=EDGE_LOOP('',(#11787,#11788,#11789,#11790));
#1939=LINE('',#17713,#3675);
#1940=LINE('',#17715,#3676);
#1941=LINE('',#17717,#3677);
#1942=LINE('',#17718,#3678);
#1943=LINE('',#17721,#3679);
#1944=LINE('',#17723,#3680);
#1945=LINE('',#17724,#3681);
#1946=LINE('',#17727,#3682);
#1947=LINE('',#17729,#3683);
#1948=LINE('',#17730,#3684);
#1949=LINE('',#17732,#3685);
#1950=LINE('',#17733,#3686);
#1951=LINE('',#17738,#3687);
#1952=LINE('',#17740,#3688);
#1953=LINE('',#17742,#3689);
#1954=LINE('',#17743,#3690);
#1955=LINE('',#17746,#3691);
#1956=LINE('',#17748,#3692);
#1957=LINE('',#17749,#3693);
#1958=LINE('',#17752,#3694);
#1959=LINE('',#17754,#3695);
#1960=LINE('',#17755,#3696);
#1961=LINE('',#17757,#3697);
#1962=LINE('',#17758,#3698);
#1963=LINE('',#17763,#3699);
#1964=LINE('',#17765,#3700);
#1965=LINE('',#17767,#3701);
#1966=LINE('',#17768,#3702);
#1967=LINE('',#17771,#3703);
#1968=LINE('',#17773,#3704);
#1969=LINE('',#17774,#3705);
#1970=LINE('',#17777,#3706);
#1971=LINE('',#17779,#3707);
#1972=LINE('',#17780,#3708);
#1973=LINE('',#17782,#3709);
#1974=LINE('',#17783,#3710);
#1975=LINE('',#17788,#3711);
#1976=LINE('',#17790,#3712);
#1977=LINE('',#17792,#3713);
#1978=LINE('',#17793,#3714);
#1979=LINE('',#17796,#3715);
#1980=LINE('',#17798,#3716);
#1981=LINE('',#17799,#3717);
#1982=LINE('',#17802,#3718);
#1983=LINE('',#17804,#3719);
#1984=LINE('',#17805,#3720);
#1985=LINE('',#17807,#3721);
#1986=LINE('',#17808,#3722);
#1987=LINE('',#17813,#3723);
#1988=LINE('',#17815,#3724);
#1989=LINE('',#17817,#3725);
#1990=LINE('',#17818,#3726);
#1991=LINE('',#17821,#3727);
#1992=LINE('',#17823,#3728);
#1993=LINE('',#17824,#3729);
#1994=LINE('',#17827,#3730);
#1995=LINE('',#17829,#3731);
#1996=LINE('',#17830,#3732);
#1997=LINE('',#17832,#3733);
#1998=LINE('',#17833,#3734);
#1999=LINE('',#17838,#3735);
#2000=LINE('',#17840,#3736);
#2001=LINE('',#17842,#3737);
#2002=LINE('',#17843,#3738);
#2003=LINE('',#17846,#3739);
#2004=LINE('',#17848,#3740);
#2005=LINE('',#17849,#3741);
#2006=LINE('',#17852,#3742);
#2007=LINE('',#17854,#3743);
#2008=LINE('',#17855,#3744);
#2009=LINE('',#17857,#3745);
#2010=LINE('',#17858,#3746);
#2011=LINE('',#17863,#3747);
#2012=LINE('',#17865,#3748);
#2013=LINE('',#17867,#3749);
#2014=LINE('',#17868,#3750);
#2015=LINE('',#17871,#3751);
#2016=LINE('',#17873,#3752);
#2017=LINE('',#17874,#3753);
#2018=LINE('',#17877,#3754);
#2019=LINE('',#17879,#3755);
#2020=LINE('',#17880,#3756);
#2021=LINE('',#17882,#3757);
#2022=LINE('',#17883,#3758);
#2023=LINE('',#17888,#3759);
#2024=LINE('',#17890,#3760);
#2025=LINE('',#17892,#3761);
#2026=LINE('',#17893,#3762);
#2027=LINE('',#17896,#3763);
#2028=LINE('',#17898,#3764);
#2029=LINE('',#17899,#3765);
#2030=LINE('',#17902,#3766);
#2031=LINE('',#17904,#3767);
#2032=LINE('',#17905,#3768);
#2033=LINE('',#17907,#3769);
#2034=LINE('',#17908,#3770);
#2035=LINE('',#17913,#3771);
#2036=LINE('',#17915,#3772);
#2037=LINE('',#17917,#3773);
#2038=LINE('',#17918,#3774);
#2039=LINE('',#17921,#3775);
#2040=LINE('',#17923,#3776);
#2041=LINE('',#17924,#3777);
#2042=LINE('',#17927,#3778);
#2043=LINE('',#17929,#3779);
#2044=LINE('',#17930,#3780);
#2045=LINE('',#17932,#3781);
#2046=LINE('',#17933,#3782);
#2047=LINE('',#17938,#3783);
#2048=LINE('',#17940,#3784);
#2049=LINE('',#17942,#3785);
#2050=LINE('',#17943,#3786);
#2051=LINE('',#17946,#3787);
#2052=LINE('',#17948,#3788);
#2053=LINE('',#17949,#3789);
#2054=LINE('',#17952,#3790);
#2055=LINE('',#17954,#3791);
#2056=LINE('',#17955,#3792);
#2057=LINE('',#17957,#3793);
#2058=LINE('',#17958,#3794);
#2059=LINE('',#17963,#3795);
#2060=LINE('',#17965,#3796);
#2061=LINE('',#17967,#3797);
#2062=LINE('',#17968,#3798);
#2063=LINE('',#17971,#3799);
#2064=LINE('',#17973,#3800);
#2065=LINE('',#17974,#3801);
#2066=LINE('',#17977,#3802);
#2067=LINE('',#17979,#3803);
#2068=LINE('',#17980,#3804);
#2069=LINE('',#17982,#3805);
#2070=LINE('',#17983,#3806);
#2071=LINE('',#17988,#3807);
#2072=LINE('',#17990,#3808);
#2073=LINE('',#17992,#3809);
#2074=LINE('',#17993,#3810);
#2075=LINE('',#17996,#3811);
#2076=LINE('',#17998,#3812);
#2077=LINE('',#17999,#3813);
#2078=LINE('',#18002,#3814);
#2079=LINE('',#18004,#3815);
#2080=LINE('',#18005,#3816);
#2081=LINE('',#18007,#3817);
#2082=LINE('',#18008,#3818);
#2083=LINE('',#18013,#3819);
#2084=LINE('',#18015,#3820);
#2085=LINE('',#18017,#3821);
#2086=LINE('',#18018,#3822);
#2087=LINE('',#18021,#3823);
#2088=LINE('',#18023,#3824);
#2089=LINE('',#18024,#3825);
#2090=LINE('',#18027,#3826);
#2091=LINE('',#18029,#3827);
#2092=LINE('',#18030,#3828);
#2093=LINE('',#18032,#3829);
#2094=LINE('',#18033,#3830);
#2095=LINE('',#18038,#3831);
#2096=LINE('',#18040,#3832);
#2097=LINE('',#18042,#3833);
#2098=LINE('',#18043,#3834);
#2099=LINE('',#18046,#3835);
#2100=LINE('',#18048,#3836);
#2101=LINE('',#18049,#3837);
#2102=LINE('',#18052,#3838);
#2103=LINE('',#18054,#3839);
#2104=LINE('',#18055,#3840);
#2105=LINE('',#18057,#3841);
#2106=LINE('',#18058,#3842);
#2107=LINE('',#18063,#3843);
#2108=LINE('',#18065,#3844);
#2109=LINE('',#18067,#3845);
#2110=LINE('',#18068,#3846);
#2111=LINE('',#18071,#3847);
#2112=LINE('',#18073,#3848);
#2113=LINE('',#18074,#3849);
#2114=LINE('',#18077,#3850);
#2115=LINE('',#18079,#3851);
#2116=LINE('',#18080,#3852);
#2117=LINE('',#18082,#3853);
#2118=LINE('',#18083,#3854);
#2119=LINE('',#18088,#3855);
#2120=LINE('',#18090,#3856);
#2121=LINE('',#18092,#3857);
#2122=LINE('',#18093,#3858);
#2123=LINE('',#18096,#3859);
#2124=LINE('',#18098,#3860);
#2125=LINE('',#18099,#3861);
#2126=LINE('',#18102,#3862);
#2127=LINE('',#18104,#3863);
#2128=LINE('',#18105,#3864);
#2129=LINE('',#18107,#3865);
#2130=LINE('',#18108,#3866);
#2131=LINE('',#18113,#3867);
#2132=LINE('',#18115,#3868);
#2133=LINE('',#18117,#3869);
#2134=LINE('',#18118,#3870);
#2135=LINE('',#18121,#3871);
#2136=LINE('',#18123,#3872);
#2137=LINE('',#18124,#3873);
#2138=LINE('',#18127,#3874);
#2139=LINE('',#18129,#3875);
#2140=LINE('',#18130,#3876);
#2141=LINE('',#18132,#3877);
#2142=LINE('',#18133,#3878);
#2143=LINE('',#18138,#3879);
#2144=LINE('',#18140,#3880);
#2145=LINE('',#18142,#3881);
#2146=LINE('',#18143,#3882);
#2147=LINE('',#18146,#3883);
#2148=LINE('',#18148,#3884);
#2149=LINE('',#18149,#3885);
#2150=LINE('',#18152,#3886);
#2151=LINE('',#18154,#3887);
#2152=LINE('',#18155,#3888);
#2153=LINE('',#18157,#3889);
#2154=LINE('',#18158,#3890);
#2155=LINE('',#18163,#3891);
#2156=LINE('',#18165,#3892);
#2157=LINE('',#18167,#3893);
#2158=LINE('',#18168,#3894);
#2159=LINE('',#18171,#3895);
#2160=LINE('',#18173,#3896);
#2161=LINE('',#18174,#3897);
#2162=LINE('',#18177,#3898);
#2163=LINE('',#18179,#3899);
#2164=LINE('',#18180,#3900);
#2165=LINE('',#18182,#3901);
#2166=LINE('',#18183,#3902);
#2167=LINE('',#18188,#3903);
#2168=LINE('',#18190,#3904);
#2169=LINE('',#18192,#3905);
#2170=LINE('',#18193,#3906);
#2171=LINE('',#18196,#3907);
#2172=LINE('',#18198,#3908);
#2173=LINE('',#18199,#3909);
#2174=LINE('',#18202,#3910);
#2175=LINE('',#18204,#3911);
#2176=LINE('',#18205,#3912);
#2177=LINE('',#18207,#3913);
#2178=LINE('',#18208,#3914);
#2179=LINE('',#18213,#3915);
#2180=LINE('',#18215,#3916);
#2181=LINE('',#18217,#3917);
#2182=LINE('',#18218,#3918);
#2183=LINE('',#18221,#3919);
#2184=LINE('',#18223,#3920);
#2185=LINE('',#18224,#3921);
#2186=LINE('',#18227,#3922);
#2187=LINE('',#18229,#3923);
#2188=LINE('',#18230,#3924);
#2189=LINE('',#18232,#3925);
#2190=LINE('',#18233,#3926);
#2191=LINE('',#18238,#3927);
#2192=LINE('',#18240,#3928);
#2193=LINE('',#18242,#3929);
#2194=LINE('',#18243,#3930);
#2195=LINE('',#18246,#3931);
#2196=LINE('',#18248,#3932);
#2197=LINE('',#18249,#3933);
#2198=LINE('',#18252,#3934);
#2199=LINE('',#18254,#3935);
#2200=LINE('',#18255,#3936);
#2201=LINE('',#18257,#3937);
#2202=LINE('',#18258,#3938);
#2203=LINE('',#18263,#3939);
#2204=LINE('',#18265,#3940);
#2205=LINE('',#18267,#3941);
#2206=LINE('',#18268,#3942);
#2207=LINE('',#18271,#3943);
#2208=LINE('',#18273,#3944);
#2209=LINE('',#18274,#3945);
#2210=LINE('',#18277,#3946);
#2211=LINE('',#18279,#3947);
#2212=LINE('',#18280,#3948);
#2213=LINE('',#18282,#3949);
#2214=LINE('',#18283,#3950);
#2215=LINE('',#18288,#3951);
#2216=LINE('',#18290,#3952);
#2217=LINE('',#18292,#3953);
#2218=LINE('',#18293,#3954);
#2219=LINE('',#18296,#3955);
#2220=LINE('',#18298,#3956);
#2221=LINE('',#18299,#3957);
#2222=LINE('',#18302,#3958);
#2223=LINE('',#18304,#3959);
#2224=LINE('',#18305,#3960);
#2225=LINE('',#18307,#3961);
#2226=LINE('',#18308,#3962);
#2227=LINE('',#18313,#3963);
#2228=LINE('',#18315,#3964);
#2229=LINE('',#18317,#3965);
#2230=LINE('',#18318,#3966);
#2231=LINE('',#18321,#3967);
#2232=LINE('',#18323,#3968);
#2233=LINE('',#18324,#3969);
#2234=LINE('',#18327,#3970);
#2235=LINE('',#18329,#3971);
#2236=LINE('',#18330,#3972);
#2237=LINE('',#18332,#3973);
#2238=LINE('',#18333,#3974);
#2239=LINE('',#18338,#3975);
#2240=LINE('',#18340,#3976);
#2241=LINE('',#18342,#3977);
#2242=LINE('',#18343,#3978);
#2243=LINE('',#18346,#3979);
#2244=LINE('',#18348,#3980);
#2245=LINE('',#18349,#3981);
#2246=LINE('',#18352,#3982);
#2247=LINE('',#18354,#3983);
#2248=LINE('',#18355,#3984);
#2249=LINE('',#18357,#3985);
#2250=LINE('',#18358,#3986);
#2251=LINE('',#18363,#3987);
#2252=LINE('',#18365,#3988);
#2253=LINE('',#18367,#3989);
#2254=LINE('',#18368,#3990);
#2255=LINE('',#18371,#3991);
#2256=LINE('',#18373,#3992);
#2257=LINE('',#18374,#3993);
#2258=LINE('',#18377,#3994);
#2259=LINE('',#18379,#3995);
#2260=LINE('',#18380,#3996);
#2261=LINE('',#18382,#3997);
#2262=LINE('',#18383,#3998);
#2263=LINE('',#18388,#3999);
#2264=LINE('',#18390,#4000);
#2265=LINE('',#18392,#4001);
#2266=LINE('',#18393,#4002);
#2267=LINE('',#18396,#4003);
#2268=LINE('',#18398,#4004);
#2269=LINE('',#18399,#4005);
#2270=LINE('',#18402,#4006);
#2271=LINE('',#18404,#4007);
#2272=LINE('',#18405,#4008);
#2273=LINE('',#18407,#4009);
#2274=LINE('',#18408,#4010);
#2275=LINE('',#18413,#4011);
#2276=LINE('',#18415,#4012);
#2277=LINE('',#18417,#4013);
#2278=LINE('',#18418,#4014);
#2279=LINE('',#18421,#4015);
#2280=LINE('',#18423,#4016);
#2281=LINE('',#18424,#4017);
#2282=LINE('',#18427,#4018);
#2283=LINE('',#18429,#4019);
#2284=LINE('',#18430,#4020);
#2285=LINE('',#18432,#4021);
#2286=LINE('',#18433,#4022);
#2287=LINE('',#18438,#4023);
#2288=LINE('',#18440,#4024);
#2289=LINE('',#18442,#4025);
#2290=LINE('',#18443,#4026);
#2291=LINE('',#18446,#4027);
#2292=LINE('',#18448,#4028);
#2293=LINE('',#18449,#4029);
#2294=LINE('',#18452,#4030);
#2295=LINE('',#18454,#4031);
#2296=LINE('',#18455,#4032);
#2297=LINE('',#18457,#4033);
#2298=LINE('',#18458,#4034);
#2299=LINE('',#18463,#4035);
#2300=LINE('',#18465,#4036);
#2301=LINE('',#18467,#4037);
#2302=LINE('',#18468,#4038);
#2303=LINE('',#18471,#4039);
#2304=LINE('',#18473,#4040);
#2305=LINE('',#18474,#4041);
#2306=LINE('',#18477,#4042);
#2307=LINE('',#18479,#4043);
#2308=LINE('',#18480,#4044);
#2309=LINE('',#18482,#4045);
#2310=LINE('',#18483,#4046);
#2311=LINE('',#18488,#4047);
#2312=LINE('',#18490,#4048);
#2313=LINE('',#18492,#4049);
#2314=LINE('',#18493,#4050);
#2315=LINE('',#18496,#4051);
#2316=LINE('',#18498,#4052);
#2317=LINE('',#18499,#4053);
#2318=LINE('',#18502,#4054);
#2319=LINE('',#18504,#4055);
#2320=LINE('',#18505,#4056);
#2321=LINE('',#18507,#4057);
#2322=LINE('',#18508,#4058);
#2323=LINE('',#18513,#4059);
#2324=LINE('',#18515,#4060);
#2325=LINE('',#18517,#4061);
#2326=LINE('',#18518,#4062);
#2327=LINE('',#18521,#4063);
#2328=LINE('',#18523,#4064);
#2329=LINE('',#18524,#4065);
#2330=LINE('',#18527,#4066);
#2331=LINE('',#18529,#4067);
#2332=LINE('',#18530,#4068);
#2333=LINE('',#18532,#4069);
#2334=LINE('',#18533,#4070);
#2335=LINE('',#18538,#4071);
#2336=LINE('',#18540,#4072);
#2337=LINE('',#18542,#4073);
#2338=LINE('',#18543,#4074);
#2339=LINE('',#18546,#4075);
#2340=LINE('',#18548,#4076);
#2341=LINE('',#18549,#4077);
#2342=LINE('',#18552,#4078);
#2343=LINE('',#18554,#4079);
#2344=LINE('',#18555,#4080);
#2345=LINE('',#18557,#4081);
#2346=LINE('',#18558,#4082);
#2347=LINE('',#18563,#4083);
#2348=LINE('',#18565,#4084);
#2349=LINE('',#18567,#4085);
#2350=LINE('',#18568,#4086);
#2351=LINE('',#18571,#4087);
#2352=LINE('',#18573,#4088);
#2353=LINE('',#18574,#4089);
#2354=LINE('',#18577,#4090);
#2355=LINE('',#18579,#4091);
#2356=LINE('',#18580,#4092);
#2357=LINE('',#18582,#4093);
#2358=LINE('',#18583,#4094);
#2359=LINE('',#18588,#4095);
#2360=LINE('',#18590,#4096);
#2361=LINE('',#18592,#4097);
#2362=LINE('',#18593,#4098);
#2363=LINE('',#18596,#4099);
#2364=LINE('',#18598,#4100);
#2365=LINE('',#18599,#4101);
#2366=LINE('',#18602,#4102);
#2367=LINE('',#18604,#4103);
#2368=LINE('',#18605,#4104);
#2369=LINE('',#18607,#4105);
#2370=LINE('',#18608,#4106);
#2371=LINE('',#18613,#4107);
#2372=LINE('',#18615,#4108);
#2373=LINE('',#18617,#4109);
#2374=LINE('',#18618,#4110);
#2375=LINE('',#18621,#4111);
#2376=LINE('',#18623,#4112);
#2377=LINE('',#18624,#4113);
#2378=LINE('',#18627,#4114);
#2379=LINE('',#18629,#4115);
#2380=LINE('',#18630,#4116);
#2381=LINE('',#18632,#4117);
#2382=LINE('',#18633,#4118);
#2383=LINE('',#18638,#4119);
#2384=LINE('',#18640,#4120);
#2385=LINE('',#18642,#4121);
#2386=LINE('',#18643,#4122);
#2387=LINE('',#18646,#4123);
#2388=LINE('',#18648,#4124);
#2389=LINE('',#18649,#4125);
#2390=LINE('',#18652,#4126);
#2391=LINE('',#18654,#4127);
#2392=LINE('',#18655,#4128);
#2393=LINE('',#18657,#4129);
#2394=LINE('',#18658,#4130);
#2395=LINE('',#18663,#4131);
#2396=LINE('',#18665,#4132);
#2397=LINE('',#18667,#4133);
#2398=LINE('',#18668,#4134);
#2399=LINE('',#18671,#4135);
#2400=LINE('',#18673,#4136);
#2401=LINE('',#18674,#4137);
#2402=LINE('',#18677,#4138);
#2403=LINE('',#18679,#4139);
#2404=LINE('',#18680,#4140);
#2405=LINE('',#18682,#4141);
#2406=LINE('',#18683,#4142);
#2407=LINE('',#18688,#4143);
#2408=LINE('',#18690,#4144);
#2409=LINE('',#18692,#4145);
#2410=LINE('',#18693,#4146);
#2411=LINE('',#18696,#4147);
#2412=LINE('',#18698,#4148);
#2413=LINE('',#18699,#4149);
#2414=LINE('',#18702,#4150);
#2415=LINE('',#18704,#4151);
#2416=LINE('',#18705,#4152);
#2417=LINE('',#18707,#4153);
#2418=LINE('',#18708,#4154);
#2419=LINE('',#18713,#4155);
#2420=LINE('',#18715,#4156);
#2421=LINE('',#18717,#4157);
#2422=LINE('',#18718,#4158);
#2423=LINE('',#18721,#4159);
#2424=LINE('',#18723,#4160);
#2425=LINE('',#18724,#4161);
#2426=LINE('',#18727,#4162);
#2427=LINE('',#18729,#4163);
#2428=LINE('',#18730,#4164);
#2429=LINE('',#18732,#4165);
#2430=LINE('',#18733,#4166);
#2431=LINE('',#18738,#4167);
#2432=LINE('',#18740,#4168);
#2433=LINE('',#18742,#4169);
#2434=LINE('',#18743,#4170);
#2435=LINE('',#18746,#4171);
#2436=LINE('',#18748,#4172);
#2437=LINE('',#18749,#4173);
#2438=LINE('',#18752,#4174);
#2439=LINE('',#18754,#4175);
#2440=LINE('',#18755,#4176);
#2441=LINE('',#18757,#4177);
#2442=LINE('',#18758,#4178);
#2443=LINE('',#18763,#4179);
#2444=LINE('',#18765,#4180);
#2445=LINE('',#18767,#4181);
#2446=LINE('',#18768,#4182);
#2447=LINE('',#18771,#4183);
#2448=LINE('',#18773,#4184);
#2449=LINE('',#18774,#4185);
#2450=LINE('',#18777,#4186);
#2451=LINE('',#18779,#4187);
#2452=LINE('',#18780,#4188);
#2453=LINE('',#18782,#4189);
#2454=LINE('',#18783,#4190);
#2455=LINE('',#18788,#4191);
#2456=LINE('',#18790,#4192);
#2457=LINE('',#18792,#4193);
#2458=LINE('',#18793,#4194);
#2459=LINE('',#18796,#4195);
#2460=LINE('',#18798,#4196);
#2461=LINE('',#18799,#4197);
#2462=LINE('',#18802,#4198);
#2463=LINE('',#18804,#4199);
#2464=LINE('',#18805,#4200);
#2465=LINE('',#18807,#4201);
#2466=LINE('',#18808,#4202);
#2467=LINE('',#18813,#4203);
#2468=LINE('',#18815,#4204);
#2469=LINE('',#18817,#4205);
#2470=LINE('',#18818,#4206);
#2471=LINE('',#18821,#4207);
#2472=LINE('',#18823,#4208);
#2473=LINE('',#18824,#4209);
#2474=LINE('',#18827,#4210);
#2475=LINE('',#18829,#4211);
#2476=LINE('',#18830,#4212);
#2477=LINE('',#18832,#4213);
#2478=LINE('',#18833,#4214);
#2479=LINE('',#18838,#4215);
#2480=LINE('',#18840,#4216);
#2481=LINE('',#18842,#4217);
#2482=LINE('',#18843,#4218);
#2483=LINE('',#18846,#4219);
#2484=LINE('',#18848,#4220);
#2485=LINE('',#18849,#4221);
#2486=LINE('',#18852,#4222);
#2487=LINE('',#18854,#4223);
#2488=LINE('',#18855,#4224);
#2489=LINE('',#18857,#4225);
#2490=LINE('',#18858,#4226);
#2491=LINE('',#18863,#4227);
#2492=LINE('',#18865,#4228);
#2493=LINE('',#18867,#4229);
#2494=LINE('',#18868,#4230);
#2495=LINE('',#18871,#4231);
#2496=LINE('',#18873,#4232);
#2497=LINE('',#18874,#4233);
#2498=LINE('',#18877,#4234);
#2499=LINE('',#18879,#4235);
#2500=LINE('',#18880,#4236);
#2501=LINE('',#18882,#4237);
#2502=LINE('',#18883,#4238);
#2503=LINE('',#18888,#4239);
#2504=LINE('',#18890,#4240);
#2505=LINE('',#18892,#4241);
#2506=LINE('',#18893,#4242);
#2507=LINE('',#18896,#4243);
#2508=LINE('',#18898,#4244);
#2509=LINE('',#18899,#4245);
#2510=LINE('',#18902,#4246);
#2511=LINE('',#18904,#4247);
#2512=LINE('',#18905,#4248);
#2513=LINE('',#18907,#4249);
#2514=LINE('',#18908,#4250);
#2515=LINE('',#18913,#4251);
#2516=LINE('',#18915,#4252);
#2517=LINE('',#18917,#4253);
#2518=LINE('',#18918,#4254);
#2519=LINE('',#18921,#4255);
#2520=LINE('',#18923,#4256);
#2521=LINE('',#18924,#4257);
#2522=LINE('',#18927,#4258);
#2523=LINE('',#18929,#4259);
#2524=LINE('',#18930,#4260);
#2525=LINE('',#18932,#4261);
#2526=LINE('',#18933,#4262);
#2527=LINE('',#18938,#4263);
#2528=LINE('',#18940,#4264);
#2529=LINE('',#18942,#4265);
#2530=LINE('',#18943,#4266);
#2531=LINE('',#18946,#4267);
#2532=LINE('',#18948,#4268);
#2533=LINE('',#18949,#4269);
#2534=LINE('',#18952,#4270);
#2535=LINE('',#18954,#4271);
#2536=LINE('',#18955,#4272);
#2537=LINE('',#18957,#4273);
#2538=LINE('',#18958,#4274);
#2539=LINE('',#18963,#4275);
#2540=LINE('',#18965,#4276);
#2541=LINE('',#18967,#4277);
#2542=LINE('',#18968,#4278);
#2543=LINE('',#18971,#4279);
#2544=LINE('',#18973,#4280);
#2545=LINE('',#18974,#4281);
#2546=LINE('',#18977,#4282);
#2547=LINE('',#18979,#4283);
#2548=LINE('',#18980,#4284);
#2549=LINE('',#18982,#4285);
#2550=LINE('',#18983,#4286);
#2551=LINE('',#18988,#4287);
#2552=LINE('',#18990,#4288);
#2553=LINE('',#18992,#4289);
#2554=LINE('',#18993,#4290);
#2555=LINE('',#18996,#4291);
#2556=LINE('',#18998,#4292);
#2557=LINE('',#18999,#4293);
#2558=LINE('',#19002,#4294);
#2559=LINE('',#19004,#4295);
#2560=LINE('',#19005,#4296);
#2561=LINE('',#19007,#4297);
#2562=LINE('',#19008,#4298);
#2563=LINE('',#19013,#4299);
#2564=LINE('',#19015,#4300);
#2565=LINE('',#19017,#4301);
#2566=LINE('',#19018,#4302);
#2567=LINE('',#19021,#4303);
#2568=LINE('',#19023,#4304);
#2569=LINE('',#19024,#4305);
#2570=LINE('',#19027,#4306);
#2571=LINE('',#19029,#4307);
#2572=LINE('',#19030,#4308);
#2573=LINE('',#19032,#4309);
#2574=LINE('',#19033,#4310);
#2575=LINE('',#19038,#4311);
#2576=LINE('',#19040,#4312);
#2577=LINE('',#19042,#4313);
#2578=LINE('',#19043,#4314);
#2579=LINE('',#19046,#4315);
#2580=LINE('',#19048,#4316);
#2581=LINE('',#19049,#4317);
#2582=LINE('',#19052,#4318);
#2583=LINE('',#19054,#4319);
#2584=LINE('',#19055,#4320);
#2585=LINE('',#19057,#4321);
#2586=LINE('',#19058,#4322);
#2587=LINE('',#19063,#4323);
#2588=LINE('',#19065,#4324);
#2589=LINE('',#19067,#4325);
#2590=LINE('',#19068,#4326);
#2591=LINE('',#19071,#4327);
#2592=LINE('',#19073,#4328);
#2593=LINE('',#19074,#4329);
#2594=LINE('',#19077,#4330);
#2595=LINE('',#19079,#4331);
#2596=LINE('',#19080,#4332);
#2597=LINE('',#19082,#4333);
#2598=LINE('',#19083,#4334);
#2599=LINE('',#19088,#4335);
#2600=LINE('',#19090,#4336);
#2601=LINE('',#19092,#4337);
#2602=LINE('',#19093,#4338);
#2603=LINE('',#19096,#4339);
#2604=LINE('',#19098,#4340);
#2605=LINE('',#19099,#4341);
#2606=LINE('',#19102,#4342);
#2607=LINE('',#19104,#4343);
#2608=LINE('',#19105,#4344);
#2609=LINE('',#19107,#4345);
#2610=LINE('',#19108,#4346);
#2611=LINE('',#19113,#4347);
#2612=LINE('',#19117,#4348);
#2613=LINE('',#19121,#4349);
#2614=LINE('',#19124,#4350);
#2615=LINE('',#19127,#4351);
#2616=LINE('',#19130,#4352);
#2617=LINE('',#19132,#4353);
#2618=LINE('',#19133,#4354);
#2619=LINE('',#19139,#4355);
#2620=LINE('',#19141,#4356);
#2621=LINE('',#19143,#4357);
#2622=LINE('',#19144,#4358);
#2623=LINE('',#19147,#4359);
#2624=LINE('',#19149,#4360);
#2625=LINE('',#19150,#4361);
#2626=LINE('',#19153,#4362);
#2627=LINE('',#19155,#4363);
#2628=LINE('',#19156,#4364);
#2629=LINE('',#19158,#4365);
#2630=LINE('',#19159,#4366);
#2631=LINE('',#19165,#4367);
#2632=LINE('',#19167,#4368);
#2633=LINE('',#19169,#4369);
#2634=LINE('',#19170,#4370);
#2635=LINE('',#19173,#4371);
#2636=LINE('',#19175,#4372);
#2637=LINE('',#19176,#4373);
#2638=LINE('',#19179,#4374);
#2639=LINE('',#19181,#4375);
#2640=LINE('',#19182,#4376);
#2641=LINE('',#19184,#4377);
#2642=LINE('',#19185,#4378);
#2643=LINE('',#19191,#4379);
#2644=LINE('',#19193,#4380);
#2645=LINE('',#19195,#4381);
#2646=LINE('',#19196,#4382);
#2647=LINE('',#19199,#4383);
#2648=LINE('',#19201,#4384);
#2649=LINE('',#19202,#4385);
#2650=LINE('',#19205,#4386);
#2651=LINE('',#19207,#4387);
#2652=LINE('',#19208,#4388);
#2653=LINE('',#19210,#4389);
#2654=LINE('',#19211,#4390);
#2655=LINE('',#19217,#4391);
#2656=LINE('',#19219,#4392);
#2657=LINE('',#19221,#4393);
#2658=LINE('',#19222,#4394);
#2659=LINE('',#19225,#4395);
#2660=LINE('',#19227,#4396);
#2661=LINE('',#19228,#4397);
#2662=LINE('',#19231,#4398);
#2663=LINE('',#19233,#4399);
#2664=LINE('',#19234,#4400);
#2665=LINE('',#19236,#4401);
#2666=LINE('',#19237,#4402);
#2667=LINE('',#19243,#4403);
#2668=LINE('',#19245,#4404);
#2669=LINE('',#19247,#4405);
#2670=LINE('',#19248,#4406);
#2671=LINE('',#19251,#4407);
#2672=LINE('',#19253,#4408);
#2673=LINE('',#19254,#4409);
#2674=LINE('',#19257,#4410);
#2675=LINE('',#19259,#4411);
#2676=LINE('',#19260,#4412);
#2677=LINE('',#19262,#4413);
#2678=LINE('',#19263,#4414);
#2679=LINE('',#19269,#4415);
#2680=LINE('',#19271,#4416);
#2681=LINE('',#19273,#4417);
#2682=LINE('',#19274,#4418);
#2683=LINE('',#19277,#4419);
#2684=LINE('',#19279,#4420);
#2685=LINE('',#19280,#4421);
#2686=LINE('',#19283,#4422);
#2687=LINE('',#19285,#4423);
#2688=LINE('',#19286,#4424);
#2689=LINE('',#19288,#4425);
#2690=LINE('',#19289,#4426);
#2691=LINE('',#19295,#4427);
#2692=LINE('',#19297,#4428);
#2693=LINE('',#19299,#4429);
#2694=LINE('',#19300,#4430);
#2695=LINE('',#19303,#4431);
#2696=LINE('',#19305,#4432);
#2697=LINE('',#19306,#4433);
#2698=LINE('',#19309,#4434);
#2699=LINE('',#19311,#4435);
#2700=LINE('',#19312,#4436);
#2701=LINE('',#19314,#4437);
#2702=LINE('',#19315,#4438);
#2703=LINE('',#19321,#4439);
#2704=LINE('',#19323,#4440);
#2705=LINE('',#19325,#4441);
#2706=LINE('',#19326,#4442);
#2707=LINE('',#19329,#4443);
#2708=LINE('',#19331,#4444);
#2709=LINE('',#19332,#4445);
#2710=LINE('',#19335,#4446);
#2711=LINE('',#19337,#4447);
#2712=LINE('',#19338,#4448);
#2713=LINE('',#19340,#4449);
#2714=LINE('',#19341,#4450);
#2715=LINE('',#19347,#4451);
#2716=LINE('',#19349,#4452);
#2717=LINE('',#19351,#4453);
#2718=LINE('',#19352,#4454);
#2719=LINE('',#19355,#4455);
#2720=LINE('',#19357,#4456);
#2721=LINE('',#19358,#4457);
#2722=LINE('',#19361,#4458);
#2723=LINE('',#19363,#4459);
#2724=LINE('',#19364,#4460);
#2725=LINE('',#19366,#4461);
#2726=LINE('',#19367,#4462);
#2727=LINE('',#19373,#4463);
#2728=LINE('',#19375,#4464);
#2729=LINE('',#19377,#4465);
#2730=LINE('',#19378,#4466);
#2731=LINE('',#19381,#4467);
#2732=LINE('',#19383,#4468);
#2733=LINE('',#19384,#4469);
#2734=LINE('',#19387,#4470);
#2735=LINE('',#19389,#4471);
#2736=LINE('',#19390,#4472);
#2737=LINE('',#19392,#4473);
#2738=LINE('',#19393,#4474);
#2739=LINE('',#19399,#4475);
#2740=LINE('',#19401,#4476);
#2741=LINE('',#19403,#4477);
#2742=LINE('',#19404,#4478);
#2743=LINE('',#19407,#4479);
#2744=LINE('',#19409,#4480);
#2745=LINE('',#19410,#4481);
#2746=LINE('',#19413,#4482);
#2747=LINE('',#19415,#4483);
#2748=LINE('',#19416,#4484);
#2749=LINE('',#19418,#4485);
#2750=LINE('',#19419,#4486);
#2751=LINE('',#19425,#4487);
#2752=LINE('',#19427,#4488);
#2753=LINE('',#19429,#4489);
#2754=LINE('',#19430,#4490);
#2755=LINE('',#19433,#4491);
#2756=LINE('',#19435,#4492);
#2757=LINE('',#19436,#4493);
#2758=LINE('',#19439,#4494);
#2759=LINE('',#19441,#4495);
#2760=LINE('',#19442,#4496);
#2761=LINE('',#19444,#4497);
#2762=LINE('',#19445,#4498);
#2763=LINE('',#19451,#4499);
#2764=LINE('',#19453,#4500);
#2765=LINE('',#19455,#4501);
#2766=LINE('',#19456,#4502);
#2767=LINE('',#19459,#4503);
#2768=LINE('',#19461,#4504);
#2769=LINE('',#19462,#4505);
#2770=LINE('',#19465,#4506);
#2771=LINE('',#19467,#4507);
#2772=LINE('',#19468,#4508);
#2773=LINE('',#19470,#4509);
#2774=LINE('',#19471,#4510);
#2775=LINE('',#19477,#4511);
#2776=LINE('',#19479,#4512);
#2777=LINE('',#19481,#4513);
#2778=LINE('',#19482,#4514);
#2779=LINE('',#19485,#4515);
#2780=LINE('',#19487,#4516);
#2781=LINE('',#19488,#4517);
#2782=LINE('',#19491,#4518);
#2783=LINE('',#19493,#4519);
#2784=LINE('',#19494,#4520);
#2785=LINE('',#19496,#4521);
#2786=LINE('',#19497,#4522);
#2787=LINE('',#19503,#4523);
#2788=LINE('',#19505,#4524);
#2789=LINE('',#19507,#4525);
#2790=LINE('',#19508,#4526);
#2791=LINE('',#19511,#4527);
#2792=LINE('',#19513,#4528);
#2793=LINE('',#19514,#4529);
#2794=LINE('',#19517,#4530);
#2795=LINE('',#19519,#4531);
#2796=LINE('',#19520,#4532);
#2797=LINE('',#19522,#4533);
#2798=LINE('',#19523,#4534);
#2799=LINE('',#19529,#4535);
#2800=LINE('',#19531,#4536);
#2801=LINE('',#19533,#4537);
#2802=LINE('',#19534,#4538);
#2803=LINE('',#19537,#4539);
#2804=LINE('',#19539,#4540);
#2805=LINE('',#19540,#4541);
#2806=LINE('',#19543,#4542);
#2807=LINE('',#19545,#4543);
#2808=LINE('',#19546,#4544);
#2809=LINE('',#19548,#4545);
#2810=LINE('',#19549,#4546);
#2811=LINE('',#19555,#4547);
#2812=LINE('',#19557,#4548);
#2813=LINE('',#19559,#4549);
#2814=LINE('',#19560,#4550);
#2815=LINE('',#19563,#4551);
#2816=LINE('',#19565,#4552);
#2817=LINE('',#19566,#4553);
#2818=LINE('',#19569,#4554);
#2819=LINE('',#19571,#4555);
#2820=LINE('',#19572,#4556);
#2821=LINE('',#19574,#4557);
#2822=LINE('',#19575,#4558);
#2823=LINE('',#19581,#4559);
#2824=LINE('',#19583,#4560);
#2825=LINE('',#19585,#4561);
#2826=LINE('',#19586,#4562);
#2827=LINE('',#19589,#4563);
#2828=LINE('',#19591,#4564);
#2829=LINE('',#19592,#4565);
#2830=LINE('',#19595,#4566);
#2831=LINE('',#19597,#4567);
#2832=LINE('',#19598,#4568);
#2833=LINE('',#19600,#4569);
#2834=LINE('',#19601,#4570);
#2835=LINE('',#19607,#4571);
#2836=LINE('',#19609,#4572);
#2837=LINE('',#19611,#4573);
#2838=LINE('',#19612,#4574);
#2839=LINE('',#19615,#4575);
#2840=LINE('',#19617,#4576);
#2841=LINE('',#19618,#4577);
#2842=LINE('',#19621,#4578);
#2843=LINE('',#19623,#4579);
#2844=LINE('',#19624,#4580);
#2845=LINE('',#19626,#4581);
#2846=LINE('',#19627,#4582);
#2847=LINE('',#19633,#4583);
#2848=LINE('',#19635,#4584);
#2849=LINE('',#19637,#4585);
#2850=LINE('',#19638,#4586);
#2851=LINE('',#19641,#4587);
#2852=LINE('',#19643,#4588);
#2853=LINE('',#19644,#4589);
#2854=LINE('',#19647,#4590);
#2855=LINE('',#19649,#4591);
#2856=LINE('',#19650,#4592);
#2857=LINE('',#19652,#4593);
#2858=LINE('',#19653,#4594);
#2859=LINE('',#19659,#4595);
#2860=LINE('',#19661,#4596);
#2861=LINE('',#19663,#4597);
#2862=LINE('',#19664,#4598);
#2863=LINE('',#19667,#4599);
#2864=LINE('',#19669,#4600);
#2865=LINE('',#19670,#4601);
#2866=LINE('',#19673,#4602);
#2867=LINE('',#19675,#4603);
#2868=LINE('',#19676,#4604);
#2869=LINE('',#19678,#4605);
#2870=LINE('',#19679,#4606);
#2871=LINE('',#19685,#4607);
#2872=LINE('',#19687,#4608);
#2873=LINE('',#19689,#4609);
#2874=LINE('',#19690,#4610);
#2875=LINE('',#19693,#4611);
#2876=LINE('',#19695,#4612);
#2877=LINE('',#19696,#4613);
#2878=LINE('',#19699,#4614);
#2879=LINE('',#19701,#4615);
#2880=LINE('',#19702,#4616);
#2881=LINE('',#19704,#4617);
#2882=LINE('',#19705,#4618);
#2883=LINE('',#19711,#4619);
#2884=LINE('',#19713,#4620);
#2885=LINE('',#19715,#4621);
#2886=LINE('',#19716,#4622);
#2887=LINE('',#19719,#4623);
#2888=LINE('',#19721,#4624);
#2889=LINE('',#19722,#4625);
#2890=LINE('',#19725,#4626);
#2891=LINE('',#19727,#4627);
#2892=LINE('',#19728,#4628);
#2893=LINE('',#19730,#4629);
#2894=LINE('',#19731,#4630);
#2895=LINE('',#19737,#4631);
#2896=LINE('',#19739,#4632);
#2897=LINE('',#19741,#4633);
#2898=LINE('',#19742,#4634);
#2899=LINE('',#19745,#4635);
#2900=LINE('',#19747,#4636);
#2901=LINE('',#19748,#4637);
#2902=LINE('',#19751,#4638);
#2903=LINE('',#19753,#4639);
#2904=LINE('',#19754,#4640);
#2905=LINE('',#19756,#4641);
#2906=LINE('',#19757,#4642);
#2907=LINE('',#19763,#4643);
#2908=LINE('',#19765,#4644);
#2909=LINE('',#19767,#4645);
#2910=LINE('',#19768,#4646);
#2911=LINE('',#19771,#4647);
#2912=LINE('',#19773,#4648);
#2913=LINE('',#19774,#4649);
#2914=LINE('',#19777,#4650);
#2915=LINE('',#19779,#4651);
#2916=LINE('',#19780,#4652);
#2917=LINE('',#19782,#4653);
#2918=LINE('',#19783,#4654);
#2919=LINE('',#19789,#4655);
#2920=LINE('',#19791,#4656);
#2921=LINE('',#19793,#4657);
#2922=LINE('',#19794,#4658);
#2923=LINE('',#19797,#4659);
#2924=LINE('',#19799,#4660);
#2925=LINE('',#19800,#4661);
#2926=LINE('',#19803,#4662);
#2927=LINE('',#19805,#4663);
#2928=LINE('',#19806,#4664);
#2929=LINE('',#19808,#4665);
#2930=LINE('',#19809,#4666);
#2931=LINE('',#19815,#4667);
#2932=LINE('',#19817,#4668);
#2933=LINE('',#19819,#4669);
#2934=LINE('',#19820,#4670);
#2935=LINE('',#19823,#4671);
#2936=LINE('',#19825,#4672);
#2937=LINE('',#19826,#4673);
#2938=LINE('',#19829,#4674);
#2939=LINE('',#19831,#4675);
#2940=LINE('',#19832,#4676);
#2941=LINE('',#19834,#4677);
#2942=LINE('',#19835,#4678);
#2943=LINE('',#19841,#4679);
#2944=LINE('',#19843,#4680);
#2945=LINE('',#19845,#4681);
#2946=LINE('',#19846,#4682);
#2947=LINE('',#19849,#4683);
#2948=LINE('',#19851,#4684);
#2949=LINE('',#19852,#4685);
#2950=LINE('',#19855,#4686);
#2951=LINE('',#19857,#4687);
#2952=LINE('',#19858,#4688);
#2953=LINE('',#19860,#4689);
#2954=LINE('',#19861,#4690);
#2955=LINE('',#19867,#4691);
#2956=LINE('',#19869,#4692);
#2957=LINE('',#19871,#4693);
#2958=LINE('',#19872,#4694);
#2959=LINE('',#19875,#4695);
#2960=LINE('',#19877,#4696);
#2961=LINE('',#19878,#4697);
#2962=LINE('',#19881,#4698);
#2963=LINE('',#19883,#4699);
#2964=LINE('',#19884,#4700);
#2965=LINE('',#19886,#4701);
#2966=LINE('',#19887,#4702);
#2967=LINE('',#19893,#4703);
#2968=LINE('',#19895,#4704);
#2969=LINE('',#19897,#4705);
#2970=LINE('',#19898,#4706);
#2971=LINE('',#19901,#4707);
#2972=LINE('',#19903,#4708);
#2973=LINE('',#19904,#4709);
#2974=LINE('',#19907,#4710);
#2975=LINE('',#19909,#4711);
#2976=LINE('',#19910,#4712);
#2977=LINE('',#19912,#4713);
#2978=LINE('',#19913,#4714);
#2979=LINE('',#19919,#4715);
#2980=LINE('',#19921,#4716);
#2981=LINE('',#19923,#4717);
#2982=LINE('',#19924,#4718);
#2983=LINE('',#19927,#4719);
#2984=LINE('',#19929,#4720);
#2985=LINE('',#19930,#4721);
#2986=LINE('',#19933,#4722);
#2987=LINE('',#19935,#4723);
#2988=LINE('',#19936,#4724);
#2989=LINE('',#19938,#4725);
#2990=LINE('',#19939,#4726);
#2991=LINE('',#19945,#4727);
#2992=LINE('',#19947,#4728);
#2993=LINE('',#19949,#4729);
#2994=LINE('',#19950,#4730);
#2995=LINE('',#19953,#4731);
#2996=LINE('',#19955,#4732);
#2997=LINE('',#19956,#4733);
#2998=LINE('',#19959,#4734);
#2999=LINE('',#19961,#4735);
#3000=LINE('',#19962,#4736);
#3001=LINE('',#19964,#4737);
#3002=LINE('',#19965,#4738);
#3003=LINE('',#19971,#4739);
#3004=LINE('',#19973,#4740);
#3005=LINE('',#19975,#4741);
#3006=LINE('',#19976,#4742);
#3007=LINE('',#19979,#4743);
#3008=LINE('',#19981,#4744);
#3009=LINE('',#19982,#4745);
#3010=LINE('',#19985,#4746);
#3011=LINE('',#19987,#4747);
#3012=LINE('',#19988,#4748);
#3013=LINE('',#19990,#4749);
#3014=LINE('',#19991,#4750);
#3015=LINE('',#19997,#4751);
#3016=LINE('',#19999,#4752);
#3017=LINE('',#20001,#4753);
#3018=LINE('',#20002,#4754);
#3019=LINE('',#20005,#4755);
#3020=LINE('',#20007,#4756);
#3021=LINE('',#20008,#4757);
#3022=LINE('',#20011,#4758);
#3023=LINE('',#20013,#4759);
#3024=LINE('',#20014,#4760);
#3025=LINE('',#20016,#4761);
#3026=LINE('',#20017,#4762);
#3027=LINE('',#20023,#4763);
#3028=LINE('',#20025,#4764);
#3029=LINE('',#20027,#4765);
#3030=LINE('',#20028,#4766);
#3031=LINE('',#20031,#4767);
#3032=LINE('',#20033,#4768);
#3033=LINE('',#20034,#4769);
#3034=LINE('',#20037,#4770);
#3035=LINE('',#20039,#4771);
#3036=LINE('',#20040,#4772);
#3037=LINE('',#20042,#4773);
#3038=LINE('',#20043,#4774);
#3039=LINE('',#20049,#4775);
#3040=LINE('',#20051,#4776);
#3041=LINE('',#20053,#4777);
#3042=LINE('',#20054,#4778);
#3043=LINE('',#20057,#4779);
#3044=LINE('',#20059,#4780);
#3045=LINE('',#20060,#4781);
#3046=LINE('',#20063,#4782);
#3047=LINE('',#20065,#4783);
#3048=LINE('',#20066,#4784);
#3049=LINE('',#20068,#4785);
#3050=LINE('',#20069,#4786);
#3051=LINE('',#20075,#4787);
#3052=LINE('',#20077,#4788);
#3053=LINE('',#20079,#4789);
#3054=LINE('',#20080,#4790);
#3055=LINE('',#20083,#4791);
#3056=LINE('',#20085,#4792);
#3057=LINE('',#20086,#4793);
#3058=LINE('',#20089,#4794);
#3059=LINE('',#20091,#4795);
#3060=LINE('',#20092,#4796);
#3061=LINE('',#20094,#4797);
#3062=LINE('',#20095,#4798);
#3063=LINE('',#20101,#4799);
#3064=LINE('',#20103,#4800);
#3065=LINE('',#20105,#4801);
#3066=LINE('',#20106,#4802);
#3067=LINE('',#20109,#4803);
#3068=LINE('',#20111,#4804);
#3069=LINE('',#20112,#4805);
#3070=LINE('',#20115,#4806);
#3071=LINE('',#20117,#4807);
#3072=LINE('',#20118,#4808);
#3073=LINE('',#20120,#4809);
#3074=LINE('',#20121,#4810);
#3075=LINE('',#20127,#4811);
#3076=LINE('',#20129,#4812);
#3077=LINE('',#20131,#4813);
#3078=LINE('',#20132,#4814);
#3079=LINE('',#20135,#4815);
#3080=LINE('',#20137,#4816);
#3081=LINE('',#20138,#4817);
#3082=LINE('',#20141,#4818);
#3083=LINE('',#20143,#4819);
#3084=LINE('',#20144,#4820);
#3085=LINE('',#20146,#4821);
#3086=LINE('',#20147,#4822);
#3087=LINE('',#20153,#4823);
#3088=LINE('',#20155,#4824);
#3089=LINE('',#20157,#4825);
#3090=LINE('',#20158,#4826);
#3091=LINE('',#20161,#4827);
#3092=LINE('',#20163,#4828);
#3093=LINE('',#20164,#4829);
#3094=LINE('',#20167,#4830);
#3095=LINE('',#20169,#4831);
#3096=LINE('',#20170,#4832);
#3097=LINE('',#20172,#4833);
#3098=LINE('',#20173,#4834);
#3099=LINE('',#20179,#4835);
#3100=LINE('',#20181,#4836);
#3101=LINE('',#20183,#4837);
#3102=LINE('',#20184,#4838);
#3103=LINE('',#20187,#4839);
#3104=LINE('',#20189,#4840);
#3105=LINE('',#20190,#4841);
#3106=LINE('',#20193,#4842);
#3107=LINE('',#20195,#4843);
#3108=LINE('',#20196,#4844);
#3109=LINE('',#20198,#4845);
#3110=LINE('',#20199,#4846);
#3111=LINE('',#20205,#4847);
#3112=LINE('',#20207,#4848);
#3113=LINE('',#20209,#4849);
#3114=LINE('',#20210,#4850);
#3115=LINE('',#20213,#4851);
#3116=LINE('',#20215,#4852);
#3117=LINE('',#20216,#4853);
#3118=LINE('',#20219,#4854);
#3119=LINE('',#20221,#4855);
#3120=LINE('',#20222,#4856);
#3121=LINE('',#20224,#4857);
#3122=LINE('',#20225,#4858);
#3123=LINE('',#20231,#4859);
#3124=LINE('',#20233,#4860);
#3125=LINE('',#20235,#4861);
#3126=LINE('',#20236,#4862);
#3127=LINE('',#20239,#4863);
#3128=LINE('',#20241,#4864);
#3129=LINE('',#20242,#4865);
#3130=LINE('',#20245,#4866);
#3131=LINE('',#20247,#4867);
#3132=LINE('',#20248,#4868);
#3133=LINE('',#20250,#4869);
#3134=LINE('',#20251,#4870);
#3135=LINE('',#20257,#4871);
#3136=LINE('',#20259,#4872);
#3137=LINE('',#20261,#4873);
#3138=LINE('',#20262,#4874);
#3139=LINE('',#20265,#4875);
#3140=LINE('',#20267,#4876);
#3141=LINE('',#20268,#4877);
#3142=LINE('',#20271,#4878);
#3143=LINE('',#20273,#4879);
#3144=LINE('',#20274,#4880);
#3145=LINE('',#20276,#4881);
#3146=LINE('',#20277,#4882);
#3147=LINE('',#20283,#4883);
#3148=LINE('',#20285,#4884);
#3149=LINE('',#20287,#4885);
#3150=LINE('',#20288,#4886);
#3151=LINE('',#20291,#4887);
#3152=LINE('',#20293,#4888);
#3153=LINE('',#20294,#4889);
#3154=LINE('',#20297,#4890);
#3155=LINE('',#20299,#4891);
#3156=LINE('',#20300,#4892);
#3157=LINE('',#20302,#4893);
#3158=LINE('',#20303,#4894);
#3159=LINE('',#20309,#4895);
#3160=LINE('',#20311,#4896);
#3161=LINE('',#20313,#4897);
#3162=LINE('',#20314,#4898);
#3163=LINE('',#20317,#4899);
#3164=LINE('',#20319,#4900);
#3165=LINE('',#20320,#4901);
#3166=LINE('',#20323,#4902);
#3167=LINE('',#20325,#4903);
#3168=LINE('',#20326,#4904);
#3169=LINE('',#20328,#4905);
#3170=LINE('',#20329,#4906);
#3171=LINE('',#20335,#4907);
#3172=LINE('',#20337,#4908);
#3173=LINE('',#20339,#4909);
#3174=LINE('',#20340,#4910);
#3175=LINE('',#20343,#4911);
#3176=LINE('',#20345,#4912);
#3177=LINE('',#20346,#4913);
#3178=LINE('',#20349,#4914);
#3179=LINE('',#20351,#4915);
#3180=LINE('',#20352,#4916);
#3181=LINE('',#20354,#4917);
#3182=LINE('',#20355,#4918);
#3183=LINE('',#20361,#4919);
#3184=LINE('',#20363,#4920);
#3185=LINE('',#20365,#4921);
#3186=LINE('',#20366,#4922);
#3187=LINE('',#20369,#4923);
#3188=LINE('',#20371,#4924);
#3189=LINE('',#20372,#4925);
#3190=LINE('',#20375,#4926);
#3191=LINE('',#20377,#4927);
#3192=LINE('',#20378,#4928);
#3193=LINE('',#20380,#4929);
#3194=LINE('',#20381,#4930);
#3195=LINE('',#20387,#4931);
#3196=LINE('',#20389,#4932);
#3197=LINE('',#20391,#4933);
#3198=LINE('',#20392,#4934);
#3199=LINE('',#20395,#4935);
#3200=LINE('',#20397,#4936);
#3201=LINE('',#20398,#4937);
#3202=LINE('',#20401,#4938);
#3203=LINE('',#20403,#4939);
#3204=LINE('',#20404,#4940);
#3205=LINE('',#20406,#4941);
#3206=LINE('',#20407,#4942);
#3207=LINE('',#20413,#4943);
#3208=LINE('',#20415,#4944);
#3209=LINE('',#20417,#4945);
#3210=LINE('',#20418,#4946);
#3211=LINE('',#20421,#4947);
#3212=LINE('',#20423,#4948);
#3213=LINE('',#20424,#4949);
#3214=LINE('',#20427,#4950);
#3215=LINE('',#20429,#4951);
#3216=LINE('',#20430,#4952);
#3217=LINE('',#20432,#4953);
#3218=LINE('',#20433,#4954);
#3219=LINE('',#20439,#4955);
#3220=LINE('',#20441,#4956);
#3221=LINE('',#20443,#4957);
#3222=LINE('',#20444,#4958);
#3223=LINE('',#20447,#4959);
#3224=LINE('',#20449,#4960);
#3225=LINE('',#20450,#4961);
#3226=LINE('',#20453,#4962);
#3227=LINE('',#20455,#4963);
#3228=LINE('',#20456,#4964);
#3229=LINE('',#20458,#4965);
#3230=LINE('',#20459,#4966);
#3231=LINE('',#20465,#4967);
#3232=LINE('',#20467,#4968);
#3233=LINE('',#20469,#4969);
#3234=LINE('',#20470,#4970);
#3235=LINE('',#20473,#4971);
#3236=LINE('',#20475,#4972);
#3237=LINE('',#20476,#4973);
#3238=LINE('',#20479,#4974);
#3239=LINE('',#20481,#4975);
#3240=LINE('',#20482,#4976);
#3241=LINE('',#20484,#4977);
#3242=LINE('',#20485,#4978);
#3243=LINE('',#20491,#4979);
#3244=LINE('',#20493,#4980);
#3245=LINE('',#20495,#4981);
#3246=LINE('',#20496,#4982);
#3247=LINE('',#20499,#4983);
#3248=LINE('',#20501,#4984);
#3249=LINE('',#20502,#4985);
#3250=LINE('',#20505,#4986);
#3251=LINE('',#20507,#4987);
#3252=LINE('',#20508,#4988);
#3253=LINE('',#20510,#4989);
#3254=LINE('',#20511,#4990);
#3255=LINE('',#20517,#4991);
#3256=LINE('',#20519,#4992);
#3257=LINE('',#20521,#4993);
#3258=LINE('',#20522,#4994);
#3259=LINE('',#20525,#4995);
#3260=LINE('',#20527,#4996);
#3261=LINE('',#20528,#4997);
#3262=LINE('',#20531,#4998);
#3263=LINE('',#20533,#4999);
#3264=LINE('',#20534,#5000);
#3265=LINE('',#20536,#5001);
#3266=LINE('',#20537,#5002);
#3267=LINE('',#20543,#5003);
#3268=LINE('',#20545,#5004);
#3269=LINE('',#20547,#5005);
#3270=LINE('',#20548,#5006);
#3271=LINE('',#20551,#5007);
#3272=LINE('',#20553,#5008);
#3273=LINE('',#20554,#5009);
#3274=LINE('',#20557,#5010);
#3275=LINE('',#20559,#5011);
#3276=LINE('',#20560,#5012);
#3277=LINE('',#20562,#5013);
#3278=LINE('',#20563,#5014);
#3279=LINE('',#20569,#5015);
#3280=LINE('',#20571,#5016);
#3281=LINE('',#20573,#5017);
#3282=LINE('',#20574,#5018);
#3283=LINE('',#20577,#5019);
#3284=LINE('',#20579,#5020);
#3285=LINE('',#20580,#5021);
#3286=LINE('',#20583,#5022);
#3287=LINE('',#20585,#5023);
#3288=LINE('',#20586,#5024);
#3289=LINE('',#20588,#5025);
#3290=LINE('',#20589,#5026);
#3291=LINE('',#20595,#5027);
#3292=LINE('',#20597,#5028);
#3293=LINE('',#20599,#5029);
#3294=LINE('',#20600,#5030);
#3295=LINE('',#20603,#5031);
#3296=LINE('',#20605,#5032);
#3297=LINE('',#20606,#5033);
#3298=LINE('',#20609,#5034);
#3299=LINE('',#20611,#5035);
#3300=LINE('',#20612,#5036);
#3301=LINE('',#20614,#5037);
#3302=LINE('',#20615,#5038);
#3303=LINE('',#20621,#5039);
#3304=LINE('',#20623,#5040);
#3305=LINE('',#20625,#5041);
#3306=LINE('',#20626,#5042);
#3307=LINE('',#20629,#5043);
#3308=LINE('',#20631,#5044);
#3309=LINE('',#20632,#5045);
#3310=LINE('',#20635,#5046);
#3311=LINE('',#20637,#5047);
#3312=LINE('',#20638,#5048);
#3313=LINE('',#20640,#5049);
#3314=LINE('',#20641,#5050);
#3315=LINE('',#20647,#5051);
#3316=LINE('',#20649,#5052);
#3317=LINE('',#20651,#5053);
#3318=LINE('',#20652,#5054);
#3319=LINE('',#20655,#5055);
#3320=LINE('',#20657,#5056);
#3321=LINE('',#20658,#5057);
#3322=LINE('',#20661,#5058);
#3323=LINE('',#20663,#5059);
#3324=LINE('',#20664,#5060);
#3325=LINE('',#20666,#5061);
#3326=LINE('',#20667,#5062);
#3327=LINE('',#20673,#5063);
#3328=LINE('',#20675,#5064);
#3329=LINE('',#20677,#5065);
#3330=LINE('',#20678,#5066);
#3331=LINE('',#20681,#5067);
#3332=LINE('',#20683,#5068);
#3333=LINE('',#20684,#5069);
#3334=LINE('',#20687,#5070);
#3335=LINE('',#20689,#5071);
#3336=LINE('',#20690,#5072);
#3337=LINE('',#20692,#5073);
#3338=LINE('',#20693,#5074);
#3339=LINE('',#20699,#5075);
#3340=LINE('',#20701,#5076);
#3341=LINE('',#20703,#5077);
#3342=LINE('',#20704,#5078);
#3343=LINE('',#20707,#5079);
#3344=LINE('',#20709,#5080);
#3345=LINE('',#20710,#5081);
#3346=LINE('',#20713,#5082);
#3347=LINE('',#20715,#5083);
#3348=LINE('',#20716,#5084);
#3349=LINE('',#20718,#5085);
#3350=LINE('',#20719,#5086);
#3351=LINE('',#20725,#5087);
#3352=LINE('',#20727,#5088);
#3353=LINE('',#20729,#5089);
#3354=LINE('',#20730,#5090);
#3355=LINE('',#20733,#5091);
#3356=LINE('',#20735,#5092);
#3357=LINE('',#20736,#5093);
#3358=LINE('',#20739,#5094);
#3359=LINE('',#20741,#5095);
#3360=LINE('',#20742,#5096);
#3361=LINE('',#20744,#5097);
#3362=LINE('',#20745,#5098);
#3363=LINE('',#20751,#5099);
#3364=LINE('',#20753,#5100);
#3365=LINE('',#20755,#5101);
#3366=LINE('',#20756,#5102);
#3367=LINE('',#20759,#5103);
#3368=LINE('',#20761,#5104);
#3369=LINE('',#20762,#5105);
#3370=LINE('',#20765,#5106);
#3371=LINE('',#20767,#5107);
#3372=LINE('',#20768,#5108);
#3373=LINE('',#20770,#5109);
#3374=LINE('',#20771,#5110);
#3375=LINE('',#20777,#5111);
#3376=LINE('',#20779,#5112);
#3377=LINE('',#20781,#5113);
#3378=LINE('',#20782,#5114);
#3379=LINE('',#20785,#5115);
#3380=LINE('',#20787,#5116);
#3381=LINE('',#20788,#5117);
#3382=LINE('',#20791,#5118);
#3383=LINE('',#20793,#5119);
#3384=LINE('',#20794,#5120);
#3385=LINE('',#20796,#5121);
#3386=LINE('',#20797,#5122);
#3387=LINE('',#20803,#5123);
#3388=LINE('',#20805,#5124);
#3389=LINE('',#20807,#5125);
#3390=LINE('',#20808,#5126);
#3391=LINE('',#20811,#5127);
#3392=LINE('',#20813,#5128);
#3393=LINE('',#20814,#5129);
#3394=LINE('',#20817,#5130);
#3395=LINE('',#20819,#5131);
#3396=LINE('',#20820,#5132);
#3397=LINE('',#20822,#5133);
#3398=LINE('',#20823,#5134);
#3399=LINE('',#20829,#5135);
#3400=LINE('',#20831,#5136);
#3401=LINE('',#20833,#5137);
#3402=LINE('',#20834,#5138);
#3403=LINE('',#20837,#5139);
#3404=LINE('',#20839,#5140);
#3405=LINE('',#20840,#5141);
#3406=LINE('',#20843,#5142);
#3407=LINE('',#20845,#5143);
#3408=LINE('',#20846,#5144);
#3409=LINE('',#20848,#5145);
#3410=LINE('',#20849,#5146);
#3411=LINE('',#20855,#5147);
#3412=LINE('',#20857,#5148);
#3413=LINE('',#20859,#5149);
#3414=LINE('',#20860,#5150);
#3415=LINE('',#20863,#5151);
#3416=LINE('',#20865,#5152);
#3417=LINE('',#20866,#5153);
#3418=LINE('',#20869,#5154);
#3419=LINE('',#20871,#5155);
#3420=LINE('',#20872,#5156);
#3421=LINE('',#20874,#5157);
#3422=LINE('',#20875,#5158);
#3423=LINE('',#20881,#5159);
#3424=LINE('',#20883,#5160);
#3425=LINE('',#20885,#5161);
#3426=LINE('',#20886,#5162);
#3427=LINE('',#20889,#5163);
#3428=LINE('',#20891,#5164);
#3429=LINE('',#20892,#5165);
#3430=LINE('',#20895,#5166);
#3431=LINE('',#20897,#5167);
#3432=LINE('',#20898,#5168);
#3433=LINE('',#20900,#5169);
#3434=LINE('',#20901,#5170);
#3435=LINE('',#20907,#5171);
#3436=LINE('',#20909,#5172);
#3437=LINE('',#20911,#5173);
#3438=LINE('',#20912,#5174);
#3439=LINE('',#20915,#5175);
#3440=LINE('',#20917,#5176);
#3441=LINE('',#20918,#5177);
#3442=LINE('',#20921,#5178);
#3443=LINE('',#20923,#5179);
#3444=LINE('',#20924,#5180);
#3445=LINE('',#20926,#5181);
#3446=LINE('',#20927,#5182);
#3447=LINE('',#20933,#5183);
#3448=LINE('',#20935,#5184);
#3449=LINE('',#20937,#5185);
#3450=LINE('',#20938,#5186);
#3451=LINE('',#20941,#5187);
#3452=LINE('',#20943,#5188);
#3453=LINE('',#20944,#5189);
#3454=LINE('',#20947,#5190);
#3455=LINE('',#20949,#5191);
#3456=LINE('',#20950,#5192);
#3457=LINE('',#20952,#5193);
#3458=LINE('',#20953,#5194);
#3459=LINE('',#20959,#5195);
#3460=LINE('',#20961,#5196);
#3461=LINE('',#20963,#5197);
#3462=LINE('',#20964,#5198);
#3463=LINE('',#20967,#5199);
#3464=LINE('',#20969,#5200);
#3465=LINE('',#20970,#5201);
#3466=LINE('',#20973,#5202);
#3467=LINE('',#20975,#5203);
#3468=LINE('',#20976,#5204);
#3469=LINE('',#20978,#5205);
#3470=LINE('',#20979,#5206);
#3471=LINE('',#20985,#5207);
#3472=LINE('',#20987,#5208);
#3473=LINE('',#20989,#5209);
#3474=LINE('',#20990,#5210);
#3475=LINE('',#20993,#5211);
#3476=LINE('',#20995,#5212);
#3477=LINE('',#20996,#5213);
#3478=LINE('',#20999,#5214);
#3479=LINE('',#21001,#5215);
#3480=LINE('',#21002,#5216);
#3481=LINE('',#21004,#5217);
#3482=LINE('',#21005,#5218);
#3483=LINE('',#21011,#5219);
#3484=LINE('',#21013,#5220);
#3485=LINE('',#21015,#5221);
#3486=LINE('',#21016,#5222);
#3487=LINE('',#21019,#5223);
#3488=LINE('',#21021,#5224);
#3489=LINE('',#21022,#5225);
#3490=LINE('',#21025,#5226);
#3491=LINE('',#21027,#5227);
#3492=LINE('',#21028,#5228);
#3493=LINE('',#21030,#5229);
#3494=LINE('',#21031,#5230);
#3495=LINE('',#21037,#5231);
#3496=LINE('',#21039,#5232);
#3497=LINE('',#21041,#5233);
#3498=LINE('',#21042,#5234);
#3499=LINE('',#21045,#5235);
#3500=LINE('',#21047,#5236);
#3501=LINE('',#21048,#5237);
#3502=LINE('',#21051,#5238);
#3503=LINE('',#21053,#5239);
#3504=LINE('',#21054,#5240);
#3505=LINE('',#21056,#5241);
#3506=LINE('',#21057,#5242);
#3507=LINE('',#21063,#5243);
#3508=LINE('',#21065,#5244);
#3509=LINE('',#21067,#5245);
#3510=LINE('',#21068,#5246);
#3511=LINE('',#21071,#5247);
#3512=LINE('',#21073,#5248);
#3513=LINE('',#21074,#5249);
#3514=LINE('',#21077,#5250);
#3515=LINE('',#21079,#5251);
#3516=LINE('',#21080,#5252);
#3517=LINE('',#21082,#5253);
#3518=LINE('',#21083,#5254);
#3519=LINE('',#21089,#5255);
#3520=LINE('',#21091,#5256);
#3521=LINE('',#21093,#5257);
#3522=LINE('',#21094,#5258);
#3523=LINE('',#21097,#5259);
#3524=LINE('',#21099,#5260);
#3525=LINE('',#21100,#5261);
#3526=LINE('',#21103,#5262);
#3527=LINE('',#21105,#5263);
#3528=LINE('',#21106,#5264);
#3529=LINE('',#21108,#5265);
#3530=LINE('',#21109,#5266);
#3531=LINE('',#21115,#5267);
#3532=LINE('',#21117,#5268);
#3533=LINE('',#21119,#5269);
#3534=LINE('',#21120,#5270);
#3535=LINE('',#21123,#5271);
#3536=LINE('',#21125,#5272);
#3537=LINE('',#21126,#5273);
#3538=LINE('',#21129,#5274);
#3539=LINE('',#21131,#5275);
#3540=LINE('',#21132,#5276);
#3541=LINE('',#21134,#5277);
#3542=LINE('',#21135,#5278);
#3543=LINE('',#21141,#5279);
#3544=LINE('',#21143,#5280);
#3545=LINE('',#21145,#5281);
#3546=LINE('',#21146,#5282);
#3547=LINE('',#21149,#5283);
#3548=LINE('',#21151,#5284);
#3549=LINE('',#21152,#5285);
#3550=LINE('',#21155,#5286);
#3551=LINE('',#21157,#5287);
#3552=LINE('',#21158,#5288);
#3553=LINE('',#21160,#5289);
#3554=LINE('',#21161,#5290);
#3555=LINE('',#21167,#5291);
#3556=LINE('',#21169,#5292);
#3557=LINE('',#21171,#5293);
#3558=LINE('',#21172,#5294);
#3559=LINE('',#21175,#5295);
#3560=LINE('',#21177,#5296);
#3561=LINE('',#21178,#5297);
#3562=LINE('',#21181,#5298);
#3563=LINE('',#21183,#5299);
#3564=LINE('',#21184,#5300);
#3565=LINE('',#21186,#5301);
#3566=LINE('',#21187,#5302);
#3567=LINE('',#21193,#5303);
#3568=LINE('',#21195,#5304);
#3569=LINE('',#21197,#5305);
#3570=LINE('',#21198,#5306);
#3571=LINE('',#21201,#5307);
#3572=LINE('',#21203,#5308);
#3573=LINE('',#21204,#5309);
#3574=LINE('',#21207,#5310);
#3575=LINE('',#21209,#5311);
#3576=LINE('',#21210,#5312);
#3577=LINE('',#21212,#5313);
#3578=LINE('',#21213,#5314);
#3579=LINE('',#21219,#5315);
#3580=LINE('',#21221,#5316);
#3581=LINE('',#21223,#5317);
#3582=LINE('',#21224,#5318);
#3583=LINE('',#21227,#5319);
#3584=LINE('',#21229,#5320);
#3585=LINE('',#21230,#5321);
#3586=LINE('',#21233,#5322);
#3587=LINE('',#21235,#5323);
#3588=LINE('',#21236,#5324);
#3589=LINE('',#21238,#5325);
#3590=LINE('',#21239,#5326);
#3591=LINE('',#21245,#5327);
#3592=LINE('',#21247,#5328);
#3593=LINE('',#21249,#5329);
#3594=LINE('',#21250,#5330);
#3595=LINE('',#21253,#5331);
#3596=LINE('',#21255,#5332);
#3597=LINE('',#21256,#5333);
#3598=LINE('',#21259,#5334);
#3599=LINE('',#21261,#5335);
#3600=LINE('',#21262,#5336);
#3601=LINE('',#21264,#5337);
#3602=LINE('',#21265,#5338);
#3603=LINE('',#21271,#5339);
#3604=LINE('',#21273,#5340);
#3605=LINE('',#21275,#5341);
#3606=LINE('',#21276,#5342);
#3607=LINE('',#21279,#5343);
#3608=LINE('',#21281,#5344);
#3609=LINE('',#21282,#5345);
#3610=LINE('',#21285,#5346);
#3611=LINE('',#21287,#5347);
#3612=LINE('',#21288,#5348);
#3613=LINE('',#21290,#5349);
#3614=LINE('',#21291,#5350);
#3615=LINE('',#21297,#5351);
#3616=LINE('',#21299,#5352);
#3617=LINE('',#21301,#5353);
#3618=LINE('',#21302,#5354);
#3619=LINE('',#21305,#5355);
#3620=LINE('',#21307,#5356);
#3621=LINE('',#21308,#5357);
#3622=LINE('',#21311,#5358);
#3623=LINE('',#21313,#5359);
#3624=LINE('',#21314,#5360);
#3625=LINE('',#21316,#5361);
#3626=LINE('',#21317,#5362);
#3627=LINE('',#21323,#5363);
#3628=LINE('',#21325,#5364);
#3629=LINE('',#21327,#5365);
#3630=LINE('',#21328,#5366);
#3631=LINE('',#21331,#5367);
#3632=LINE('',#21333,#5368);
#3633=LINE('',#21334,#5369);
#3634=LINE('',#21337,#5370);
#3635=LINE('',#21339,#5371);
#3636=LINE('',#21340,#5372);
#3637=LINE('',#21342,#5373);
#3638=LINE('',#21343,#5374);
#3639=LINE('',#21349,#5375);
#3640=LINE('',#21351,#5376);
#3641=LINE('',#21353,#5377);
#3642=LINE('',#21354,#5378);
#3643=LINE('',#21357,#5379);
#3644=LINE('',#21359,#5380);
#3645=LINE('',#21360,#5381);
#3646=LINE('',#21363,#5382);
#3647=LINE('',#21365,#5383);
#3648=LINE('',#21366,#5384);
#3649=LINE('',#21368,#5385);
#3650=LINE('',#21369,#5386);
#3651=LINE('',#21375,#5387);
#3652=LINE('',#21377,#5388);
#3653=LINE('',#21379,#5389);
#3654=LINE('',#21380,#5390);
#3655=LINE('',#21383,#5391);
#3656=LINE('',#21385,#5392);
#3657=LINE('',#21386,#5393);
#3658=LINE('',#21389,#5394);
#3659=LINE('',#21391,#5395);
#3660=LINE('',#21392,#5396);
#3661=LINE('',#21394,#5397);
#3662=LINE('',#21395,#5398);
#3663=LINE('',#21401,#5399);
#3664=LINE('',#21403,#5400);
#3665=LINE('',#21405,#5401);
#3666=LINE('',#21406,#5402);
#3667=LINE('',#21409,#5403);
#3668=LINE('',#21411,#5404);
#3669=LINE('',#21412,#5405);
#3670=LINE('',#21415,#5406);
#3671=LINE('',#21417,#5407);
#3672=LINE('',#21418,#5408);
#3673=LINE('',#21420,#5409);
#3674=LINE('',#21421,#5410);
#3675=VECTOR('',#14339,10.);
#3676=VECTOR('',#14340,10.);
#3677=VECTOR('',#14341,10.);
#3678=VECTOR('',#14342,10.);
#3679=VECTOR('',#14345,10.);
#3680=VECTOR('',#14346,10.);
#3681=VECTOR('',#14347,10.);
#3682=VECTOR('',#14350,10.);
#3683=VECTOR('',#14351,10.);
#3684=VECTOR('',#14352,10.);
#3685=VECTOR('',#14355,10.);
#3686=VECTOR('',#14356,10.);
#3687=VECTOR('',#14361,10.);
#3688=VECTOR('',#14362,10.);
#3689=VECTOR('',#14363,10.);
#3690=VECTOR('',#14364,10.);
#3691=VECTOR('',#14367,10.);
#3692=VECTOR('',#14368,10.);
#3693=VECTOR('',#14369,10.);
#3694=VECTOR('',#14372,10.);
#3695=VECTOR('',#14373,10.);
#3696=VECTOR('',#14374,10.);
#3697=VECTOR('',#14377,10.);
#3698=VECTOR('',#14378,10.);
#3699=VECTOR('',#14383,10.);
#3700=VECTOR('',#14384,10.);
#3701=VECTOR('',#14385,10.);
#3702=VECTOR('',#14386,10.);
#3703=VECTOR('',#14389,10.);
#3704=VECTOR('',#14390,10.);
#3705=VECTOR('',#14391,10.);
#3706=VECTOR('',#14394,10.);
#3707=VECTOR('',#14395,10.);
#3708=VECTOR('',#14396,10.);
#3709=VECTOR('',#14399,10.);
#3710=VECTOR('',#14400,10.);
#3711=VECTOR('',#14405,10.);
#3712=VECTOR('',#14406,10.);
#3713=VECTOR('',#14407,10.);
#3714=VECTOR('',#14408,10.);
#3715=VECTOR('',#14411,10.);
#3716=VECTOR('',#14412,10.);
#3717=VECTOR('',#14413,10.);
#3718=VECTOR('',#14416,10.);
#3719=VECTOR('',#14417,10.);
#3720=VECTOR('',#14418,10.);
#3721=VECTOR('',#14421,10.);
#3722=VECTOR('',#14422,10.);
#3723=VECTOR('',#14427,10.);
#3724=VECTOR('',#14428,10.);
#3725=VECTOR('',#14429,10.);
#3726=VECTOR('',#14430,10.);
#3727=VECTOR('',#14433,10.);
#3728=VECTOR('',#14434,10.);
#3729=VECTOR('',#14435,10.);
#3730=VECTOR('',#14438,10.);
#3731=VECTOR('',#14439,10.);
#3732=VECTOR('',#14440,10.);
#3733=VECTOR('',#14443,10.);
#3734=VECTOR('',#14444,10.);
#3735=VECTOR('',#14449,10.);
#3736=VECTOR('',#14450,10.);
#3737=VECTOR('',#14451,10.);
#3738=VECTOR('',#14452,10.);
#3739=VECTOR('',#14455,10.);
#3740=VECTOR('',#14456,10.);
#3741=VECTOR('',#14457,10.);
#3742=VECTOR('',#14460,10.);
#3743=VECTOR('',#14461,10.);
#3744=VECTOR('',#14462,10.);
#3745=VECTOR('',#14465,10.);
#3746=VECTOR('',#14466,10.);
#3747=VECTOR('',#14471,10.);
#3748=VECTOR('',#14472,10.);
#3749=VECTOR('',#14473,10.);
#3750=VECTOR('',#14474,10.);
#3751=VECTOR('',#14477,10.);
#3752=VECTOR('',#14478,10.);
#3753=VECTOR('',#14479,10.);
#3754=VECTOR('',#14482,10.);
#3755=VECTOR('',#14483,10.);
#3756=VECTOR('',#14484,10.);
#3757=VECTOR('',#14487,10.);
#3758=VECTOR('',#14488,10.);
#3759=VECTOR('',#14493,10.);
#3760=VECTOR('',#14494,10.);
#3761=VECTOR('',#14495,10.);
#3762=VECTOR('',#14496,10.);
#3763=VECTOR('',#14499,10.);
#3764=VECTOR('',#14500,10.);
#3765=VECTOR('',#14501,10.);
#3766=VECTOR('',#14504,10.);
#3767=VECTOR('',#14505,10.);
#3768=VECTOR('',#14506,10.);
#3769=VECTOR('',#14509,10.);
#3770=VECTOR('',#14510,10.);
#3771=VECTOR('',#14515,10.);
#3772=VECTOR('',#14516,10.);
#3773=VECTOR('',#14517,10.);
#3774=VECTOR('',#14518,10.);
#3775=VECTOR('',#14521,10.);
#3776=VECTOR('',#14522,10.);
#3777=VECTOR('',#14523,10.);
#3778=VECTOR('',#14526,10.);
#3779=VECTOR('',#14527,10.);
#3780=VECTOR('',#14528,10.);
#3781=VECTOR('',#14531,10.);
#3782=VECTOR('',#14532,10.);
#3783=VECTOR('',#14537,10.);
#3784=VECTOR('',#14538,10.);
#3785=VECTOR('',#14539,10.);
#3786=VECTOR('',#14540,10.);
#3787=VECTOR('',#14543,10.);
#3788=VECTOR('',#14544,10.);
#3789=VECTOR('',#14545,10.);
#3790=VECTOR('',#14548,10.);
#3791=VECTOR('',#14549,10.);
#3792=VECTOR('',#14550,10.);
#3793=VECTOR('',#14553,10.);
#3794=VECTOR('',#14554,10.);
#3795=VECTOR('',#14559,10.);
#3796=VECTOR('',#14560,10.);
#3797=VECTOR('',#14561,10.);
#3798=VECTOR('',#14562,10.);
#3799=VECTOR('',#14565,10.);
#3800=VECTOR('',#14566,10.);
#3801=VECTOR('',#14567,10.);
#3802=VECTOR('',#14570,10.);
#3803=VECTOR('',#14571,10.);
#3804=VECTOR('',#14572,10.);
#3805=VECTOR('',#14575,10.);
#3806=VECTOR('',#14576,10.);
#3807=VECTOR('',#14581,10.);
#3808=VECTOR('',#14582,10.);
#3809=VECTOR('',#14583,10.);
#3810=VECTOR('',#14584,10.);
#3811=VECTOR('',#14587,10.);
#3812=VECTOR('',#14588,10.);
#3813=VECTOR('',#14589,10.);
#3814=VECTOR('',#14592,10.);
#3815=VECTOR('',#14593,10.);
#3816=VECTOR('',#14594,10.);
#3817=VECTOR('',#14597,10.);
#3818=VECTOR('',#14598,10.);
#3819=VECTOR('',#14603,10.);
#3820=VECTOR('',#14604,10.);
#3821=VECTOR('',#14605,10.);
#3822=VECTOR('',#14606,10.);
#3823=VECTOR('',#14609,10.);
#3824=VECTOR('',#14610,10.);
#3825=VECTOR('',#14611,10.);
#3826=VECTOR('',#14614,10.);
#3827=VECTOR('',#14615,10.);
#3828=VECTOR('',#14616,10.);
#3829=VECTOR('',#14619,10.);
#3830=VECTOR('',#14620,10.);
#3831=VECTOR('',#14625,10.);
#3832=VECTOR('',#14626,10.);
#3833=VECTOR('',#14627,10.);
#3834=VECTOR('',#14628,10.);
#3835=VECTOR('',#14631,10.);
#3836=VECTOR('',#14632,10.);
#3837=VECTOR('',#14633,10.);
#3838=VECTOR('',#14636,10.);
#3839=VECTOR('',#14637,10.);
#3840=VECTOR('',#14638,10.);
#3841=VECTOR('',#14641,10.);
#3842=VECTOR('',#14642,10.);
#3843=VECTOR('',#14647,10.);
#3844=VECTOR('',#14648,10.);
#3845=VECTOR('',#14649,10.);
#3846=VECTOR('',#14650,10.);
#3847=VECTOR('',#14653,10.);
#3848=VECTOR('',#14654,10.);
#3849=VECTOR('',#14655,10.);
#3850=VECTOR('',#14658,10.);
#3851=VECTOR('',#14659,10.);
#3852=VECTOR('',#14660,10.);
#3853=VECTOR('',#14663,10.);
#3854=VECTOR('',#14664,10.);
#3855=VECTOR('',#14669,10.);
#3856=VECTOR('',#14670,10.);
#3857=VECTOR('',#14671,10.);
#3858=VECTOR('',#14672,10.);
#3859=VECTOR('',#14675,10.);
#3860=VECTOR('',#14676,10.);
#3861=VECTOR('',#14677,10.);
#3862=VECTOR('',#14680,10.);
#3863=VECTOR('',#14681,10.);
#3864=VECTOR('',#14682,10.);
#3865=VECTOR('',#14685,10.);
#3866=VECTOR('',#14686,10.);
#3867=VECTOR('',#14691,10.);
#3868=VECTOR('',#14692,10.);
#3869=VECTOR('',#14693,10.);
#3870=VECTOR('',#14694,10.);
#3871=VECTOR('',#14697,10.);
#3872=VECTOR('',#14698,10.);
#3873=VECTOR('',#14699,10.);
#3874=VECTOR('',#14702,10.);
#3875=VECTOR('',#14703,10.);
#3876=VECTOR('',#14704,10.);
#3877=VECTOR('',#14707,10.);
#3878=VECTOR('',#14708,10.);
#3879=VECTOR('',#14713,10.);
#3880=VECTOR('',#14714,10.);
#3881=VECTOR('',#14715,10.);
#3882=VECTOR('',#14716,10.);
#3883=VECTOR('',#14719,10.);
#3884=VECTOR('',#14720,10.);
#3885=VECTOR('',#14721,10.);
#3886=VECTOR('',#14724,10.);
#3887=VECTOR('',#14725,10.);
#3888=VECTOR('',#14726,10.);
#3889=VECTOR('',#14729,10.);
#3890=VECTOR('',#14730,10.);
#3891=VECTOR('',#14735,10.);
#3892=VECTOR('',#14736,10.);
#3893=VECTOR('',#14737,10.);
#3894=VECTOR('',#14738,10.);
#3895=VECTOR('',#14741,10.);
#3896=VECTOR('',#14742,10.);
#3897=VECTOR('',#14743,10.);
#3898=VECTOR('',#14746,10.);
#3899=VECTOR('',#14747,10.);
#3900=VECTOR('',#14748,10.);
#3901=VECTOR('',#14751,10.);
#3902=VECTOR('',#14752,10.);
#3903=VECTOR('',#14757,10.);
#3904=VECTOR('',#14758,10.);
#3905=VECTOR('',#14759,10.);
#3906=VECTOR('',#14760,10.);
#3907=VECTOR('',#14763,10.);
#3908=VECTOR('',#14764,10.);
#3909=VECTOR('',#14765,10.);
#3910=VECTOR('',#14768,10.);
#3911=VECTOR('',#14769,10.);
#3912=VECTOR('',#14770,10.);
#3913=VECTOR('',#14773,10.);
#3914=VECTOR('',#14774,10.);
#3915=VECTOR('',#14779,10.);
#3916=VECTOR('',#14780,10.);
#3917=VECTOR('',#14781,10.);
#3918=VECTOR('',#14782,10.);
#3919=VECTOR('',#14785,10.);
#3920=VECTOR('',#14786,10.);
#3921=VECTOR('',#14787,10.);
#3922=VECTOR('',#14790,10.);
#3923=VECTOR('',#14791,10.);
#3924=VECTOR('',#14792,10.);
#3925=VECTOR('',#14795,10.);
#3926=VECTOR('',#14796,10.);
#3927=VECTOR('',#14801,10.);
#3928=VECTOR('',#14802,10.);
#3929=VECTOR('',#14803,10.);
#3930=VECTOR('',#14804,10.);
#3931=VECTOR('',#14807,10.);
#3932=VECTOR('',#14808,10.);
#3933=VECTOR('',#14809,10.);
#3934=VECTOR('',#14812,10.);
#3935=VECTOR('',#14813,10.);
#3936=VECTOR('',#14814,10.);
#3937=VECTOR('',#14817,10.);
#3938=VECTOR('',#14818,10.);
#3939=VECTOR('',#14823,10.);
#3940=VECTOR('',#14824,10.);
#3941=VECTOR('',#14825,10.);
#3942=VECTOR('',#14826,10.);
#3943=VECTOR('',#14829,10.);
#3944=VECTOR('',#14830,10.);
#3945=VECTOR('',#14831,10.);
#3946=VECTOR('',#14834,10.);
#3947=VECTOR('',#14835,10.);
#3948=VECTOR('',#14836,10.);
#3949=VECTOR('',#14839,10.);
#3950=VECTOR('',#14840,10.);
#3951=VECTOR('',#14845,10.);
#3952=VECTOR('',#14846,10.);
#3953=VECTOR('',#14847,10.);
#3954=VECTOR('',#14848,10.);
#3955=VECTOR('',#14851,10.);
#3956=VECTOR('',#14852,10.);
#3957=VECTOR('',#14853,10.);
#3958=VECTOR('',#14856,10.);
#3959=VECTOR('',#14857,10.);
#3960=VECTOR('',#14858,10.);
#3961=VECTOR('',#14861,10.);
#3962=VECTOR('',#14862,10.);
#3963=VECTOR('',#14867,10.);
#3964=VECTOR('',#14868,10.);
#3965=VECTOR('',#14869,10.);
#3966=VECTOR('',#14870,10.);
#3967=VECTOR('',#14873,10.);
#3968=VECTOR('',#14874,10.);
#3969=VECTOR('',#14875,10.);
#3970=VECTOR('',#14878,10.);
#3971=VECTOR('',#14879,10.);
#3972=VECTOR('',#14880,10.);
#3973=VECTOR('',#14883,10.);
#3974=VECTOR('',#14884,10.);
#3975=VECTOR('',#14889,10.);
#3976=VECTOR('',#14890,10.);
#3977=VECTOR('',#14891,10.);
#3978=VECTOR('',#14892,10.);
#3979=VECTOR('',#14895,10.);
#3980=VECTOR('',#14896,10.);
#3981=VECTOR('',#14897,10.);
#3982=VECTOR('',#14900,10.);
#3983=VECTOR('',#14901,10.);
#3984=VECTOR('',#14902,10.);
#3985=VECTOR('',#14905,10.);
#3986=VECTOR('',#14906,10.);
#3987=VECTOR('',#14911,10.);
#3988=VECTOR('',#14912,10.);
#3989=VECTOR('',#14913,10.);
#3990=VECTOR('',#14914,10.);
#3991=VECTOR('',#14917,10.);
#3992=VECTOR('',#14918,10.);
#3993=VECTOR('',#14919,10.);
#3994=VECTOR('',#14922,10.);
#3995=VECTOR('',#14923,10.);
#3996=VECTOR('',#14924,10.);
#3997=VECTOR('',#14927,10.);
#3998=VECTOR('',#14928,10.);
#3999=VECTOR('',#14933,10.);
#4000=VECTOR('',#14934,10.);
#4001=VECTOR('',#14935,10.);
#4002=VECTOR('',#14936,10.);
#4003=VECTOR('',#14939,10.);
#4004=VECTOR('',#14940,10.);
#4005=VECTOR('',#14941,10.);
#4006=VECTOR('',#14944,10.);
#4007=VECTOR('',#14945,10.);
#4008=VECTOR('',#14946,10.);
#4009=VECTOR('',#14949,10.);
#4010=VECTOR('',#14950,10.);
#4011=VECTOR('',#14955,10.);
#4012=VECTOR('',#14956,10.);
#4013=VECTOR('',#14957,10.);
#4014=VECTOR('',#14958,10.);
#4015=VECTOR('',#14961,10.);
#4016=VECTOR('',#14962,10.);
#4017=VECTOR('',#14963,10.);
#4018=VECTOR('',#14966,10.);
#4019=VECTOR('',#14967,10.);
#4020=VECTOR('',#14968,10.);
#4021=VECTOR('',#14971,10.);
#4022=VECTOR('',#14972,10.);
#4023=VECTOR('',#14977,10.);
#4024=VECTOR('',#14978,10.);
#4025=VECTOR('',#14979,10.);
#4026=VECTOR('',#14980,10.);
#4027=VECTOR('',#14983,10.);
#4028=VECTOR('',#14984,10.);
#4029=VECTOR('',#14985,10.);
#4030=VECTOR('',#14988,10.);
#4031=VECTOR('',#14989,10.);
#4032=VECTOR('',#14990,10.);
#4033=VECTOR('',#14993,10.);
#4034=VECTOR('',#14994,10.);
#4035=VECTOR('',#14999,10.);
#4036=VECTOR('',#15000,10.);
#4037=VECTOR('',#15001,10.);
#4038=VECTOR('',#15002,10.);
#4039=VECTOR('',#15005,10.);
#4040=VECTOR('',#15006,10.);
#4041=VECTOR('',#15007,10.);
#4042=VECTOR('',#15010,10.);
#4043=VECTOR('',#15011,10.);
#4044=VECTOR('',#15012,10.);
#4045=VECTOR('',#15015,10.);
#4046=VECTOR('',#15016,10.);
#4047=VECTOR('',#15021,10.);
#4048=VECTOR('',#15022,10.);
#4049=VECTOR('',#15023,10.);
#4050=VECTOR('',#15024,10.);
#4051=VECTOR('',#15027,10.);
#4052=VECTOR('',#15028,10.);
#4053=VECTOR('',#15029,10.);
#4054=VECTOR('',#15032,10.);
#4055=VECTOR('',#15033,10.);
#4056=VECTOR('',#15034,10.);
#4057=VECTOR('',#15037,10.);
#4058=VECTOR('',#15038,10.);
#4059=VECTOR('',#15043,10.);
#4060=VECTOR('',#15044,10.);
#4061=VECTOR('',#15045,10.);
#4062=VECTOR('',#15046,10.);
#4063=VECTOR('',#15049,10.);
#4064=VECTOR('',#15050,10.);
#4065=VECTOR('',#15051,10.);
#4066=VECTOR('',#15054,10.);
#4067=VECTOR('',#15055,10.);
#4068=VECTOR('',#15056,10.);
#4069=VECTOR('',#15059,10.);
#4070=VECTOR('',#15060,10.);
#4071=VECTOR('',#15065,10.);
#4072=VECTOR('',#15066,10.);
#4073=VECTOR('',#15067,10.);
#4074=VECTOR('',#15068,10.);
#4075=VECTOR('',#15071,10.);
#4076=VECTOR('',#15072,10.);
#4077=VECTOR('',#15073,10.);
#4078=VECTOR('',#15076,10.);
#4079=VECTOR('',#15077,10.);
#4080=VECTOR('',#15078,10.);
#4081=VECTOR('',#15081,10.);
#4082=VECTOR('',#15082,10.);
#4083=VECTOR('',#15087,10.);
#4084=VECTOR('',#15088,10.);
#4085=VECTOR('',#15089,10.);
#4086=VECTOR('',#15090,10.);
#4087=VECTOR('',#15093,10.);
#4088=VECTOR('',#15094,10.);
#4089=VECTOR('',#15095,10.);
#4090=VECTOR('',#15098,10.);
#4091=VECTOR('',#15099,10.);
#4092=VECTOR('',#15100,10.);
#4093=VECTOR('',#15103,10.);
#4094=VECTOR('',#15104,10.);
#4095=VECTOR('',#15109,10.);
#4096=VECTOR('',#15110,10.);
#4097=VECTOR('',#15111,10.);
#4098=VECTOR('',#15112,10.);
#4099=VECTOR('',#15115,10.);
#4100=VECTOR('',#15116,10.);
#4101=VECTOR('',#15117,10.);
#4102=VECTOR('',#15120,10.);
#4103=VECTOR('',#15121,10.);
#4104=VECTOR('',#15122,10.);
#4105=VECTOR('',#15125,10.);
#4106=VECTOR('',#15126,10.);
#4107=VECTOR('',#15131,10.);
#4108=VECTOR('',#15132,10.);
#4109=VECTOR('',#15133,10.);
#4110=VECTOR('',#15134,10.);
#4111=VECTOR('',#15137,10.);
#4112=VECTOR('',#15138,10.);
#4113=VECTOR('',#15139,10.);
#4114=VECTOR('',#15142,10.);
#4115=VECTOR('',#15143,10.);
#4116=VECTOR('',#15144,10.);
#4117=VECTOR('',#15147,10.);
#4118=VECTOR('',#15148,10.);
#4119=VECTOR('',#15153,10.);
#4120=VECTOR('',#15154,10.);
#4121=VECTOR('',#15155,10.);
#4122=VECTOR('',#15156,10.);
#4123=VECTOR('',#15159,10.);
#4124=VECTOR('',#15160,10.);
#4125=VECTOR('',#15161,10.);
#4126=VECTOR('',#15164,10.);
#4127=VECTOR('',#15165,10.);
#4128=VECTOR('',#15166,10.);
#4129=VECTOR('',#15169,10.);
#4130=VECTOR('',#15170,10.);
#4131=VECTOR('',#15175,10.);
#4132=VECTOR('',#15176,10.);
#4133=VECTOR('',#15177,10.);
#4134=VECTOR('',#15178,10.);
#4135=VECTOR('',#15181,10.);
#4136=VECTOR('',#15182,10.);
#4137=VECTOR('',#15183,10.);
#4138=VECTOR('',#15186,10.);
#4139=VECTOR('',#15187,10.);
#4140=VECTOR('',#15188,10.);
#4141=VECTOR('',#15191,10.);
#4142=VECTOR('',#15192,10.);
#4143=VECTOR('',#15197,10.);
#4144=VECTOR('',#15198,10.);
#4145=VECTOR('',#15199,10.);
#4146=VECTOR('',#15200,10.);
#4147=VECTOR('',#15203,10.);
#4148=VECTOR('',#15204,10.);
#4149=VECTOR('',#15205,10.);
#4150=VECTOR('',#15208,10.);
#4151=VECTOR('',#15209,10.);
#4152=VECTOR('',#15210,10.);
#4153=VECTOR('',#15213,10.);
#4154=VECTOR('',#15214,10.);
#4155=VECTOR('',#15219,10.);
#4156=VECTOR('',#15220,10.);
#4157=VECTOR('',#15221,10.);
#4158=VECTOR('',#15222,10.);
#4159=VECTOR('',#15225,10.);
#4160=VECTOR('',#15226,10.);
#4161=VECTOR('',#15227,10.);
#4162=VECTOR('',#15230,10.);
#4163=VECTOR('',#15231,10.);
#4164=VECTOR('',#15232,10.);
#4165=VECTOR('',#15235,10.);
#4166=VECTOR('',#15236,10.);
#4167=VECTOR('',#15241,10.);
#4168=VECTOR('',#15242,10.);
#4169=VECTOR('',#15243,10.);
#4170=VECTOR('',#15244,10.);
#4171=VECTOR('',#15247,10.);
#4172=VECTOR('',#15248,10.);
#4173=VECTOR('',#15249,10.);
#4174=VECTOR('',#15252,10.);
#4175=VECTOR('',#15253,10.);
#4176=VECTOR('',#15254,10.);
#4177=VECTOR('',#15257,10.);
#4178=VECTOR('',#15258,10.);
#4179=VECTOR('',#15263,10.);
#4180=VECTOR('',#15264,10.);
#4181=VECTOR('',#15265,10.);
#4182=VECTOR('',#15266,10.);
#4183=VECTOR('',#15269,10.);
#4184=VECTOR('',#15270,10.);
#4185=VECTOR('',#15271,10.);
#4186=VECTOR('',#15274,10.);
#4187=VECTOR('',#15275,10.);
#4188=VECTOR('',#15276,10.);
#4189=VECTOR('',#15279,10.);
#4190=VECTOR('',#15280,10.);
#4191=VECTOR('',#15285,10.);
#4192=VECTOR('',#15286,10.);
#4193=VECTOR('',#15287,10.);
#4194=VECTOR('',#15288,10.);
#4195=VECTOR('',#15291,10.);
#4196=VECTOR('',#15292,10.);
#4197=VECTOR('',#15293,10.);
#4198=VECTOR('',#15296,10.);
#4199=VECTOR('',#15297,10.);
#4200=VECTOR('',#15298,10.);
#4201=VECTOR('',#15301,10.);
#4202=VECTOR('',#15302,10.);
#4203=VECTOR('',#15307,10.);
#4204=VECTOR('',#15308,10.);
#4205=VECTOR('',#15309,10.);
#4206=VECTOR('',#15310,10.);
#4207=VECTOR('',#15313,10.);
#4208=VECTOR('',#15314,10.);
#4209=VECTOR('',#15315,10.);
#4210=VECTOR('',#15318,10.);
#4211=VECTOR('',#15319,10.);
#4212=VECTOR('',#15320,10.);
#4213=VECTOR('',#15323,10.);
#4214=VECTOR('',#15324,10.);
#4215=VECTOR('',#15329,10.);
#4216=VECTOR('',#15330,10.);
#4217=VECTOR('',#15331,10.);
#4218=VECTOR('',#15332,10.);
#4219=VECTOR('',#15335,10.);
#4220=VECTOR('',#15336,10.);
#4221=VECTOR('',#15337,10.);
#4222=VECTOR('',#15340,10.);
#4223=VECTOR('',#15341,10.);
#4224=VECTOR('',#15342,10.);
#4225=VECTOR('',#15345,10.);
#4226=VECTOR('',#15346,10.);
#4227=VECTOR('',#15351,10.);
#4228=VECTOR('',#15352,10.);
#4229=VECTOR('',#15353,10.);
#4230=VECTOR('',#15354,10.);
#4231=VECTOR('',#15357,10.);
#4232=VECTOR('',#15358,10.);
#4233=VECTOR('',#15359,10.);
#4234=VECTOR('',#15362,10.);
#4235=VECTOR('',#15363,10.);
#4236=VECTOR('',#15364,10.);
#4237=VECTOR('',#15367,10.);
#4238=VECTOR('',#15368,10.);
#4239=VECTOR('',#15373,10.);
#4240=VECTOR('',#15374,10.);
#4241=VECTOR('',#15375,10.);
#4242=VECTOR('',#15376,10.);
#4243=VECTOR('',#15379,10.);
#4244=VECTOR('',#15380,10.);
#4245=VECTOR('',#15381,10.);
#4246=VECTOR('',#15384,10.);
#4247=VECTOR('',#15385,10.);
#4248=VECTOR('',#15386,10.);
#4249=VECTOR('',#15389,10.);
#4250=VECTOR('',#15390,10.);
#4251=VECTOR('',#15395,10.);
#4252=VECTOR('',#15396,10.);
#4253=VECTOR('',#15397,10.);
#4254=VECTOR('',#15398,10.);
#4255=VECTOR('',#15401,10.);
#4256=VECTOR('',#15402,10.);
#4257=VECTOR('',#15403,10.);
#4258=VECTOR('',#15406,10.);
#4259=VECTOR('',#15407,10.);
#4260=VECTOR('',#15408,10.);
#4261=VECTOR('',#15411,10.);
#4262=VECTOR('',#15412,10.);
#4263=VECTOR('',#15417,10.);
#4264=VECTOR('',#15418,10.);
#4265=VECTOR('',#15419,10.);
#4266=VECTOR('',#15420,10.);
#4267=VECTOR('',#15423,10.);
#4268=VECTOR('',#15424,10.);
#4269=VECTOR('',#15425,10.);
#4270=VECTOR('',#15428,10.);
#4271=VECTOR('',#15429,10.);
#4272=VECTOR('',#15430,10.);
#4273=VECTOR('',#15433,10.);
#4274=VECTOR('',#15434,10.);
#4275=VECTOR('',#15439,10.);
#4276=VECTOR('',#15440,10.);
#4277=VECTOR('',#15441,10.);
#4278=VECTOR('',#15442,10.);
#4279=VECTOR('',#15445,10.);
#4280=VECTOR('',#15446,10.);
#4281=VECTOR('',#15447,10.);
#4282=VECTOR('',#15450,10.);
#4283=VECTOR('',#15451,10.);
#4284=VECTOR('',#15452,10.);
#4285=VECTOR('',#15455,10.);
#4286=VECTOR('',#15456,10.);
#4287=VECTOR('',#15461,10.);
#4288=VECTOR('',#15462,10.);
#4289=VECTOR('',#15463,10.);
#4290=VECTOR('',#15464,10.);
#4291=VECTOR('',#15467,10.);
#4292=VECTOR('',#15468,10.);
#4293=VECTOR('',#15469,10.);
#4294=VECTOR('',#15472,10.);
#4295=VECTOR('',#15473,10.);
#4296=VECTOR('',#15474,10.);
#4297=VECTOR('',#15477,10.);
#4298=VECTOR('',#15478,10.);
#4299=VECTOR('',#15483,10.);
#4300=VECTOR('',#15484,10.);
#4301=VECTOR('',#15485,10.);
#4302=VECTOR('',#15486,10.);
#4303=VECTOR('',#15489,10.);
#4304=VECTOR('',#15490,10.);
#4305=VECTOR('',#15491,10.);
#4306=VECTOR('',#15494,10.);
#4307=VECTOR('',#15495,10.);
#4308=VECTOR('',#15496,10.);
#4309=VECTOR('',#15499,10.);
#4310=VECTOR('',#15500,10.);
#4311=VECTOR('',#15505,10.);
#4312=VECTOR('',#15506,10.);
#4313=VECTOR('',#15507,10.);
#4314=VECTOR('',#15508,10.);
#4315=VECTOR('',#15511,10.);
#4316=VECTOR('',#15512,10.);
#4317=VECTOR('',#15513,10.);
#4318=VECTOR('',#15516,10.);
#4319=VECTOR('',#15517,10.);
#4320=VECTOR('',#15518,10.);
#4321=VECTOR('',#15521,10.);
#4322=VECTOR('',#15522,10.);
#4323=VECTOR('',#15527,10.);
#4324=VECTOR('',#15528,10.);
#4325=VECTOR('',#15529,10.);
#4326=VECTOR('',#15530,10.);
#4327=VECTOR('',#15533,10.);
#4328=VECTOR('',#15534,10.);
#4329=VECTOR('',#15535,10.);
#4330=VECTOR('',#15538,10.);
#4331=VECTOR('',#15539,10.);
#4332=VECTOR('',#15540,10.);
#4333=VECTOR('',#15543,10.);
#4334=VECTOR('',#15544,10.);
#4335=VECTOR('',#15549,10.);
#4336=VECTOR('',#15550,10.);
#4337=VECTOR('',#15551,10.);
#4338=VECTOR('',#15552,10.);
#4339=VECTOR('',#15555,10.);
#4340=VECTOR('',#15556,10.);
#4341=VECTOR('',#15557,10.);
#4342=VECTOR('',#15560,10.);
#4343=VECTOR('',#15561,10.);
#4344=VECTOR('',#15562,10.);
#4345=VECTOR('',#15565,10.);
#4346=VECTOR('',#15566,10.);
#4347=VECTOR('',#15571,3.);
#4348=VECTOR('',#15574,10.);
#4349=VECTOR('',#15579,3.);
#4350=VECTOR('',#15582,10.);
#4351=VECTOR('',#15585,3.);
#4352=VECTOR('',#15588,10.);
#4353=VECTOR('',#15591,10.);
#4354=VECTOR('',#15592,3.);
#4355=VECTOR('',#15599,10.);
#4356=VECTOR('',#15600,10.);
#4357=VECTOR('',#15601,10.);
#4358=VECTOR('',#15602,10.);
#4359=VECTOR('',#15605,10.);
#4360=VECTOR('',#15606,10.);
#4361=VECTOR('',#15607,10.);
#4362=VECTOR('',#15610,10.);
#4363=VECTOR('',#15611,10.);
#4364=VECTOR('',#15612,10.);
#4365=VECTOR('',#15615,10.);
#4366=VECTOR('',#15616,10.);
#4367=VECTOR('',#15623,10.);
#4368=VECTOR('',#15624,10.);
#4369=VECTOR('',#15625,10.);
#4370=VECTOR('',#15626,10.);
#4371=VECTOR('',#15629,10.);
#4372=VECTOR('',#15630,10.);
#4373=VECTOR('',#15631,10.);
#4374=VECTOR('',#15634,10.);
#4375=VECTOR('',#15635,10.);
#4376=VECTOR('',#15636,10.);
#4377=VECTOR('',#15639,10.);
#4378=VECTOR('',#15640,10.);
#4379=VECTOR('',#15647,10.);
#4380=VECTOR('',#15648,10.);
#4381=VECTOR('',#15649,10.);
#4382=VECTOR('',#15650,10.);
#4383=VECTOR('',#15653,10.);
#4384=VECTOR('',#15654,10.);
#4385=VECTOR('',#15655,10.);
#4386=VECTOR('',#15658,10.);
#4387=VECTOR('',#15659,10.);
#4388=VECTOR('',#15660,10.);
#4389=VECTOR('',#15663,10.);
#4390=VECTOR('',#15664,10.);
#4391=VECTOR('',#15671,10.);
#4392=VECTOR('',#15672,10.);
#4393=VECTOR('',#15673,10.);
#4394=VECTOR('',#15674,10.);
#4395=VECTOR('',#15677,10.);
#4396=VECTOR('',#15678,10.);
#4397=VECTOR('',#15679,10.);
#4398=VECTOR('',#15682,10.);
#4399=VECTOR('',#15683,10.);
#4400=VECTOR('',#15684,10.);
#4401=VECTOR('',#15687,10.);
#4402=VECTOR('',#15688,10.);
#4403=VECTOR('',#15695,10.);
#4404=VECTOR('',#15696,10.);
#4405=VECTOR('',#15697,10.);
#4406=VECTOR('',#15698,10.);
#4407=VECTOR('',#15701,10.);
#4408=VECTOR('',#15702,10.);
#4409=VECTOR('',#15703,10.);
#4410=VECTOR('',#15706,10.);
#4411=VECTOR('',#15707,10.);
#4412=VECTOR('',#15708,10.);
#4413=VECTOR('',#15711,10.);
#4414=VECTOR('',#15712,10.);
#4415=VECTOR('',#15719,10.);
#4416=VECTOR('',#15720,10.);
#4417=VECTOR('',#15721,10.);
#4418=VECTOR('',#15722,10.);
#4419=VECTOR('',#15725,10.);
#4420=VECTOR('',#15726,10.);
#4421=VECTOR('',#15727,10.);
#4422=VECTOR('',#15730,10.);
#4423=VECTOR('',#15731,10.);
#4424=VECTOR('',#15732,10.);
#4425=VECTOR('',#15735,10.);
#4426=VECTOR('',#15736,10.);
#4427=VECTOR('',#15743,10.);
#4428=VECTOR('',#15744,10.);
#4429=VECTOR('',#15745,10.);
#4430=VECTOR('',#15746,10.);
#4431=VECTOR('',#15749,10.);
#4432=VECTOR('',#15750,10.);
#4433=VECTOR('',#15751,10.);
#4434=VECTOR('',#15754,10.);
#4435=VECTOR('',#15755,10.);
#4436=VECTOR('',#15756,10.);
#4437=VECTOR('',#15759,10.);
#4438=VECTOR('',#15760,10.);
#4439=VECTOR('',#15767,10.);
#4440=VECTOR('',#15768,10.);
#4441=VECTOR('',#15769,10.);
#4442=VECTOR('',#15770,10.);
#4443=VECTOR('',#15773,10.);
#4444=VECTOR('',#15774,10.);
#4445=VECTOR('',#15775,10.);
#4446=VECTOR('',#15778,10.);
#4447=VECTOR('',#15779,10.);
#4448=VECTOR('',#15780,10.);
#4449=VECTOR('',#15783,10.);
#4450=VECTOR('',#15784,10.);
#4451=VECTOR('',#15791,10.);
#4452=VECTOR('',#15792,10.);
#4453=VECTOR('',#15793,10.);
#4454=VECTOR('',#15794,10.);
#4455=VECTOR('',#15797,10.);
#4456=VECTOR('',#15798,10.);
#4457=VECTOR('',#15799,10.);
#4458=VECTOR('',#15802,10.);
#4459=VECTOR('',#15803,10.);
#4460=VECTOR('',#15804,10.);
#4461=VECTOR('',#15807,10.);
#4462=VECTOR('',#15808,10.);
#4463=VECTOR('',#15815,10.);
#4464=VECTOR('',#15816,10.);
#4465=VECTOR('',#15817,10.);
#4466=VECTOR('',#15818,10.);
#4467=VECTOR('',#15821,10.);
#4468=VECTOR('',#15822,10.);
#4469=VECTOR('',#15823,10.);
#4470=VECTOR('',#15826,10.);
#4471=VECTOR('',#15827,10.);
#4472=VECTOR('',#15828,10.);
#4473=VECTOR('',#15831,10.);
#4474=VECTOR('',#15832,10.);
#4475=VECTOR('',#15839,10.);
#4476=VECTOR('',#15840,10.);
#4477=VECTOR('',#15841,10.);
#4478=VECTOR('',#15842,10.);
#4479=VECTOR('',#15845,10.);
#4480=VECTOR('',#15846,10.);
#4481=VECTOR('',#15847,10.);
#4482=VECTOR('',#15850,10.);
#4483=VECTOR('',#15851,10.);
#4484=VECTOR('',#15852,10.);
#4485=VECTOR('',#15855,10.);
#4486=VECTOR('',#15856,10.);
#4487=VECTOR('',#15863,10.);
#4488=VECTOR('',#15864,10.);
#4489=VECTOR('',#15865,10.);
#4490=VECTOR('',#15866,10.);
#4491=VECTOR('',#15869,10.);
#4492=VECTOR('',#15870,10.);
#4493=VECTOR('',#15871,10.);
#4494=VECTOR('',#15874,10.);
#4495=VECTOR('',#15875,10.);
#4496=VECTOR('',#15876,10.);
#4497=VECTOR('',#15879,10.);
#4498=VECTOR('',#15880,10.);
#4499=VECTOR('',#15887,10.);
#4500=VECTOR('',#15888,10.);
#4501=VECTOR('',#15889,10.);
#4502=VECTOR('',#15890,10.);
#4503=VECTOR('',#15893,10.);
#4504=VECTOR('',#15894,10.);
#4505=VECTOR('',#15895,10.);
#4506=VECTOR('',#15898,10.);
#4507=VECTOR('',#15899,10.);
#4508=VECTOR('',#15900,10.);
#4509=VECTOR('',#15903,10.);
#4510=VECTOR('',#15904,10.);
#4511=VECTOR('',#15911,10.);
#4512=VECTOR('',#15912,10.);
#4513=VECTOR('',#15913,10.);
#4514=VECTOR('',#15914,10.);
#4515=VECTOR('',#15917,10.);
#4516=VECTOR('',#15918,10.);
#4517=VECTOR('',#15919,10.);
#4518=VECTOR('',#15922,10.);
#4519=VECTOR('',#15923,10.);
#4520=VECTOR('',#15924,10.);
#4521=VECTOR('',#15927,10.);
#4522=VECTOR('',#15928,10.);
#4523=VECTOR('',#15935,10.);
#4524=VECTOR('',#15936,10.);
#4525=VECTOR('',#15937,10.);
#4526=VECTOR('',#15938,10.);
#4527=VECTOR('',#15941,10.);
#4528=VECTOR('',#15942,10.);
#4529=VECTOR('',#15943,10.);
#4530=VECTOR('',#15946,10.);
#4531=VECTOR('',#15947,10.);
#4532=VECTOR('',#15948,10.);
#4533=VECTOR('',#15951,10.);
#4534=VECTOR('',#15952,10.);
#4535=VECTOR('',#15959,10.);
#4536=VECTOR('',#15960,10.);
#4537=VECTOR('',#15961,10.);
#4538=VECTOR('',#15962,10.);
#4539=VECTOR('',#15965,10.);
#4540=VECTOR('',#15966,10.);
#4541=VECTOR('',#15967,10.);
#4542=VECTOR('',#15970,10.);
#4543=VECTOR('',#15971,10.);
#4544=VECTOR('',#15972,10.);
#4545=VECTOR('',#15975,10.);
#4546=VECTOR('',#15976,10.);
#4547=VECTOR('',#15983,10.);
#4548=VECTOR('',#15984,10.);
#4549=VECTOR('',#15985,10.);
#4550=VECTOR('',#15986,10.);
#4551=VECTOR('',#15989,10.);
#4552=VECTOR('',#15990,10.);
#4553=VECTOR('',#15991,10.);
#4554=VECTOR('',#15994,10.);
#4555=VECTOR('',#15995,10.);
#4556=VECTOR('',#15996,10.);
#4557=VECTOR('',#15999,10.);
#4558=VECTOR('',#16000,10.);
#4559=VECTOR('',#16007,10.);
#4560=VECTOR('',#16008,10.);
#4561=VECTOR('',#16009,10.);
#4562=VECTOR('',#16010,10.);
#4563=VECTOR('',#16013,10.);
#4564=VECTOR('',#16014,10.);
#4565=VECTOR('',#16015,10.);
#4566=VECTOR('',#16018,10.);
#4567=VECTOR('',#16019,10.);
#4568=VECTOR('',#16020,10.);
#4569=VECTOR('',#16023,10.);
#4570=VECTOR('',#16024,10.);
#4571=VECTOR('',#16031,10.);
#4572=VECTOR('',#16032,10.);
#4573=VECTOR('',#16033,10.);
#4574=VECTOR('',#16034,10.);
#4575=VECTOR('',#16037,10.);
#4576=VECTOR('',#16038,10.);
#4577=VECTOR('',#16039,10.);
#4578=VECTOR('',#16042,10.);
#4579=VECTOR('',#16043,10.);
#4580=VECTOR('',#16044,10.);
#4581=VECTOR('',#16047,10.);
#4582=VECTOR('',#16048,10.);
#4583=VECTOR('',#16055,10.);
#4584=VECTOR('',#16056,10.);
#4585=VECTOR('',#16057,10.);
#4586=VECTOR('',#16058,10.);
#4587=VECTOR('',#16061,10.);
#4588=VECTOR('',#16062,10.);
#4589=VECTOR('',#16063,10.);
#4590=VECTOR('',#16066,10.);
#4591=VECTOR('',#16067,10.);
#4592=VECTOR('',#16068,10.);
#4593=VECTOR('',#16071,10.);
#4594=VECTOR('',#16072,10.);
#4595=VECTOR('',#16079,10.);
#4596=VECTOR('',#16080,10.);
#4597=VECTOR('',#16081,10.);
#4598=VECTOR('',#16082,10.);
#4599=VECTOR('',#16085,10.);
#4600=VECTOR('',#16086,10.);
#4601=VECTOR('',#16087,10.);
#4602=VECTOR('',#16090,10.);
#4603=VECTOR('',#16091,10.);
#4604=VECTOR('',#16092,10.);
#4605=VECTOR('',#16095,10.);
#4606=VECTOR('',#16096,10.);
#4607=VECTOR('',#16103,10.);
#4608=VECTOR('',#16104,10.);
#4609=VECTOR('',#16105,10.);
#4610=VECTOR('',#16106,10.);
#4611=VECTOR('',#16109,10.);
#4612=VECTOR('',#16110,10.);
#4613=VECTOR('',#16111,10.);
#4614=VECTOR('',#16114,10.);
#4615=VECTOR('',#16115,10.);
#4616=VECTOR('',#16116,10.);
#4617=VECTOR('',#16119,10.);
#4618=VECTOR('',#16120,10.);
#4619=VECTOR('',#16127,10.);
#4620=VECTOR('',#16128,10.);
#4621=VECTOR('',#16129,10.);
#4622=VECTOR('',#16130,10.);
#4623=VECTOR('',#16133,10.);
#4624=VECTOR('',#16134,10.);
#4625=VECTOR('',#16135,10.);
#4626=VECTOR('',#16138,10.);
#4627=VECTOR('',#16139,10.);
#4628=VECTOR('',#16140,10.);
#4629=VECTOR('',#16143,10.);
#4630=VECTOR('',#16144,10.);
#4631=VECTOR('',#16151,10.);
#4632=VECTOR('',#16152,10.);
#4633=VECTOR('',#16153,10.);
#4634=VECTOR('',#16154,10.);
#4635=VECTOR('',#16157,10.);
#4636=VECTOR('',#16158,10.);
#4637=VECTOR('',#16159,10.);
#4638=VECTOR('',#16162,10.);
#4639=VECTOR('',#16163,10.);
#4640=VECTOR('',#16164,10.);
#4641=VECTOR('',#16167,10.);
#4642=VECTOR('',#16168,10.);
#4643=VECTOR('',#16175,10.);
#4644=VECTOR('',#16176,10.);
#4645=VECTOR('',#16177,10.);
#4646=VECTOR('',#16178,10.);
#4647=VECTOR('',#16181,10.);
#4648=VECTOR('',#16182,10.);
#4649=VECTOR('',#16183,10.);
#4650=VECTOR('',#16186,10.);
#4651=VECTOR('',#16187,10.);
#4652=VECTOR('',#16188,10.);
#4653=VECTOR('',#16191,10.);
#4654=VECTOR('',#16192,10.);
#4655=VECTOR('',#16199,10.);
#4656=VECTOR('',#16200,10.);
#4657=VECTOR('',#16201,10.);
#4658=VECTOR('',#16202,10.);
#4659=VECTOR('',#16205,10.);
#4660=VECTOR('',#16206,10.);
#4661=VECTOR('',#16207,10.);
#4662=VECTOR('',#16210,10.);
#4663=VECTOR('',#16211,10.);
#4664=VECTOR('',#16212,10.);
#4665=VECTOR('',#16215,10.);
#4666=VECTOR('',#16216,10.);
#4667=VECTOR('',#16223,10.);
#4668=VECTOR('',#16224,10.);
#4669=VECTOR('',#16225,10.);
#4670=VECTOR('',#16226,10.);
#4671=VECTOR('',#16229,10.);
#4672=VECTOR('',#16230,10.);
#4673=VECTOR('',#16231,10.);
#4674=VECTOR('',#16234,10.);
#4675=VECTOR('',#16235,10.);
#4676=VECTOR('',#16236,10.);
#4677=VECTOR('',#16239,10.);
#4678=VECTOR('',#16240,10.);
#4679=VECTOR('',#16247,10.);
#4680=VECTOR('',#16248,10.);
#4681=VECTOR('',#16249,10.);
#4682=VECTOR('',#16250,10.);
#4683=VECTOR('',#16253,10.);
#4684=VECTOR('',#16254,10.);
#4685=VECTOR('',#16255,10.);
#4686=VECTOR('',#16258,10.);
#4687=VECTOR('',#16259,10.);
#4688=VECTOR('',#16260,10.);
#4689=VECTOR('',#16263,10.);
#4690=VECTOR('',#16264,10.);
#4691=VECTOR('',#16271,10.);
#4692=VECTOR('',#16272,10.);
#4693=VECTOR('',#16273,10.);
#4694=VECTOR('',#16274,10.);
#4695=VECTOR('',#16277,10.);
#4696=VECTOR('',#16278,10.);
#4697=VECTOR('',#16279,10.);
#4698=VECTOR('',#16282,10.);
#4699=VECTOR('',#16283,10.);
#4700=VECTOR('',#16284,10.);
#4701=VECTOR('',#16287,10.);
#4702=VECTOR('',#16288,10.);
#4703=VECTOR('',#16295,10.);
#4704=VECTOR('',#16296,10.);
#4705=VECTOR('',#16297,10.);
#4706=VECTOR('',#16298,10.);
#4707=VECTOR('',#16301,10.);
#4708=VECTOR('',#16302,10.);
#4709=VECTOR('',#16303,10.);
#4710=VECTOR('',#16306,10.);
#4711=VECTOR('',#16307,10.);
#4712=VECTOR('',#16308,10.);
#4713=VECTOR('',#16311,10.);
#4714=VECTOR('',#16312,10.);
#4715=VECTOR('',#16319,10.);
#4716=VECTOR('',#16320,10.);
#4717=VECTOR('',#16321,10.);
#4718=VECTOR('',#16322,10.);
#4719=VECTOR('',#16325,10.);
#4720=VECTOR('',#16326,10.);
#4721=VECTOR('',#16327,10.);
#4722=VECTOR('',#16330,10.);
#4723=VECTOR('',#16331,10.);
#4724=VECTOR('',#16332,10.);
#4725=VECTOR('',#16335,10.);
#4726=VECTOR('',#16336,10.);
#4727=VECTOR('',#16343,10.);
#4728=VECTOR('',#16344,10.);
#4729=VECTOR('',#16345,10.);
#4730=VECTOR('',#16346,10.);
#4731=VECTOR('',#16349,10.);
#4732=VECTOR('',#16350,10.);
#4733=VECTOR('',#16351,10.);
#4734=VECTOR('',#16354,10.);
#4735=VECTOR('',#16355,10.);
#4736=VECTOR('',#16356,10.);
#4737=VECTOR('',#16359,10.);
#4738=VECTOR('',#16360,10.);
#4739=VECTOR('',#16367,10.);
#4740=VECTOR('',#16368,10.);
#4741=VECTOR('',#16369,10.);
#4742=VECTOR('',#16370,10.);
#4743=VECTOR('',#16373,10.);
#4744=VECTOR('',#16374,10.);
#4745=VECTOR('',#16375,10.);
#4746=VECTOR('',#16378,10.);
#4747=VECTOR('',#16379,10.);
#4748=VECTOR('',#16380,10.);
#4749=VECTOR('',#16383,10.);
#4750=VECTOR('',#16384,10.);
#4751=VECTOR('',#16391,10.);
#4752=VECTOR('',#16392,10.);
#4753=VECTOR('',#16393,10.);
#4754=VECTOR('',#16394,10.);
#4755=VECTOR('',#16397,10.);
#4756=VECTOR('',#16398,10.);
#4757=VECTOR('',#16399,10.);
#4758=VECTOR('',#16402,10.);
#4759=VECTOR('',#16403,10.);
#4760=VECTOR('',#16404,10.);
#4761=VECTOR('',#16407,10.);
#4762=VECTOR('',#16408,10.);
#4763=VECTOR('',#16415,10.);
#4764=VECTOR('',#16416,10.);
#4765=VECTOR('',#16417,10.);
#4766=VECTOR('',#16418,10.);
#4767=VECTOR('',#16421,10.);
#4768=VECTOR('',#16422,10.);
#4769=VECTOR('',#16423,10.);
#4770=VECTOR('',#16426,10.);
#4771=VECTOR('',#16427,10.);
#4772=VECTOR('',#16428,10.);
#4773=VECTOR('',#16431,10.);
#4774=VECTOR('',#16432,10.);
#4775=VECTOR('',#16439,10.);
#4776=VECTOR('',#16440,10.);
#4777=VECTOR('',#16441,10.);
#4778=VECTOR('',#16442,10.);
#4779=VECTOR('',#16445,10.);
#4780=VECTOR('',#16446,10.);
#4781=VECTOR('',#16447,10.);
#4782=VECTOR('',#16450,10.);
#4783=VECTOR('',#16451,10.);
#4784=VECTOR('',#16452,10.);
#4785=VECTOR('',#16455,10.);
#4786=VECTOR('',#16456,10.);
#4787=VECTOR('',#16463,10.);
#4788=VECTOR('',#16464,10.);
#4789=VECTOR('',#16465,10.);
#4790=VECTOR('',#16466,10.);
#4791=VECTOR('',#16469,10.);
#4792=VECTOR('',#16470,10.);
#4793=VECTOR('',#16471,10.);
#4794=VECTOR('',#16474,10.);
#4795=VECTOR('',#16475,10.);
#4796=VECTOR('',#16476,10.);
#4797=VECTOR('',#16479,10.);
#4798=VECTOR('',#16480,10.);
#4799=VECTOR('',#16487,10.);
#4800=VECTOR('',#16488,10.);
#4801=VECTOR('',#16489,10.);
#4802=VECTOR('',#16490,10.);
#4803=VECTOR('',#16493,10.);
#4804=VECTOR('',#16494,10.);
#4805=VECTOR('',#16495,10.);
#4806=VECTOR('',#16498,10.);
#4807=VECTOR('',#16499,10.);
#4808=VECTOR('',#16500,10.);
#4809=VECTOR('',#16503,10.);
#4810=VECTOR('',#16504,10.);
#4811=VECTOR('',#16511,10.);
#4812=VECTOR('',#16512,10.);
#4813=VECTOR('',#16513,10.);
#4814=VECTOR('',#16514,10.);
#4815=VECTOR('',#16517,10.);
#4816=VECTOR('',#16518,10.);
#4817=VECTOR('',#16519,10.);
#4818=VECTOR('',#16522,10.);
#4819=VECTOR('',#16523,10.);
#4820=VECTOR('',#16524,10.);
#4821=VECTOR('',#16527,10.);
#4822=VECTOR('',#16528,10.);
#4823=VECTOR('',#16535,10.);
#4824=VECTOR('',#16536,10.);
#4825=VECTOR('',#16537,10.);
#4826=VECTOR('',#16538,10.);
#4827=VECTOR('',#16541,10.);
#4828=VECTOR('',#16542,10.);
#4829=VECTOR('',#16543,10.);
#4830=VECTOR('',#16546,10.);
#4831=VECTOR('',#16547,10.);
#4832=VECTOR('',#16548,10.);
#4833=VECTOR('',#16551,10.);
#4834=VECTOR('',#16552,10.);
#4835=VECTOR('',#16559,10.);
#4836=VECTOR('',#16560,10.);
#4837=VECTOR('',#16561,10.);
#4838=VECTOR('',#16562,10.);
#4839=VECTOR('',#16565,10.);
#4840=VECTOR('',#16566,10.);
#4841=VECTOR('',#16567,10.);
#4842=VECTOR('',#16570,10.);
#4843=VECTOR('',#16571,10.);
#4844=VECTOR('',#16572,10.);
#4845=VECTOR('',#16575,10.);
#4846=VECTOR('',#16576,10.);
#4847=VECTOR('',#16583,10.);
#4848=VECTOR('',#16584,10.);
#4849=VECTOR('',#16585,10.);
#4850=VECTOR('',#16586,10.);
#4851=VECTOR('',#16589,10.);
#4852=VECTOR('',#16590,10.);
#4853=VECTOR('',#16591,10.);
#4854=VECTOR('',#16594,10.);
#4855=VECTOR('',#16595,10.);
#4856=VECTOR('',#16596,10.);
#4857=VECTOR('',#16599,10.);
#4858=VECTOR('',#16600,10.);
#4859=VECTOR('',#16607,10.);
#4860=VECTOR('',#16608,10.);
#4861=VECTOR('',#16609,10.);
#4862=VECTOR('',#16610,10.);
#4863=VECTOR('',#16613,10.);
#4864=VECTOR('',#16614,10.);
#4865=VECTOR('',#16615,10.);
#4866=VECTOR('',#16618,10.);
#4867=VECTOR('',#16619,10.);
#4868=VECTOR('',#16620,10.);
#4869=VECTOR('',#16623,10.);
#4870=VECTOR('',#16624,10.);
#4871=VECTOR('',#16631,10.);
#4872=VECTOR('',#16632,10.);
#4873=VECTOR('',#16633,10.);
#4874=VECTOR('',#16634,10.);
#4875=VECTOR('',#16637,10.);
#4876=VECTOR('',#16638,10.);
#4877=VECTOR('',#16639,10.);
#4878=VECTOR('',#16642,10.);
#4879=VECTOR('',#16643,10.);
#4880=VECTOR('',#16644,10.);
#4881=VECTOR('',#16647,10.);
#4882=VECTOR('',#16648,10.);
#4883=VECTOR('',#16655,10.);
#4884=VECTOR('',#16656,10.);
#4885=VECTOR('',#16657,10.);
#4886=VECTOR('',#16658,10.);
#4887=VECTOR('',#16661,10.);
#4888=VECTOR('',#16662,10.);
#4889=VECTOR('',#16663,10.);
#4890=VECTOR('',#16666,10.);
#4891=VECTOR('',#16667,10.);
#4892=VECTOR('',#16668,10.);
#4893=VECTOR('',#16671,10.);
#4894=VECTOR('',#16672,10.);
#4895=VECTOR('',#16679,10.);
#4896=VECTOR('',#16680,10.);
#4897=VECTOR('',#16681,10.);
#4898=VECTOR('',#16682,10.);
#4899=VECTOR('',#16685,10.);
#4900=VECTOR('',#16686,10.);
#4901=VECTOR('',#16687,10.);
#4902=VECTOR('',#16690,10.);
#4903=VECTOR('',#16691,10.);
#4904=VECTOR('',#16692,10.);
#4905=VECTOR('',#16695,10.);
#4906=VECTOR('',#16696,10.);
#4907=VECTOR('',#16703,10.);
#4908=VECTOR('',#16704,10.);
#4909=VECTOR('',#16705,10.);
#4910=VECTOR('',#16706,10.);
#4911=VECTOR('',#16709,10.);
#4912=VECTOR('',#16710,10.);
#4913=VECTOR('',#16711,10.);
#4914=VECTOR('',#16714,10.);
#4915=VECTOR('',#16715,10.);
#4916=VECTOR('',#16716,10.);
#4917=VECTOR('',#16719,10.);
#4918=VECTOR('',#16720,10.);
#4919=VECTOR('',#16727,10.);
#4920=VECTOR('',#16728,10.);
#4921=VECTOR('',#16729,10.);
#4922=VECTOR('',#16730,10.);
#4923=VECTOR('',#16733,10.);
#4924=VECTOR('',#16734,10.);
#4925=VECTOR('',#16735,10.);
#4926=VECTOR('',#16738,10.);
#4927=VECTOR('',#16739,10.);
#4928=VECTOR('',#16740,10.);
#4929=VECTOR('',#16743,10.);
#4930=VECTOR('',#16744,10.);
#4931=VECTOR('',#16751,10.);
#4932=VECTOR('',#16752,10.);
#4933=VECTOR('',#16753,10.);
#4934=VECTOR('',#16754,10.);
#4935=VECTOR('',#16757,10.);
#4936=VECTOR('',#16758,10.);
#4937=VECTOR('',#16759,10.);
#4938=VECTOR('',#16762,10.);
#4939=VECTOR('',#16763,10.);
#4940=VECTOR('',#16764,10.);
#4941=VECTOR('',#16767,10.);
#4942=VECTOR('',#16768,10.);
#4943=VECTOR('',#16775,10.);
#4944=VECTOR('',#16776,10.);
#4945=VECTOR('',#16777,10.);
#4946=VECTOR('',#16778,10.);
#4947=VECTOR('',#16781,10.);
#4948=VECTOR('',#16782,10.);
#4949=VECTOR('',#16783,10.);
#4950=VECTOR('',#16786,10.);
#4951=VECTOR('',#16787,10.);
#4952=VECTOR('',#16788,10.);
#4953=VECTOR('',#16791,10.);
#4954=VECTOR('',#16792,10.);
#4955=VECTOR('',#16799,10.);
#4956=VECTOR('',#16800,10.);
#4957=VECTOR('',#16801,10.);
#4958=VECTOR('',#16802,10.);
#4959=VECTOR('',#16805,10.);
#4960=VECTOR('',#16806,10.);
#4961=VECTOR('',#16807,10.);
#4962=VECTOR('',#16810,10.);
#4963=VECTOR('',#16811,10.);
#4964=VECTOR('',#16812,10.);
#4965=VECTOR('',#16815,10.);
#4966=VECTOR('',#16816,10.);
#4967=VECTOR('',#16823,10.);
#4968=VECTOR('',#16824,10.);
#4969=VECTOR('',#16825,10.);
#4970=VECTOR('',#16826,10.);
#4971=VECTOR('',#16829,10.);
#4972=VECTOR('',#16830,10.);
#4973=VECTOR('',#16831,10.);
#4974=VECTOR('',#16834,10.);
#4975=VECTOR('',#16835,10.);
#4976=VECTOR('',#16836,10.);
#4977=VECTOR('',#16839,10.);
#4978=VECTOR('',#16840,10.);
#4979=VECTOR('',#16847,10.);
#4980=VECTOR('',#16848,10.);
#4981=VECTOR('',#16849,10.);
#4982=VECTOR('',#16850,10.);
#4983=VECTOR('',#16853,10.);
#4984=VECTOR('',#16854,10.);
#4985=VECTOR('',#16855,10.);
#4986=VECTOR('',#16858,10.);
#4987=VECTOR('',#16859,10.);
#4988=VECTOR('',#16860,10.);
#4989=VECTOR('',#16863,10.);
#4990=VECTOR('',#16864,10.);
#4991=VECTOR('',#16871,10.);
#4992=VECTOR('',#16872,10.);
#4993=VECTOR('',#16873,10.);
#4994=VECTOR('',#16874,10.);
#4995=VECTOR('',#16877,10.);
#4996=VECTOR('',#16878,10.);
#4997=VECTOR('',#16879,10.);
#4998=VECTOR('',#16882,10.);
#4999=VECTOR('',#16883,10.);
#5000=VECTOR('',#16884,10.);
#5001=VECTOR('',#16887,10.);
#5002=VECTOR('',#16888,10.);
#5003=VECTOR('',#16895,10.);
#5004=VECTOR('',#16896,10.);
#5005=VECTOR('',#16897,10.);
#5006=VECTOR('',#16898,10.);
#5007=VECTOR('',#16901,10.);
#5008=VECTOR('',#16902,10.);
#5009=VECTOR('',#16903,10.);
#5010=VECTOR('',#16906,10.);
#5011=VECTOR('',#16907,10.);
#5012=VECTOR('',#16908,10.);
#5013=VECTOR('',#16911,10.);
#5014=VECTOR('',#16912,10.);
#5015=VECTOR('',#16919,10.);
#5016=VECTOR('',#16920,10.);
#5017=VECTOR('',#16921,10.);
#5018=VECTOR('',#16922,10.);
#5019=VECTOR('',#16925,10.);
#5020=VECTOR('',#16926,10.);
#5021=VECTOR('',#16927,10.);
#5022=VECTOR('',#16930,10.);
#5023=VECTOR('',#16931,10.);
#5024=VECTOR('',#16932,10.);
#5025=VECTOR('',#16935,10.);
#5026=VECTOR('',#16936,10.);
#5027=VECTOR('',#16943,10.);
#5028=VECTOR('',#16944,10.);
#5029=VECTOR('',#16945,10.);
#5030=VECTOR('',#16946,10.);
#5031=VECTOR('',#16949,10.);
#5032=VECTOR('',#16950,10.);
#5033=VECTOR('',#16951,10.);
#5034=VECTOR('',#16954,10.);
#5035=VECTOR('',#16955,10.);
#5036=VECTOR('',#16956,10.);
#5037=VECTOR('',#16959,10.);
#5038=VECTOR('',#16960,10.);
#5039=VECTOR('',#16967,10.);
#5040=VECTOR('',#16968,10.);
#5041=VECTOR('',#16969,10.);
#5042=VECTOR('',#16970,10.);
#5043=VECTOR('',#16973,10.);
#5044=VECTOR('',#16974,10.);
#5045=VECTOR('',#16975,10.);
#5046=VECTOR('',#16978,10.);
#5047=VECTOR('',#16979,10.);
#5048=VECTOR('',#16980,10.);
#5049=VECTOR('',#16983,10.);
#5050=VECTOR('',#16984,10.);
#5051=VECTOR('',#16991,10.);
#5052=VECTOR('',#16992,10.);
#5053=VECTOR('',#16993,10.);
#5054=VECTOR('',#16994,10.);
#5055=VECTOR('',#16997,10.);
#5056=VECTOR('',#16998,10.);
#5057=VECTOR('',#16999,10.);
#5058=VECTOR('',#17002,10.);
#5059=VECTOR('',#17003,10.);
#5060=VECTOR('',#17004,10.);
#5061=VECTOR('',#17007,10.);
#5062=VECTOR('',#17008,10.);
#5063=VECTOR('',#17015,10.);
#5064=VECTOR('',#17016,10.);
#5065=VECTOR('',#17017,10.);
#5066=VECTOR('',#17018,10.);
#5067=VECTOR('',#17021,10.);
#5068=VECTOR('',#17022,10.);
#5069=VECTOR('',#17023,10.);
#5070=VECTOR('',#17026,10.);
#5071=VECTOR('',#17027,10.);
#5072=VECTOR('',#17028,10.);
#5073=VECTOR('',#17031,10.);
#5074=VECTOR('',#17032,10.);
#5075=VECTOR('',#17039,10.);
#5076=VECTOR('',#17040,10.);
#5077=VECTOR('',#17041,10.);
#5078=VECTOR('',#17042,10.);
#5079=VECTOR('',#17045,10.);
#5080=VECTOR('',#17046,10.);
#5081=VECTOR('',#17047,10.);
#5082=VECTOR('',#17050,10.);
#5083=VECTOR('',#17051,10.);
#5084=VECTOR('',#17052,10.);
#5085=VECTOR('',#17055,10.);
#5086=VECTOR('',#17056,10.);
#5087=VECTOR('',#17063,10.);
#5088=VECTOR('',#17064,10.);
#5089=VECTOR('',#17065,10.);
#5090=VECTOR('',#17066,10.);
#5091=VECTOR('',#17069,10.);
#5092=VECTOR('',#17070,10.);
#5093=VECTOR('',#17071,10.);
#5094=VECTOR('',#17074,10.);
#5095=VECTOR('',#17075,10.);
#5096=VECTOR('',#17076,10.);
#5097=VECTOR('',#17079,10.);
#5098=VECTOR('',#17080,10.);
#5099=VECTOR('',#17087,10.);
#5100=VECTOR('',#17088,10.);
#5101=VECTOR('',#17089,10.);
#5102=VECTOR('',#17090,10.);
#5103=VECTOR('',#17093,10.);
#5104=VECTOR('',#17094,10.);
#5105=VECTOR('',#17095,10.);
#5106=VECTOR('',#17098,10.);
#5107=VECTOR('',#17099,10.);
#5108=VECTOR('',#17100,10.);
#5109=VECTOR('',#17103,10.);
#5110=VECTOR('',#17104,10.);
#5111=VECTOR('',#17111,10.);
#5112=VECTOR('',#17112,10.);
#5113=VECTOR('',#17113,10.);
#5114=VECTOR('',#17114,10.);
#5115=VECTOR('',#17117,10.);
#5116=VECTOR('',#17118,10.);
#5117=VECTOR('',#17119,10.);
#5118=VECTOR('',#17122,10.);
#5119=VECTOR('',#17123,10.);
#5120=VECTOR('',#17124,10.);
#5121=VECTOR('',#17127,10.);
#5122=VECTOR('',#17128,10.);
#5123=VECTOR('',#17135,10.);
#5124=VECTOR('',#17136,10.);
#5125=VECTOR('',#17137,10.);
#5126=VECTOR('',#17138,10.);
#5127=VECTOR('',#17141,10.);
#5128=VECTOR('',#17142,10.);
#5129=VECTOR('',#17143,10.);
#5130=VECTOR('',#17146,10.);
#5131=VECTOR('',#17147,10.);
#5132=VECTOR('',#17148,10.);
#5133=VECTOR('',#17151,10.);
#5134=VECTOR('',#17152,10.);
#5135=VECTOR('',#17159,10.);
#5136=VECTOR('',#17160,10.);
#5137=VECTOR('',#17161,10.);
#5138=VECTOR('',#17162,10.);
#5139=VECTOR('',#17165,10.);
#5140=VECTOR('',#17166,10.);
#5141=VECTOR('',#17167,10.);
#5142=VECTOR('',#17170,10.);
#5143=VECTOR('',#17171,10.);
#5144=VECTOR('',#17172,10.);
#5145=VECTOR('',#17175,10.);
#5146=VECTOR('',#17176,10.);
#5147=VECTOR('',#17183,10.);
#5148=VECTOR('',#17184,10.);
#5149=VECTOR('',#17185,10.);
#5150=VECTOR('',#17186,10.);
#5151=VECTOR('',#17189,10.);
#5152=VECTOR('',#17190,10.);
#5153=VECTOR('',#17191,10.);
#5154=VECTOR('',#17194,10.);
#5155=VECTOR('',#17195,10.);
#5156=VECTOR('',#17196,10.);
#5157=VECTOR('',#17199,10.);
#5158=VECTOR('',#17200,10.);
#5159=VECTOR('',#17207,10.);
#5160=VECTOR('',#17208,10.);
#5161=VECTOR('',#17209,10.);
#5162=VECTOR('',#17210,10.);
#5163=VECTOR('',#17213,10.);
#5164=VECTOR('',#17214,10.);
#5165=VECTOR('',#17215,10.);
#5166=VECTOR('',#17218,10.);
#5167=VECTOR('',#17219,10.);
#5168=VECTOR('',#17220,10.);
#5169=VECTOR('',#17223,10.);
#5170=VECTOR('',#17224,10.);
#5171=VECTOR('',#17231,10.);
#5172=VECTOR('',#17232,10.);
#5173=VECTOR('',#17233,10.);
#5174=VECTOR('',#17234,10.);
#5175=VECTOR('',#17237,10.);
#5176=VECTOR('',#17238,10.);
#5177=VECTOR('',#17239,10.);
#5178=VECTOR('',#17242,10.);
#5179=VECTOR('',#17243,10.);
#5180=VECTOR('',#17244,10.);
#5181=VECTOR('',#17247,10.);
#5182=VECTOR('',#17248,10.);
#5183=VECTOR('',#17255,10.);
#5184=VECTOR('',#17256,10.);
#5185=VECTOR('',#17257,10.);
#5186=VECTOR('',#17258,10.);
#5187=VECTOR('',#17261,10.);
#5188=VECTOR('',#17262,10.);
#5189=VECTOR('',#17263,10.);
#5190=VECTOR('',#17266,10.);
#5191=VECTOR('',#17267,10.);
#5192=VECTOR('',#17268,10.);
#5193=VECTOR('',#17271,10.);
#5194=VECTOR('',#17272,10.);
#5195=VECTOR('',#17279,10.);
#5196=VECTOR('',#17280,10.);
#5197=VECTOR('',#17281,10.);
#5198=VECTOR('',#17282,10.);
#5199=VECTOR('',#17285,10.);
#5200=VECTOR('',#17286,10.);
#5201=VECTOR('',#17287,10.);
#5202=VECTOR('',#17290,10.);
#5203=VECTOR('',#17291,10.);
#5204=VECTOR('',#17292,10.);
#5205=VECTOR('',#17295,10.);
#5206=VECTOR('',#17296,10.);
#5207=VECTOR('',#17303,10.);
#5208=VECTOR('',#17304,10.);
#5209=VECTOR('',#17305,10.);
#5210=VECTOR('',#17306,10.);
#5211=VECTOR('',#17309,10.);
#5212=VECTOR('',#17310,10.);
#5213=VECTOR('',#17311,10.);
#5214=VECTOR('',#17314,10.);
#5215=VECTOR('',#17315,10.);
#5216=VECTOR('',#17316,10.);
#5217=VECTOR('',#17319,10.);
#5218=VECTOR('',#17320,10.);
#5219=VECTOR('',#17327,10.);
#5220=VECTOR('',#17328,10.);
#5221=VECTOR('',#17329,10.);
#5222=VECTOR('',#17330,10.);
#5223=VECTOR('',#17333,10.);
#5224=VECTOR('',#17334,10.);
#5225=VECTOR('',#17335,10.);
#5226=VECTOR('',#17338,10.);
#5227=VECTOR('',#17339,10.);
#5228=VECTOR('',#17340,10.);
#5229=VECTOR('',#17343,10.);
#5230=VECTOR('',#17344,10.);
#5231=VECTOR('',#17351,10.);
#5232=VECTOR('',#17352,10.);
#5233=VECTOR('',#17353,10.);
#5234=VECTOR('',#17354,10.);
#5235=VECTOR('',#17357,10.);
#5236=VECTOR('',#17358,10.);
#5237=VECTOR('',#17359,10.);
#5238=VECTOR('',#17362,10.);
#5239=VECTOR('',#17363,10.);
#5240=VECTOR('',#17364,10.);
#5241=VECTOR('',#17367,10.);
#5242=VECTOR('',#17368,10.);
#5243=VECTOR('',#17375,10.);
#5244=VECTOR('',#17376,10.);
#5245=VECTOR('',#17377,10.);
#5246=VECTOR('',#17378,10.);
#5247=VECTOR('',#17381,10.);
#5248=VECTOR('',#17382,10.);
#5249=VECTOR('',#17383,10.);
#5250=VECTOR('',#17386,10.);
#5251=VECTOR('',#17387,10.);
#5252=VECTOR('',#17388,10.);
#5253=VECTOR('',#17391,10.);
#5254=VECTOR('',#17392,10.);
#5255=VECTOR('',#17399,10.);
#5256=VECTOR('',#17400,10.);
#5257=VECTOR('',#17401,10.);
#5258=VECTOR('',#17402,10.);
#5259=VECTOR('',#17405,10.);
#5260=VECTOR('',#17406,10.);
#5261=VECTOR('',#17407,10.);
#5262=VECTOR('',#17410,10.);
#5263=VECTOR('',#17411,10.);
#5264=VECTOR('',#17412,10.);
#5265=VECTOR('',#17415,10.);
#5266=VECTOR('',#17416,10.);
#5267=VECTOR('',#17423,10.);
#5268=VECTOR('',#17424,10.);
#5269=VECTOR('',#17425,10.);
#5270=VECTOR('',#17426,10.);
#5271=VECTOR('',#17429,10.);
#5272=VECTOR('',#17430,10.);
#5273=VECTOR('',#17431,10.);
#5274=VECTOR('',#17434,10.);
#5275=VECTOR('',#17435,10.);
#5276=VECTOR('',#17436,10.);
#5277=VECTOR('',#17439,10.);
#5278=VECTOR('',#17440,10.);
#5279=VECTOR('',#17447,10.);
#5280=VECTOR('',#17448,10.);
#5281=VECTOR('',#17449,10.);
#5282=VECTOR('',#17450,10.);
#5283=VECTOR('',#17453,10.);
#5284=VECTOR('',#17454,10.);
#5285=VECTOR('',#17455,10.);
#5286=VECTOR('',#17458,10.);
#5287=VECTOR('',#17459,10.);
#5288=VECTOR('',#17460,10.);
#5289=VECTOR('',#17463,10.);
#5290=VECTOR('',#17464,10.);
#5291=VECTOR('',#17471,10.);
#5292=VECTOR('',#17472,10.);
#5293=VECTOR('',#17473,10.);
#5294=VECTOR('',#17474,10.);
#5295=VECTOR('',#17477,10.);
#5296=VECTOR('',#17478,10.);
#5297=VECTOR('',#17479,10.);
#5298=VECTOR('',#17482,10.);
#5299=VECTOR('',#17483,10.);
#5300=VECTOR('',#17484,10.);
#5301=VECTOR('',#17487,10.);
#5302=VECTOR('',#17488,10.);
#5303=VECTOR('',#17495,10.);
#5304=VECTOR('',#17496,10.);
#5305=VECTOR('',#17497,10.);
#5306=VECTOR('',#17498,10.);
#5307=VECTOR('',#17501,10.);
#5308=VECTOR('',#17502,10.);
#5309=VECTOR('',#17503,10.);
#5310=VECTOR('',#17506,10.);
#5311=VECTOR('',#17507,10.);
#5312=VECTOR('',#17508,10.);
#5313=VECTOR('',#17511,10.);
#5314=VECTOR('',#17512,10.);
#5315=VECTOR('',#17519,10.);
#5316=VECTOR('',#17520,10.);
#5317=VECTOR('',#17521,10.);
#5318=VECTOR('',#17522,10.);
#5319=VECTOR('',#17525,10.);
#5320=VECTOR('',#17526,10.);
#5321=VECTOR('',#17527,10.);
#5322=VECTOR('',#17530,10.);
#5323=VECTOR('',#17531,10.);
#5324=VECTOR('',#17532,10.);
#5325=VECTOR('',#17535,10.);
#5326=VECTOR('',#17536,10.);
#5327=VECTOR('',#17543,10.);
#5328=VECTOR('',#17544,10.);
#5329=VECTOR('',#17545,10.);
#5330=VECTOR('',#17546,10.);
#5331=VECTOR('',#17549,10.);
#5332=VECTOR('',#17550,10.);
#5333=VECTOR('',#17551,10.);
#5334=VECTOR('',#17554,10.);
#5335=VECTOR('',#17555,10.);
#5336=VECTOR('',#17556,10.);
#5337=VECTOR('',#17559,10.);
#5338=VECTOR('',#17560,10.);
#5339=VECTOR('',#17567,10.);
#5340=VECTOR('',#17568,10.);
#5341=VECTOR('',#17569,10.);
#5342=VECTOR('',#17570,10.);
#5343=VECTOR('',#17573,10.);
#5344=VECTOR('',#17574,10.);
#5345=VECTOR('',#17575,10.);
#5346=VECTOR('',#17578,10.);
#5347=VECTOR('',#17579,10.);
#5348=VECTOR('',#17580,10.);
#5349=VECTOR('',#17583,10.);
#5350=VECTOR('',#17584,10.);
#5351=VECTOR('',#17591,10.);
#5352=VECTOR('',#17592,10.);
#5353=VECTOR('',#17593,10.);
#5354=VECTOR('',#17594,10.);
#5355=VECTOR('',#17597,10.);
#5356=VECTOR('',#17598,10.);
#5357=VECTOR('',#17599,10.);
#5358=VECTOR('',#17602,10.);
#5359=VECTOR('',#17603,10.);
#5360=VECTOR('',#17604,10.);
#5361=VECTOR('',#17607,10.);
#5362=VECTOR('',#17608,10.);
#5363=VECTOR('',#17615,10.);
#5364=VECTOR('',#17616,10.);
#5365=VECTOR('',#17617,10.);
#5366=VECTOR('',#17618,10.);
#5367=VECTOR('',#17621,10.);
#5368=VECTOR('',#17622,10.);
#5369=VECTOR('',#17623,10.);
#5370=VECTOR('',#17626,10.);
#5371=VECTOR('',#17627,10.);
#5372=VECTOR('',#17628,10.);
#5373=VECTOR('',#17631,10.);
#5374=VECTOR('',#17632,10.);
#5375=VECTOR('',#17639,10.);
#5376=VECTOR('',#17640,10.);
#5377=VECTOR('',#17641,10.);
#5378=VECTOR('',#17642,10.);
#5379=VECTOR('',#17645,10.);
#5380=VECTOR('',#17646,10.);
#5381=VECTOR('',#17647,10.);
#5382=VECTOR('',#17650,10.);
#5383=VECTOR('',#17651,10.);
#5384=VECTOR('',#17652,10.);
#5385=VECTOR('',#17655,10.);
#5386=VECTOR('',#17656,10.);
#5387=VECTOR('',#17663,10.);
#5388=VECTOR('',#17664,10.);
#5389=VECTOR('',#17665,10.);
#5390=VECTOR('',#17666,10.);
#5391=VECTOR('',#17669,10.);
#5392=VECTOR('',#17670,10.);
#5393=VECTOR('',#17671,10.);
#5394=VECTOR('',#17674,10.);
#5395=VECTOR('',#17675,10.);
#5396=VECTOR('',#17676,10.);
#5397=VECTOR('',#17679,10.);
#5398=VECTOR('',#17680,10.);
#5399=VECTOR('',#17687,10.);
#5400=VECTOR('',#17688,10.);
#5401=VECTOR('',#17689,10.);
#5402=VECTOR('',#17690,10.);
#5403=VECTOR('',#17693,10.);
#5404=VECTOR('',#17694,10.);
#5405=VECTOR('',#17695,10.);
#5406=VECTOR('',#17698,10.);
#5407=VECTOR('',#17699,10.);
#5408=VECTOR('',#17700,10.);
#5409=VECTOR('',#17703,10.);
#5410=VECTOR('',#17704,10.);
#5411=VERTEX_POINT('',#17711);
#5412=VERTEX_POINT('',#17712);
#5413=VERTEX_POINT('',#17714);
#5414=VERTEX_POINT('',#17716);
#5415=VERTEX_POINT('',#17720);
#5416=VERTEX_POINT('',#17722);
#5417=VERTEX_POINT('',#17726);
#5418=VERTEX_POINT('',#17728);
#5419=VERTEX_POINT('',#17736);
#5420=VERTEX_POINT('',#17737);
#5421=VERTEX_POINT('',#17739);
#5422=VERTEX_POINT('',#17741);
#5423=VERTEX_POINT('',#17745);
#5424=VERTEX_POINT('',#17747);
#5425=VERTEX_POINT('',#17751);
#5426=VERTEX_POINT('',#17753);
#5427=VERTEX_POINT('',#17761);
#5428=VERTEX_POINT('',#17762);
#5429=VERTEX_POINT('',#17764);
#5430=VERTEX_POINT('',#17766);
#5431=VERTEX_POINT('',#17770);
#5432=VERTEX_POINT('',#17772);
#5433=VERTEX_POINT('',#17776);
#5434=VERTEX_POINT('',#17778);
#5435=VERTEX_POINT('',#17786);
#5436=VERTEX_POINT('',#17787);
#5437=VERTEX_POINT('',#17789);
#5438=VERTEX_POINT('',#17791);
#5439=VERTEX_POINT('',#17795);
#5440=VERTEX_POINT('',#17797);
#5441=VERTEX_POINT('',#17801);
#5442=VERTEX_POINT('',#17803);
#5443=VERTEX_POINT('',#17811);
#5444=VERTEX_POINT('',#17812);
#5445=VERTEX_POINT('',#17814);
#5446=VERTEX_POINT('',#17816);
#5447=VERTEX_POINT('',#17820);
#5448=VERTEX_POINT('',#17822);
#5449=VERTEX_POINT('',#17826);
#5450=VERTEX_POINT('',#17828);
#5451=VERTEX_POINT('',#17836);
#5452=VERTEX_POINT('',#17837);
#5453=VERTEX_POINT('',#17839);
#5454=VERTEX_POINT('',#17841);
#5455=VERTEX_POINT('',#17845);
#5456=VERTEX_POINT('',#17847);
#5457=VERTEX_POINT('',#17851);
#5458=VERTEX_POINT('',#17853);
#5459=VERTEX_POINT('',#17861);
#5460=VERTEX_POINT('',#17862);
#5461=VERTEX_POINT('',#17864);
#5462=VERTEX_POINT('',#17866);
#5463=VERTEX_POINT('',#17870);
#5464=VERTEX_POINT('',#17872);
#5465=VERTEX_POINT('',#17876);
#5466=VERTEX_POINT('',#17878);
#5467=VERTEX_POINT('',#17886);
#5468=VERTEX_POINT('',#17887);
#5469=VERTEX_POINT('',#17889);
#5470=VERTEX_POINT('',#17891);
#5471=VERTEX_POINT('',#17895);
#5472=VERTEX_POINT('',#17897);
#5473=VERTEX_POINT('',#17901);
#5474=VERTEX_POINT('',#17903);
#5475=VERTEX_POINT('',#17911);
#5476=VERTEX_POINT('',#17912);
#5477=VERTEX_POINT('',#17914);
#5478=VERTEX_POINT('',#17916);
#5479=VERTEX_POINT('',#17920);
#5480=VERTEX_POINT('',#17922);
#5481=VERTEX_POINT('',#17926);
#5482=VERTEX_POINT('',#17928);
#5483=VERTEX_POINT('',#17936);
#5484=VERTEX_POINT('',#17937);
#5485=VERTEX_POINT('',#17939);
#5486=VERTEX_POINT('',#17941);
#5487=VERTEX_POINT('',#17945);
#5488=VERTEX_POINT('',#17947);
#5489=VERTEX_POINT('',#17951);
#5490=VERTEX_POINT('',#17953);
#5491=VERTEX_POINT('',#17961);
#5492=VERTEX_POINT('',#17962);
#5493=VERTEX_POINT('',#17964);
#5494=VERTEX_POINT('',#17966);
#5495=VERTEX_POINT('',#17970);
#5496=VERTEX_POINT('',#17972);
#5497=VERTEX_POINT('',#17976);
#5498=VERTEX_POINT('',#17978);
#5499=VERTEX_POINT('',#17986);
#5500=VERTEX_POINT('',#17987);
#5501=VERTEX_POINT('',#17989);
#5502=VERTEX_POINT('',#17991);
#5503=VERTEX_POINT('',#17995);
#5504=VERTEX_POINT('',#17997);
#5505=VERTEX_POINT('',#18001);
#5506=VERTEX_POINT('',#18003);
#5507=VERTEX_POINT('',#18011);
#5508=VERTEX_POINT('',#18012);
#5509=VERTEX_POINT('',#18014);
#5510=VERTEX_POINT('',#18016);
#5511=VERTEX_POINT('',#18020);
#5512=VERTEX_POINT('',#18022);
#5513=VERTEX_POINT('',#18026);
#5514=VERTEX_POINT('',#18028);
#5515=VERTEX_POINT('',#18036);
#5516=VERTEX_POINT('',#18037);
#5517=VERTEX_POINT('',#18039);
#5518=VERTEX_POINT('',#18041);
#5519=VERTEX_POINT('',#18045);
#5520=VERTEX_POINT('',#18047);
#5521=VERTEX_POINT('',#18051);
#5522=VERTEX_POINT('',#18053);
#5523=VERTEX_POINT('',#18061);
#5524=VERTEX_POINT('',#18062);
#5525=VERTEX_POINT('',#18064);
#5526=VERTEX_POINT('',#18066);
#5527=VERTEX_POINT('',#18070);
#5528=VERTEX_POINT('',#18072);
#5529=VERTEX_POINT('',#18076);
#5530=VERTEX_POINT('',#18078);
#5531=VERTEX_POINT('',#18086);
#5532=VERTEX_POINT('',#18087);
#5533=VERTEX_POINT('',#18089);
#5534=VERTEX_POINT('',#18091);
#5535=VERTEX_POINT('',#18095);
#5536=VERTEX_POINT('',#18097);
#5537=VERTEX_POINT('',#18101);
#5538=VERTEX_POINT('',#18103);
#5539=VERTEX_POINT('',#18111);
#5540=VERTEX_POINT('',#18112);
#5541=VERTEX_POINT('',#18114);
#5542=VERTEX_POINT('',#18116);
#5543=VERTEX_POINT('',#18120);
#5544=VERTEX_POINT('',#18122);
#5545=VERTEX_POINT('',#18126);
#5546=VERTEX_POINT('',#18128);
#5547=VERTEX_POINT('',#18136);
#5548=VERTEX_POINT('',#18137);
#5549=VERTEX_POINT('',#18139);
#5550=VERTEX_POINT('',#18141);
#5551=VERTEX_POINT('',#18145);
#5552=VERTEX_POINT('',#18147);
#5553=VERTEX_POINT('',#18151);
#5554=VERTEX_POINT('',#18153);
#5555=VERTEX_POINT('',#18161);
#5556=VERTEX_POINT('',#18162);
#5557=VERTEX_POINT('',#18164);
#5558=VERTEX_POINT('',#18166);
#5559=VERTEX_POINT('',#18170);
#5560=VERTEX_POINT('',#18172);
#5561=VERTEX_POINT('',#18176);
#5562=VERTEX_POINT('',#18178);
#5563=VERTEX_POINT('',#18186);
#5564=VERTEX_POINT('',#18187);
#5565=VERTEX_POINT('',#18189);
#5566=VERTEX_POINT('',#18191);
#5567=VERTEX_POINT('',#18195);
#5568=VERTEX_POINT('',#18197);
#5569=VERTEX_POINT('',#18201);
#5570=VERTEX_POINT('',#18203);
#5571=VERTEX_POINT('',#18211);
#5572=VERTEX_POINT('',#18212);
#5573=VERTEX_POINT('',#18214);
#5574=VERTEX_POINT('',#18216);
#5575=VERTEX_POINT('',#18220);
#5576=VERTEX_POINT('',#18222);
#5577=VERTEX_POINT('',#18226);
#5578=VERTEX_POINT('',#18228);
#5579=VERTEX_POINT('',#18236);
#5580=VERTEX_POINT('',#18237);
#5581=VERTEX_POINT('',#18239);
#5582=VERTEX_POINT('',#18241);
#5583=VERTEX_POINT('',#18245);
#5584=VERTEX_POINT('',#18247);
#5585=VERTEX_POINT('',#18251);
#5586=VERTEX_POINT('',#18253);
#5587=VERTEX_POINT('',#18261);
#5588=VERTEX_POINT('',#18262);
#5589=VERTEX_POINT('',#18264);
#5590=VERTEX_POINT('',#18266);
#5591=VERTEX_POINT('',#18270);
#5592=VERTEX_POINT('',#18272);
#5593=VERTEX_POINT('',#18276);
#5594=VERTEX_POINT('',#18278);
#5595=VERTEX_POINT('',#18286);
#5596=VERTEX_POINT('',#18287);
#5597=VERTEX_POINT('',#18289);
#5598=VERTEX_POINT('',#18291);
#5599=VERTEX_POINT('',#18295);
#5600=VERTEX_POINT('',#18297);
#5601=VERTEX_POINT('',#18301);
#5602=VERTEX_POINT('',#18303);
#5603=VERTEX_POINT('',#18311);
#5604=VERTEX_POINT('',#18312);
#5605=VERTEX_POINT('',#18314);
#5606=VERTEX_POINT('',#18316);
#5607=VERTEX_POINT('',#18320);
#5608=VERTEX_POINT('',#18322);
#5609=VERTEX_POINT('',#18326);
#5610=VERTEX_POINT('',#18328);
#5611=VERTEX_POINT('',#18336);
#5612=VERTEX_POINT('',#18337);
#5613=VERTEX_POINT('',#18339);
#5614=VERTEX_POINT('',#18341);
#5615=VERTEX_POINT('',#18345);
#5616=VERTEX_POINT('',#18347);
#5617=VERTEX_POINT('',#18351);
#5618=VERTEX_POINT('',#18353);
#5619=VERTEX_POINT('',#18361);
#5620=VERTEX_POINT('',#18362);
#5621=VERTEX_POINT('',#18364);
#5622=VERTEX_POINT('',#18366);
#5623=VERTEX_POINT('',#18370);
#5624=VERTEX_POINT('',#18372);
#5625=VERTEX_POINT('',#18376);
#5626=VERTEX_POINT('',#18378);
#5627=VERTEX_POINT('',#18386);
#5628=VERTEX_POINT('',#18387);
#5629=VERTEX_POINT('',#18389);
#5630=VERTEX_POINT('',#18391);
#5631=VERTEX_POINT('',#18395);
#5632=VERTEX_POINT('',#18397);
#5633=VERTEX_POINT('',#18401);
#5634=VERTEX_POINT('',#18403);
#5635=VERTEX_POINT('',#18411);
#5636=VERTEX_POINT('',#18412);
#5637=VERTEX_POINT('',#18414);
#5638=VERTEX_POINT('',#18416);
#5639=VERTEX_POINT('',#18420);
#5640=VERTEX_POINT('',#18422);
#5641=VERTEX_POINT('',#18426);
#5642=VERTEX_POINT('',#18428);
#5643=VERTEX_POINT('',#18436);
#5644=VERTEX_POINT('',#18437);
#5645=VERTEX_POINT('',#18439);
#5646=VERTEX_POINT('',#18441);
#5647=VERTEX_POINT('',#18445);
#5648=VERTEX_POINT('',#18447);
#5649=VERTEX_POINT('',#18451);
#5650=VERTEX_POINT('',#18453);
#5651=VERTEX_POINT('',#18461);
#5652=VERTEX_POINT('',#18462);
#5653=VERTEX_POINT('',#18464);
#5654=VERTEX_POINT('',#18466);
#5655=VERTEX_POINT('',#18470);
#5656=VERTEX_POINT('',#18472);
#5657=VERTEX_POINT('',#18476);
#5658=VERTEX_POINT('',#18478);
#5659=VERTEX_POINT('',#18486);
#5660=VERTEX_POINT('',#18487);
#5661=VERTEX_POINT('',#18489);
#5662=VERTEX_POINT('',#18491);
#5663=VERTEX_POINT('',#18495);
#5664=VERTEX_POINT('',#18497);
#5665=VERTEX_POINT('',#18501);
#5666=VERTEX_POINT('',#18503);
#5667=VERTEX_POINT('',#18511);
#5668=VERTEX_POINT('',#18512);
#5669=VERTEX_POINT('',#18514);
#5670=VERTEX_POINT('',#18516);
#5671=VERTEX_POINT('',#18520);
#5672=VERTEX_POINT('',#18522);
#5673=VERTEX_POINT('',#18526);
#5674=VERTEX_POINT('',#18528);
#5675=VERTEX_POINT('',#18536);
#5676=VERTEX_POINT('',#18537);
#5677=VERTEX_POINT('',#18539);
#5678=VERTEX_POINT('',#18541);
#5679=VERTEX_POINT('',#18545);
#5680=VERTEX_POINT('',#18547);
#5681=VERTEX_POINT('',#18551);
#5682=VERTEX_POINT('',#18553);
#5683=VERTEX_POINT('',#18561);
#5684=VERTEX_POINT('',#18562);
#5685=VERTEX_POINT('',#18564);
#5686=VERTEX_POINT('',#18566);
#5687=VERTEX_POINT('',#18570);
#5688=VERTEX_POINT('',#18572);
#5689=VERTEX_POINT('',#18576);
#5690=VERTEX_POINT('',#18578);
#5691=VERTEX_POINT('',#18586);
#5692=VERTEX_POINT('',#18587);
#5693=VERTEX_POINT('',#18589);
#5694=VERTEX_POINT('',#18591);
#5695=VERTEX_POINT('',#18595);
#5696=VERTEX_POINT('',#18597);
#5697=VERTEX_POINT('',#18601);
#5698=VERTEX_POINT('',#18603);
#5699=VERTEX_POINT('',#18611);
#5700=VERTEX_POINT('',#18612);
#5701=VERTEX_POINT('',#18614);
#5702=VERTEX_POINT('',#18616);
#5703=VERTEX_POINT('',#18620);
#5704=VERTEX_POINT('',#18622);
#5705=VERTEX_POINT('',#18626);
#5706=VERTEX_POINT('',#18628);
#5707=VERTEX_POINT('',#18636);
#5708=VERTEX_POINT('',#18637);
#5709=VERTEX_POINT('',#18639);
#5710=VERTEX_POINT('',#18641);
#5711=VERTEX_POINT('',#18645);
#5712=VERTEX_POINT('',#18647);
#5713=VERTEX_POINT('',#18651);
#5714=VERTEX_POINT('',#18653);
#5715=VERTEX_POINT('',#18661);
#5716=VERTEX_POINT('',#18662);
#5717=VERTEX_POINT('',#18664);
#5718=VERTEX_POINT('',#18666);
#5719=VERTEX_POINT('',#18670);
#5720=VERTEX_POINT('',#18672);
#5721=VERTEX_POINT('',#18676);
#5722=VERTEX_POINT('',#18678);
#5723=VERTEX_POINT('',#18686);
#5724=VERTEX_POINT('',#18687);
#5725=VERTEX_POINT('',#18689);
#5726=VERTEX_POINT('',#18691);
#5727=VERTEX_POINT('',#18695);
#5728=VERTEX_POINT('',#18697);
#5729=VERTEX_POINT('',#18701);
#5730=VERTEX_POINT('',#18703);
#5731=VERTEX_POINT('',#18711);
#5732=VERTEX_POINT('',#18712);
#5733=VERTEX_POINT('',#18714);
#5734=VERTEX_POINT('',#18716);
#5735=VERTEX_POINT('',#18720);
#5736=VERTEX_POINT('',#18722);
#5737=VERTEX_POINT('',#18726);
#5738=VERTEX_POINT('',#18728);
#5739=VERTEX_POINT('',#18736);
#5740=VERTEX_POINT('',#18737);
#5741=VERTEX_POINT('',#18739);
#5742=VERTEX_POINT('',#18741);
#5743=VERTEX_POINT('',#18745);
#5744=VERTEX_POINT('',#18747);
#5745=VERTEX_POINT('',#18751);
#5746=VERTEX_POINT('',#18753);
#5747=VERTEX_POINT('',#18761);
#5748=VERTEX_POINT('',#18762);
#5749=VERTEX_POINT('',#18764);
#5750=VERTEX_POINT('',#18766);
#5751=VERTEX_POINT('',#18770);
#5752=VERTEX_POINT('',#18772);
#5753=VERTEX_POINT('',#18776);
#5754=VERTEX_POINT('',#18778);
#5755=VERTEX_POINT('',#18786);
#5756=VERTEX_POINT('',#18787);
#5757=VERTEX_POINT('',#18789);
#5758=VERTEX_POINT('',#18791);
#5759=VERTEX_POINT('',#18795);
#5760=VERTEX_POINT('',#18797);
#5761=VERTEX_POINT('',#18801);
#5762=VERTEX_POINT('',#18803);
#5763=VERTEX_POINT('',#18811);
#5764=VERTEX_POINT('',#18812);
#5765=VERTEX_POINT('',#18814);
#5766=VERTEX_POINT('',#18816);
#5767=VERTEX_POINT('',#18820);
#5768=VERTEX_POINT('',#18822);
#5769=VERTEX_POINT('',#18826);
#5770=VERTEX_POINT('',#18828);
#5771=VERTEX_POINT('',#18836);
#5772=VERTEX_POINT('',#18837);
#5773=VERTEX_POINT('',#18839);
#5774=VERTEX_POINT('',#18841);
#5775=VERTEX_POINT('',#18845);
#5776=VERTEX_POINT('',#18847);
#5777=VERTEX_POINT('',#18851);
#5778=VERTEX_POINT('',#18853);
#5779=VERTEX_POINT('',#18861);
#5780=VERTEX_POINT('',#18862);
#5781=VERTEX_POINT('',#18864);
#5782=VERTEX_POINT('',#18866);
#5783=VERTEX_POINT('',#18870);
#5784=VERTEX_POINT('',#18872);
#5785=VERTEX_POINT('',#18876);
#5786=VERTEX_POINT('',#18878);
#5787=VERTEX_POINT('',#18886);
#5788=VERTEX_POINT('',#18887);
#5789=VERTEX_POINT('',#18889);
#5790=VERTEX_POINT('',#18891);
#5791=VERTEX_POINT('',#18895);
#5792=VERTEX_POINT('',#18897);
#5793=VERTEX_POINT('',#18901);
#5794=VERTEX_POINT('',#18903);
#5795=VERTEX_POINT('',#18911);
#5796=VERTEX_POINT('',#18912);
#5797=VERTEX_POINT('',#18914);
#5798=VERTEX_POINT('',#18916);
#5799=VERTEX_POINT('',#18920);
#5800=VERTEX_POINT('',#18922);
#5801=VERTEX_POINT('',#18926);
#5802=VERTEX_POINT('',#18928);
#5803=VERTEX_POINT('',#18936);
#5804=VERTEX_POINT('',#18937);
#5805=VERTEX_POINT('',#18939);
#5806=VERTEX_POINT('',#18941);
#5807=VERTEX_POINT('',#18945);
#5808=VERTEX_POINT('',#18947);
#5809=VERTEX_POINT('',#18951);
#5810=VERTEX_POINT('',#18953);
#5811=VERTEX_POINT('',#18961);
#5812=VERTEX_POINT('',#18962);
#5813=VERTEX_POINT('',#18964);
#5814=VERTEX_POINT('',#18966);
#5815=VERTEX_POINT('',#18970);
#5816=VERTEX_POINT('',#18972);
#5817=VERTEX_POINT('',#18976);
#5818=VERTEX_POINT('',#18978);
#5819=VERTEX_POINT('',#18986);
#5820=VERTEX_POINT('',#18987);
#5821=VERTEX_POINT('',#18989);
#5822=VERTEX_POINT('',#18991);
#5823=VERTEX_POINT('',#18995);
#5824=VERTEX_POINT('',#18997);
#5825=VERTEX_POINT('',#19001);
#5826=VERTEX_POINT('',#19003);
#5827=VERTEX_POINT('',#19011);
#5828=VERTEX_POINT('',#19012);
#5829=VERTEX_POINT('',#19014);
#5830=VERTEX_POINT('',#19016);
#5831=VERTEX_POINT('',#19020);
#5832=VERTEX_POINT('',#19022);
#5833=VERTEX_POINT('',#19026);
#5834=VERTEX_POINT('',#19028);
#5835=VERTEX_POINT('',#19036);
#5836=VERTEX_POINT('',#19037);
#5837=VERTEX_POINT('',#19039);
#5838=VERTEX_POINT('',#19041);
#5839=VERTEX_POINT('',#19045);
#5840=VERTEX_POINT('',#19047);
#5841=VERTEX_POINT('',#19051);
#5842=VERTEX_POINT('',#19053);
#5843=VERTEX_POINT('',#19061);
#5844=VERTEX_POINT('',#19062);
#5845=VERTEX_POINT('',#19064);
#5846=VERTEX_POINT('',#19066);
#5847=VERTEX_POINT('',#19070);
#5848=VERTEX_POINT('',#19072);
#5849=VERTEX_POINT('',#19076);
#5850=VERTEX_POINT('',#19078);
#5851=VERTEX_POINT('',#19086);
#5852=VERTEX_POINT('',#19087);
#5853=VERTEX_POINT('',#19089);
#5854=VERTEX_POINT('',#19091);
#5855=VERTEX_POINT('',#19095);
#5856=VERTEX_POINT('',#19097);
#5857=VERTEX_POINT('',#19101);
#5858=VERTEX_POINT('',#19103);
#5859=VERTEX_POINT('',#19111);
#5860=VERTEX_POINT('',#19112);
#5861=VERTEX_POINT('',#19114);
#5862=VERTEX_POINT('',#19116);
#5863=VERTEX_POINT('',#19120);
#5864=VERTEX_POINT('',#19122);
#5865=VERTEX_POINT('',#19126);
#5866=VERTEX_POINT('',#19128);
#5867=VERTEX_POINT('',#19137);
#5868=VERTEX_POINT('',#19138);
#5869=VERTEX_POINT('',#19140);
#5870=VERTEX_POINT('',#19142);
#5871=VERTEX_POINT('',#19146);
#5872=VERTEX_POINT('',#19148);
#5873=VERTEX_POINT('',#19152);
#5874=VERTEX_POINT('',#19154);
#5875=VERTEX_POINT('',#19163);
#5876=VERTEX_POINT('',#19164);
#5877=VERTEX_POINT('',#19166);
#5878=VERTEX_POINT('',#19168);
#5879=VERTEX_POINT('',#19172);
#5880=VERTEX_POINT('',#19174);
#5881=VERTEX_POINT('',#19178);
#5882=VERTEX_POINT('',#19180);
#5883=VERTEX_POINT('',#19189);
#5884=VERTEX_POINT('',#19190);
#5885=VERTEX_POINT('',#19192);
#5886=VERTEX_POINT('',#19194);
#5887=VERTEX_POINT('',#19198);
#5888=VERTEX_POINT('',#19200);
#5889=VERTEX_POINT('',#19204);
#5890=VERTEX_POINT('',#19206);
#5891=VERTEX_POINT('',#19215);
#5892=VERTEX_POINT('',#19216);
#5893=VERTEX_POINT('',#19218);
#5894=VERTEX_POINT('',#19220);
#5895=VERTEX_POINT('',#19224);
#5896=VERTEX_POINT('',#19226);
#5897=VERTEX_POINT('',#19230);
#5898=VERTEX_POINT('',#19232);
#5899=VERTEX_POINT('',#19241);
#5900=VERTEX_POINT('',#19242);
#5901=VERTEX_POINT('',#19244);
#5902=VERTEX_POINT('',#19246);
#5903=VERTEX_POINT('',#19250);
#5904=VERTEX_POINT('',#19252);
#5905=VERTEX_POINT('',#19256);
#5906=VERTEX_POINT('',#19258);
#5907=VERTEX_POINT('',#19267);
#5908=VERTEX_POINT('',#19268);
#5909=VERTEX_POINT('',#19270);
#5910=VERTEX_POINT('',#19272);
#5911=VERTEX_POINT('',#19276);
#5912=VERTEX_POINT('',#19278);
#5913=VERTEX_POINT('',#19282);
#5914=VERTEX_POINT('',#19284);
#5915=VERTEX_POINT('',#19293);
#5916=VERTEX_POINT('',#19294);
#5917=VERTEX_POINT('',#19296);
#5918=VERTEX_POINT('',#19298);
#5919=VERTEX_POINT('',#19302);
#5920=VERTEX_POINT('',#19304);
#5921=VERTEX_POINT('',#19308);
#5922=VERTEX_POINT('',#19310);
#5923=VERTEX_POINT('',#19319);
#5924=VERTEX_POINT('',#19320);
#5925=VERTEX_POINT('',#19322);
#5926=VERTEX_POINT('',#19324);
#5927=VERTEX_POINT('',#19328);
#5928=VERTEX_POINT('',#19330);
#5929=VERTEX_POINT('',#19334);
#5930=VERTEX_POINT('',#19336);
#5931=VERTEX_POINT('',#19345);
#5932=VERTEX_POINT('',#19346);
#5933=VERTEX_POINT('',#19348);
#5934=VERTEX_POINT('',#19350);
#5935=VERTEX_POINT('',#19354);
#5936=VERTEX_POINT('',#19356);
#5937=VERTEX_POINT('',#19360);
#5938=VERTEX_POINT('',#19362);
#5939=VERTEX_POINT('',#19371);
#5940=VERTEX_POINT('',#19372);
#5941=VERTEX_POINT('',#19374);
#5942=VERTEX_POINT('',#19376);
#5943=VERTEX_POINT('',#19380);
#5944=VERTEX_POINT('',#19382);
#5945=VERTEX_POINT('',#19386);
#5946=VERTEX_POINT('',#19388);
#5947=VERTEX_POINT('',#19397);
#5948=VERTEX_POINT('',#19398);
#5949=VERTEX_POINT('',#19400);
#5950=VERTEX_POINT('',#19402);
#5951=VERTEX_POINT('',#19406);
#5952=VERTEX_POINT('',#19408);
#5953=VERTEX_POINT('',#19412);
#5954=VERTEX_POINT('',#19414);
#5955=VERTEX_POINT('',#19423);
#5956=VERTEX_POINT('',#19424);
#5957=VERTEX_POINT('',#19426);
#5958=VERTEX_POINT('',#19428);
#5959=VERTEX_POINT('',#19432);
#5960=VERTEX_POINT('',#19434);
#5961=VERTEX_POINT('',#19438);
#5962=VERTEX_POINT('',#19440);
#5963=VERTEX_POINT('',#19449);
#5964=VERTEX_POINT('',#19450);
#5965=VERTEX_POINT('',#19452);
#5966=VERTEX_POINT('',#19454);
#5967=VERTEX_POINT('',#19458);
#5968=VERTEX_POINT('',#19460);
#5969=VERTEX_POINT('',#19464);
#5970=VERTEX_POINT('',#19466);
#5971=VERTEX_POINT('',#19475);
#5972=VERTEX_POINT('',#19476);
#5973=VERTEX_POINT('',#19478);
#5974=VERTEX_POINT('',#19480);
#5975=VERTEX_POINT('',#19484);
#5976=VERTEX_POINT('',#19486);
#5977=VERTEX_POINT('',#19490);
#5978=VERTEX_POINT('',#19492);
#5979=VERTEX_POINT('',#19501);
#5980=VERTEX_POINT('',#19502);
#5981=VERTEX_POINT('',#19504);
#5982=VERTEX_POINT('',#19506);
#5983=VERTEX_POINT('',#19510);
#5984=VERTEX_POINT('',#19512);
#5985=VERTEX_POINT('',#19516);
#5986=VERTEX_POINT('',#19518);
#5987=VERTEX_POINT('',#19527);
#5988=VERTEX_POINT('',#19528);
#5989=VERTEX_POINT('',#19530);
#5990=VERTEX_POINT('',#19532);
#5991=VERTEX_POINT('',#19536);
#5992=VERTEX_POINT('',#19538);
#5993=VERTEX_POINT('',#19542);
#5994=VERTEX_POINT('',#19544);
#5995=VERTEX_POINT('',#19553);
#5996=VERTEX_POINT('',#19554);
#5997=VERTEX_POINT('',#19556);
#5998=VERTEX_POINT('',#19558);
#5999=VERTEX_POINT('',#19562);
#6000=VERTEX_POINT('',#19564);
#6001=VERTEX_POINT('',#19568);
#6002=VERTEX_POINT('',#19570);
#6003=VERTEX_POINT('',#19579);
#6004=VERTEX_POINT('',#19580);
#6005=VERTEX_POINT('',#19582);
#6006=VERTEX_POINT('',#19584);
#6007=VERTEX_POINT('',#19588);
#6008=VERTEX_POINT('',#19590);
#6009=VERTEX_POINT('',#19594);
#6010=VERTEX_POINT('',#19596);
#6011=VERTEX_POINT('',#19605);
#6012=VERTEX_POINT('',#19606);
#6013=VERTEX_POINT('',#19608);
#6014=VERTEX_POINT('',#19610);
#6015=VERTEX_POINT('',#19614);
#6016=VERTEX_POINT('',#19616);
#6017=VERTEX_POINT('',#19620);
#6018=VERTEX_POINT('',#19622);
#6019=VERTEX_POINT('',#19631);
#6020=VERTEX_POINT('',#19632);
#6021=VERTEX_POINT('',#19634);
#6022=VERTEX_POINT('',#19636);
#6023=VERTEX_POINT('',#19640);
#6024=VERTEX_POINT('',#19642);
#6025=VERTEX_POINT('',#19646);
#6026=VERTEX_POINT('',#19648);
#6027=VERTEX_POINT('',#19657);
#6028=VERTEX_POINT('',#19658);
#6029=VERTEX_POINT('',#19660);
#6030=VERTEX_POINT('',#19662);
#6031=VERTEX_POINT('',#19666);
#6032=VERTEX_POINT('',#19668);
#6033=VERTEX_POINT('',#19672);
#6034=VERTEX_POINT('',#19674);
#6035=VERTEX_POINT('',#19683);
#6036=VERTEX_POINT('',#19684);
#6037=VERTEX_POINT('',#19686);
#6038=VERTEX_POINT('',#19688);
#6039=VERTEX_POINT('',#19692);
#6040=VERTEX_POINT('',#19694);
#6041=VERTEX_POINT('',#19698);
#6042=VERTEX_POINT('',#19700);
#6043=VERTEX_POINT('',#19709);
#6044=VERTEX_POINT('',#19710);
#6045=VERTEX_POINT('',#19712);
#6046=VERTEX_POINT('',#19714);
#6047=VERTEX_POINT('',#19718);
#6048=VERTEX_POINT('',#19720);
#6049=VERTEX_POINT('',#19724);
#6050=VERTEX_POINT('',#19726);
#6051=VERTEX_POINT('',#19735);
#6052=VERTEX_POINT('',#19736);
#6053=VERTEX_POINT('',#19738);
#6054=VERTEX_POINT('',#19740);
#6055=VERTEX_POINT('',#19744);
#6056=VERTEX_POINT('',#19746);
#6057=VERTEX_POINT('',#19750);
#6058=VERTEX_POINT('',#19752);
#6059=VERTEX_POINT('',#19761);
#6060=VERTEX_POINT('',#19762);
#6061=VERTEX_POINT('',#19764);
#6062=VERTEX_POINT('',#19766);
#6063=VERTEX_POINT('',#19770);
#6064=VERTEX_POINT('',#19772);
#6065=VERTEX_POINT('',#19776);
#6066=VERTEX_POINT('',#19778);
#6067=VERTEX_POINT('',#19787);
#6068=VERTEX_POINT('',#19788);
#6069=VERTEX_POINT('',#19790);
#6070=VERTEX_POINT('',#19792);
#6071=VERTEX_POINT('',#19796);
#6072=VERTEX_POINT('',#19798);
#6073=VERTEX_POINT('',#19802);
#6074=VERTEX_POINT('',#19804);
#6075=VERTEX_POINT('',#19813);
#6076=VERTEX_POINT('',#19814);
#6077=VERTEX_POINT('',#19816);
#6078=VERTEX_POINT('',#19818);
#6079=VERTEX_POINT('',#19822);
#6080=VERTEX_POINT('',#19824);
#6081=VERTEX_POINT('',#19828);
#6082=VERTEX_POINT('',#19830);
#6083=VERTEX_POINT('',#19839);
#6084=VERTEX_POINT('',#19840);
#6085=VERTEX_POINT('',#19842);
#6086=VERTEX_POINT('',#19844);
#6087=VERTEX_POINT('',#19848);
#6088=VERTEX_POINT('',#19850);
#6089=VERTEX_POINT('',#19854);
#6090=VERTEX_POINT('',#19856);
#6091=VERTEX_POINT('',#19865);
#6092=VERTEX_POINT('',#19866);
#6093=VERTEX_POINT('',#19868);
#6094=VERTEX_POINT('',#19870);
#6095=VERTEX_POINT('',#19874);
#6096=VERTEX_POINT('',#19876);
#6097=VERTEX_POINT('',#19880);
#6098=VERTEX_POINT('',#19882);
#6099=VERTEX_POINT('',#19891);
#6100=VERTEX_POINT('',#19892);
#6101=VERTEX_POINT('',#19894);
#6102=VERTEX_POINT('',#19896);
#6103=VERTEX_POINT('',#19900);
#6104=VERTEX_POINT('',#19902);
#6105=VERTEX_POINT('',#19906);
#6106=VERTEX_POINT('',#19908);
#6107=VERTEX_POINT('',#19917);
#6108=VERTEX_POINT('',#19918);
#6109=VERTEX_POINT('',#19920);
#6110=VERTEX_POINT('',#19922);
#6111=VERTEX_POINT('',#19926);
#6112=VERTEX_POINT('',#19928);
#6113=VERTEX_POINT('',#19932);
#6114=VERTEX_POINT('',#19934);
#6115=VERTEX_POINT('',#19943);
#6116=VERTEX_POINT('',#19944);
#6117=VERTEX_POINT('',#19946);
#6118=VERTEX_POINT('',#19948);
#6119=VERTEX_POINT('',#19952);
#6120=VERTEX_POINT('',#19954);
#6121=VERTEX_POINT('',#19958);
#6122=VERTEX_POINT('',#19960);
#6123=VERTEX_POINT('',#19969);
#6124=VERTEX_POINT('',#19970);
#6125=VERTEX_POINT('',#19972);
#6126=VERTEX_POINT('',#19974);
#6127=VERTEX_POINT('',#19978);
#6128=VERTEX_POINT('',#19980);
#6129=VERTEX_POINT('',#19984);
#6130=VERTEX_POINT('',#19986);
#6131=VERTEX_POINT('',#19995);
#6132=VERTEX_POINT('',#19996);
#6133=VERTEX_POINT('',#19998);
#6134=VERTEX_POINT('',#20000);
#6135=VERTEX_POINT('',#20004);
#6136=VERTEX_POINT('',#20006);
#6137=VERTEX_POINT('',#20010);
#6138=VERTEX_POINT('',#20012);
#6139=VERTEX_POINT('',#20021);
#6140=VERTEX_POINT('',#20022);
#6141=VERTEX_POINT('',#20024);
#6142=VERTEX_POINT('',#20026);
#6143=VERTEX_POINT('',#20030);
#6144=VERTEX_POINT('',#20032);
#6145=VERTEX_POINT('',#20036);
#6146=VERTEX_POINT('',#20038);
#6147=VERTEX_POINT('',#20047);
#6148=VERTEX_POINT('',#20048);
#6149=VERTEX_POINT('',#20050);
#6150=VERTEX_POINT('',#20052);
#6151=VERTEX_POINT('',#20056);
#6152=VERTEX_POINT('',#20058);
#6153=VERTEX_POINT('',#20062);
#6154=VERTEX_POINT('',#20064);
#6155=VERTEX_POINT('',#20073);
#6156=VERTEX_POINT('',#20074);
#6157=VERTEX_POINT('',#20076);
#6158=VERTEX_POINT('',#20078);
#6159=VERTEX_POINT('',#20082);
#6160=VERTEX_POINT('',#20084);
#6161=VERTEX_POINT('',#20088);
#6162=VERTEX_POINT('',#20090);
#6163=VERTEX_POINT('',#20099);
#6164=VERTEX_POINT('',#20100);
#6165=VERTEX_POINT('',#20102);
#6166=VERTEX_POINT('',#20104);
#6167=VERTEX_POINT('',#20108);
#6168=VERTEX_POINT('',#20110);
#6169=VERTEX_POINT('',#20114);
#6170=VERTEX_POINT('',#20116);
#6171=VERTEX_POINT('',#20125);
#6172=VERTEX_POINT('',#20126);
#6173=VERTEX_POINT('',#20128);
#6174=VERTEX_POINT('',#20130);
#6175=VERTEX_POINT('',#20134);
#6176=VERTEX_POINT('',#20136);
#6177=VERTEX_POINT('',#20140);
#6178=VERTEX_POINT('',#20142);
#6179=VERTEX_POINT('',#20151);
#6180=VERTEX_POINT('',#20152);
#6181=VERTEX_POINT('',#20154);
#6182=VERTEX_POINT('',#20156);
#6183=VERTEX_POINT('',#20160);
#6184=VERTEX_POINT('',#20162);
#6185=VERTEX_POINT('',#20166);
#6186=VERTEX_POINT('',#20168);
#6187=VERTEX_POINT('',#20177);
#6188=VERTEX_POINT('',#20178);
#6189=VERTEX_POINT('',#20180);
#6190=VERTEX_POINT('',#20182);
#6191=VERTEX_POINT('',#20186);
#6192=VERTEX_POINT('',#20188);
#6193=VERTEX_POINT('',#20192);
#6194=VERTEX_POINT('',#20194);
#6195=VERTEX_POINT('',#20203);
#6196=VERTEX_POINT('',#20204);
#6197=VERTEX_POINT('',#20206);
#6198=VERTEX_POINT('',#20208);
#6199=VERTEX_POINT('',#20212);
#6200=VERTEX_POINT('',#20214);
#6201=VERTEX_POINT('',#20218);
#6202=VERTEX_POINT('',#20220);
#6203=VERTEX_POINT('',#20229);
#6204=VERTEX_POINT('',#20230);
#6205=VERTEX_POINT('',#20232);
#6206=VERTEX_POINT('',#20234);
#6207=VERTEX_POINT('',#20238);
#6208=VERTEX_POINT('',#20240);
#6209=VERTEX_POINT('',#20244);
#6210=VERTEX_POINT('',#20246);
#6211=VERTEX_POINT('',#20255);
#6212=VERTEX_POINT('',#20256);
#6213=VERTEX_POINT('',#20258);
#6214=VERTEX_POINT('',#20260);
#6215=VERTEX_POINT('',#20264);
#6216=VERTEX_POINT('',#20266);
#6217=VERTEX_POINT('',#20270);
#6218=VERTEX_POINT('',#20272);
#6219=VERTEX_POINT('',#20281);
#6220=VERTEX_POINT('',#20282);
#6221=VERTEX_POINT('',#20284);
#6222=VERTEX_POINT('',#20286);
#6223=VERTEX_POINT('',#20290);
#6224=VERTEX_POINT('',#20292);
#6225=VERTEX_POINT('',#20296);
#6226=VERTEX_POINT('',#20298);
#6227=VERTEX_POINT('',#20307);
#6228=VERTEX_POINT('',#20308);
#6229=VERTEX_POINT('',#20310);
#6230=VERTEX_POINT('',#20312);
#6231=VERTEX_POINT('',#20316);
#6232=VERTEX_POINT('',#20318);
#6233=VERTEX_POINT('',#20322);
#6234=VERTEX_POINT('',#20324);
#6235=VERTEX_POINT('',#20333);
#6236=VERTEX_POINT('',#20334);
#6237=VERTEX_POINT('',#20336);
#6238=VERTEX_POINT('',#20338);
#6239=VERTEX_POINT('',#20342);
#6240=VERTEX_POINT('',#20344);
#6241=VERTEX_POINT('',#20348);
#6242=VERTEX_POINT('',#20350);
#6243=VERTEX_POINT('',#20359);
#6244=VERTEX_POINT('',#20360);
#6245=VERTEX_POINT('',#20362);
#6246=VERTEX_POINT('',#20364);
#6247=VERTEX_POINT('',#20368);
#6248=VERTEX_POINT('',#20370);
#6249=VERTEX_POINT('',#20374);
#6250=VERTEX_POINT('',#20376);
#6251=VERTEX_POINT('',#20385);
#6252=VERTEX_POINT('',#20386);
#6253=VERTEX_POINT('',#20388);
#6254=VERTEX_POINT('',#20390);
#6255=VERTEX_POINT('',#20394);
#6256=VERTEX_POINT('',#20396);
#6257=VERTEX_POINT('',#20400);
#6258=VERTEX_POINT('',#20402);
#6259=VERTEX_POINT('',#20411);
#6260=VERTEX_POINT('',#20412);
#6261=VERTEX_POINT('',#20414);
#6262=VERTEX_POINT('',#20416);
#6263=VERTEX_POINT('',#20420);
#6264=VERTEX_POINT('',#20422);
#6265=VERTEX_POINT('',#20426);
#6266=VERTEX_POINT('',#20428);
#6267=VERTEX_POINT('',#20437);
#6268=VERTEX_POINT('',#20438);
#6269=VERTEX_POINT('',#20440);
#6270=VERTEX_POINT('',#20442);
#6271=VERTEX_POINT('',#20446);
#6272=VERTEX_POINT('',#20448);
#6273=VERTEX_POINT('',#20452);
#6274=VERTEX_POINT('',#20454);
#6275=VERTEX_POINT('',#20463);
#6276=VERTEX_POINT('',#20464);
#6277=VERTEX_POINT('',#20466);
#6278=VERTEX_POINT('',#20468);
#6279=VERTEX_POINT('',#20472);
#6280=VERTEX_POINT('',#20474);
#6281=VERTEX_POINT('',#20478);
#6282=VERTEX_POINT('',#20480);
#6283=VERTEX_POINT('',#20489);
#6284=VERTEX_POINT('',#20490);
#6285=VERTEX_POINT('',#20492);
#6286=VERTEX_POINT('',#20494);
#6287=VERTEX_POINT('',#20498);
#6288=VERTEX_POINT('',#20500);
#6289=VERTEX_POINT('',#20504);
#6290=VERTEX_POINT('',#20506);
#6291=VERTEX_POINT('',#20515);
#6292=VERTEX_POINT('',#20516);
#6293=VERTEX_POINT('',#20518);
#6294=VERTEX_POINT('',#20520);
#6295=VERTEX_POINT('',#20524);
#6296=VERTEX_POINT('',#20526);
#6297=VERTEX_POINT('',#20530);
#6298=VERTEX_POINT('',#20532);
#6299=VERTEX_POINT('',#20541);
#6300=VERTEX_POINT('',#20542);
#6301=VERTEX_POINT('',#20544);
#6302=VERTEX_POINT('',#20546);
#6303=VERTEX_POINT('',#20550);
#6304=VERTEX_POINT('',#20552);
#6305=VERTEX_POINT('',#20556);
#6306=VERTEX_POINT('',#20558);
#6307=VERTEX_POINT('',#20567);
#6308=VERTEX_POINT('',#20568);
#6309=VERTEX_POINT('',#20570);
#6310=VERTEX_POINT('',#20572);
#6311=VERTEX_POINT('',#20576);
#6312=VERTEX_POINT('',#20578);
#6313=VERTEX_POINT('',#20582);
#6314=VERTEX_POINT('',#20584);
#6315=VERTEX_POINT('',#20593);
#6316=VERTEX_POINT('',#20594);
#6317=VERTEX_POINT('',#20596);
#6318=VERTEX_POINT('',#20598);
#6319=VERTEX_POINT('',#20602);
#6320=VERTEX_POINT('',#20604);
#6321=VERTEX_POINT('',#20608);
#6322=VERTEX_POINT('',#20610);
#6323=VERTEX_POINT('',#20619);
#6324=VERTEX_POINT('',#20620);
#6325=VERTEX_POINT('',#20622);
#6326=VERTEX_POINT('',#20624);
#6327=VERTEX_POINT('',#20628);
#6328=VERTEX_POINT('',#20630);
#6329=VERTEX_POINT('',#20634);
#6330=VERTEX_POINT('',#20636);
#6331=VERTEX_POINT('',#20645);
#6332=VERTEX_POINT('',#20646);
#6333=VERTEX_POINT('',#20648);
#6334=VERTEX_POINT('',#20650);
#6335=VERTEX_POINT('',#20654);
#6336=VERTEX_POINT('',#20656);
#6337=VERTEX_POINT('',#20660);
#6338=VERTEX_POINT('',#20662);
#6339=VERTEX_POINT('',#20671);
#6340=VERTEX_POINT('',#20672);
#6341=VERTEX_POINT('',#20674);
#6342=VERTEX_POINT('',#20676);
#6343=VERTEX_POINT('',#20680);
#6344=VERTEX_POINT('',#20682);
#6345=VERTEX_POINT('',#20686);
#6346=VERTEX_POINT('',#20688);
#6347=VERTEX_POINT('',#20697);
#6348=VERTEX_POINT('',#20698);
#6349=VERTEX_POINT('',#20700);
#6350=VERTEX_POINT('',#20702);
#6351=VERTEX_POINT('',#20706);
#6352=VERTEX_POINT('',#20708);
#6353=VERTEX_POINT('',#20712);
#6354=VERTEX_POINT('',#20714);
#6355=VERTEX_POINT('',#20723);
#6356=VERTEX_POINT('',#20724);
#6357=VERTEX_POINT('',#20726);
#6358=VERTEX_POINT('',#20728);
#6359=VERTEX_POINT('',#20732);
#6360=VERTEX_POINT('',#20734);
#6361=VERTEX_POINT('',#20738);
#6362=VERTEX_POINT('',#20740);
#6363=VERTEX_POINT('',#20749);
#6364=VERTEX_POINT('',#20750);
#6365=VERTEX_POINT('',#20752);
#6366=VERTEX_POINT('',#20754);
#6367=VERTEX_POINT('',#20758);
#6368=VERTEX_POINT('',#20760);
#6369=VERTEX_POINT('',#20764);
#6370=VERTEX_POINT('',#20766);
#6371=VERTEX_POINT('',#20775);
#6372=VERTEX_POINT('',#20776);
#6373=VERTEX_POINT('',#20778);
#6374=VERTEX_POINT('',#20780);
#6375=VERTEX_POINT('',#20784);
#6376=VERTEX_POINT('',#20786);
#6377=VERTEX_POINT('',#20790);
#6378=VERTEX_POINT('',#20792);
#6379=VERTEX_POINT('',#20801);
#6380=VERTEX_POINT('',#20802);
#6381=VERTEX_POINT('',#20804);
#6382=VERTEX_POINT('',#20806);
#6383=VERTEX_POINT('',#20810);
#6384=VERTEX_POINT('',#20812);
#6385=VERTEX_POINT('',#20816);
#6386=VERTEX_POINT('',#20818);
#6387=VERTEX_POINT('',#20827);
#6388=VERTEX_POINT('',#20828);
#6389=VERTEX_POINT('',#20830);
#6390=VERTEX_POINT('',#20832);
#6391=VERTEX_POINT('',#20836);
#6392=VERTEX_POINT('',#20838);
#6393=VERTEX_POINT('',#20842);
#6394=VERTEX_POINT('',#20844);
#6395=VERTEX_POINT('',#20853);
#6396=VERTEX_POINT('',#20854);
#6397=VERTEX_POINT('',#20856);
#6398=VERTEX_POINT('',#20858);
#6399=VERTEX_POINT('',#20862);
#6400=VERTEX_POINT('',#20864);
#6401=VERTEX_POINT('',#20868);
#6402=VERTEX_POINT('',#20870);
#6403=VERTEX_POINT('',#20879);
#6404=VERTEX_POINT('',#20880);
#6405=VERTEX_POINT('',#20882);
#6406=VERTEX_POINT('',#20884);
#6407=VERTEX_POINT('',#20888);
#6408=VERTEX_POINT('',#20890);
#6409=VERTEX_POINT('',#20894);
#6410=VERTEX_POINT('',#20896);
#6411=VERTEX_POINT('',#20905);
#6412=VERTEX_POINT('',#20906);
#6413=VERTEX_POINT('',#20908);
#6414=VERTEX_POINT('',#20910);
#6415=VERTEX_POINT('',#20914);
#6416=VERTEX_POINT('',#20916);
#6417=VERTEX_POINT('',#20920);
#6418=VERTEX_POINT('',#20922);
#6419=VERTEX_POINT('',#20931);
#6420=VERTEX_POINT('',#20932);
#6421=VERTEX_POINT('',#20934);
#6422=VERTEX_POINT('',#20936);
#6423=VERTEX_POINT('',#20940);
#6424=VERTEX_POINT('',#20942);
#6425=VERTEX_POINT('',#20946);
#6426=VERTEX_POINT('',#20948);
#6427=VERTEX_POINT('',#20957);
#6428=VERTEX_POINT('',#20958);
#6429=VERTEX_POINT('',#20960);
#6430=VERTEX_POINT('',#20962);
#6431=VERTEX_POINT('',#20966);
#6432=VERTEX_POINT('',#20968);
#6433=VERTEX_POINT('',#20972);
#6434=VERTEX_POINT('',#20974);
#6435=VERTEX_POINT('',#20983);
#6436=VERTEX_POINT('',#20984);
#6437=VERTEX_POINT('',#20986);
#6438=VERTEX_POINT('',#20988);
#6439=VERTEX_POINT('',#20992);
#6440=VERTEX_POINT('',#20994);
#6441=VERTEX_POINT('',#20998);
#6442=VERTEX_POINT('',#21000);
#6443=VERTEX_POINT('',#21009);
#6444=VERTEX_POINT('',#21010);
#6445=VERTEX_POINT('',#21012);
#6446=VERTEX_POINT('',#21014);
#6447=VERTEX_POINT('',#21018);
#6448=VERTEX_POINT('',#21020);
#6449=VERTEX_POINT('',#21024);
#6450=VERTEX_POINT('',#21026);
#6451=VERTEX_POINT('',#21035);
#6452=VERTEX_POINT('',#21036);
#6453=VERTEX_POINT('',#21038);
#6454=VERTEX_POINT('',#21040);
#6455=VERTEX_POINT('',#21044);
#6456=VERTEX_POINT('',#21046);
#6457=VERTEX_POINT('',#21050);
#6458=VERTEX_POINT('',#21052);
#6459=VERTEX_POINT('',#21061);
#6460=VERTEX_POINT('',#21062);
#6461=VERTEX_POINT('',#21064);
#6462=VERTEX_POINT('',#21066);
#6463=VERTEX_POINT('',#21070);
#6464=VERTEX_POINT('',#21072);
#6465=VERTEX_POINT('',#21076);
#6466=VERTEX_POINT('',#21078);
#6467=VERTEX_POINT('',#21087);
#6468=VERTEX_POINT('',#21088);
#6469=VERTEX_POINT('',#21090);
#6470=VERTEX_POINT('',#21092);
#6471=VERTEX_POINT('',#21096);
#6472=VERTEX_POINT('',#21098);
#6473=VERTEX_POINT('',#21102);
#6474=VERTEX_POINT('',#21104);
#6475=VERTEX_POINT('',#21113);
#6476=VERTEX_POINT('',#21114);
#6477=VERTEX_POINT('',#21116);
#6478=VERTEX_POINT('',#21118);
#6479=VERTEX_POINT('',#21122);
#6480=VERTEX_POINT('',#21124);
#6481=VERTEX_POINT('',#21128);
#6482=VERTEX_POINT('',#21130);
#6483=VERTEX_POINT('',#21139);
#6484=VERTEX_POINT('',#21140);
#6485=VERTEX_POINT('',#21142);
#6486=VERTEX_POINT('',#21144);
#6487=VERTEX_POINT('',#21148);
#6488=VERTEX_POINT('',#21150);
#6489=VERTEX_POINT('',#21154);
#6490=VERTEX_POINT('',#21156);
#6491=VERTEX_POINT('',#21165);
#6492=VERTEX_POINT('',#21166);
#6493=VERTEX_POINT('',#21168);
#6494=VERTEX_POINT('',#21170);
#6495=VERTEX_POINT('',#21174);
#6496=VERTEX_POINT('',#21176);
#6497=VERTEX_POINT('',#21180);
#6498=VERTEX_POINT('',#21182);
#6499=VERTEX_POINT('',#21191);
#6500=VERTEX_POINT('',#21192);
#6501=VERTEX_POINT('',#21194);
#6502=VERTEX_POINT('',#21196);
#6503=VERTEX_POINT('',#21200);
#6504=VERTEX_POINT('',#21202);
#6505=VERTEX_POINT('',#21206);
#6506=VERTEX_POINT('',#21208);
#6507=VERTEX_POINT('',#21217);
#6508=VERTEX_POINT('',#21218);
#6509=VERTEX_POINT('',#21220);
#6510=VERTEX_POINT('',#21222);
#6511=VERTEX_POINT('',#21226);
#6512=VERTEX_POINT('',#21228);
#6513=VERTEX_POINT('',#21232);
#6514=VERTEX_POINT('',#21234);
#6515=VERTEX_POINT('',#21243);
#6516=VERTEX_POINT('',#21244);
#6517=VERTEX_POINT('',#21246);
#6518=VERTEX_POINT('',#21248);
#6519=VERTEX_POINT('',#21252);
#6520=VERTEX_POINT('',#21254);
#6521=VERTEX_POINT('',#21258);
#6522=VERTEX_POINT('',#21260);
#6523=VERTEX_POINT('',#21269);
#6524=VERTEX_POINT('',#21270);
#6525=VERTEX_POINT('',#21272);
#6526=VERTEX_POINT('',#21274);
#6527=VERTEX_POINT('',#21278);
#6528=VERTEX_POINT('',#21280);
#6529=VERTEX_POINT('',#21284);
#6530=VERTEX_POINT('',#21286);
#6531=VERTEX_POINT('',#21295);
#6532=VERTEX_POINT('',#21296);
#6533=VERTEX_POINT('',#21298);
#6534=VERTEX_POINT('',#21300);
#6535=VERTEX_POINT('',#21304);
#6536=VERTEX_POINT('',#21306);
#6537=VERTEX_POINT('',#21310);
#6538=VERTEX_POINT('',#21312);
#6539=VERTEX_POINT('',#21321);
#6540=VERTEX_POINT('',#21322);
#6541=VERTEX_POINT('',#21324);
#6542=VERTEX_POINT('',#21326);
#6543=VERTEX_POINT('',#21330);
#6544=VERTEX_POINT('',#21332);
#6545=VERTEX_POINT('',#21336);
#6546=VERTEX_POINT('',#21338);
#6547=VERTEX_POINT('',#21347);
#6548=VERTEX_POINT('',#21348);
#6549=VERTEX_POINT('',#21350);
#6550=VERTEX_POINT('',#21352);
#6551=VERTEX_POINT('',#21356);
#6552=VERTEX_POINT('',#21358);
#6553=VERTEX_POINT('',#21362);
#6554=VERTEX_POINT('',#21364);
#6555=VERTEX_POINT('',#21373);
#6556=VERTEX_POINT('',#21374);
#6557=VERTEX_POINT('',#21376);
#6558=VERTEX_POINT('',#21378);
#6559=VERTEX_POINT('',#21382);
#6560=VERTEX_POINT('',#21384);
#6561=VERTEX_POINT('',#21388);
#6562=VERTEX_POINT('',#21390);
#6563=VERTEX_POINT('',#21399);
#6564=VERTEX_POINT('',#21400);
#6565=VERTEX_POINT('',#21402);
#6566=VERTEX_POINT('',#21404);
#6567=VERTEX_POINT('',#21408);
#6568=VERTEX_POINT('',#21410);
#6569=VERTEX_POINT('',#21414);
#6570=VERTEX_POINT('',#21416);
#6571=EDGE_CURVE('',#5411,#5412,#1939,.T.);
#6572=EDGE_CURVE('',#5411,#5413,#1940,.T.);
#6573=EDGE_CURVE('',#5413,#5414,#1941,.T.);
#6574=EDGE_CURVE('',#5412,#5414,#1942,.T.);
#6575=EDGE_CURVE('',#5415,#5411,#1943,.T.);
#6576=EDGE_CURVE('',#5415,#5416,#1944,.T.);
#6577=EDGE_CURVE('',#5416,#5413,#1945,.T.);
#6578=EDGE_CURVE('',#5417,#5415,#1946,.T.);
#6579=EDGE_CURVE('',#5417,#5418,#1947,.T.);
#6580=EDGE_CURVE('',#5418,#5416,#1948,.T.);
#6581=EDGE_CURVE('',#5412,#5417,#1949,.T.);
#6582=EDGE_CURVE('',#5414,#5418,#1950,.T.);
#6583=EDGE_CURVE('',#5419,#5420,#1951,.T.);
#6584=EDGE_CURVE('',#5419,#5421,#1952,.T.);
#6585=EDGE_CURVE('',#5421,#5422,#1953,.T.);
#6586=EDGE_CURVE('',#5420,#5422,#1954,.T.);
#6587=EDGE_CURVE('',#5423,#5419,#1955,.T.);
#6588=EDGE_CURVE('',#5423,#5424,#1956,.T.);
#6589=EDGE_CURVE('',#5424,#5421,#1957,.T.);
#6590=EDGE_CURVE('',#5425,#5423,#1958,.T.);
#6591=EDGE_CURVE('',#5425,#5426,#1959,.T.);
#6592=EDGE_CURVE('',#5426,#5424,#1960,.T.);
#6593=EDGE_CURVE('',#5420,#5425,#1961,.T.);
#6594=EDGE_CURVE('',#5422,#5426,#1962,.T.);
#6595=EDGE_CURVE('',#5427,#5428,#1963,.T.);
#6596=EDGE_CURVE('',#5427,#5429,#1964,.T.);
#6597=EDGE_CURVE('',#5429,#5430,#1965,.T.);
#6598=EDGE_CURVE('',#5428,#5430,#1966,.T.);
#6599=EDGE_CURVE('',#5431,#5427,#1967,.T.);
#6600=EDGE_CURVE('',#5431,#5432,#1968,.T.);
#6601=EDGE_CURVE('',#5432,#5429,#1969,.T.);
#6602=EDGE_CURVE('',#5433,#5431,#1970,.T.);
#6603=EDGE_CURVE('',#5433,#5434,#1971,.T.);
#6604=EDGE_CURVE('',#5434,#5432,#1972,.T.);
#6605=EDGE_CURVE('',#5428,#5433,#1973,.T.);
#6606=EDGE_CURVE('',#5430,#5434,#1974,.T.);
#6607=EDGE_CURVE('',#5435,#5436,#1975,.T.);
#6608=EDGE_CURVE('',#5435,#5437,#1976,.T.);
#6609=EDGE_CURVE('',#5437,#5438,#1977,.T.);
#6610=EDGE_CURVE('',#5436,#5438,#1978,.T.);
#6611=EDGE_CURVE('',#5439,#5435,#1979,.T.);
#6612=EDGE_CURVE('',#5439,#5440,#1980,.T.);
#6613=EDGE_CURVE('',#5440,#5437,#1981,.T.);
#6614=EDGE_CURVE('',#5441,#5439,#1982,.T.);
#6615=EDGE_CURVE('',#5441,#5442,#1983,.T.);
#6616=EDGE_CURVE('',#5442,#5440,#1984,.T.);
#6617=EDGE_CURVE('',#5436,#5441,#1985,.T.);
#6618=EDGE_CURVE('',#5438,#5442,#1986,.T.);
#6619=EDGE_CURVE('',#5443,#5444,#1987,.T.);
#6620=EDGE_CURVE('',#5443,#5445,#1988,.T.);
#6621=EDGE_CURVE('',#5445,#5446,#1989,.T.);
#6622=EDGE_CURVE('',#5444,#5446,#1990,.T.);
#6623=EDGE_CURVE('',#5447,#5443,#1991,.T.);
#6624=EDGE_CURVE('',#5447,#5448,#1992,.T.);
#6625=EDGE_CURVE('',#5448,#5445,#1993,.T.);
#6626=EDGE_CURVE('',#5449,#5447,#1994,.T.);
#6627=EDGE_CURVE('',#5449,#5450,#1995,.T.);
#6628=EDGE_CURVE('',#5450,#5448,#1996,.T.);
#6629=EDGE_CURVE('',#5444,#5449,#1997,.T.);
#6630=EDGE_CURVE('',#5446,#5450,#1998,.T.);
#6631=EDGE_CURVE('',#5451,#5452,#1999,.T.);
#6632=EDGE_CURVE('',#5451,#5453,#2000,.T.);
#6633=EDGE_CURVE('',#5453,#5454,#2001,.T.);
#6634=EDGE_CURVE('',#5452,#5454,#2002,.T.);
#6635=EDGE_CURVE('',#5455,#5451,#2003,.T.);
#6636=EDGE_CURVE('',#5455,#5456,#2004,.T.);
#6637=EDGE_CURVE('',#5456,#5453,#2005,.T.);
#6638=EDGE_CURVE('',#5457,#5455,#2006,.T.);
#6639=EDGE_CURVE('',#5457,#5458,#2007,.T.);
#6640=EDGE_CURVE('',#5458,#5456,#2008,.T.);
#6641=EDGE_CURVE('',#5452,#5457,#2009,.T.);
#6642=EDGE_CURVE('',#5454,#5458,#2010,.T.);
#6643=EDGE_CURVE('',#5459,#5460,#2011,.T.);
#6644=EDGE_CURVE('',#5459,#5461,#2012,.T.);
#6645=EDGE_CURVE('',#5461,#5462,#2013,.T.);
#6646=EDGE_CURVE('',#5460,#5462,#2014,.T.);
#6647=EDGE_CURVE('',#5463,#5459,#2015,.T.);
#6648=EDGE_CURVE('',#5463,#5464,#2016,.T.);
#6649=EDGE_CURVE('',#5464,#5461,#2017,.T.);
#6650=EDGE_CURVE('',#5465,#5463,#2018,.T.);
#6651=EDGE_CURVE('',#5465,#5466,#2019,.T.);
#6652=EDGE_CURVE('',#5466,#5464,#2020,.T.);
#6653=EDGE_CURVE('',#5460,#5465,#2021,.T.);
#6654=EDGE_CURVE('',#5462,#5466,#2022,.T.);
#6655=EDGE_CURVE('',#5467,#5468,#2023,.T.);
#6656=EDGE_CURVE('',#5467,#5469,#2024,.T.);
#6657=EDGE_CURVE('',#5469,#5470,#2025,.T.);
#6658=EDGE_CURVE('',#5468,#5470,#2026,.T.);
#6659=EDGE_CURVE('',#5471,#5467,#2027,.T.);
#6660=EDGE_CURVE('',#5471,#5472,#2028,.T.);
#6661=EDGE_CURVE('',#5472,#5469,#2029,.T.);
#6662=EDGE_CURVE('',#5473,#5471,#2030,.T.);
#6663=EDGE_CURVE('',#5473,#5474,#2031,.T.);
#6664=EDGE_CURVE('',#5474,#5472,#2032,.T.);
#6665=EDGE_CURVE('',#5468,#5473,#2033,.T.);
#6666=EDGE_CURVE('',#5470,#5474,#2034,.T.);
#6667=EDGE_CURVE('',#5475,#5476,#2035,.T.);
#6668=EDGE_CURVE('',#5475,#5477,#2036,.T.);
#6669=EDGE_CURVE('',#5477,#5478,#2037,.T.);
#6670=EDGE_CURVE('',#5476,#5478,#2038,.T.);
#6671=EDGE_CURVE('',#5479,#5475,#2039,.T.);
#6672=EDGE_CURVE('',#5479,#5480,#2040,.T.);
#6673=EDGE_CURVE('',#5480,#5477,#2041,.T.);
#6674=EDGE_CURVE('',#5481,#5479,#2042,.T.);
#6675=EDGE_CURVE('',#5481,#5482,#2043,.T.);
#6676=EDGE_CURVE('',#5482,#5480,#2044,.T.);
#6677=EDGE_CURVE('',#5476,#5481,#2045,.T.);
#6678=EDGE_CURVE('',#5478,#5482,#2046,.T.);
#6679=EDGE_CURVE('',#5483,#5484,#2047,.T.);
#6680=EDGE_CURVE('',#5483,#5485,#2048,.T.);
#6681=EDGE_CURVE('',#5485,#5486,#2049,.T.);
#6682=EDGE_CURVE('',#5484,#5486,#2050,.T.);
#6683=EDGE_CURVE('',#5487,#5483,#2051,.T.);
#6684=EDGE_CURVE('',#5487,#5488,#2052,.T.);
#6685=EDGE_CURVE('',#5488,#5485,#2053,.T.);
#6686=EDGE_CURVE('',#5489,#5487,#2054,.T.);
#6687=EDGE_CURVE('',#5489,#5490,#2055,.T.);
#6688=EDGE_CURVE('',#5490,#5488,#2056,.T.);
#6689=EDGE_CURVE('',#5484,#5489,#2057,.T.);
#6690=EDGE_CURVE('',#5486,#5490,#2058,.T.);
#6691=EDGE_CURVE('',#5491,#5492,#2059,.T.);
#6692=EDGE_CURVE('',#5491,#5493,#2060,.T.);
#6693=EDGE_CURVE('',#5493,#5494,#2061,.T.);
#6694=EDGE_CURVE('',#5492,#5494,#2062,.T.);
#6695=EDGE_CURVE('',#5495,#5491,#2063,.T.);
#6696=EDGE_CURVE('',#5495,#5496,#2064,.T.);
#6697=EDGE_CURVE('',#5496,#5493,#2065,.T.);
#6698=EDGE_CURVE('',#5497,#5495,#2066,.T.);
#6699=EDGE_CURVE('',#5497,#5498,#2067,.T.);
#6700=EDGE_CURVE('',#5498,#5496,#2068,.T.);
#6701=EDGE_CURVE('',#5492,#5497,#2069,.T.);
#6702=EDGE_CURVE('',#5494,#5498,#2070,.T.);
#6703=EDGE_CURVE('',#5499,#5500,#2071,.T.);
#6704=EDGE_CURVE('',#5499,#5501,#2072,.T.);
#6705=EDGE_CURVE('',#5501,#5502,#2073,.T.);
#6706=EDGE_CURVE('',#5500,#5502,#2074,.T.);
#6707=EDGE_CURVE('',#5503,#5499,#2075,.T.);
#6708=EDGE_CURVE('',#5503,#5504,#2076,.T.);
#6709=EDGE_CURVE('',#5504,#5501,#2077,.T.);
#6710=EDGE_CURVE('',#5505,#5503,#2078,.T.);
#6711=EDGE_CURVE('',#5505,#5506,#2079,.T.);
#6712=EDGE_CURVE('',#5506,#5504,#2080,.T.);
#6713=EDGE_CURVE('',#5500,#5505,#2081,.T.);
#6714=EDGE_CURVE('',#5502,#5506,#2082,.T.);
#6715=EDGE_CURVE('',#5507,#5508,#2083,.T.);
#6716=EDGE_CURVE('',#5507,#5509,#2084,.T.);
#6717=EDGE_CURVE('',#5510,#5509,#2085,.T.);
#6718=EDGE_CURVE('',#5508,#5510,#2086,.T.);
#6719=EDGE_CURVE('',#5508,#5511,#2087,.T.);
#6720=EDGE_CURVE('',#5512,#5510,#2088,.T.);
#6721=EDGE_CURVE('',#5511,#5512,#2089,.T.);
#6722=EDGE_CURVE('',#5511,#5513,#2090,.T.);
#6723=EDGE_CURVE('',#5514,#5512,#2091,.T.);
#6724=EDGE_CURVE('',#5513,#5514,#2092,.T.);
#6725=EDGE_CURVE('',#5513,#5507,#2093,.T.);
#6726=EDGE_CURVE('',#5509,#5514,#2094,.T.);
#6727=EDGE_CURVE('',#5515,#5516,#2095,.T.);
#6728=EDGE_CURVE('',#5515,#5517,#2096,.T.);
#6729=EDGE_CURVE('',#5518,#5517,#2097,.T.);
#6730=EDGE_CURVE('',#5516,#5518,#2098,.T.);
#6731=EDGE_CURVE('',#5516,#5519,#2099,.T.);
#6732=EDGE_CURVE('',#5520,#5518,#2100,.T.);
#6733=EDGE_CURVE('',#5519,#5520,#2101,.T.);
#6734=EDGE_CURVE('',#5519,#5521,#2102,.T.);
#6735=EDGE_CURVE('',#5522,#5520,#2103,.T.);
#6736=EDGE_CURVE('',#5521,#5522,#2104,.T.);
#6737=EDGE_CURVE('',#5521,#5515,#2105,.T.);
#6738=EDGE_CURVE('',#5517,#5522,#2106,.T.);
#6739=EDGE_CURVE('',#5523,#5524,#2107,.T.);
#6740=EDGE_CURVE('',#5523,#5525,#2108,.T.);
#6741=EDGE_CURVE('',#5526,#5525,#2109,.T.);
#6742=EDGE_CURVE('',#5524,#5526,#2110,.T.);
#6743=EDGE_CURVE('',#5524,#5527,#2111,.T.);
#6744=EDGE_CURVE('',#5528,#5526,#2112,.T.);
#6745=EDGE_CURVE('',#5527,#5528,#2113,.T.);
#6746=EDGE_CURVE('',#5527,#5529,#2114,.T.);
#6747=EDGE_CURVE('',#5530,#5528,#2115,.T.);
#6748=EDGE_CURVE('',#5529,#5530,#2116,.T.);
#6749=EDGE_CURVE('',#5529,#5523,#2117,.T.);
#6750=EDGE_CURVE('',#5525,#5530,#2118,.T.);
#6751=EDGE_CURVE('',#5531,#5532,#2119,.T.);
#6752=EDGE_CURVE('',#5531,#5533,#2120,.T.);
#6753=EDGE_CURVE('',#5534,#5533,#2121,.T.);
#6754=EDGE_CURVE('',#5532,#5534,#2122,.T.);
#6755=EDGE_CURVE('',#5532,#5535,#2123,.T.);
#6756=EDGE_CURVE('',#5536,#5534,#2124,.T.);
#6757=EDGE_CURVE('',#5535,#5536,#2125,.T.);
#6758=EDGE_CURVE('',#5535,#5537,#2126,.T.);
#6759=EDGE_CURVE('',#5538,#5536,#2127,.T.);
#6760=EDGE_CURVE('',#5537,#5538,#2128,.T.);
#6761=EDGE_CURVE('',#5537,#5531,#2129,.T.);
#6762=EDGE_CURVE('',#5533,#5538,#2130,.T.);
#6763=EDGE_CURVE('',#5539,#5540,#2131,.T.);
#6764=EDGE_CURVE('',#5539,#5541,#2132,.T.);
#6765=EDGE_CURVE('',#5542,#5541,#2133,.T.);
#6766=EDGE_CURVE('',#5540,#5542,#2134,.T.);
#6767=EDGE_CURVE('',#5540,#5543,#2135,.T.);
#6768=EDGE_CURVE('',#5544,#5542,#2136,.T.);
#6769=EDGE_CURVE('',#5543,#5544,#2137,.T.);
#6770=EDGE_CURVE('',#5543,#5545,#2138,.T.);
#6771=EDGE_CURVE('',#5546,#5544,#2139,.T.);
#6772=EDGE_CURVE('',#5545,#5546,#2140,.T.);
#6773=EDGE_CURVE('',#5545,#5539,#2141,.T.);
#6774=EDGE_CURVE('',#5541,#5546,#2142,.T.);
#6775=EDGE_CURVE('',#5547,#5548,#2143,.T.);
#6776=EDGE_CURVE('',#5547,#5549,#2144,.T.);
#6777=EDGE_CURVE('',#5550,#5549,#2145,.T.);
#6778=EDGE_CURVE('',#5548,#5550,#2146,.T.);
#6779=EDGE_CURVE('',#5548,#5551,#2147,.T.);
#6780=EDGE_CURVE('',#5552,#5550,#2148,.T.);
#6781=EDGE_CURVE('',#5551,#5552,#2149,.T.);
#6782=EDGE_CURVE('',#5551,#5553,#2150,.T.);
#6783=EDGE_CURVE('',#5554,#5552,#2151,.T.);
#6784=EDGE_CURVE('',#5553,#5554,#2152,.T.);
#6785=EDGE_CURVE('',#5553,#5547,#2153,.T.);
#6786=EDGE_CURVE('',#5549,#5554,#2154,.T.);
#6787=EDGE_CURVE('',#5555,#5556,#2155,.T.);
#6788=EDGE_CURVE('',#5555,#5557,#2156,.T.);
#6789=EDGE_CURVE('',#5558,#5557,#2157,.T.);
#6790=EDGE_CURVE('',#5556,#5558,#2158,.T.);
#6791=EDGE_CURVE('',#5556,#5559,#2159,.T.);
#6792=EDGE_CURVE('',#5560,#5558,#2160,.T.);
#6793=EDGE_CURVE('',#5559,#5560,#2161,.T.);
#6794=EDGE_CURVE('',#5559,#5561,#2162,.T.);
#6795=EDGE_CURVE('',#5562,#5560,#2163,.T.);
#6796=EDGE_CURVE('',#5561,#5562,#2164,.T.);
#6797=EDGE_CURVE('',#5561,#5555,#2165,.T.);
#6798=EDGE_CURVE('',#5557,#5562,#2166,.T.);
#6799=EDGE_CURVE('',#5563,#5564,#2167,.T.);
#6800=EDGE_CURVE('',#5563,#5565,#2168,.T.);
#6801=EDGE_CURVE('',#5566,#5565,#2169,.T.);
#6802=EDGE_CURVE('',#5564,#5566,#2170,.T.);
#6803=EDGE_CURVE('',#5564,#5567,#2171,.T.);
#6804=EDGE_CURVE('',#5568,#5566,#2172,.T.);
#6805=EDGE_CURVE('',#5567,#5568,#2173,.T.);
#6806=EDGE_CURVE('',#5567,#5569,#2174,.T.);
#6807=EDGE_CURVE('',#5570,#5568,#2175,.T.);
#6808=EDGE_CURVE('',#5569,#5570,#2176,.T.);
#6809=EDGE_CURVE('',#5569,#5563,#2177,.T.);
#6810=EDGE_CURVE('',#5565,#5570,#2178,.T.);
#6811=EDGE_CURVE('',#5571,#5572,#2179,.T.);
#6812=EDGE_CURVE('',#5571,#5573,#2180,.T.);
#6813=EDGE_CURVE('',#5574,#5573,#2181,.T.);
#6814=EDGE_CURVE('',#5572,#5574,#2182,.T.);
#6815=EDGE_CURVE('',#5572,#5575,#2183,.T.);
#6816=EDGE_CURVE('',#5576,#5574,#2184,.T.);
#6817=EDGE_CURVE('',#5575,#5576,#2185,.T.);
#6818=EDGE_CURVE('',#5575,#5577,#2186,.T.);
#6819=EDGE_CURVE('',#5578,#5576,#2187,.T.);
#6820=EDGE_CURVE('',#5577,#5578,#2188,.T.);
#6821=EDGE_CURVE('',#5577,#5571,#2189,.T.);
#6822=EDGE_CURVE('',#5573,#5578,#2190,.T.);
#6823=EDGE_CURVE('',#5579,#5580,#2191,.T.);
#6824=EDGE_CURVE('',#5579,#5581,#2192,.T.);
#6825=EDGE_CURVE('',#5582,#5581,#2193,.T.);
#6826=EDGE_CURVE('',#5580,#5582,#2194,.T.);
#6827=EDGE_CURVE('',#5580,#5583,#2195,.T.);
#6828=EDGE_CURVE('',#5584,#5582,#2196,.T.);
#6829=EDGE_CURVE('',#5583,#5584,#2197,.T.);
#6830=EDGE_CURVE('',#5583,#5585,#2198,.T.);
#6831=EDGE_CURVE('',#5586,#5584,#2199,.T.);
#6832=EDGE_CURVE('',#5585,#5586,#2200,.T.);
#6833=EDGE_CURVE('',#5585,#5579,#2201,.T.);
#6834=EDGE_CURVE('',#5581,#5586,#2202,.T.);
#6835=EDGE_CURVE('',#5587,#5588,#2203,.T.);
#6836=EDGE_CURVE('',#5587,#5589,#2204,.T.);
#6837=EDGE_CURVE('',#5589,#5590,#2205,.T.);
#6838=EDGE_CURVE('',#5588,#5590,#2206,.T.);
#6839=EDGE_CURVE('',#5591,#5587,#2207,.T.);
#6840=EDGE_CURVE('',#5591,#5592,#2208,.T.);
#6841=EDGE_CURVE('',#5592,#5589,#2209,.T.);
#6842=EDGE_CURVE('',#5593,#5591,#2210,.T.);
#6843=EDGE_CURVE('',#5593,#5594,#2211,.T.);
#6844=EDGE_CURVE('',#5594,#5592,#2212,.T.);
#6845=EDGE_CURVE('',#5588,#5593,#2213,.T.);
#6846=EDGE_CURVE('',#5590,#5594,#2214,.T.);
#6847=EDGE_CURVE('',#5595,#5596,#2215,.T.);
#6848=EDGE_CURVE('',#5595,#5597,#2216,.T.);
#6849=EDGE_CURVE('',#5597,#5598,#2217,.T.);
#6850=EDGE_CURVE('',#5596,#5598,#2218,.T.);
#6851=EDGE_CURVE('',#5599,#5595,#2219,.T.);
#6852=EDGE_CURVE('',#5599,#5600,#2220,.T.);
#6853=EDGE_CURVE('',#5600,#5597,#2221,.T.);
#6854=EDGE_CURVE('',#5601,#5599,#2222,.T.);
#6855=EDGE_CURVE('',#5601,#5602,#2223,.T.);
#6856=EDGE_CURVE('',#5602,#5600,#2224,.T.);
#6857=EDGE_CURVE('',#5596,#5601,#2225,.T.);
#6858=EDGE_CURVE('',#5598,#5602,#2226,.T.);
#6859=EDGE_CURVE('',#5603,#5604,#2227,.T.);
#6860=EDGE_CURVE('',#5603,#5605,#2228,.T.);
#6861=EDGE_CURVE('',#5605,#5606,#2229,.T.);
#6862=EDGE_CURVE('',#5604,#5606,#2230,.T.);
#6863=EDGE_CURVE('',#5607,#5603,#2231,.T.);
#6864=EDGE_CURVE('',#5607,#5608,#2232,.T.);
#6865=EDGE_CURVE('',#5608,#5605,#2233,.T.);
#6866=EDGE_CURVE('',#5609,#5607,#2234,.T.);
#6867=EDGE_CURVE('',#5609,#5610,#2235,.T.);
#6868=EDGE_CURVE('',#5610,#5608,#2236,.T.);
#6869=EDGE_CURVE('',#5604,#5609,#2237,.T.);
#6870=EDGE_CURVE('',#5606,#5610,#2238,.T.);
#6871=EDGE_CURVE('',#5611,#5612,#2239,.T.);
#6872=EDGE_CURVE('',#5611,#5613,#2240,.T.);
#6873=EDGE_CURVE('',#5613,#5614,#2241,.T.);
#6874=EDGE_CURVE('',#5612,#5614,#2242,.T.);
#6875=EDGE_CURVE('',#5615,#5611,#2243,.T.);
#6876=EDGE_CURVE('',#5615,#5616,#2244,.T.);
#6877=EDGE_CURVE('',#5616,#5613,#2245,.T.);
#6878=EDGE_CURVE('',#5617,#5615,#2246,.T.);
#6879=EDGE_CURVE('',#5617,#5618,#2247,.T.);
#6880=EDGE_CURVE('',#5618,#5616,#2248,.T.);
#6881=EDGE_CURVE('',#5612,#5617,#2249,.T.);
#6882=EDGE_CURVE('',#5614,#5618,#2250,.T.);
#6883=EDGE_CURVE('',#5619,#5620,#2251,.T.);
#6884=EDGE_CURVE('',#5619,#5621,#2252,.T.);
#6885=EDGE_CURVE('',#5621,#5622,#2253,.T.);
#6886=EDGE_CURVE('',#5620,#5622,#2254,.T.);
#6887=EDGE_CURVE('',#5623,#5619,#2255,.T.);
#6888=EDGE_CURVE('',#5623,#5624,#2256,.T.);
#6889=EDGE_CURVE('',#5624,#5621,#2257,.T.);
#6890=EDGE_CURVE('',#5625,#5623,#2258,.T.);
#6891=EDGE_CURVE('',#5625,#5626,#2259,.T.);
#6892=EDGE_CURVE('',#5626,#5624,#2260,.T.);
#6893=EDGE_CURVE('',#5620,#5625,#2261,.T.);
#6894=EDGE_CURVE('',#5622,#5626,#2262,.T.);
#6895=EDGE_CURVE('',#5627,#5628,#2263,.T.);
#6896=EDGE_CURVE('',#5627,#5629,#2264,.T.);
#6897=EDGE_CURVE('',#5629,#5630,#2265,.T.);
#6898=EDGE_CURVE('',#5628,#5630,#2266,.T.);
#6899=EDGE_CURVE('',#5631,#5627,#2267,.T.);
#6900=EDGE_CURVE('',#5631,#5632,#2268,.T.);
#6901=EDGE_CURVE('',#5632,#5629,#2269,.T.);
#6902=EDGE_CURVE('',#5633,#5631,#2270,.T.);
#6903=EDGE_CURVE('',#5633,#5634,#2271,.T.);
#6904=EDGE_CURVE('',#5634,#5632,#2272,.T.);
#6905=EDGE_CURVE('',#5628,#5633,#2273,.T.);
#6906=EDGE_CURVE('',#5630,#5634,#2274,.T.);
#6907=EDGE_CURVE('',#5635,#5636,#2275,.T.);
#6908=EDGE_CURVE('',#5635,#5637,#2276,.T.);
#6909=EDGE_CURVE('',#5637,#5638,#2277,.T.);
#6910=EDGE_CURVE('',#5636,#5638,#2278,.T.);
#6911=EDGE_CURVE('',#5639,#5635,#2279,.T.);
#6912=EDGE_CURVE('',#5639,#5640,#2280,.T.);
#6913=EDGE_CURVE('',#5640,#5637,#2281,.T.);
#6914=EDGE_CURVE('',#5641,#5639,#2282,.T.);
#6915=EDGE_CURVE('',#5641,#5642,#2283,.T.);
#6916=EDGE_CURVE('',#5642,#5640,#2284,.T.);
#6917=EDGE_CURVE('',#5636,#5641,#2285,.T.);
#6918=EDGE_CURVE('',#5638,#5642,#2286,.T.);
#6919=EDGE_CURVE('',#5643,#5644,#2287,.T.);
#6920=EDGE_CURVE('',#5643,#5645,#2288,.T.);
#6921=EDGE_CURVE('',#5645,#5646,#2289,.T.);
#6922=EDGE_CURVE('',#5644,#5646,#2290,.T.);
#6923=EDGE_CURVE('',#5647,#5643,#2291,.T.);
#6924=EDGE_CURVE('',#5647,#5648,#2292,.T.);
#6925=EDGE_CURVE('',#5648,#5645,#2293,.T.);
#6926=EDGE_CURVE('',#5649,#5647,#2294,.T.);
#6927=EDGE_CURVE('',#5649,#5650,#2295,.T.);
#6928=EDGE_CURVE('',#5650,#5648,#2296,.T.);
#6929=EDGE_CURVE('',#5644,#5649,#2297,.T.);
#6930=EDGE_CURVE('',#5646,#5650,#2298,.T.);
#6931=EDGE_CURVE('',#5651,#5652,#2299,.T.);
#6932=EDGE_CURVE('',#5651,#5653,#2300,.T.);
#6933=EDGE_CURVE('',#5653,#5654,#2301,.T.);
#6934=EDGE_CURVE('',#5652,#5654,#2302,.T.);
#6935=EDGE_CURVE('',#5655,#5651,#2303,.T.);
#6936=EDGE_CURVE('',#5655,#5656,#2304,.T.);
#6937=EDGE_CURVE('',#5656,#5653,#2305,.T.);
#6938=EDGE_CURVE('',#5657,#5655,#2306,.T.);
#6939=EDGE_CURVE('',#5657,#5658,#2307,.T.);
#6940=EDGE_CURVE('',#5658,#5656,#2308,.T.);
#6941=EDGE_CURVE('',#5652,#5657,#2309,.T.);
#6942=EDGE_CURVE('',#5654,#5658,#2310,.T.);
#6943=EDGE_CURVE('',#5659,#5660,#2311,.T.);
#6944=EDGE_CURVE('',#5659,#5661,#2312,.T.);
#6945=EDGE_CURVE('',#5661,#5662,#2313,.T.);
#6946=EDGE_CURVE('',#5660,#5662,#2314,.T.);
#6947=EDGE_CURVE('',#5663,#5659,#2315,.T.);
#6948=EDGE_CURVE('',#5663,#5664,#2316,.T.);
#6949=EDGE_CURVE('',#5664,#5661,#2317,.T.);
#6950=EDGE_CURVE('',#5665,#5663,#2318,.T.);
#6951=EDGE_CURVE('',#5665,#5666,#2319,.T.);
#6952=EDGE_CURVE('',#5666,#5664,#2320,.T.);
#6953=EDGE_CURVE('',#5660,#5665,#2321,.T.);
#6954=EDGE_CURVE('',#5662,#5666,#2322,.T.);
#6955=EDGE_CURVE('',#5667,#5668,#2323,.T.);
#6956=EDGE_CURVE('',#5667,#5669,#2324,.T.);
#6957=EDGE_CURVE('',#5669,#5670,#2325,.T.);
#6958=EDGE_CURVE('',#5668,#5670,#2326,.T.);
#6959=EDGE_CURVE('',#5671,#5667,#2327,.T.);
#6960=EDGE_CURVE('',#5671,#5672,#2328,.T.);
#6961=EDGE_CURVE('',#5672,#5669,#2329,.T.);
#6962=EDGE_CURVE('',#5673,#5671,#2330,.T.);
#6963=EDGE_CURVE('',#5673,#5674,#2331,.T.);
#6964=EDGE_CURVE('',#5674,#5672,#2332,.T.);
#6965=EDGE_CURVE('',#5668,#5673,#2333,.T.);
#6966=EDGE_CURVE('',#5670,#5674,#2334,.T.);
#6967=EDGE_CURVE('',#5675,#5676,#2335,.T.);
#6968=EDGE_CURVE('',#5675,#5677,#2336,.T.);
#6969=EDGE_CURVE('',#5677,#5678,#2337,.T.);
#6970=EDGE_CURVE('',#5676,#5678,#2338,.T.);
#6971=EDGE_CURVE('',#5679,#5675,#2339,.T.);
#6972=EDGE_CURVE('',#5679,#5680,#2340,.T.);
#6973=EDGE_CURVE('',#5680,#5677,#2341,.T.);
#6974=EDGE_CURVE('',#5681,#5679,#2342,.T.);
#6975=EDGE_CURVE('',#5681,#5682,#2343,.T.);
#6976=EDGE_CURVE('',#5682,#5680,#2344,.T.);
#6977=EDGE_CURVE('',#5676,#5681,#2345,.T.);
#6978=EDGE_CURVE('',#5678,#5682,#2346,.T.);
#6979=EDGE_CURVE('',#5683,#5684,#2347,.T.);
#6980=EDGE_CURVE('',#5683,#5685,#2348,.T.);
#6981=EDGE_CURVE('',#5685,#5686,#2349,.T.);
#6982=EDGE_CURVE('',#5684,#5686,#2350,.T.);
#6983=EDGE_CURVE('',#5687,#5683,#2351,.T.);
#6984=EDGE_CURVE('',#5687,#5688,#2352,.T.);
#6985=EDGE_CURVE('',#5688,#5685,#2353,.T.);
#6986=EDGE_CURVE('',#5689,#5687,#2354,.T.);
#6987=EDGE_CURVE('',#5689,#5690,#2355,.T.);
#6988=EDGE_CURVE('',#5690,#5688,#2356,.T.);
#6989=EDGE_CURVE('',#5684,#5689,#2357,.T.);
#6990=EDGE_CURVE('',#5686,#5690,#2358,.T.);
#6991=EDGE_CURVE('',#5691,#5692,#2359,.T.);
#6992=EDGE_CURVE('',#5691,#5693,#2360,.T.);
#6993=EDGE_CURVE('',#5693,#5694,#2361,.T.);
#6994=EDGE_CURVE('',#5692,#5694,#2362,.T.);
#6995=EDGE_CURVE('',#5695,#5691,#2363,.T.);
#6996=EDGE_CURVE('',#5695,#5696,#2364,.T.);
#6997=EDGE_CURVE('',#5696,#5693,#2365,.T.);
#6998=EDGE_CURVE('',#5697,#5695,#2366,.T.);
#6999=EDGE_CURVE('',#5697,#5698,#2367,.T.);
#7000=EDGE_CURVE('',#5698,#5696,#2368,.T.);
#7001=EDGE_CURVE('',#5692,#5697,#2369,.T.);
#7002=EDGE_CURVE('',#5694,#5698,#2370,.T.);
#7003=EDGE_CURVE('',#5699,#5700,#2371,.T.);
#7004=EDGE_CURVE('',#5699,#5701,#2372,.T.);
#7005=EDGE_CURVE('',#5702,#5701,#2373,.T.);
#7006=EDGE_CURVE('',#5700,#5702,#2374,.T.);
#7007=EDGE_CURVE('',#5700,#5703,#2375,.T.);
#7008=EDGE_CURVE('',#5704,#5702,#2376,.T.);
#7009=EDGE_CURVE('',#5703,#5704,#2377,.T.);
#7010=EDGE_CURVE('',#5703,#5705,#2378,.T.);
#7011=EDGE_CURVE('',#5706,#5704,#2379,.T.);
#7012=EDGE_CURVE('',#5705,#5706,#2380,.T.);
#7013=EDGE_CURVE('',#5705,#5699,#2381,.T.);
#7014=EDGE_CURVE('',#5701,#5706,#2382,.T.);
#7015=EDGE_CURVE('',#5707,#5708,#2383,.T.);
#7016=EDGE_CURVE('',#5707,#5709,#2384,.T.);
#7017=EDGE_CURVE('',#5710,#5709,#2385,.T.);
#7018=EDGE_CURVE('',#5708,#5710,#2386,.T.);
#7019=EDGE_CURVE('',#5708,#5711,#2387,.T.);
#7020=EDGE_CURVE('',#5712,#5710,#2388,.T.);
#7021=EDGE_CURVE('',#5711,#5712,#2389,.T.);
#7022=EDGE_CURVE('',#5711,#5713,#2390,.T.);
#7023=EDGE_CURVE('',#5714,#5712,#2391,.T.);
#7024=EDGE_CURVE('',#5713,#5714,#2392,.T.);
#7025=EDGE_CURVE('',#5713,#5707,#2393,.T.);
#7026=EDGE_CURVE('',#5709,#5714,#2394,.T.);
#7027=EDGE_CURVE('',#5715,#5716,#2395,.T.);
#7028=EDGE_CURVE('',#5715,#5717,#2396,.T.);
#7029=EDGE_CURVE('',#5718,#5717,#2397,.T.);
#7030=EDGE_CURVE('',#5716,#5718,#2398,.T.);
#7031=EDGE_CURVE('',#5716,#5719,#2399,.T.);
#7032=EDGE_CURVE('',#5720,#5718,#2400,.T.);
#7033=EDGE_CURVE('',#5719,#5720,#2401,.T.);
#7034=EDGE_CURVE('',#5719,#5721,#2402,.T.);
#7035=EDGE_CURVE('',#5722,#5720,#2403,.T.);
#7036=EDGE_CURVE('',#5721,#5722,#2404,.T.);
#7037=EDGE_CURVE('',#5721,#5715,#2405,.T.);
#7038=EDGE_CURVE('',#5717,#5722,#2406,.T.);
#7039=EDGE_CURVE('',#5723,#5724,#2407,.T.);
#7040=EDGE_CURVE('',#5723,#5725,#2408,.T.);
#7041=EDGE_CURVE('',#5726,#5725,#2409,.T.);
#7042=EDGE_CURVE('',#5724,#5726,#2410,.T.);
#7043=EDGE_CURVE('',#5724,#5727,#2411,.T.);
#7044=EDGE_CURVE('',#5728,#5726,#2412,.T.);
#7045=EDGE_CURVE('',#5727,#5728,#2413,.T.);
#7046=EDGE_CURVE('',#5727,#5729,#2414,.T.);
#7047=EDGE_CURVE('',#5730,#5728,#2415,.T.);
#7048=EDGE_CURVE('',#5729,#5730,#2416,.T.);
#7049=EDGE_CURVE('',#5729,#5723,#2417,.T.);
#7050=EDGE_CURVE('',#5725,#5730,#2418,.T.);
#7051=EDGE_CURVE('',#5731,#5732,#2419,.T.);
#7052=EDGE_CURVE('',#5731,#5733,#2420,.T.);
#7053=EDGE_CURVE('',#5734,#5733,#2421,.T.);
#7054=EDGE_CURVE('',#5732,#5734,#2422,.T.);
#7055=EDGE_CURVE('',#5732,#5735,#2423,.T.);
#7056=EDGE_CURVE('',#5736,#5734,#2424,.T.);
#7057=EDGE_CURVE('',#5735,#5736,#2425,.T.);
#7058=EDGE_CURVE('',#5735,#5737,#2426,.T.);
#7059=EDGE_CURVE('',#5738,#5736,#2427,.T.);
#7060=EDGE_CURVE('',#5737,#5738,#2428,.T.);
#7061=EDGE_CURVE('',#5737,#5731,#2429,.T.);
#7062=EDGE_CURVE('',#5733,#5738,#2430,.T.);
#7063=EDGE_CURVE('',#5739,#5740,#2431,.T.);
#7064=EDGE_CURVE('',#5739,#5741,#2432,.T.);
#7065=EDGE_CURVE('',#5742,#5741,#2433,.T.);
#7066=EDGE_CURVE('',#5740,#5742,#2434,.T.);
#7067=EDGE_CURVE('',#5740,#5743,#2435,.T.);
#7068=EDGE_CURVE('',#5744,#5742,#2436,.T.);
#7069=EDGE_CURVE('',#5743,#5744,#2437,.T.);
#7070=EDGE_CURVE('',#5743,#5745,#2438,.T.);
#7071=EDGE_CURVE('',#5746,#5744,#2439,.T.);
#7072=EDGE_CURVE('',#5745,#5746,#2440,.T.);
#7073=EDGE_CURVE('',#5745,#5739,#2441,.T.);
#7074=EDGE_CURVE('',#5741,#5746,#2442,.T.);
#7075=EDGE_CURVE('',#5747,#5748,#2443,.T.);
#7076=EDGE_CURVE('',#5747,#5749,#2444,.T.);
#7077=EDGE_CURVE('',#5750,#5749,#2445,.T.);
#7078=EDGE_CURVE('',#5748,#5750,#2446,.T.);
#7079=EDGE_CURVE('',#5748,#5751,#2447,.T.);
#7080=EDGE_CURVE('',#5752,#5750,#2448,.T.);
#7081=EDGE_CURVE('',#5751,#5752,#2449,.T.);
#7082=EDGE_CURVE('',#5751,#5753,#2450,.T.);
#7083=EDGE_CURVE('',#5754,#5752,#2451,.T.);
#7084=EDGE_CURVE('',#5753,#5754,#2452,.T.);
#7085=EDGE_CURVE('',#5753,#5747,#2453,.T.);
#7086=EDGE_CURVE('',#5749,#5754,#2454,.T.);
#7087=EDGE_CURVE('',#5755,#5756,#2455,.T.);
#7088=EDGE_CURVE('',#5755,#5757,#2456,.T.);
#7089=EDGE_CURVE('',#5758,#5757,#2457,.T.);
#7090=EDGE_CURVE('',#5756,#5758,#2458,.T.);
#7091=EDGE_CURVE('',#5756,#5759,#2459,.T.);
#7092=EDGE_CURVE('',#5760,#5758,#2460,.T.);
#7093=EDGE_CURVE('',#5759,#5760,#2461,.T.);
#7094=EDGE_CURVE('',#5759,#5761,#2462,.T.);
#7095=EDGE_CURVE('',#5762,#5760,#2463,.T.);
#7096=EDGE_CURVE('',#5761,#5762,#2464,.T.);
#7097=EDGE_CURVE('',#5761,#5755,#2465,.T.);
#7098=EDGE_CURVE('',#5757,#5762,#2466,.T.);
#7099=EDGE_CURVE('',#5763,#5764,#2467,.T.);
#7100=EDGE_CURVE('',#5763,#5765,#2468,.T.);
#7101=EDGE_CURVE('',#5766,#5765,#2469,.T.);
#7102=EDGE_CURVE('',#5764,#5766,#2470,.T.);
#7103=EDGE_CURVE('',#5764,#5767,#2471,.T.);
#7104=EDGE_CURVE('',#5768,#5766,#2472,.T.);
#7105=EDGE_CURVE('',#5767,#5768,#2473,.T.);
#7106=EDGE_CURVE('',#5767,#5769,#2474,.T.);
#7107=EDGE_CURVE('',#5770,#5768,#2475,.T.);
#7108=EDGE_CURVE('',#5769,#5770,#2476,.T.);
#7109=EDGE_CURVE('',#5769,#5763,#2477,.T.);
#7110=EDGE_CURVE('',#5765,#5770,#2478,.T.);
#7111=EDGE_CURVE('',#5771,#5772,#2479,.T.);
#7112=EDGE_CURVE('',#5771,#5773,#2480,.T.);
#7113=EDGE_CURVE('',#5774,#5773,#2481,.T.);
#7114=EDGE_CURVE('',#5772,#5774,#2482,.T.);
#7115=EDGE_CURVE('',#5772,#5775,#2483,.T.);
#7116=EDGE_CURVE('',#5776,#5774,#2484,.T.);
#7117=EDGE_CURVE('',#5775,#5776,#2485,.T.);
#7118=EDGE_CURVE('',#5775,#5777,#2486,.T.);
#7119=EDGE_CURVE('',#5778,#5776,#2487,.T.);
#7120=EDGE_CURVE('',#5777,#5778,#2488,.T.);
#7121=EDGE_CURVE('',#5777,#5771,#2489,.T.);
#7122=EDGE_CURVE('',#5773,#5778,#2490,.T.);
#7123=EDGE_CURVE('',#5779,#5780,#2491,.T.);
#7124=EDGE_CURVE('',#5779,#5781,#2492,.T.);
#7125=EDGE_CURVE('',#5782,#5781,#2493,.T.);
#7126=EDGE_CURVE('',#5780,#5782,#2494,.T.);
#7127=EDGE_CURVE('',#5780,#5783,#2495,.T.);
#7128=EDGE_CURVE('',#5784,#5782,#2496,.T.);
#7129=EDGE_CURVE('',#5783,#5784,#2497,.T.);
#7130=EDGE_CURVE('',#5783,#5785,#2498,.T.);
#7131=EDGE_CURVE('',#5786,#5784,#2499,.T.);
#7132=EDGE_CURVE('',#5785,#5786,#2500,.T.);
#7133=EDGE_CURVE('',#5785,#5779,#2501,.T.);
#7134=EDGE_CURVE('',#5781,#5786,#2502,.T.);
#7135=EDGE_CURVE('',#5787,#5788,#2503,.T.);
#7136=EDGE_CURVE('',#5787,#5789,#2504,.T.);
#7137=EDGE_CURVE('',#5790,#5789,#2505,.T.);
#7138=EDGE_CURVE('',#5788,#5790,#2506,.T.);
#7139=EDGE_CURVE('',#5788,#5791,#2507,.T.);
#7140=EDGE_CURVE('',#5792,#5790,#2508,.T.);
#7141=EDGE_CURVE('',#5791,#5792,#2509,.T.);
#7142=EDGE_CURVE('',#5791,#5793,#2510,.T.);
#7143=EDGE_CURVE('',#5794,#5792,#2511,.T.);
#7144=EDGE_CURVE('',#5793,#5794,#2512,.T.);
#7145=EDGE_CURVE('',#5793,#5787,#2513,.T.);
#7146=EDGE_CURVE('',#5789,#5794,#2514,.T.);
#7147=EDGE_CURVE('',#5795,#5796,#2515,.T.);
#7148=EDGE_CURVE('',#5795,#5797,#2516,.T.);
#7149=EDGE_CURVE('',#5798,#5797,#2517,.T.);
#7150=EDGE_CURVE('',#5796,#5798,#2518,.T.);
#7151=EDGE_CURVE('',#5796,#5799,#2519,.T.);
#7152=EDGE_CURVE('',#5800,#5798,#2520,.T.);
#7153=EDGE_CURVE('',#5799,#5800,#2521,.T.);
#7154=EDGE_CURVE('',#5799,#5801,#2522,.T.);
#7155=EDGE_CURVE('',#5802,#5800,#2523,.T.);
#7156=EDGE_CURVE('',#5801,#5802,#2524,.T.);
#7157=EDGE_CURVE('',#5801,#5795,#2525,.T.);
#7158=EDGE_CURVE('',#5797,#5802,#2526,.T.);
#7159=EDGE_CURVE('',#5803,#5804,#2527,.T.);
#7160=EDGE_CURVE('',#5803,#5805,#2528,.T.);
#7161=EDGE_CURVE('',#5806,#5805,#2529,.T.);
#7162=EDGE_CURVE('',#5804,#5806,#2530,.T.);
#7163=EDGE_CURVE('',#5804,#5807,#2531,.T.);
#7164=EDGE_CURVE('',#5808,#5806,#2532,.T.);
#7165=EDGE_CURVE('',#5807,#5808,#2533,.T.);
#7166=EDGE_CURVE('',#5807,#5809,#2534,.T.);
#7167=EDGE_CURVE('',#5810,#5808,#2535,.T.);
#7168=EDGE_CURVE('',#5809,#5810,#2536,.T.);
#7169=EDGE_CURVE('',#5809,#5803,#2537,.T.);
#7170=EDGE_CURVE('',#5805,#5810,#2538,.T.);
#7171=EDGE_CURVE('',#5811,#5812,#2539,.T.);
#7172=EDGE_CURVE('',#5811,#5813,#2540,.T.);
#7173=EDGE_CURVE('',#5814,#5813,#2541,.T.);
#7174=EDGE_CURVE('',#5812,#5814,#2542,.T.);
#7175=EDGE_CURVE('',#5812,#5815,#2543,.T.);
#7176=EDGE_CURVE('',#5816,#5814,#2544,.T.);
#7177=EDGE_CURVE('',#5815,#5816,#2545,.T.);
#7178=EDGE_CURVE('',#5815,#5817,#2546,.T.);
#7179=EDGE_CURVE('',#5818,#5816,#2547,.T.);
#7180=EDGE_CURVE('',#5817,#5818,#2548,.T.);
#7181=EDGE_CURVE('',#5817,#5811,#2549,.T.);
#7182=EDGE_CURVE('',#5813,#5818,#2550,.T.);
#7183=EDGE_CURVE('',#5819,#5820,#2551,.T.);
#7184=EDGE_CURVE('',#5819,#5821,#2552,.T.);
#7185=EDGE_CURVE('',#5822,#5821,#2553,.T.);
#7186=EDGE_CURVE('',#5820,#5822,#2554,.T.);
#7187=EDGE_CURVE('',#5820,#5823,#2555,.T.);
#7188=EDGE_CURVE('',#5824,#5822,#2556,.T.);
#7189=EDGE_CURVE('',#5823,#5824,#2557,.T.);
#7190=EDGE_CURVE('',#5823,#5825,#2558,.T.);
#7191=EDGE_CURVE('',#5826,#5824,#2559,.T.);
#7192=EDGE_CURVE('',#5825,#5826,#2560,.T.);
#7193=EDGE_CURVE('',#5825,#5819,#2561,.T.);
#7194=EDGE_CURVE('',#5821,#5826,#2562,.T.);
#7195=EDGE_CURVE('',#5827,#5828,#2563,.T.);
#7196=EDGE_CURVE('',#5827,#5829,#2564,.T.);
#7197=EDGE_CURVE('',#5830,#5829,#2565,.T.);
#7198=EDGE_CURVE('',#5828,#5830,#2566,.T.);
#7199=EDGE_CURVE('',#5828,#5831,#2567,.T.);
#7200=EDGE_CURVE('',#5832,#5830,#2568,.T.);
#7201=EDGE_CURVE('',#5831,#5832,#2569,.T.);
#7202=EDGE_CURVE('',#5831,#5833,#2570,.T.);
#7203=EDGE_CURVE('',#5834,#5832,#2571,.T.);
#7204=EDGE_CURVE('',#5833,#5834,#2572,.T.);
#7205=EDGE_CURVE('',#5833,#5827,#2573,.T.);
#7206=EDGE_CURVE('',#5829,#5834,#2574,.T.);
#7207=EDGE_CURVE('',#5835,#5836,#2575,.T.);
#7208=EDGE_CURVE('',#5835,#5837,#2576,.T.);
#7209=EDGE_CURVE('',#5838,#5837,#2577,.T.);
#7210=EDGE_CURVE('',#5836,#5838,#2578,.T.);
#7211=EDGE_CURVE('',#5836,#5839,#2579,.T.);
#7212=EDGE_CURVE('',#5840,#5838,#2580,.T.);
#7213=EDGE_CURVE('',#5839,#5840,#2581,.T.);
#7214=EDGE_CURVE('',#5839,#5841,#2582,.T.);
#7215=EDGE_CURVE('',#5842,#5840,#2583,.T.);
#7216=EDGE_CURVE('',#5841,#5842,#2584,.T.);
#7217=EDGE_CURVE('',#5841,#5835,#2585,.T.);
#7218=EDGE_CURVE('',#5837,#5842,#2586,.T.);
#7219=EDGE_CURVE('',#5843,#5844,#2587,.T.);
#7220=EDGE_CURVE('',#5843,#5845,#2588,.T.);
#7221=EDGE_CURVE('',#5845,#5846,#2589,.T.);
#7222=EDGE_CURVE('',#5844,#5846,#2590,.T.);
#7223=EDGE_CURVE('',#5847,#5843,#2591,.T.);
#7224=EDGE_CURVE('',#5847,#5848,#2592,.T.);
#7225=EDGE_CURVE('',#5848,#5845,#2593,.T.);
#7226=EDGE_CURVE('',#5849,#5847,#2594,.T.);
#7227=EDGE_CURVE('',#5849,#5850,#2595,.T.);
#7228=EDGE_CURVE('',#5850,#5848,#2596,.T.);
#7229=EDGE_CURVE('',#5844,#5849,#2597,.T.);
#7230=EDGE_CURVE('',#5846,#5850,#2598,.T.);
#7231=EDGE_CURVE('',#5851,#5852,#2599,.T.);
#7232=EDGE_CURVE('',#5851,#5853,#2600,.T.);
#7233=EDGE_CURVE('',#5853,#5854,#2601,.T.);
#7234=EDGE_CURVE('',#5852,#5854,#2602,.T.);
#7235=EDGE_CURVE('',#5855,#5851,#2603,.T.);
#7236=EDGE_CURVE('',#5855,#5856,#2604,.T.);
#7237=EDGE_CURVE('',#5856,#5853,#2605,.T.);
#7238=EDGE_CURVE('',#5857,#5855,#2606,.T.);
#7239=EDGE_CURVE('',#5857,#5858,#2607,.T.);
#7240=EDGE_CURVE('',#5858,#5856,#2608,.T.);
#7241=EDGE_CURVE('',#5852,#5857,#2609,.T.);
#7242=EDGE_CURVE('',#5854,#5858,#2610,.T.);
#7243=EDGE_CURVE('',#5859,#5860,#2611,.T.);
#7244=EDGE_CURVE('',#5860,#5861,#247,.T.);
#7245=EDGE_CURVE('',#5861,#5862,#2612,.T.);
#7246=EDGE_CURVE('',#5859,#5862,#248,.T.);
#7247=EDGE_CURVE('',#5860,#5863,#2613,.T.);
#7248=EDGE_CURVE('',#5863,#5864,#249,.T.);
#7249=EDGE_CURVE('',#5864,#5861,#2614,.T.);
#7250=EDGE_CURVE('',#5863,#5865,#2615,.T.);
#7251=EDGE_CURVE('',#5865,#5866,#250,.T.);
#7252=EDGE_CURVE('',#5866,#5864,#2616,.T.);
#7253=EDGE_CURVE('',#5862,#5866,#2617,.T.);
#7254=EDGE_CURVE('',#5865,#5859,#2618,.T.);
#7255=EDGE_CURVE('',#5867,#5868,#2619,.T.);
#7256=EDGE_CURVE('',#5868,#5869,#2620,.T.);
#7257=EDGE_CURVE('',#5870,#5869,#2621,.T.);
#7258=EDGE_CURVE('',#5867,#5870,#2622,.T.);
#7259=EDGE_CURVE('',#5871,#5867,#2623,.T.);
#7260=EDGE_CURVE('',#5872,#5870,#2624,.T.);
#7261=EDGE_CURVE('',#5871,#5872,#2625,.T.);
#7262=EDGE_CURVE('',#5873,#5871,#2626,.T.);
#7263=EDGE_CURVE('',#5874,#5872,#2627,.T.);
#7264=EDGE_CURVE('',#5873,#5874,#2628,.T.);
#7265=EDGE_CURVE('',#5868,#5873,#2629,.T.);
#7266=EDGE_CURVE('',#5869,#5874,#2630,.T.);
#7267=EDGE_CURVE('',#5875,#5876,#2631,.T.);
#7268=EDGE_CURVE('',#5875,#5877,#2632,.T.);
#7269=EDGE_CURVE('',#5878,#5877,#2633,.T.);
#7270=EDGE_CURVE('',#5876,#5878,#2634,.T.);
#7271=EDGE_CURVE('',#5876,#5879,#2635,.T.);
#7272=EDGE_CURVE('',#5880,#5878,#2636,.T.);
#7273=EDGE_CURVE('',#5879,#5880,#2637,.T.);
#7274=EDGE_CURVE('',#5879,#5881,#2638,.T.);
#7275=EDGE_CURVE('',#5882,#5880,#2639,.T.);
#7276=EDGE_CURVE('',#5881,#5882,#2640,.T.);
#7277=EDGE_CURVE('',#5881,#5875,#2641,.T.);
#7278=EDGE_CURVE('',#5877,#5882,#2642,.T.);
#7279=EDGE_CURVE('',#5883,#5884,#2643,.T.);
#7280=EDGE_CURVE('',#5884,#5885,#2644,.T.);
#7281=EDGE_CURVE('',#5886,#5885,#2645,.T.);
#7282=EDGE_CURVE('',#5883,#5886,#2646,.T.);
#7283=EDGE_CURVE('',#5887,#5883,#2647,.T.);
#7284=EDGE_CURVE('',#5888,#5886,#2648,.T.);
#7285=EDGE_CURVE('',#5887,#5888,#2649,.T.);
#7286=EDGE_CURVE('',#5889,#5887,#2650,.T.);
#7287=EDGE_CURVE('',#5890,#5888,#2651,.T.);
#7288=EDGE_CURVE('',#5889,#5890,#2652,.T.);
#7289=EDGE_CURVE('',#5884,#5889,#2653,.T.);
#7290=EDGE_CURVE('',#5885,#5890,#2654,.T.);
#7291=EDGE_CURVE('',#5891,#5892,#2655,.T.);
#7292=EDGE_CURVE('',#5891,#5893,#2656,.T.);
#7293=EDGE_CURVE('',#5894,#5893,#2657,.T.);
#7294=EDGE_CURVE('',#5892,#5894,#2658,.T.);
#7295=EDGE_CURVE('',#5892,#5895,#2659,.T.);
#7296=EDGE_CURVE('',#5896,#5894,#2660,.T.);
#7297=EDGE_CURVE('',#5895,#5896,#2661,.T.);
#7298=EDGE_CURVE('',#5895,#5897,#2662,.T.);
#7299=EDGE_CURVE('',#5898,#5896,#2663,.T.);
#7300=EDGE_CURVE('',#5897,#5898,#2664,.T.);
#7301=EDGE_CURVE('',#5897,#5891,#2665,.T.);
#7302=EDGE_CURVE('',#5893,#5898,#2666,.T.);
#7303=EDGE_CURVE('',#5899,#5900,#2667,.T.);
#7304=EDGE_CURVE('',#5900,#5901,#2668,.T.);
#7305=EDGE_CURVE('',#5902,#5901,#2669,.T.);
#7306=EDGE_CURVE('',#5899,#5902,#2670,.T.);
#7307=EDGE_CURVE('',#5903,#5899,#2671,.T.);
#7308=EDGE_CURVE('',#5904,#5902,#2672,.T.);
#7309=EDGE_CURVE('',#5903,#5904,#2673,.T.);
#7310=EDGE_CURVE('',#5905,#5903,#2674,.T.);
#7311=EDGE_CURVE('',#5906,#5904,#2675,.T.);
#7312=EDGE_CURVE('',#5905,#5906,#2676,.T.);
#7313=EDGE_CURVE('',#5900,#5905,#2677,.T.);
#7314=EDGE_CURVE('',#5901,#5906,#2678,.T.);
#7315=EDGE_CURVE('',#5907,#5908,#2679,.T.);
#7316=EDGE_CURVE('',#5908,#5909,#2680,.T.);
#7317=EDGE_CURVE('',#5910,#5909,#2681,.T.);
#7318=EDGE_CURVE('',#5907,#5910,#2682,.T.);
#7319=EDGE_CURVE('',#5911,#5907,#2683,.T.);
#7320=EDGE_CURVE('',#5912,#5910,#2684,.T.);
#7321=EDGE_CURVE('',#5911,#5912,#2685,.T.);
#7322=EDGE_CURVE('',#5913,#5911,#2686,.T.);
#7323=EDGE_CURVE('',#5914,#5912,#2687,.T.);
#7324=EDGE_CURVE('',#5913,#5914,#2688,.T.);
#7325=EDGE_CURVE('',#5908,#5913,#2689,.T.);
#7326=EDGE_CURVE('',#5909,#5914,#2690,.T.);
#7327=EDGE_CURVE('',#5915,#5916,#2691,.T.);
#7328=EDGE_CURVE('',#5915,#5917,#2692,.T.);
#7329=EDGE_CURVE('',#5918,#5917,#2693,.T.);
#7330=EDGE_CURVE('',#5916,#5918,#2694,.T.);
#7331=EDGE_CURVE('',#5916,#5919,#2695,.T.);
#7332=EDGE_CURVE('',#5920,#5918,#2696,.T.);
#7333=EDGE_CURVE('',#5919,#5920,#2697,.T.);
#7334=EDGE_CURVE('',#5919,#5921,#2698,.T.);
#7335=EDGE_CURVE('',#5922,#5920,#2699,.T.);
#7336=EDGE_CURVE('',#5921,#5922,#2700,.T.);
#7337=EDGE_CURVE('',#5921,#5915,#2701,.T.);
#7338=EDGE_CURVE('',#5917,#5922,#2702,.T.);
#7339=EDGE_CURVE('',#5923,#5924,#2703,.T.);
#7340=EDGE_CURVE('',#5923,#5925,#2704,.T.);
#7341=EDGE_CURVE('',#5926,#5925,#2705,.T.);
#7342=EDGE_CURVE('',#5924,#5926,#2706,.T.);
#7343=EDGE_CURVE('',#5924,#5927,#2707,.T.);
#7344=EDGE_CURVE('',#5928,#5926,#2708,.T.);
#7345=EDGE_CURVE('',#5927,#5928,#2709,.T.);
#7346=EDGE_CURVE('',#5927,#5929,#2710,.T.);
#7347=EDGE_CURVE('',#5930,#5928,#2711,.T.);
#7348=EDGE_CURVE('',#5929,#5930,#2712,.T.);
#7349=EDGE_CURVE('',#5929,#5923,#2713,.T.);
#7350=EDGE_CURVE('',#5925,#5930,#2714,.T.);
#7351=EDGE_CURVE('',#5931,#5932,#2715,.T.);
#7352=EDGE_CURVE('',#5932,#5933,#2716,.T.);
#7353=EDGE_CURVE('',#5934,#5933,#2717,.T.);
#7354=EDGE_CURVE('',#5931,#5934,#2718,.T.);
#7355=EDGE_CURVE('',#5935,#5931,#2719,.T.);
#7356=EDGE_CURVE('',#5936,#5934,#2720,.T.);
#7357=EDGE_CURVE('',#5935,#5936,#2721,.T.);
#7358=EDGE_CURVE('',#5937,#5935,#2722,.T.);
#7359=EDGE_CURVE('',#5938,#5936,#2723,.T.);
#7360=EDGE_CURVE('',#5937,#5938,#2724,.T.);
#7361=EDGE_CURVE('',#5932,#5937,#2725,.T.);
#7362=EDGE_CURVE('',#5933,#5938,#2726,.T.);
#7363=EDGE_CURVE('',#5939,#5940,#2727,.T.);
#7364=EDGE_CURVE('',#5939,#5941,#2728,.T.);
#7365=EDGE_CURVE('',#5942,#5941,#2729,.T.);
#7366=EDGE_CURVE('',#5940,#5942,#2730,.T.);
#7367=EDGE_CURVE('',#5940,#5943,#2731,.T.);
#7368=EDGE_CURVE('',#5944,#5942,#2732,.T.);
#7369=EDGE_CURVE('',#5943,#5944,#2733,.T.);
#7370=EDGE_CURVE('',#5943,#5945,#2734,.T.);
#7371=EDGE_CURVE('',#5946,#5944,#2735,.T.);
#7372=EDGE_CURVE('',#5945,#5946,#2736,.T.);
#7373=EDGE_CURVE('',#5945,#5939,#2737,.T.);
#7374=EDGE_CURVE('',#5941,#5946,#2738,.T.);
#7375=EDGE_CURVE('',#5947,#5948,#2739,.T.);
#7376=EDGE_CURVE('',#5948,#5949,#2740,.T.);
#7377=EDGE_CURVE('',#5950,#5949,#2741,.T.);
#7378=EDGE_CURVE('',#5947,#5950,#2742,.T.);
#7379=EDGE_CURVE('',#5951,#5947,#2743,.T.);
#7380=EDGE_CURVE('',#5952,#5950,#2744,.T.);
#7381=EDGE_CURVE('',#5951,#5952,#2745,.T.);
#7382=EDGE_CURVE('',#5953,#5951,#2746,.T.);
#7383=EDGE_CURVE('',#5954,#5952,#2747,.T.);
#7384=EDGE_CURVE('',#5953,#5954,#2748,.T.);
#7385=EDGE_CURVE('',#5948,#5953,#2749,.T.);
#7386=EDGE_CURVE('',#5949,#5954,#2750,.T.);
#7387=EDGE_CURVE('',#5955,#5956,#2751,.T.);
#7388=EDGE_CURVE('',#5955,#5957,#2752,.T.);
#7389=EDGE_CURVE('',#5958,#5957,#2753,.T.);
#7390=EDGE_CURVE('',#5956,#5958,#2754,.T.);
#7391=EDGE_CURVE('',#5956,#5959,#2755,.T.);
#7392=EDGE_CURVE('',#5960,#5958,#2756,.T.);
#7393=EDGE_CURVE('',#5959,#5960,#2757,.T.);
#7394=EDGE_CURVE('',#5959,#5961,#2758,.T.);
#7395=EDGE_CURVE('',#5962,#5960,#2759,.T.);
#7396=EDGE_CURVE('',#5961,#5962,#2760,.T.);
#7397=EDGE_CURVE('',#5961,#5955,#2761,.T.);
#7398=EDGE_CURVE('',#5957,#5962,#2762,.T.);
#7399=EDGE_CURVE('',#5963,#5964,#2763,.T.);
#7400=EDGE_CURVE('',#5964,#5965,#2764,.T.);
#7401=EDGE_CURVE('',#5966,#5965,#2765,.T.);
#7402=EDGE_CURVE('',#5963,#5966,#2766,.T.);
#7403=EDGE_CURVE('',#5967,#5963,#2767,.T.);
#7404=EDGE_CURVE('',#5968,#5966,#2768,.T.);
#7405=EDGE_CURVE('',#5967,#5968,#2769,.T.);
#7406=EDGE_CURVE('',#5969,#5967,#2770,.T.);
#7407=EDGE_CURVE('',#5970,#5968,#2771,.T.);
#7408=EDGE_CURVE('',#5969,#5970,#2772,.T.);
#7409=EDGE_CURVE('',#5964,#5969,#2773,.T.);
#7410=EDGE_CURVE('',#5965,#5970,#2774,.T.);
#7411=EDGE_CURVE('',#5971,#5972,#2775,.T.);
#7412=EDGE_CURVE('',#5971,#5973,#2776,.T.);
#7413=EDGE_CURVE('',#5974,#5973,#2777,.T.);
#7414=EDGE_CURVE('',#5972,#5974,#2778,.T.);
#7415=EDGE_CURVE('',#5972,#5975,#2779,.T.);
#7416=EDGE_CURVE('',#5976,#5974,#2780,.T.);
#7417=EDGE_CURVE('',#5975,#5976,#2781,.T.);
#7418=EDGE_CURVE('',#5975,#5977,#2782,.T.);
#7419=EDGE_CURVE('',#5978,#5976,#2783,.T.);
#7420=EDGE_CURVE('',#5977,#5978,#2784,.T.);
#7421=EDGE_CURVE('',#5977,#5971,#2785,.T.);
#7422=EDGE_CURVE('',#5973,#5978,#2786,.T.);
#7423=EDGE_CURVE('',#5979,#5980,#2787,.T.);
#7424=EDGE_CURVE('',#5979,#5981,#2788,.T.);
#7425=EDGE_CURVE('',#5982,#5981,#2789,.T.);
#7426=EDGE_CURVE('',#5980,#5982,#2790,.T.);
#7427=EDGE_CURVE('',#5980,#5983,#2791,.T.);
#7428=EDGE_CURVE('',#5984,#5982,#2792,.T.);
#7429=EDGE_CURVE('',#5983,#5984,#2793,.T.);
#7430=EDGE_CURVE('',#5983,#5985,#2794,.T.);
#7431=EDGE_CURVE('',#5986,#5984,#2795,.T.);
#7432=EDGE_CURVE('',#5985,#5986,#2796,.T.);
#7433=EDGE_CURVE('',#5985,#5979,#2797,.T.);
#7434=EDGE_CURVE('',#5981,#5986,#2798,.T.);
#7435=EDGE_CURVE('',#5987,#5988,#2799,.T.);
#7436=EDGE_CURVE('',#5988,#5989,#2800,.T.);
#7437=EDGE_CURVE('',#5990,#5989,#2801,.T.);
#7438=EDGE_CURVE('',#5987,#5990,#2802,.T.);
#7439=EDGE_CURVE('',#5991,#5987,#2803,.T.);
#7440=EDGE_CURVE('',#5992,#5990,#2804,.T.);
#7441=EDGE_CURVE('',#5991,#5992,#2805,.T.);
#7442=EDGE_CURVE('',#5993,#5991,#2806,.T.);
#7443=EDGE_CURVE('',#5994,#5992,#2807,.T.);
#7444=EDGE_CURVE('',#5993,#5994,#2808,.T.);
#7445=EDGE_CURVE('',#5988,#5993,#2809,.T.);
#7446=EDGE_CURVE('',#5989,#5994,#2810,.T.);
#7447=EDGE_CURVE('',#5995,#5996,#2811,.T.);
#7448=EDGE_CURVE('',#5996,#5997,#2812,.T.);
#7449=EDGE_CURVE('',#5998,#5997,#2813,.T.);
#7450=EDGE_CURVE('',#5995,#5998,#2814,.T.);
#7451=EDGE_CURVE('',#5999,#5995,#2815,.T.);
#7452=EDGE_CURVE('',#6000,#5998,#2816,.T.);
#7453=EDGE_CURVE('',#5999,#6000,#2817,.T.);
#7454=EDGE_CURVE('',#6001,#5999,#2818,.T.);
#7455=EDGE_CURVE('',#6002,#6000,#2819,.T.);
#7456=EDGE_CURVE('',#6001,#6002,#2820,.T.);
#7457=EDGE_CURVE('',#5996,#6001,#2821,.T.);
#7458=EDGE_CURVE('',#5997,#6002,#2822,.T.);
#7459=EDGE_CURVE('',#6003,#6004,#2823,.T.);
#7460=EDGE_CURVE('',#6004,#6005,#2824,.T.);
#7461=EDGE_CURVE('',#6006,#6005,#2825,.T.);
#7462=EDGE_CURVE('',#6003,#6006,#2826,.T.);
#7463=EDGE_CURVE('',#6007,#6003,#2827,.T.);
#7464=EDGE_CURVE('',#6008,#6006,#2828,.T.);
#7465=EDGE_CURVE('',#6007,#6008,#2829,.T.);
#7466=EDGE_CURVE('',#6009,#6007,#2830,.T.);
#7467=EDGE_CURVE('',#6010,#6008,#2831,.T.);
#7468=EDGE_CURVE('',#6009,#6010,#2832,.T.);
#7469=EDGE_CURVE('',#6004,#6009,#2833,.T.);
#7470=EDGE_CURVE('',#6005,#6010,#2834,.T.);
#7471=EDGE_CURVE('',#6011,#6012,#2835,.T.);
#7472=EDGE_CURVE('',#6011,#6013,#2836,.T.);
#7473=EDGE_CURVE('',#6014,#6013,#2837,.T.);
#7474=EDGE_CURVE('',#6012,#6014,#2838,.T.);
#7475=EDGE_CURVE('',#6012,#6015,#2839,.T.);
#7476=EDGE_CURVE('',#6016,#6014,#2840,.T.);
#7477=EDGE_CURVE('',#6015,#6016,#2841,.T.);
#7478=EDGE_CURVE('',#6015,#6017,#2842,.T.);
#7479=EDGE_CURVE('',#6018,#6016,#2843,.T.);
#7480=EDGE_CURVE('',#6017,#6018,#2844,.T.);
#7481=EDGE_CURVE('',#6017,#6011,#2845,.T.);
#7482=EDGE_CURVE('',#6013,#6018,#2846,.T.);
#7483=EDGE_CURVE('',#6019,#6020,#2847,.T.);
#7484=EDGE_CURVE('',#6019,#6021,#2848,.T.);
#7485=EDGE_CURVE('',#6022,#6021,#2849,.T.);
#7486=EDGE_CURVE('',#6020,#6022,#2850,.T.);
#7487=EDGE_CURVE('',#6020,#6023,#2851,.T.);
#7488=EDGE_CURVE('',#6024,#6022,#2852,.T.);
#7489=EDGE_CURVE('',#6023,#6024,#2853,.T.);
#7490=EDGE_CURVE('',#6023,#6025,#2854,.T.);
#7491=EDGE_CURVE('',#6026,#6024,#2855,.T.);
#7492=EDGE_CURVE('',#6025,#6026,#2856,.T.);
#7493=EDGE_CURVE('',#6025,#6019,#2857,.T.);
#7494=EDGE_CURVE('',#6021,#6026,#2858,.T.);
#7495=EDGE_CURVE('',#6027,#6028,#2859,.T.);
#7496=EDGE_CURVE('',#6027,#6029,#2860,.T.);
#7497=EDGE_CURVE('',#6030,#6029,#2861,.T.);
#7498=EDGE_CURVE('',#6028,#6030,#2862,.T.);
#7499=EDGE_CURVE('',#6028,#6031,#2863,.T.);
#7500=EDGE_CURVE('',#6032,#6030,#2864,.T.);
#7501=EDGE_CURVE('',#6031,#6032,#2865,.T.);
#7502=EDGE_CURVE('',#6031,#6033,#2866,.T.);
#7503=EDGE_CURVE('',#6034,#6032,#2867,.T.);
#7504=EDGE_CURVE('',#6033,#6034,#2868,.T.);
#7505=EDGE_CURVE('',#6033,#6027,#2869,.T.);
#7506=EDGE_CURVE('',#6029,#6034,#2870,.T.);
#7507=EDGE_CURVE('',#6035,#6036,#2871,.T.);
#7508=EDGE_CURVE('',#6035,#6037,#2872,.T.);
#7509=EDGE_CURVE('',#6038,#6037,#2873,.T.);
#7510=EDGE_CURVE('',#6036,#6038,#2874,.T.);
#7511=EDGE_CURVE('',#6036,#6039,#2875,.T.);
#7512=EDGE_CURVE('',#6040,#6038,#2876,.T.);
#7513=EDGE_CURVE('',#6039,#6040,#2877,.T.);
#7514=EDGE_CURVE('',#6039,#6041,#2878,.T.);
#7515=EDGE_CURVE('',#6042,#6040,#2879,.T.);
#7516=EDGE_CURVE('',#6041,#6042,#2880,.T.);
#7517=EDGE_CURVE('',#6041,#6035,#2881,.T.);
#7518=EDGE_CURVE('',#6037,#6042,#2882,.T.);
#7519=EDGE_CURVE('',#6043,#6044,#2883,.T.);
#7520=EDGE_CURVE('',#6044,#6045,#2884,.T.);
#7521=EDGE_CURVE('',#6046,#6045,#2885,.T.);
#7522=EDGE_CURVE('',#6043,#6046,#2886,.T.);
#7523=EDGE_CURVE('',#6047,#6043,#2887,.T.);
#7524=EDGE_CURVE('',#6048,#6046,#2888,.T.);
#7525=EDGE_CURVE('',#6047,#6048,#2889,.T.);
#7526=EDGE_CURVE('',#6049,#6047,#2890,.T.);
#7527=EDGE_CURVE('',#6050,#6048,#2891,.T.);
#7528=EDGE_CURVE('',#6049,#6050,#2892,.T.);
#7529=EDGE_CURVE('',#6044,#6049,#2893,.T.);
#7530=EDGE_CURVE('',#6045,#6050,#2894,.T.);
#7531=EDGE_CURVE('',#6051,#6052,#2895,.T.);
#7532=EDGE_CURVE('',#6052,#6053,#2896,.T.);
#7533=EDGE_CURVE('',#6054,#6053,#2897,.T.);
#7534=EDGE_CURVE('',#6051,#6054,#2898,.T.);
#7535=EDGE_CURVE('',#6055,#6051,#2899,.T.);
#7536=EDGE_CURVE('',#6056,#6054,#2900,.T.);
#7537=EDGE_CURVE('',#6055,#6056,#2901,.T.);
#7538=EDGE_CURVE('',#6057,#6055,#2902,.T.);
#7539=EDGE_CURVE('',#6058,#6056,#2903,.T.);
#7540=EDGE_CURVE('',#6057,#6058,#2904,.T.);
#7541=EDGE_CURVE('',#6052,#6057,#2905,.T.);
#7542=EDGE_CURVE('',#6053,#6058,#2906,.T.);
#7543=EDGE_CURVE('',#6059,#6060,#2907,.T.);
#7544=EDGE_CURVE('',#6059,#6061,#2908,.T.);
#7545=EDGE_CURVE('',#6062,#6061,#2909,.T.);
#7546=EDGE_CURVE('',#6060,#6062,#2910,.T.);
#7547=EDGE_CURVE('',#6060,#6063,#2911,.T.);
#7548=EDGE_CURVE('',#6064,#6062,#2912,.T.);
#7549=EDGE_CURVE('',#6063,#6064,#2913,.T.);
#7550=EDGE_CURVE('',#6063,#6065,#2914,.T.);
#7551=EDGE_CURVE('',#6066,#6064,#2915,.T.);
#7552=EDGE_CURVE('',#6065,#6066,#2916,.T.);
#7553=EDGE_CURVE('',#6065,#6059,#2917,.T.);
#7554=EDGE_CURVE('',#6061,#6066,#2918,.T.);
#7555=EDGE_CURVE('',#6067,#6068,#2919,.T.);
#7556=EDGE_CURVE('',#6068,#6069,#2920,.T.);
#7557=EDGE_CURVE('',#6070,#6069,#2921,.T.);
#7558=EDGE_CURVE('',#6067,#6070,#2922,.T.);
#7559=EDGE_CURVE('',#6071,#6067,#2923,.T.);
#7560=EDGE_CURVE('',#6072,#6070,#2924,.T.);
#7561=EDGE_CURVE('',#6071,#6072,#2925,.T.);
#7562=EDGE_CURVE('',#6073,#6071,#2926,.T.);
#7563=EDGE_CURVE('',#6074,#6072,#2927,.T.);
#7564=EDGE_CURVE('',#6073,#6074,#2928,.T.);
#7565=EDGE_CURVE('',#6068,#6073,#2929,.T.);
#7566=EDGE_CURVE('',#6069,#6074,#2930,.T.);
#7567=EDGE_CURVE('',#6075,#6076,#2931,.T.);
#7568=EDGE_CURVE('',#6075,#6077,#2932,.T.);
#7569=EDGE_CURVE('',#6078,#6077,#2933,.T.);
#7570=EDGE_CURVE('',#6076,#6078,#2934,.T.);
#7571=EDGE_CURVE('',#6076,#6079,#2935,.T.);
#7572=EDGE_CURVE('',#6080,#6078,#2936,.T.);
#7573=EDGE_CURVE('',#6079,#6080,#2937,.T.);
#7574=EDGE_CURVE('',#6079,#6081,#2938,.T.);
#7575=EDGE_CURVE('',#6082,#6080,#2939,.T.);
#7576=EDGE_CURVE('',#6081,#6082,#2940,.T.);
#7577=EDGE_CURVE('',#6081,#6075,#2941,.T.);
#7578=EDGE_CURVE('',#6077,#6082,#2942,.T.);
#7579=EDGE_CURVE('',#6083,#6084,#2943,.T.);
#7580=EDGE_CURVE('',#6084,#6085,#2944,.T.);
#7581=EDGE_CURVE('',#6086,#6085,#2945,.T.);
#7582=EDGE_CURVE('',#6083,#6086,#2946,.T.);
#7583=EDGE_CURVE('',#6087,#6083,#2947,.T.);
#7584=EDGE_CURVE('',#6088,#6086,#2948,.T.);
#7585=EDGE_CURVE('',#6087,#6088,#2949,.T.);
#7586=EDGE_CURVE('',#6089,#6087,#2950,.T.);
#7587=EDGE_CURVE('',#6090,#6088,#2951,.T.);
#7588=EDGE_CURVE('',#6089,#6090,#2952,.T.);
#7589=EDGE_CURVE('',#6084,#6089,#2953,.T.);
#7590=EDGE_CURVE('',#6085,#6090,#2954,.T.);
#7591=EDGE_CURVE('',#6091,#6092,#2955,.T.);
#7592=EDGE_CURVE('',#6091,#6093,#2956,.T.);
#7593=EDGE_CURVE('',#6094,#6093,#2957,.T.);
#7594=EDGE_CURVE('',#6092,#6094,#2958,.T.);
#7595=EDGE_CURVE('',#6092,#6095,#2959,.T.);
#7596=EDGE_CURVE('',#6096,#6094,#2960,.T.);
#7597=EDGE_CURVE('',#6095,#6096,#2961,.T.);
#7598=EDGE_CURVE('',#6095,#6097,#2962,.T.);
#7599=EDGE_CURVE('',#6098,#6096,#2963,.T.);
#7600=EDGE_CURVE('',#6097,#6098,#2964,.T.);
#7601=EDGE_CURVE('',#6097,#6091,#2965,.T.);
#7602=EDGE_CURVE('',#6093,#6098,#2966,.T.);
#7603=EDGE_CURVE('',#6099,#6100,#2967,.T.);
#7604=EDGE_CURVE('',#6100,#6101,#2968,.T.);
#7605=EDGE_CURVE('',#6102,#6101,#2969,.T.);
#7606=EDGE_CURVE('',#6099,#6102,#2970,.T.);
#7607=EDGE_CURVE('',#6103,#6099,#2971,.T.);
#7608=EDGE_CURVE('',#6104,#6102,#2972,.T.);
#7609=EDGE_CURVE('',#6103,#6104,#2973,.T.);
#7610=EDGE_CURVE('',#6105,#6103,#2974,.T.);
#7611=EDGE_CURVE('',#6106,#6104,#2975,.T.);
#7612=EDGE_CURVE('',#6105,#6106,#2976,.T.);
#7613=EDGE_CURVE('',#6100,#6105,#2977,.T.);
#7614=EDGE_CURVE('',#6101,#6106,#2978,.T.);
#7615=EDGE_CURVE('',#6107,#6108,#2979,.T.);
#7616=EDGE_CURVE('',#6108,#6109,#2980,.T.);
#7617=EDGE_CURVE('',#6110,#6109,#2981,.T.);
#7618=EDGE_CURVE('',#6107,#6110,#2982,.T.);
#7619=EDGE_CURVE('',#6111,#6107,#2983,.T.);
#7620=EDGE_CURVE('',#6112,#6110,#2984,.T.);
#7621=EDGE_CURVE('',#6111,#6112,#2985,.T.);
#7622=EDGE_CURVE('',#6113,#6111,#2986,.T.);
#7623=EDGE_CURVE('',#6114,#6112,#2987,.T.);
#7624=EDGE_CURVE('',#6113,#6114,#2988,.T.);
#7625=EDGE_CURVE('',#6108,#6113,#2989,.T.);
#7626=EDGE_CURVE('',#6109,#6114,#2990,.T.);
#7627=EDGE_CURVE('',#6115,#6116,#2991,.T.);
#7628=EDGE_CURVE('',#6115,#6117,#2992,.T.);
#7629=EDGE_CURVE('',#6118,#6117,#2993,.T.);
#7630=EDGE_CURVE('',#6116,#6118,#2994,.T.);
#7631=EDGE_CURVE('',#6116,#6119,#2995,.T.);
#7632=EDGE_CURVE('',#6120,#6118,#2996,.T.);
#7633=EDGE_CURVE('',#6119,#6120,#2997,.T.);
#7634=EDGE_CURVE('',#6119,#6121,#2998,.T.);
#7635=EDGE_CURVE('',#6122,#6120,#2999,.T.);
#7636=EDGE_CURVE('',#6121,#6122,#3000,.T.);
#7637=EDGE_CURVE('',#6121,#6115,#3001,.T.);
#7638=EDGE_CURVE('',#6117,#6122,#3002,.T.);
#7639=EDGE_CURVE('',#6123,#6124,#3003,.T.);
#7640=EDGE_CURVE('',#6124,#6125,#3004,.T.);
#7641=EDGE_CURVE('',#6126,#6125,#3005,.T.);
#7642=EDGE_CURVE('',#6123,#6126,#3006,.T.);
#7643=EDGE_CURVE('',#6127,#6123,#3007,.T.);
#7644=EDGE_CURVE('',#6128,#6126,#3008,.T.);
#7645=EDGE_CURVE('',#6127,#6128,#3009,.T.);
#7646=EDGE_CURVE('',#6129,#6127,#3010,.T.);
#7647=EDGE_CURVE('',#6130,#6128,#3011,.T.);
#7648=EDGE_CURVE('',#6129,#6130,#3012,.T.);
#7649=EDGE_CURVE('',#6124,#6129,#3013,.T.);
#7650=EDGE_CURVE('',#6125,#6130,#3014,.T.);
#7651=EDGE_CURVE('',#6131,#6132,#3015,.T.);
#7652=EDGE_CURVE('',#6132,#6133,#3016,.T.);
#7653=EDGE_CURVE('',#6134,#6133,#3017,.T.);
#7654=EDGE_CURVE('',#6131,#6134,#3018,.T.);
#7655=EDGE_CURVE('',#6135,#6131,#3019,.T.);
#7656=EDGE_CURVE('',#6136,#6134,#3020,.T.);
#7657=EDGE_CURVE('',#6135,#6136,#3021,.T.);
#7658=EDGE_CURVE('',#6137,#6135,#3022,.T.);
#7659=EDGE_CURVE('',#6138,#6136,#3023,.T.);
#7660=EDGE_CURVE('',#6137,#6138,#3024,.T.);
#7661=EDGE_CURVE('',#6132,#6137,#3025,.T.);
#7662=EDGE_CURVE('',#6133,#6138,#3026,.T.);
#7663=EDGE_CURVE('',#6139,#6140,#3027,.T.);
#7664=EDGE_CURVE('',#6139,#6141,#3028,.T.);
#7665=EDGE_CURVE('',#6142,#6141,#3029,.T.);
#7666=EDGE_CURVE('',#6140,#6142,#3030,.T.);
#7667=EDGE_CURVE('',#6140,#6143,#3031,.T.);
#7668=EDGE_CURVE('',#6144,#6142,#3032,.T.);
#7669=EDGE_CURVE('',#6143,#6144,#3033,.T.);
#7670=EDGE_CURVE('',#6143,#6145,#3034,.T.);
#7671=EDGE_CURVE('',#6146,#6144,#3035,.T.);
#7672=EDGE_CURVE('',#6145,#6146,#3036,.T.);
#7673=EDGE_CURVE('',#6145,#6139,#3037,.T.);
#7674=EDGE_CURVE('',#6141,#6146,#3038,.T.);
#7675=EDGE_CURVE('',#6147,#6148,#3039,.T.);
#7676=EDGE_CURVE('',#6147,#6149,#3040,.T.);
#7677=EDGE_CURVE('',#6150,#6149,#3041,.T.);
#7678=EDGE_CURVE('',#6148,#6150,#3042,.T.);
#7679=EDGE_CURVE('',#6148,#6151,#3043,.T.);
#7680=EDGE_CURVE('',#6152,#6150,#3044,.T.);
#7681=EDGE_CURVE('',#6151,#6152,#3045,.T.);
#7682=EDGE_CURVE('',#6151,#6153,#3046,.T.);
#7683=EDGE_CURVE('',#6154,#6152,#3047,.T.);
#7684=EDGE_CURVE('',#6153,#6154,#3048,.T.);
#7685=EDGE_CURVE('',#6153,#6147,#3049,.T.);
#7686=EDGE_CURVE('',#6149,#6154,#3050,.T.);
#7687=EDGE_CURVE('',#6155,#6156,#3051,.T.);
#7688=EDGE_CURVE('',#6156,#6157,#3052,.T.);
#7689=EDGE_CURVE('',#6158,#6157,#3053,.T.);
#7690=EDGE_CURVE('',#6155,#6158,#3054,.T.);
#7691=EDGE_CURVE('',#6159,#6155,#3055,.T.);
#7692=EDGE_CURVE('',#6160,#6158,#3056,.T.);
#7693=EDGE_CURVE('',#6159,#6160,#3057,.T.);
#7694=EDGE_CURVE('',#6161,#6159,#3058,.T.);
#7695=EDGE_CURVE('',#6162,#6160,#3059,.T.);
#7696=EDGE_CURVE('',#6161,#6162,#3060,.T.);
#7697=EDGE_CURVE('',#6156,#6161,#3061,.T.);
#7698=EDGE_CURVE('',#6157,#6162,#3062,.T.);
#7699=EDGE_CURVE('',#6163,#6164,#3063,.T.);
#7700=EDGE_CURVE('',#6164,#6165,#3064,.T.);
#7701=EDGE_CURVE('',#6166,#6165,#3065,.T.);
#7702=EDGE_CURVE('',#6163,#6166,#3066,.T.);
#7703=EDGE_CURVE('',#6167,#6163,#3067,.T.);
#7704=EDGE_CURVE('',#6168,#6166,#3068,.T.);
#7705=EDGE_CURVE('',#6167,#6168,#3069,.T.);
#7706=EDGE_CURVE('',#6169,#6167,#3070,.T.);
#7707=EDGE_CURVE('',#6170,#6168,#3071,.T.);
#7708=EDGE_CURVE('',#6169,#6170,#3072,.T.);
#7709=EDGE_CURVE('',#6164,#6169,#3073,.T.);
#7710=EDGE_CURVE('',#6165,#6170,#3074,.T.);
#7711=EDGE_CURVE('',#6171,#6172,#3075,.T.);
#7712=EDGE_CURVE('',#6171,#6173,#3076,.T.);
#7713=EDGE_CURVE('',#6174,#6173,#3077,.T.);
#7714=EDGE_CURVE('',#6172,#6174,#3078,.T.);
#7715=EDGE_CURVE('',#6172,#6175,#3079,.T.);
#7716=EDGE_CURVE('',#6176,#6174,#3080,.T.);
#7717=EDGE_CURVE('',#6175,#6176,#3081,.T.);
#7718=EDGE_CURVE('',#6175,#6177,#3082,.T.);
#7719=EDGE_CURVE('',#6178,#6176,#3083,.T.);
#7720=EDGE_CURVE('',#6177,#6178,#3084,.T.);
#7721=EDGE_CURVE('',#6177,#6171,#3085,.T.);
#7722=EDGE_CURVE('',#6173,#6178,#3086,.T.);
#7723=EDGE_CURVE('',#6179,#6180,#3087,.T.);
#7724=EDGE_CURVE('',#6179,#6181,#3088,.T.);
#7725=EDGE_CURVE('',#6182,#6181,#3089,.T.);
#7726=EDGE_CURVE('',#6180,#6182,#3090,.T.);
#7727=EDGE_CURVE('',#6180,#6183,#3091,.T.);
#7728=EDGE_CURVE('',#6184,#6182,#3092,.T.);
#7729=EDGE_CURVE('',#6183,#6184,#3093,.T.);
#7730=EDGE_CURVE('',#6183,#6185,#3094,.T.);
#7731=EDGE_CURVE('',#6186,#6184,#3095,.T.);
#7732=EDGE_CURVE('',#6185,#6186,#3096,.T.);
#7733=EDGE_CURVE('',#6185,#6179,#3097,.T.);
#7734=EDGE_CURVE('',#6181,#6186,#3098,.T.);
#7735=EDGE_CURVE('',#6187,#6188,#3099,.T.);
#7736=EDGE_CURVE('',#6188,#6189,#3100,.T.);
#7737=EDGE_CURVE('',#6190,#6189,#3101,.T.);
#7738=EDGE_CURVE('',#6187,#6190,#3102,.T.);
#7739=EDGE_CURVE('',#6191,#6187,#3103,.T.);
#7740=EDGE_CURVE('',#6192,#6190,#3104,.T.);
#7741=EDGE_CURVE('',#6191,#6192,#3105,.T.);
#7742=EDGE_CURVE('',#6193,#6191,#3106,.T.);
#7743=EDGE_CURVE('',#6194,#6192,#3107,.T.);
#7744=EDGE_CURVE('',#6193,#6194,#3108,.T.);
#7745=EDGE_CURVE('',#6188,#6193,#3109,.T.);
#7746=EDGE_CURVE('',#6189,#6194,#3110,.T.);
#7747=EDGE_CURVE('',#6195,#6196,#3111,.T.);
#7748=EDGE_CURVE('',#6196,#6197,#3112,.T.);
#7749=EDGE_CURVE('',#6198,#6197,#3113,.T.);
#7750=EDGE_CURVE('',#6195,#6198,#3114,.T.);
#7751=EDGE_CURVE('',#6199,#6195,#3115,.T.);
#7752=EDGE_CURVE('',#6200,#6198,#3116,.T.);
#7753=EDGE_CURVE('',#6199,#6200,#3117,.T.);
#7754=EDGE_CURVE('',#6201,#6199,#3118,.T.);
#7755=EDGE_CURVE('',#6202,#6200,#3119,.T.);
#7756=EDGE_CURVE('',#6201,#6202,#3120,.T.);
#7757=EDGE_CURVE('',#6196,#6201,#3121,.T.);
#7758=EDGE_CURVE('',#6197,#6202,#3122,.T.);
#7759=EDGE_CURVE('',#6203,#6204,#3123,.T.);
#7760=EDGE_CURVE('',#6203,#6205,#3124,.T.);
#7761=EDGE_CURVE('',#6206,#6205,#3125,.T.);
#7762=EDGE_CURVE('',#6204,#6206,#3126,.T.);
#7763=EDGE_CURVE('',#6204,#6207,#3127,.T.);
#7764=EDGE_CURVE('',#6208,#6206,#3128,.T.);
#7765=EDGE_CURVE('',#6207,#6208,#3129,.T.);
#7766=EDGE_CURVE('',#6207,#6209,#3130,.T.);
#7767=EDGE_CURVE('',#6210,#6208,#3131,.T.);
#7768=EDGE_CURVE('',#6209,#6210,#3132,.T.);
#7769=EDGE_CURVE('',#6209,#6203,#3133,.T.);
#7770=EDGE_CURVE('',#6205,#6210,#3134,.T.);
#7771=EDGE_CURVE('',#6211,#6212,#3135,.T.);
#7772=EDGE_CURVE('',#6211,#6213,#3136,.T.);
#7773=EDGE_CURVE('',#6214,#6213,#3137,.T.);
#7774=EDGE_CURVE('',#6212,#6214,#3138,.T.);
#7775=EDGE_CURVE('',#6212,#6215,#3139,.T.);
#7776=EDGE_CURVE('',#6216,#6214,#3140,.T.);
#7777=EDGE_CURVE('',#6215,#6216,#3141,.T.);
#7778=EDGE_CURVE('',#6215,#6217,#3142,.T.);
#7779=EDGE_CURVE('',#6218,#6216,#3143,.T.);
#7780=EDGE_CURVE('',#6217,#6218,#3144,.T.);
#7781=EDGE_CURVE('',#6217,#6211,#3145,.T.);
#7782=EDGE_CURVE('',#6213,#6218,#3146,.T.);
#7783=EDGE_CURVE('',#6219,#6220,#3147,.T.);
#7784=EDGE_CURVE('',#6219,#6221,#3148,.T.);
#7785=EDGE_CURVE('',#6221,#6222,#3149,.T.);
#7786=EDGE_CURVE('',#6220,#6222,#3150,.T.);
#7787=EDGE_CURVE('',#6223,#6219,#3151,.T.);
#7788=EDGE_CURVE('',#6223,#6224,#3152,.T.);
#7789=EDGE_CURVE('',#6224,#6221,#3153,.T.);
#7790=EDGE_CURVE('',#6225,#6223,#3154,.T.);
#7791=EDGE_CURVE('',#6225,#6226,#3155,.T.);
#7792=EDGE_CURVE('',#6226,#6224,#3156,.T.);
#7793=EDGE_CURVE('',#6220,#6225,#3157,.T.);
#7794=EDGE_CURVE('',#6222,#6226,#3158,.T.);
#7795=EDGE_CURVE('',#6227,#6228,#3159,.T.);
#7796=EDGE_CURVE('',#6228,#6229,#3160,.T.);
#7797=EDGE_CURVE('',#6229,#6230,#3161,.T.);
#7798=EDGE_CURVE('',#6227,#6230,#3162,.T.);
#7799=EDGE_CURVE('',#6228,#6231,#3163,.T.);
#7800=EDGE_CURVE('',#6231,#6232,#3164,.T.);
#7801=EDGE_CURVE('',#6232,#6229,#3165,.T.);
#7802=EDGE_CURVE('',#6231,#6233,#3166,.T.);
#7803=EDGE_CURVE('',#6233,#6234,#3167,.T.);
#7804=EDGE_CURVE('',#6234,#6232,#3168,.T.);
#7805=EDGE_CURVE('',#6233,#6227,#3169,.T.);
#7806=EDGE_CURVE('',#6230,#6234,#3170,.T.);
#7807=EDGE_CURVE('',#6235,#6236,#3171,.T.);
#7808=EDGE_CURVE('',#6235,#6237,#3172,.T.);
#7809=EDGE_CURVE('',#6237,#6238,#3173,.T.);
#7810=EDGE_CURVE('',#6236,#6238,#3174,.T.);
#7811=EDGE_CURVE('',#6239,#6235,#3175,.T.);
#7812=EDGE_CURVE('',#6239,#6240,#3176,.T.);
#7813=EDGE_CURVE('',#6240,#6237,#3177,.T.);
#7814=EDGE_CURVE('',#6241,#6239,#3178,.T.);
#7815=EDGE_CURVE('',#6241,#6242,#3179,.T.);
#7816=EDGE_CURVE('',#6242,#6240,#3180,.T.);
#7817=EDGE_CURVE('',#6236,#6241,#3181,.T.);
#7818=EDGE_CURVE('',#6238,#6242,#3182,.T.);
#7819=EDGE_CURVE('',#6243,#6244,#3183,.T.);
#7820=EDGE_CURVE('',#6244,#6245,#3184,.T.);
#7821=EDGE_CURVE('',#6245,#6246,#3185,.T.);
#7822=EDGE_CURVE('',#6243,#6246,#3186,.T.);
#7823=EDGE_CURVE('',#6244,#6247,#3187,.T.);
#7824=EDGE_CURVE('',#6247,#6248,#3188,.T.);
#7825=EDGE_CURVE('',#6248,#6245,#3189,.T.);
#7826=EDGE_CURVE('',#6247,#6249,#3190,.T.);
#7827=EDGE_CURVE('',#6249,#6250,#3191,.T.);
#7828=EDGE_CURVE('',#6250,#6248,#3192,.T.);
#7829=EDGE_CURVE('',#6249,#6243,#3193,.T.);
#7830=EDGE_CURVE('',#6246,#6250,#3194,.T.);
#7831=EDGE_CURVE('',#6251,#6252,#3195,.T.);
#7832=EDGE_CURVE('',#6251,#6253,#3196,.T.);
#7833=EDGE_CURVE('',#6253,#6254,#3197,.T.);
#7834=EDGE_CURVE('',#6252,#6254,#3198,.T.);
#7835=EDGE_CURVE('',#6255,#6251,#3199,.T.);
#7836=EDGE_CURVE('',#6255,#6256,#3200,.T.);
#7837=EDGE_CURVE('',#6256,#6253,#3201,.T.);
#7838=EDGE_CURVE('',#6257,#6255,#3202,.T.);
#7839=EDGE_CURVE('',#6257,#6258,#3203,.T.);
#7840=EDGE_CURVE('',#6258,#6256,#3204,.T.);
#7841=EDGE_CURVE('',#6252,#6257,#3205,.T.);
#7842=EDGE_CURVE('',#6254,#6258,#3206,.T.);
#7843=EDGE_CURVE('',#6259,#6260,#3207,.T.);
#7844=EDGE_CURVE('',#6259,#6261,#3208,.T.);
#7845=EDGE_CURVE('',#6261,#6262,#3209,.T.);
#7846=EDGE_CURVE('',#6260,#6262,#3210,.T.);
#7847=EDGE_CURVE('',#6263,#6259,#3211,.T.);
#7848=EDGE_CURVE('',#6263,#6264,#3212,.T.);
#7849=EDGE_CURVE('',#6264,#6261,#3213,.T.);
#7850=EDGE_CURVE('',#6265,#6263,#3214,.T.);
#7851=EDGE_CURVE('',#6265,#6266,#3215,.T.);
#7852=EDGE_CURVE('',#6266,#6264,#3216,.T.);
#7853=EDGE_CURVE('',#6260,#6265,#3217,.T.);
#7854=EDGE_CURVE('',#6262,#6266,#3218,.T.);
#7855=EDGE_CURVE('',#6267,#6268,#3219,.T.);
#7856=EDGE_CURVE('',#6268,#6269,#3220,.T.);
#7857=EDGE_CURVE('',#6269,#6270,#3221,.T.);
#7858=EDGE_CURVE('',#6267,#6270,#3222,.T.);
#7859=EDGE_CURVE('',#6268,#6271,#3223,.T.);
#7860=EDGE_CURVE('',#6271,#6272,#3224,.T.);
#7861=EDGE_CURVE('',#6272,#6269,#3225,.T.);
#7862=EDGE_CURVE('',#6271,#6273,#3226,.T.);
#7863=EDGE_CURVE('',#6273,#6274,#3227,.T.);
#7864=EDGE_CURVE('',#6274,#6272,#3228,.T.);
#7865=EDGE_CURVE('',#6273,#6267,#3229,.T.);
#7866=EDGE_CURVE('',#6270,#6274,#3230,.T.);
#7867=EDGE_CURVE('',#6275,#6276,#3231,.T.);
#7868=EDGE_CURVE('',#6276,#6277,#3232,.T.);
#7869=EDGE_CURVE('',#6277,#6278,#3233,.T.);
#7870=EDGE_CURVE('',#6275,#6278,#3234,.T.);
#7871=EDGE_CURVE('',#6276,#6279,#3235,.T.);
#7872=EDGE_CURVE('',#6279,#6280,#3236,.T.);
#7873=EDGE_CURVE('',#6280,#6277,#3237,.T.);
#7874=EDGE_CURVE('',#6279,#6281,#3238,.T.);
#7875=EDGE_CURVE('',#6281,#6282,#3239,.T.);
#7876=EDGE_CURVE('',#6282,#6280,#3240,.T.);
#7877=EDGE_CURVE('',#6281,#6275,#3241,.T.);
#7878=EDGE_CURVE('',#6278,#6282,#3242,.T.);
#7879=EDGE_CURVE('',#6283,#6284,#3243,.T.);
#7880=EDGE_CURVE('',#6283,#6285,#3244,.T.);
#7881=EDGE_CURVE('',#6285,#6286,#3245,.T.);
#7882=EDGE_CURVE('',#6284,#6286,#3246,.T.);
#7883=EDGE_CURVE('',#6287,#6283,#3247,.T.);
#7884=EDGE_CURVE('',#6287,#6288,#3248,.T.);
#7885=EDGE_CURVE('',#6288,#6285,#3249,.T.);
#7886=EDGE_CURVE('',#6289,#6287,#3250,.T.);
#7887=EDGE_CURVE('',#6289,#6290,#3251,.T.);
#7888=EDGE_CURVE('',#6290,#6288,#3252,.T.);
#7889=EDGE_CURVE('',#6284,#6289,#3253,.T.);
#7890=EDGE_CURVE('',#6286,#6290,#3254,.T.);
#7891=EDGE_CURVE('',#6291,#6292,#3255,.T.);
#7892=EDGE_CURVE('',#6292,#6293,#3256,.T.);
#7893=EDGE_CURVE('',#6293,#6294,#3257,.T.);
#7894=EDGE_CURVE('',#6291,#6294,#3258,.T.);
#7895=EDGE_CURVE('',#6292,#6295,#3259,.T.);
#7896=EDGE_CURVE('',#6295,#6296,#3260,.T.);
#7897=EDGE_CURVE('',#6296,#6293,#3261,.T.);
#7898=EDGE_CURVE('',#6295,#6297,#3262,.T.);
#7899=EDGE_CURVE('',#6297,#6298,#3263,.T.);
#7900=EDGE_CURVE('',#6298,#6296,#3264,.T.);
#7901=EDGE_CURVE('',#6297,#6291,#3265,.T.);
#7902=EDGE_CURVE('',#6294,#6298,#3266,.T.);
#7903=EDGE_CURVE('',#6299,#6300,#3267,.T.);
#7904=EDGE_CURVE('',#6299,#6301,#3268,.T.);
#7905=EDGE_CURVE('',#6301,#6302,#3269,.T.);
#7906=EDGE_CURVE('',#6300,#6302,#3270,.T.);
#7907=EDGE_CURVE('',#6303,#6299,#3271,.T.);
#7908=EDGE_CURVE('',#6303,#6304,#3272,.T.);
#7909=EDGE_CURVE('',#6304,#6301,#3273,.T.);
#7910=EDGE_CURVE('',#6305,#6303,#3274,.T.);
#7911=EDGE_CURVE('',#6305,#6306,#3275,.T.);
#7912=EDGE_CURVE('',#6306,#6304,#3276,.T.);
#7913=EDGE_CURVE('',#6300,#6305,#3277,.T.);
#7914=EDGE_CURVE('',#6302,#6306,#3278,.T.);
#7915=EDGE_CURVE('',#6307,#6308,#3279,.T.);
#7916=EDGE_CURVE('',#6308,#6309,#3280,.T.);
#7917=EDGE_CURVE('',#6309,#6310,#3281,.T.);
#7918=EDGE_CURVE('',#6307,#6310,#3282,.T.);
#7919=EDGE_CURVE('',#6308,#6311,#3283,.T.);
#7920=EDGE_CURVE('',#6311,#6312,#3284,.T.);
#7921=EDGE_CURVE('',#6312,#6309,#3285,.T.);
#7922=EDGE_CURVE('',#6311,#6313,#3286,.T.);
#7923=EDGE_CURVE('',#6313,#6314,#3287,.T.);
#7924=EDGE_CURVE('',#6314,#6312,#3288,.T.);
#7925=EDGE_CURVE('',#6313,#6307,#3289,.T.);
#7926=EDGE_CURVE('',#6310,#6314,#3290,.T.);
#7927=EDGE_CURVE('',#6315,#6316,#3291,.T.);
#7928=EDGE_CURVE('',#6315,#6317,#3292,.T.);
#7929=EDGE_CURVE('',#6317,#6318,#3293,.T.);
#7930=EDGE_CURVE('',#6316,#6318,#3294,.T.);
#7931=EDGE_CURVE('',#6319,#6315,#3295,.T.);
#7932=EDGE_CURVE('',#6319,#6320,#3296,.T.);
#7933=EDGE_CURVE('',#6320,#6317,#3297,.T.);
#7934=EDGE_CURVE('',#6321,#6319,#3298,.T.);
#7935=EDGE_CURVE('',#6321,#6322,#3299,.T.);
#7936=EDGE_CURVE('',#6322,#6320,#3300,.T.);
#7937=EDGE_CURVE('',#6316,#6321,#3301,.T.);
#7938=EDGE_CURVE('',#6318,#6322,#3302,.T.);
#7939=EDGE_CURVE('',#6323,#6324,#3303,.T.);
#7940=EDGE_CURVE('',#6324,#6325,#3304,.T.);
#7941=EDGE_CURVE('',#6325,#6326,#3305,.T.);
#7942=EDGE_CURVE('',#6323,#6326,#3306,.T.);
#7943=EDGE_CURVE('',#6324,#6327,#3307,.T.);
#7944=EDGE_CURVE('',#6327,#6328,#3308,.T.);
#7945=EDGE_CURVE('',#6328,#6325,#3309,.T.);
#7946=EDGE_CURVE('',#6327,#6329,#3310,.T.);
#7947=EDGE_CURVE('',#6329,#6330,#3311,.T.);
#7948=EDGE_CURVE('',#6330,#6328,#3312,.T.);
#7949=EDGE_CURVE('',#6329,#6323,#3313,.T.);
#7950=EDGE_CURVE('',#6326,#6330,#3314,.T.);
#7951=EDGE_CURVE('',#6331,#6332,#3315,.T.);
#7952=EDGE_CURVE('',#6332,#6333,#3316,.T.);
#7953=EDGE_CURVE('',#6333,#6334,#3317,.T.);
#7954=EDGE_CURVE('',#6331,#6334,#3318,.T.);
#7955=EDGE_CURVE('',#6332,#6335,#3319,.T.);
#7956=EDGE_CURVE('',#6335,#6336,#3320,.T.);
#7957=EDGE_CURVE('',#6336,#6333,#3321,.T.);
#7958=EDGE_CURVE('',#6335,#6337,#3322,.T.);
#7959=EDGE_CURVE('',#6337,#6338,#3323,.T.);
#7960=EDGE_CURVE('',#6338,#6336,#3324,.T.);
#7961=EDGE_CURVE('',#6337,#6331,#3325,.T.);
#7962=EDGE_CURVE('',#6334,#6338,#3326,.T.);
#7963=EDGE_CURVE('',#6339,#6340,#3327,.T.);
#7964=EDGE_CURVE('',#6339,#6341,#3328,.T.);
#7965=EDGE_CURVE('',#6341,#6342,#3329,.T.);
#7966=EDGE_CURVE('',#6340,#6342,#3330,.T.);
#7967=EDGE_CURVE('',#6343,#6339,#3331,.T.);
#7968=EDGE_CURVE('',#6343,#6344,#3332,.T.);
#7969=EDGE_CURVE('',#6344,#6341,#3333,.T.);
#7970=EDGE_CURVE('',#6345,#6343,#3334,.T.);
#7971=EDGE_CURVE('',#6345,#6346,#3335,.T.);
#7972=EDGE_CURVE('',#6346,#6344,#3336,.T.);
#7973=EDGE_CURVE('',#6340,#6345,#3337,.T.);
#7974=EDGE_CURVE('',#6342,#6346,#3338,.T.);
#7975=EDGE_CURVE('',#6347,#6348,#3339,.T.);
#7976=EDGE_CURVE('',#6347,#6349,#3340,.T.);
#7977=EDGE_CURVE('',#6349,#6350,#3341,.T.);
#7978=EDGE_CURVE('',#6348,#6350,#3342,.T.);
#7979=EDGE_CURVE('',#6351,#6347,#3343,.T.);
#7980=EDGE_CURVE('',#6351,#6352,#3344,.T.);
#7981=EDGE_CURVE('',#6352,#6349,#3345,.T.);
#7982=EDGE_CURVE('',#6353,#6351,#3346,.T.);
#7983=EDGE_CURVE('',#6353,#6354,#3347,.T.);
#7984=EDGE_CURVE('',#6354,#6352,#3348,.T.);
#7985=EDGE_CURVE('',#6348,#6353,#3349,.T.);
#7986=EDGE_CURVE('',#6350,#6354,#3350,.T.);
#7987=EDGE_CURVE('',#6355,#6356,#3351,.T.);
#7988=EDGE_CURVE('',#6355,#6357,#3352,.T.);
#7989=EDGE_CURVE('',#6357,#6358,#3353,.T.);
#7990=EDGE_CURVE('',#6356,#6358,#3354,.T.);
#7991=EDGE_CURVE('',#6359,#6355,#3355,.T.);
#7992=EDGE_CURVE('',#6359,#6360,#3356,.T.);
#7993=EDGE_CURVE('',#6360,#6357,#3357,.T.);
#7994=EDGE_CURVE('',#6361,#6359,#3358,.T.);
#7995=EDGE_CURVE('',#6361,#6362,#3359,.T.);
#7996=EDGE_CURVE('',#6362,#6360,#3360,.T.);
#7997=EDGE_CURVE('',#6356,#6361,#3361,.T.);
#7998=EDGE_CURVE('',#6358,#6362,#3362,.T.);
#7999=EDGE_CURVE('',#6363,#6364,#3363,.T.);
#8000=EDGE_CURVE('',#6364,#6365,#3364,.T.);
#8001=EDGE_CURVE('',#6365,#6366,#3365,.T.);
#8002=EDGE_CURVE('',#6363,#6366,#3366,.T.);
#8003=EDGE_CURVE('',#6364,#6367,#3367,.T.);
#8004=EDGE_CURVE('',#6367,#6368,#3368,.T.);
#8005=EDGE_CURVE('',#6368,#6365,#3369,.T.);
#8006=EDGE_CURVE('',#6367,#6369,#3370,.T.);
#8007=EDGE_CURVE('',#6369,#6370,#3371,.T.);
#8008=EDGE_CURVE('',#6370,#6368,#3372,.T.);
#8009=EDGE_CURVE('',#6369,#6363,#3373,.T.);
#8010=EDGE_CURVE('',#6366,#6370,#3374,.T.);
#8011=EDGE_CURVE('',#6371,#6372,#3375,.T.);
#8012=EDGE_CURVE('',#6372,#6373,#3376,.T.);
#8013=EDGE_CURVE('',#6373,#6374,#3377,.T.);
#8014=EDGE_CURVE('',#6371,#6374,#3378,.T.);
#8015=EDGE_CURVE('',#6372,#6375,#3379,.T.);
#8016=EDGE_CURVE('',#6375,#6376,#3380,.T.);
#8017=EDGE_CURVE('',#6376,#6373,#3381,.T.);
#8018=EDGE_CURVE('',#6375,#6377,#3382,.T.);
#8019=EDGE_CURVE('',#6377,#6378,#3383,.T.);
#8020=EDGE_CURVE('',#6378,#6376,#3384,.T.);
#8021=EDGE_CURVE('',#6377,#6371,#3385,.T.);
#8022=EDGE_CURVE('',#6374,#6378,#3386,.T.);
#8023=EDGE_CURVE('',#6379,#6380,#3387,.T.);
#8024=EDGE_CURVE('',#6380,#6381,#3388,.T.);
#8025=EDGE_CURVE('',#6381,#6382,#3389,.T.);
#8026=EDGE_CURVE('',#6379,#6382,#3390,.T.);
#8027=EDGE_CURVE('',#6380,#6383,#3391,.T.);
#8028=EDGE_CURVE('',#6383,#6384,#3392,.T.);
#8029=EDGE_CURVE('',#6384,#6381,#3393,.T.);
#8030=EDGE_CURVE('',#6383,#6385,#3394,.T.);
#8031=EDGE_CURVE('',#6385,#6386,#3395,.T.);
#8032=EDGE_CURVE('',#6386,#6384,#3396,.T.);
#8033=EDGE_CURVE('',#6385,#6379,#3397,.T.);
#8034=EDGE_CURVE('',#6382,#6386,#3398,.T.);
#8035=EDGE_CURVE('',#6387,#6388,#3399,.T.);
#8036=EDGE_CURVE('',#6388,#6389,#3400,.T.);
#8037=EDGE_CURVE('',#6389,#6390,#3401,.T.);
#8038=EDGE_CURVE('',#6387,#6390,#3402,.T.);
#8039=EDGE_CURVE('',#6388,#6391,#3403,.T.);
#8040=EDGE_CURVE('',#6391,#6392,#3404,.T.);
#8041=EDGE_CURVE('',#6392,#6389,#3405,.T.);
#8042=EDGE_CURVE('',#6391,#6393,#3406,.T.);
#8043=EDGE_CURVE('',#6393,#6394,#3407,.T.);
#8044=EDGE_CURVE('',#6394,#6392,#3408,.T.);
#8045=EDGE_CURVE('',#6393,#6387,#3409,.T.);
#8046=EDGE_CURVE('',#6390,#6394,#3410,.T.);
#8047=EDGE_CURVE('',#6395,#6396,#3411,.T.);
#8048=EDGE_CURVE('',#6395,#6397,#3412,.T.);
#8049=EDGE_CURVE('',#6397,#6398,#3413,.T.);
#8050=EDGE_CURVE('',#6396,#6398,#3414,.T.);
#8051=EDGE_CURVE('',#6399,#6395,#3415,.T.);
#8052=EDGE_CURVE('',#6399,#6400,#3416,.T.);
#8053=EDGE_CURVE('',#6400,#6397,#3417,.T.);
#8054=EDGE_CURVE('',#6401,#6399,#3418,.T.);
#8055=EDGE_CURVE('',#6401,#6402,#3419,.T.);
#8056=EDGE_CURVE('',#6402,#6400,#3420,.T.);
#8057=EDGE_CURVE('',#6396,#6401,#3421,.T.);
#8058=EDGE_CURVE('',#6398,#6402,#3422,.T.);
#8059=EDGE_CURVE('',#6403,#6404,#3423,.T.);
#8060=EDGE_CURVE('',#6403,#6405,#3424,.T.);
#8061=EDGE_CURVE('',#6405,#6406,#3425,.T.);
#8062=EDGE_CURVE('',#6404,#6406,#3426,.T.);
#8063=EDGE_CURVE('',#6407,#6403,#3427,.T.);
#8064=EDGE_CURVE('',#6407,#6408,#3428,.T.);
#8065=EDGE_CURVE('',#6408,#6405,#3429,.T.);
#8066=EDGE_CURVE('',#6409,#6407,#3430,.T.);
#8067=EDGE_CURVE('',#6409,#6410,#3431,.T.);
#8068=EDGE_CURVE('',#6410,#6408,#3432,.T.);
#8069=EDGE_CURVE('',#6404,#6409,#3433,.T.);
#8070=EDGE_CURVE('',#6406,#6410,#3434,.T.);
#8071=EDGE_CURVE('',#6411,#6412,#3435,.T.);
#8072=EDGE_CURVE('',#6412,#6413,#3436,.T.);
#8073=EDGE_CURVE('',#6413,#6414,#3437,.T.);
#8074=EDGE_CURVE('',#6411,#6414,#3438,.T.);
#8075=EDGE_CURVE('',#6412,#6415,#3439,.T.);
#8076=EDGE_CURVE('',#6415,#6416,#3440,.T.);
#8077=EDGE_CURVE('',#6416,#6413,#3441,.T.);
#8078=EDGE_CURVE('',#6415,#6417,#3442,.T.);
#8079=EDGE_CURVE('',#6417,#6418,#3443,.T.);
#8080=EDGE_CURVE('',#6418,#6416,#3444,.T.);
#8081=EDGE_CURVE('',#6417,#6411,#3445,.T.);
#8082=EDGE_CURVE('',#6414,#6418,#3446,.T.);
#8083=EDGE_CURVE('',#6419,#6420,#3447,.T.);
#8084=EDGE_CURVE('',#6419,#6421,#3448,.T.);
#8085=EDGE_CURVE('',#6421,#6422,#3449,.T.);
#8086=EDGE_CURVE('',#6420,#6422,#3450,.T.);
#8087=EDGE_CURVE('',#6423,#6419,#3451,.T.);
#8088=EDGE_CURVE('',#6423,#6424,#3452,.T.);
#8089=EDGE_CURVE('',#6424,#6421,#3453,.T.);
#8090=EDGE_CURVE('',#6425,#6423,#3454,.T.);
#8091=EDGE_CURVE('',#6425,#6426,#3455,.T.);
#8092=EDGE_CURVE('',#6426,#6424,#3456,.T.);
#8093=EDGE_CURVE('',#6420,#6425,#3457,.T.);
#8094=EDGE_CURVE('',#6422,#6426,#3458,.T.);
#8095=EDGE_CURVE('',#6427,#6428,#3459,.T.);
#8096=EDGE_CURVE('',#6428,#6429,#3460,.T.);
#8097=EDGE_CURVE('',#6429,#6430,#3461,.T.);
#8098=EDGE_CURVE('',#6427,#6430,#3462,.T.);
#8099=EDGE_CURVE('',#6428,#6431,#3463,.T.);
#8100=EDGE_CURVE('',#6431,#6432,#3464,.T.);
#8101=EDGE_CURVE('',#6432,#6429,#3465,.T.);
#8102=EDGE_CURVE('',#6431,#6433,#3466,.T.);
#8103=EDGE_CURVE('',#6433,#6434,#3467,.T.);
#8104=EDGE_CURVE('',#6434,#6432,#3468,.T.);
#8105=EDGE_CURVE('',#6433,#6427,#3469,.T.);
#8106=EDGE_CURVE('',#6430,#6434,#3470,.T.);
#8107=EDGE_CURVE('',#6435,#6436,#3471,.T.);
#8108=EDGE_CURVE('',#6435,#6437,#3472,.T.);
#8109=EDGE_CURVE('',#6437,#6438,#3473,.T.);
#8110=EDGE_CURVE('',#6436,#6438,#3474,.T.);
#8111=EDGE_CURVE('',#6439,#6435,#3475,.T.);
#8112=EDGE_CURVE('',#6439,#6440,#3476,.T.);
#8113=EDGE_CURVE('',#6440,#6437,#3477,.T.);
#8114=EDGE_CURVE('',#6441,#6439,#3478,.T.);
#8115=EDGE_CURVE('',#6441,#6442,#3479,.T.);
#8116=EDGE_CURVE('',#6442,#6440,#3480,.T.);
#8117=EDGE_CURVE('',#6436,#6441,#3481,.T.);
#8118=EDGE_CURVE('',#6438,#6442,#3482,.T.);
#8119=EDGE_CURVE('',#6443,#6444,#3483,.T.);
#8120=EDGE_CURVE('',#6444,#6445,#3484,.T.);
#8121=EDGE_CURVE('',#6445,#6446,#3485,.T.);
#8122=EDGE_CURVE('',#6443,#6446,#3486,.T.);
#8123=EDGE_CURVE('',#6444,#6447,#3487,.T.);
#8124=EDGE_CURVE('',#6447,#6448,#3488,.T.);
#8125=EDGE_CURVE('',#6448,#6445,#3489,.T.);
#8126=EDGE_CURVE('',#6447,#6449,#3490,.T.);
#8127=EDGE_CURVE('',#6449,#6450,#3491,.T.);
#8128=EDGE_CURVE('',#6450,#6448,#3492,.T.);
#8129=EDGE_CURVE('',#6449,#6443,#3493,.T.);
#8130=EDGE_CURVE('',#6446,#6450,#3494,.T.);
#8131=EDGE_CURVE('',#6451,#6452,#3495,.T.);
#8132=EDGE_CURVE('',#6451,#6453,#3496,.T.);
#8133=EDGE_CURVE('',#6453,#6454,#3497,.T.);
#8134=EDGE_CURVE('',#6452,#6454,#3498,.T.);
#8135=EDGE_CURVE('',#6455,#6451,#3499,.T.);
#8136=EDGE_CURVE('',#6455,#6456,#3500,.T.);
#8137=EDGE_CURVE('',#6456,#6453,#3501,.T.);
#8138=EDGE_CURVE('',#6457,#6455,#3502,.T.);
#8139=EDGE_CURVE('',#6457,#6458,#3503,.T.);
#8140=EDGE_CURVE('',#6458,#6456,#3504,.T.);
#8141=EDGE_CURVE('',#6452,#6457,#3505,.T.);
#8142=EDGE_CURVE('',#6454,#6458,#3506,.T.);
#8143=EDGE_CURVE('',#6459,#6460,#3507,.T.);
#8144=EDGE_CURVE('',#6459,#6461,#3508,.T.);
#8145=EDGE_CURVE('',#6461,#6462,#3509,.T.);
#8146=EDGE_CURVE('',#6460,#6462,#3510,.T.);
#8147=EDGE_CURVE('',#6463,#6459,#3511,.T.);
#8148=EDGE_CURVE('',#6463,#6464,#3512,.T.);
#8149=EDGE_CURVE('',#6464,#6461,#3513,.T.);
#8150=EDGE_CURVE('',#6465,#6463,#3514,.T.);
#8151=EDGE_CURVE('',#6465,#6466,#3515,.T.);
#8152=EDGE_CURVE('',#6466,#6464,#3516,.T.);
#8153=EDGE_CURVE('',#6460,#6465,#3517,.T.);
#8154=EDGE_CURVE('',#6462,#6466,#3518,.T.);
#8155=EDGE_CURVE('',#6467,#6468,#3519,.T.);
#8156=EDGE_CURVE('',#6468,#6469,#3520,.T.);
#8157=EDGE_CURVE('',#6469,#6470,#3521,.T.);
#8158=EDGE_CURVE('',#6467,#6470,#3522,.T.);
#8159=EDGE_CURVE('',#6468,#6471,#3523,.T.);
#8160=EDGE_CURVE('',#6471,#6472,#3524,.T.);
#8161=EDGE_CURVE('',#6472,#6469,#3525,.T.);
#8162=EDGE_CURVE('',#6471,#6473,#3526,.T.);
#8163=EDGE_CURVE('',#6473,#6474,#3527,.T.);
#8164=EDGE_CURVE('',#6474,#6472,#3528,.T.);
#8165=EDGE_CURVE('',#6473,#6467,#3529,.T.);
#8166=EDGE_CURVE('',#6470,#6474,#3530,.T.);
#8167=EDGE_CURVE('',#6475,#6476,#3531,.T.);
#8168=EDGE_CURVE('',#6475,#6477,#3532,.T.);
#8169=EDGE_CURVE('',#6477,#6478,#3533,.T.);
#8170=EDGE_CURVE('',#6476,#6478,#3534,.T.);
#8171=EDGE_CURVE('',#6479,#6475,#3535,.T.);
#8172=EDGE_CURVE('',#6479,#6480,#3536,.T.);
#8173=EDGE_CURVE('',#6480,#6477,#3537,.T.);
#8174=EDGE_CURVE('',#6481,#6479,#3538,.T.);
#8175=EDGE_CURVE('',#6481,#6482,#3539,.T.);
#8176=EDGE_CURVE('',#6482,#6480,#3540,.T.);
#8177=EDGE_CURVE('',#6476,#6481,#3541,.T.);
#8178=EDGE_CURVE('',#6478,#6482,#3542,.T.);
#8179=EDGE_CURVE('',#6483,#6484,#3543,.T.);
#8180=EDGE_CURVE('',#6483,#6485,#3544,.T.);
#8181=EDGE_CURVE('',#6485,#6486,#3545,.T.);
#8182=EDGE_CURVE('',#6484,#6486,#3546,.T.);
#8183=EDGE_CURVE('',#6487,#6483,#3547,.T.);
#8184=EDGE_CURVE('',#6487,#6488,#3548,.T.);
#8185=EDGE_CURVE('',#6488,#6485,#3549,.T.);
#8186=EDGE_CURVE('',#6489,#6487,#3550,.T.);
#8187=EDGE_CURVE('',#6489,#6490,#3551,.T.);
#8188=EDGE_CURVE('',#6490,#6488,#3552,.T.);
#8189=EDGE_CURVE('',#6484,#6489,#3553,.T.);
#8190=EDGE_CURVE('',#6486,#6490,#3554,.T.);
#8191=EDGE_CURVE('',#6491,#6492,#3555,.T.);
#8192=EDGE_CURVE('',#6492,#6493,#3556,.T.);
#8193=EDGE_CURVE('',#6493,#6494,#3557,.T.);
#8194=EDGE_CURVE('',#6491,#6494,#3558,.T.);
#8195=EDGE_CURVE('',#6492,#6495,#3559,.T.);
#8196=EDGE_CURVE('',#6495,#6496,#3560,.T.);
#8197=EDGE_CURVE('',#6496,#6493,#3561,.T.);
#8198=EDGE_CURVE('',#6495,#6497,#3562,.T.);
#8199=EDGE_CURVE('',#6497,#6498,#3563,.T.);
#8200=EDGE_CURVE('',#6498,#6496,#3564,.T.);
#8201=EDGE_CURVE('',#6497,#6491,#3565,.T.);
#8202=EDGE_CURVE('',#6494,#6498,#3566,.T.);
#8203=EDGE_CURVE('',#6499,#6500,#3567,.T.);
#8204=EDGE_CURVE('',#6500,#6501,#3568,.T.);
#8205=EDGE_CURVE('',#6501,#6502,#3569,.T.);
#8206=EDGE_CURVE('',#6499,#6502,#3570,.T.);
#8207=EDGE_CURVE('',#6500,#6503,#3571,.T.);
#8208=EDGE_CURVE('',#6503,#6504,#3572,.T.);
#8209=EDGE_CURVE('',#6504,#6501,#3573,.T.);
#8210=EDGE_CURVE('',#6503,#6505,#3574,.T.);
#8211=EDGE_CURVE('',#6505,#6506,#3575,.T.);
#8212=EDGE_CURVE('',#6506,#6504,#3576,.T.);
#8213=EDGE_CURVE('',#6505,#6499,#3577,.T.);
#8214=EDGE_CURVE('',#6502,#6506,#3578,.T.);
#8215=EDGE_CURVE('',#6507,#6508,#3579,.T.);
#8216=EDGE_CURVE('',#6507,#6509,#3580,.T.);
#8217=EDGE_CURVE('',#6509,#6510,#3581,.T.);
#8218=EDGE_CURVE('',#6508,#6510,#3582,.T.);
#8219=EDGE_CURVE('',#6511,#6507,#3583,.T.);
#8220=EDGE_CURVE('',#6511,#6512,#3584,.T.);
#8221=EDGE_CURVE('',#6512,#6509,#3585,.T.);
#8222=EDGE_CURVE('',#6513,#6511,#3586,.T.);
#8223=EDGE_CURVE('',#6513,#6514,#3587,.T.);
#8224=EDGE_CURVE('',#6514,#6512,#3588,.T.);
#8225=EDGE_CURVE('',#6508,#6513,#3589,.T.);
#8226=EDGE_CURVE('',#6510,#6514,#3590,.T.);
#8227=EDGE_CURVE('',#6515,#6516,#3591,.T.);
#8228=EDGE_CURVE('',#6515,#6517,#3592,.T.);
#8229=EDGE_CURVE('',#6517,#6518,#3593,.T.);
#8230=EDGE_CURVE('',#6516,#6518,#3594,.T.);
#8231=EDGE_CURVE('',#6519,#6515,#3595,.T.);
#8232=EDGE_CURVE('',#6519,#6520,#3596,.T.);
#8233=EDGE_CURVE('',#6520,#6517,#3597,.T.);
#8234=EDGE_CURVE('',#6521,#6519,#3598,.T.);
#8235=EDGE_CURVE('',#6521,#6522,#3599,.T.);
#8236=EDGE_CURVE('',#6522,#6520,#3600,.T.);
#8237=EDGE_CURVE('',#6516,#6521,#3601,.T.);
#8238=EDGE_CURVE('',#6518,#6522,#3602,.T.);
#8239=EDGE_CURVE('',#6523,#6524,#3603,.T.);
#8240=EDGE_CURVE('',#6524,#6525,#3604,.T.);
#8241=EDGE_CURVE('',#6525,#6526,#3605,.T.);
#8242=EDGE_CURVE('',#6523,#6526,#3606,.T.);
#8243=EDGE_CURVE('',#6524,#6527,#3607,.T.);
#8244=EDGE_CURVE('',#6527,#6528,#3608,.T.);
#8245=EDGE_CURVE('',#6528,#6525,#3609,.T.);
#8246=EDGE_CURVE('',#6527,#6529,#3610,.T.);
#8247=EDGE_CURVE('',#6529,#6530,#3611,.T.);
#8248=EDGE_CURVE('',#6530,#6528,#3612,.T.);
#8249=EDGE_CURVE('',#6529,#6523,#3613,.T.);
#8250=EDGE_CURVE('',#6526,#6530,#3614,.T.);
#8251=EDGE_CURVE('',#6531,#6532,#3615,.T.);
#8252=EDGE_CURVE('',#6532,#6533,#3616,.T.);
#8253=EDGE_CURVE('',#6533,#6534,#3617,.T.);
#8254=EDGE_CURVE('',#6531,#6534,#3618,.T.);
#8255=EDGE_CURVE('',#6532,#6535,#3619,.T.);
#8256=EDGE_CURVE('',#6535,#6536,#3620,.T.);
#8257=EDGE_CURVE('',#6536,#6533,#3621,.T.);
#8258=EDGE_CURVE('',#6535,#6537,#3622,.T.);
#8259=EDGE_CURVE('',#6537,#6538,#3623,.T.);
#8260=EDGE_CURVE('',#6538,#6536,#3624,.T.);
#8261=EDGE_CURVE('',#6537,#6531,#3625,.T.);
#8262=EDGE_CURVE('',#6534,#6538,#3626,.T.);
#8263=EDGE_CURVE('',#6539,#6540,#3627,.T.);
#8264=EDGE_CURVE('',#6539,#6541,#3628,.T.);
#8265=EDGE_CURVE('',#6541,#6542,#3629,.T.);
#8266=EDGE_CURVE('',#6540,#6542,#3630,.T.);
#8267=EDGE_CURVE('',#6543,#6539,#3631,.T.);
#8268=EDGE_CURVE('',#6543,#6544,#3632,.T.);
#8269=EDGE_CURVE('',#6544,#6541,#3633,.T.);
#8270=EDGE_CURVE('',#6545,#6543,#3634,.T.);
#8271=EDGE_CURVE('',#6545,#6546,#3635,.T.);
#8272=EDGE_CURVE('',#6546,#6544,#3636,.T.);
#8273=EDGE_CURVE('',#6540,#6545,#3637,.T.);
#8274=EDGE_CURVE('',#6542,#6546,#3638,.T.);
#8275=EDGE_CURVE('',#6547,#6548,#3639,.T.);
#8276=EDGE_CURVE('',#6547,#6549,#3640,.T.);
#8277=EDGE_CURVE('',#6549,#6550,#3641,.T.);
#8278=EDGE_CURVE('',#6548,#6550,#3642,.T.);
#8279=EDGE_CURVE('',#6551,#6547,#3643,.T.);
#8280=EDGE_CURVE('',#6551,#6552,#3644,.T.);
#8281=EDGE_CURVE('',#6552,#6549,#3645,.T.);
#8282=EDGE_CURVE('',#6553,#6551,#3646,.T.);
#8283=EDGE_CURVE('',#6553,#6554,#3647,.T.);
#8284=EDGE_CURVE('',#6554,#6552,#3648,.T.);
#8285=EDGE_CURVE('',#6548,#6553,#3649,.T.);
#8286=EDGE_CURVE('',#6550,#6554,#3650,.T.);
#8287=EDGE_CURVE('',#6555,#6556,#3651,.T.);
#8288=EDGE_CURVE('',#6556,#6557,#3652,.T.);
#8289=EDGE_CURVE('',#6557,#6558,#3653,.T.);
#8290=EDGE_CURVE('',#6555,#6558,#3654,.T.);
#8291=EDGE_CURVE('',#6556,#6559,#3655,.T.);
#8292=EDGE_CURVE('',#6559,#6560,#3656,.T.);
#8293=EDGE_CURVE('',#6560,#6557,#3657,.T.);
#8294=EDGE_CURVE('',#6559,#6561,#3658,.T.);
#8295=EDGE_CURVE('',#6561,#6562,#3659,.T.);
#8296=EDGE_CURVE('',#6562,#6560,#3660,.T.);
#8297=EDGE_CURVE('',#6561,#6555,#3661,.T.);
#8298=EDGE_CURVE('',#6558,#6562,#3662,.T.);
#8299=EDGE_CURVE('',#6563,#6564,#3663,.T.);
#8300=EDGE_CURVE('',#6564,#6565,#3664,.T.);
#8301=EDGE_CURVE('',#6565,#6566,#3665,.T.);
#8302=EDGE_CURVE('',#6563,#6566,#3666,.T.);
#8303=EDGE_CURVE('',#6564,#6567,#3667,.T.);
#8304=EDGE_CURVE('',#6567,#6568,#3668,.T.);
#8305=EDGE_CURVE('',#6568,#6565,#3669,.T.);
#8306=EDGE_CURVE('',#6567,#6569,#3670,.T.);
#8307=EDGE_CURVE('',#6569,#6570,#3671,.T.);
#8308=EDGE_CURVE('',#6570,#6568,#3672,.T.);
#8309=EDGE_CURVE('',#6569,#6563,#3673,.T.);
#8310=EDGE_CURVE('',#6566,#6570,#3674,.T.);
#8311=ORIENTED_EDGE('',*,*,#6571,.F.);
#8312=ORIENTED_EDGE('',*,*,#6572,.T.);
#8313=ORIENTED_EDGE('',*,*,#6573,.T.);
#8314=ORIENTED_EDGE('',*,*,#6574,.F.);
#8315=ORIENTED_EDGE('',*,*,#6575,.F.);
#8316=ORIENTED_EDGE('',*,*,#6576,.T.);
#8317=ORIENTED_EDGE('',*,*,#6577,.T.);
#8318=ORIENTED_EDGE('',*,*,#6572,.F.);
#8319=ORIENTED_EDGE('',*,*,#6578,.F.);
#8320=ORIENTED_EDGE('',*,*,#6579,.T.);
#8321=ORIENTED_EDGE('',*,*,#6580,.T.);
#8322=ORIENTED_EDGE('',*,*,#6576,.F.);
#8323=ORIENTED_EDGE('',*,*,#6581,.F.);
#8324=ORIENTED_EDGE('',*,*,#6574,.T.);
#8325=ORIENTED_EDGE('',*,*,#6582,.T.);
#8326=ORIENTED_EDGE('',*,*,#6579,.F.);
#8327=ORIENTED_EDGE('',*,*,#6582,.F.);
#8328=ORIENTED_EDGE('',*,*,#6573,.F.);
#8329=ORIENTED_EDGE('',*,*,#6577,.F.);
#8330=ORIENTED_EDGE('',*,*,#6580,.F.);
#8331=ORIENTED_EDGE('',*,*,#6583,.F.);
#8332=ORIENTED_EDGE('',*,*,#6584,.T.);
#8333=ORIENTED_EDGE('',*,*,#6585,.T.);
#8334=ORIENTED_EDGE('',*,*,#6586,.F.);
#8335=ORIENTED_EDGE('',*,*,#6587,.F.);
#8336=ORIENTED_EDGE('',*,*,#6588,.T.);
#8337=ORIENTED_EDGE('',*,*,#6589,.T.);
#8338=ORIENTED_EDGE('',*,*,#6584,.F.);
#8339=ORIENTED_EDGE('',*,*,#6590,.F.);
#8340=ORIENTED_EDGE('',*,*,#6591,.T.);
#8341=ORIENTED_EDGE('',*,*,#6592,.T.);
#8342=ORIENTED_EDGE('',*,*,#6588,.F.);
#8343=ORIENTED_EDGE('',*,*,#6593,.F.);
#8344=ORIENTED_EDGE('',*,*,#6586,.T.);
#8345=ORIENTED_EDGE('',*,*,#6594,.T.);
#8346=ORIENTED_EDGE('',*,*,#6591,.F.);
#8347=ORIENTED_EDGE('',*,*,#6594,.F.);
#8348=ORIENTED_EDGE('',*,*,#6585,.F.);
#8349=ORIENTED_EDGE('',*,*,#6589,.F.);
#8350=ORIENTED_EDGE('',*,*,#6592,.F.);
#8351=ORIENTED_EDGE('',*,*,#6595,.F.);
#8352=ORIENTED_EDGE('',*,*,#6596,.T.);
#8353=ORIENTED_EDGE('',*,*,#6597,.T.);
#8354=ORIENTED_EDGE('',*,*,#6598,.F.);
#8355=ORIENTED_EDGE('',*,*,#6599,.F.);
#8356=ORIENTED_EDGE('',*,*,#6600,.T.);
#8357=ORIENTED_EDGE('',*,*,#6601,.T.);
#8358=ORIENTED_EDGE('',*,*,#6596,.F.);
#8359=ORIENTED_EDGE('',*,*,#6602,.F.);
#8360=ORIENTED_EDGE('',*,*,#6603,.T.);
#8361=ORIENTED_EDGE('',*,*,#6604,.T.);
#8362=ORIENTED_EDGE('',*,*,#6600,.F.);
#8363=ORIENTED_EDGE('',*,*,#6605,.F.);
#8364=ORIENTED_EDGE('',*,*,#6598,.T.);
#8365=ORIENTED_EDGE('',*,*,#6606,.T.);
#8366=ORIENTED_EDGE('',*,*,#6603,.F.);
#8367=ORIENTED_EDGE('',*,*,#6606,.F.);
#8368=ORIENTED_EDGE('',*,*,#6597,.F.);
#8369=ORIENTED_EDGE('',*,*,#6601,.F.);
#8370=ORIENTED_EDGE('',*,*,#6604,.F.);
#8371=ORIENTED_EDGE('',*,*,#6607,.F.);
#8372=ORIENTED_EDGE('',*,*,#6608,.T.);
#8373=ORIENTED_EDGE('',*,*,#6609,.T.);
#8374=ORIENTED_EDGE('',*,*,#6610,.F.);
#8375=ORIENTED_EDGE('',*,*,#6611,.F.);
#8376=ORIENTED_EDGE('',*,*,#6612,.T.);
#8377=ORIENTED_EDGE('',*,*,#6613,.T.);
#8378=ORIENTED_EDGE('',*,*,#6608,.F.);
#8379=ORIENTED_EDGE('',*,*,#6614,.F.);
#8380=ORIENTED_EDGE('',*,*,#6615,.T.);
#8381=ORIENTED_EDGE('',*,*,#6616,.T.);
#8382=ORIENTED_EDGE('',*,*,#6612,.F.);
#8383=ORIENTED_EDGE('',*,*,#6617,.F.);
#8384=ORIENTED_EDGE('',*,*,#6610,.T.);
#8385=ORIENTED_EDGE('',*,*,#6618,.T.);
#8386=ORIENTED_EDGE('',*,*,#6615,.F.);
#8387=ORIENTED_EDGE('',*,*,#6618,.F.);
#8388=ORIENTED_EDGE('',*,*,#6609,.F.);
#8389=ORIENTED_EDGE('',*,*,#6613,.F.);
#8390=ORIENTED_EDGE('',*,*,#6616,.F.);
#8391=ORIENTED_EDGE('',*,*,#6619,.F.);
#8392=ORIENTED_EDGE('',*,*,#6620,.T.);
#8393=ORIENTED_EDGE('',*,*,#6621,.T.);
#8394=ORIENTED_EDGE('',*,*,#6622,.F.);
#8395=ORIENTED_EDGE('',*,*,#6623,.F.);
#8396=ORIENTED_EDGE('',*,*,#6624,.T.);
#8397=ORIENTED_EDGE('',*,*,#6625,.T.);
#8398=ORIENTED_EDGE('',*,*,#6620,.F.);
#8399=ORIENTED_EDGE('',*,*,#6626,.F.);
#8400=ORIENTED_EDGE('',*,*,#6627,.T.);
#8401=ORIENTED_EDGE('',*,*,#6628,.T.);
#8402=ORIENTED_EDGE('',*,*,#6624,.F.);
#8403=ORIENTED_EDGE('',*,*,#6629,.F.);
#8404=ORIENTED_EDGE('',*,*,#6622,.T.);
#8405=ORIENTED_EDGE('',*,*,#6630,.T.);
#8406=ORIENTED_EDGE('',*,*,#6627,.F.);
#8407=ORIENTED_EDGE('',*,*,#6630,.F.);
#8408=ORIENTED_EDGE('',*,*,#6621,.F.);
#8409=ORIENTED_EDGE('',*,*,#6625,.F.);
#8410=ORIENTED_EDGE('',*,*,#6628,.F.);
#8411=ORIENTED_EDGE('',*,*,#6631,.F.);
#8412=ORIENTED_EDGE('',*,*,#6632,.T.);
#8413=ORIENTED_EDGE('',*,*,#6633,.T.);
#8414=ORIENTED_EDGE('',*,*,#6634,.F.);
#8415=ORIENTED_EDGE('',*,*,#6635,.F.);
#8416=ORIENTED_EDGE('',*,*,#6636,.T.);
#8417=ORIENTED_EDGE('',*,*,#6637,.T.);
#8418=ORIENTED_EDGE('',*,*,#6632,.F.);
#8419=ORIENTED_EDGE('',*,*,#6638,.F.);
#8420=ORIENTED_EDGE('',*,*,#6639,.T.);
#8421=ORIENTED_EDGE('',*,*,#6640,.T.);
#8422=ORIENTED_EDGE('',*,*,#6636,.F.);
#8423=ORIENTED_EDGE('',*,*,#6641,.F.);
#8424=ORIENTED_EDGE('',*,*,#6634,.T.);
#8425=ORIENTED_EDGE('',*,*,#6642,.T.);
#8426=ORIENTED_EDGE('',*,*,#6639,.F.);
#8427=ORIENTED_EDGE('',*,*,#6642,.F.);
#8428=ORIENTED_EDGE('',*,*,#6633,.F.);
#8429=ORIENTED_EDGE('',*,*,#6637,.F.);
#8430=ORIENTED_EDGE('',*,*,#6640,.F.);
#8431=ORIENTED_EDGE('',*,*,#6643,.F.);
#8432=ORIENTED_EDGE('',*,*,#6644,.T.);
#8433=ORIENTED_EDGE('',*,*,#6645,.T.);
#8434=ORIENTED_EDGE('',*,*,#6646,.F.);
#8435=ORIENTED_EDGE('',*,*,#6647,.F.);
#8436=ORIENTED_EDGE('',*,*,#6648,.T.);
#8437=ORIENTED_EDGE('',*,*,#6649,.T.);
#8438=ORIENTED_EDGE('',*,*,#6644,.F.);
#8439=ORIENTED_EDGE('',*,*,#6650,.F.);
#8440=ORIENTED_EDGE('',*,*,#6651,.T.);
#8441=ORIENTED_EDGE('',*,*,#6652,.T.);
#8442=ORIENTED_EDGE('',*,*,#6648,.F.);
#8443=ORIENTED_EDGE('',*,*,#6653,.F.);
#8444=ORIENTED_EDGE('',*,*,#6646,.T.);
#8445=ORIENTED_EDGE('',*,*,#6654,.T.);
#8446=ORIENTED_EDGE('',*,*,#6651,.F.);
#8447=ORIENTED_EDGE('',*,*,#6654,.F.);
#8448=ORIENTED_EDGE('',*,*,#6645,.F.);
#8449=ORIENTED_EDGE('',*,*,#6649,.F.);
#8450=ORIENTED_EDGE('',*,*,#6652,.F.);
#8451=ORIENTED_EDGE('',*,*,#6655,.F.);
#8452=ORIENTED_EDGE('',*,*,#6656,.T.);
#8453=ORIENTED_EDGE('',*,*,#6657,.T.);
#8454=ORIENTED_EDGE('',*,*,#6658,.F.);
#8455=ORIENTED_EDGE('',*,*,#6659,.F.);
#8456=ORIENTED_EDGE('',*,*,#6660,.T.);
#8457=ORIENTED_EDGE('',*,*,#6661,.T.);
#8458=ORIENTED_EDGE('',*,*,#6656,.F.);
#8459=ORIENTED_EDGE('',*,*,#6662,.F.);
#8460=ORIENTED_EDGE('',*,*,#6663,.T.);
#8461=ORIENTED_EDGE('',*,*,#6664,.T.);
#8462=ORIENTED_EDGE('',*,*,#6660,.F.);
#8463=ORIENTED_EDGE('',*,*,#6665,.F.);
#8464=ORIENTED_EDGE('',*,*,#6658,.T.);
#8465=ORIENTED_EDGE('',*,*,#6666,.T.);
#8466=ORIENTED_EDGE('',*,*,#6663,.F.);
#8467=ORIENTED_EDGE('',*,*,#6666,.F.);
#8468=ORIENTED_EDGE('',*,*,#6657,.F.);
#8469=ORIENTED_EDGE('',*,*,#6661,.F.);
#8470=ORIENTED_EDGE('',*,*,#6664,.F.);
#8471=ORIENTED_EDGE('',*,*,#6667,.F.);
#8472=ORIENTED_EDGE('',*,*,#6668,.T.);
#8473=ORIENTED_EDGE('',*,*,#6669,.T.);
#8474=ORIENTED_EDGE('',*,*,#6670,.F.);
#8475=ORIENTED_EDGE('',*,*,#6671,.F.);
#8476=ORIENTED_EDGE('',*,*,#6672,.T.);
#8477=ORIENTED_EDGE('',*,*,#6673,.T.);
#8478=ORIENTED_EDGE('',*,*,#6668,.F.);
#8479=ORIENTED_EDGE('',*,*,#6674,.F.);
#8480=ORIENTED_EDGE('',*,*,#6675,.T.);
#8481=ORIENTED_EDGE('',*,*,#6676,.T.);
#8482=ORIENTED_EDGE('',*,*,#6672,.F.);
#8483=ORIENTED_EDGE('',*,*,#6677,.F.);
#8484=ORIENTED_EDGE('',*,*,#6670,.T.);
#8485=ORIENTED_EDGE('',*,*,#6678,.T.);
#8486=ORIENTED_EDGE('',*,*,#6675,.F.);
#8487=ORIENTED_EDGE('',*,*,#6678,.F.);
#8488=ORIENTED_EDGE('',*,*,#6669,.F.);
#8489=ORIENTED_EDGE('',*,*,#6673,.F.);
#8490=ORIENTED_EDGE('',*,*,#6676,.F.);
#8491=ORIENTED_EDGE('',*,*,#6679,.F.);
#8492=ORIENTED_EDGE('',*,*,#6680,.T.);
#8493=ORIENTED_EDGE('',*,*,#6681,.T.);
#8494=ORIENTED_EDGE('',*,*,#6682,.F.);
#8495=ORIENTED_EDGE('',*,*,#6683,.F.);
#8496=ORIENTED_EDGE('',*,*,#6684,.T.);
#8497=ORIENTED_EDGE('',*,*,#6685,.T.);
#8498=ORIENTED_EDGE('',*,*,#6680,.F.);
#8499=ORIENTED_EDGE('',*,*,#6686,.F.);
#8500=ORIENTED_EDGE('',*,*,#6687,.T.);
#8501=ORIENTED_EDGE('',*,*,#6688,.T.);
#8502=ORIENTED_EDGE('',*,*,#6684,.F.);
#8503=ORIENTED_EDGE('',*,*,#6689,.F.);
#8504=ORIENTED_EDGE('',*,*,#6682,.T.);
#8505=ORIENTED_EDGE('',*,*,#6690,.T.);
#8506=ORIENTED_EDGE('',*,*,#6687,.F.);
#8507=ORIENTED_EDGE('',*,*,#6690,.F.);
#8508=ORIENTED_EDGE('',*,*,#6681,.F.);
#8509=ORIENTED_EDGE('',*,*,#6685,.F.);
#8510=ORIENTED_EDGE('',*,*,#6688,.F.);
#8511=ORIENTED_EDGE('',*,*,#6691,.F.);
#8512=ORIENTED_EDGE('',*,*,#6692,.T.);
#8513=ORIENTED_EDGE('',*,*,#6693,.T.);
#8514=ORIENTED_EDGE('',*,*,#6694,.F.);
#8515=ORIENTED_EDGE('',*,*,#6695,.F.);
#8516=ORIENTED_EDGE('',*,*,#6696,.T.);
#8517=ORIENTED_EDGE('',*,*,#6697,.T.);
#8518=ORIENTED_EDGE('',*,*,#6692,.F.);
#8519=ORIENTED_EDGE('',*,*,#6698,.F.);
#8520=ORIENTED_EDGE('',*,*,#6699,.T.);
#8521=ORIENTED_EDGE('',*,*,#6700,.T.);
#8522=ORIENTED_EDGE('',*,*,#6696,.F.);
#8523=ORIENTED_EDGE('',*,*,#6701,.F.);
#8524=ORIENTED_EDGE('',*,*,#6694,.T.);
#8525=ORIENTED_EDGE('',*,*,#6702,.T.);
#8526=ORIENTED_EDGE('',*,*,#6699,.F.);
#8527=ORIENTED_EDGE('',*,*,#6702,.F.);
#8528=ORIENTED_EDGE('',*,*,#6693,.F.);
#8529=ORIENTED_EDGE('',*,*,#6697,.F.);
#8530=ORIENTED_EDGE('',*,*,#6700,.F.);
#8531=ORIENTED_EDGE('',*,*,#6703,.F.);
#8532=ORIENTED_EDGE('',*,*,#6704,.T.);
#8533=ORIENTED_EDGE('',*,*,#6705,.T.);
#8534=ORIENTED_EDGE('',*,*,#6706,.F.);
#8535=ORIENTED_EDGE('',*,*,#6707,.F.);
#8536=ORIENTED_EDGE('',*,*,#6708,.T.);
#8537=ORIENTED_EDGE('',*,*,#6709,.T.);
#8538=ORIENTED_EDGE('',*,*,#6704,.F.);
#8539=ORIENTED_EDGE('',*,*,#6710,.F.);
#8540=ORIENTED_EDGE('',*,*,#6711,.T.);
#8541=ORIENTED_EDGE('',*,*,#6712,.T.);
#8542=ORIENTED_EDGE('',*,*,#6708,.F.);
#8543=ORIENTED_EDGE('',*,*,#6713,.F.);
#8544=ORIENTED_EDGE('',*,*,#6706,.T.);
#8545=ORIENTED_EDGE('',*,*,#6714,.T.);
#8546=ORIENTED_EDGE('',*,*,#6711,.F.);
#8547=ORIENTED_EDGE('',*,*,#6714,.F.);
#8548=ORIENTED_EDGE('',*,*,#6705,.F.);
#8549=ORIENTED_EDGE('',*,*,#6709,.F.);
#8550=ORIENTED_EDGE('',*,*,#6712,.F.);
#8551=ORIENTED_EDGE('',*,*,#6715,.F.);
#8552=ORIENTED_EDGE('',*,*,#6716,.T.);
#8553=ORIENTED_EDGE('',*,*,#6717,.F.);
#8554=ORIENTED_EDGE('',*,*,#6718,.F.);
#8555=ORIENTED_EDGE('',*,*,#6719,.F.);
#8556=ORIENTED_EDGE('',*,*,#6718,.T.);
#8557=ORIENTED_EDGE('',*,*,#6720,.F.);
#8558=ORIENTED_EDGE('',*,*,#6721,.F.);
#8559=ORIENTED_EDGE('',*,*,#6722,.F.);
#8560=ORIENTED_EDGE('',*,*,#6721,.T.);
#8561=ORIENTED_EDGE('',*,*,#6723,.F.);
#8562=ORIENTED_EDGE('',*,*,#6724,.F.);
#8563=ORIENTED_EDGE('',*,*,#6725,.F.);
#8564=ORIENTED_EDGE('',*,*,#6724,.T.);
#8565=ORIENTED_EDGE('',*,*,#6726,.F.);
#8566=ORIENTED_EDGE('',*,*,#6716,.F.);
#8567=ORIENTED_EDGE('',*,*,#6726,.T.);
#8568=ORIENTED_EDGE('',*,*,#6723,.T.);
#8569=ORIENTED_EDGE('',*,*,#6720,.T.);
#8570=ORIENTED_EDGE('',*,*,#6717,.T.);
#8571=ORIENTED_EDGE('',*,*,#6727,.F.);
#8572=ORIENTED_EDGE('',*,*,#6728,.T.);
#8573=ORIENTED_EDGE('',*,*,#6729,.F.);
#8574=ORIENTED_EDGE('',*,*,#6730,.F.);
#8575=ORIENTED_EDGE('',*,*,#6731,.F.);
#8576=ORIENTED_EDGE('',*,*,#6730,.T.);
#8577=ORIENTED_EDGE('',*,*,#6732,.F.);
#8578=ORIENTED_EDGE('',*,*,#6733,.F.);
#8579=ORIENTED_EDGE('',*,*,#6734,.F.);
#8580=ORIENTED_EDGE('',*,*,#6733,.T.);
#8581=ORIENTED_EDGE('',*,*,#6735,.F.);
#8582=ORIENTED_EDGE('',*,*,#6736,.F.);
#8583=ORIENTED_EDGE('',*,*,#6737,.F.);
#8584=ORIENTED_EDGE('',*,*,#6736,.T.);
#8585=ORIENTED_EDGE('',*,*,#6738,.F.);
#8586=ORIENTED_EDGE('',*,*,#6728,.F.);
#8587=ORIENTED_EDGE('',*,*,#6738,.T.);
#8588=ORIENTED_EDGE('',*,*,#6735,.T.);
#8589=ORIENTED_EDGE('',*,*,#6732,.T.);
#8590=ORIENTED_EDGE('',*,*,#6729,.T.);
#8591=ORIENTED_EDGE('',*,*,#6739,.F.);
#8592=ORIENTED_EDGE('',*,*,#6740,.T.);
#8593=ORIENTED_EDGE('',*,*,#6741,.F.);
#8594=ORIENTED_EDGE('',*,*,#6742,.F.);
#8595=ORIENTED_EDGE('',*,*,#6743,.F.);
#8596=ORIENTED_EDGE('',*,*,#6742,.T.);
#8597=ORIENTED_EDGE('',*,*,#6744,.F.);
#8598=ORIENTED_EDGE('',*,*,#6745,.F.);
#8599=ORIENTED_EDGE('',*,*,#6746,.F.);
#8600=ORIENTED_EDGE('',*,*,#6745,.T.);
#8601=ORIENTED_EDGE('',*,*,#6747,.F.);
#8602=ORIENTED_EDGE('',*,*,#6748,.F.);
#8603=ORIENTED_EDGE('',*,*,#6749,.F.);
#8604=ORIENTED_EDGE('',*,*,#6748,.T.);
#8605=ORIENTED_EDGE('',*,*,#6750,.F.);
#8606=ORIENTED_EDGE('',*,*,#6740,.F.);
#8607=ORIENTED_EDGE('',*,*,#6750,.T.);
#8608=ORIENTED_EDGE('',*,*,#6747,.T.);
#8609=ORIENTED_EDGE('',*,*,#6744,.T.);
#8610=ORIENTED_EDGE('',*,*,#6741,.T.);
#8611=ORIENTED_EDGE('',*,*,#6751,.F.);
#8612=ORIENTED_EDGE('',*,*,#6752,.T.);
#8613=ORIENTED_EDGE('',*,*,#6753,.F.);
#8614=ORIENTED_EDGE('',*,*,#6754,.F.);
#8615=ORIENTED_EDGE('',*,*,#6755,.F.);
#8616=ORIENTED_EDGE('',*,*,#6754,.T.);
#8617=ORIENTED_EDGE('',*,*,#6756,.F.);
#8618=ORIENTED_EDGE('',*,*,#6757,.F.);
#8619=ORIENTED_EDGE('',*,*,#6758,.F.);
#8620=ORIENTED_EDGE('',*,*,#6757,.T.);
#8621=ORIENTED_EDGE('',*,*,#6759,.F.);
#8622=ORIENTED_EDGE('',*,*,#6760,.F.);
#8623=ORIENTED_EDGE('',*,*,#6761,.F.);
#8624=ORIENTED_EDGE('',*,*,#6760,.T.);
#8625=ORIENTED_EDGE('',*,*,#6762,.F.);
#8626=ORIENTED_EDGE('',*,*,#6752,.F.);
#8627=ORIENTED_EDGE('',*,*,#6762,.T.);
#8628=ORIENTED_EDGE('',*,*,#6759,.T.);
#8629=ORIENTED_EDGE('',*,*,#6756,.T.);
#8630=ORIENTED_EDGE('',*,*,#6753,.T.);
#8631=ORIENTED_EDGE('',*,*,#6763,.F.);
#8632=ORIENTED_EDGE('',*,*,#6764,.T.);
#8633=ORIENTED_EDGE('',*,*,#6765,.F.);
#8634=ORIENTED_EDGE('',*,*,#6766,.F.);
#8635=ORIENTED_EDGE('',*,*,#6767,.F.);
#8636=ORIENTED_EDGE('',*,*,#6766,.T.);
#8637=ORIENTED_EDGE('',*,*,#6768,.F.);
#8638=ORIENTED_EDGE('',*,*,#6769,.F.);
#8639=ORIENTED_EDGE('',*,*,#6770,.F.);
#8640=ORIENTED_EDGE('',*,*,#6769,.T.);
#8641=ORIENTED_EDGE('',*,*,#6771,.F.);
#8642=ORIENTED_EDGE('',*,*,#6772,.F.);
#8643=ORIENTED_EDGE('',*,*,#6773,.F.);
#8644=ORIENTED_EDGE('',*,*,#6772,.T.);
#8645=ORIENTED_EDGE('',*,*,#6774,.F.);
#8646=ORIENTED_EDGE('',*,*,#6764,.F.);
#8647=ORIENTED_EDGE('',*,*,#6774,.T.);
#8648=ORIENTED_EDGE('',*,*,#6771,.T.);
#8649=ORIENTED_EDGE('',*,*,#6768,.T.);
#8650=ORIENTED_EDGE('',*,*,#6765,.T.);
#8651=ORIENTED_EDGE('',*,*,#6775,.F.);
#8652=ORIENTED_EDGE('',*,*,#6776,.T.);
#8653=ORIENTED_EDGE('',*,*,#6777,.F.);
#8654=ORIENTED_EDGE('',*,*,#6778,.F.);
#8655=ORIENTED_EDGE('',*,*,#6779,.F.);
#8656=ORIENTED_EDGE('',*,*,#6778,.T.);
#8657=ORIENTED_EDGE('',*,*,#6780,.F.);
#8658=ORIENTED_EDGE('',*,*,#6781,.F.);
#8659=ORIENTED_EDGE('',*,*,#6782,.F.);
#8660=ORIENTED_EDGE('',*,*,#6781,.T.);
#8661=ORIENTED_EDGE('',*,*,#6783,.F.);
#8662=ORIENTED_EDGE('',*,*,#6784,.F.);
#8663=ORIENTED_EDGE('',*,*,#6785,.F.);
#8664=ORIENTED_EDGE('',*,*,#6784,.T.);
#8665=ORIENTED_EDGE('',*,*,#6786,.F.);
#8666=ORIENTED_EDGE('',*,*,#6776,.F.);
#8667=ORIENTED_EDGE('',*,*,#6786,.T.);
#8668=ORIENTED_EDGE('',*,*,#6783,.T.);
#8669=ORIENTED_EDGE('',*,*,#6780,.T.);
#8670=ORIENTED_EDGE('',*,*,#6777,.T.);
#8671=ORIENTED_EDGE('',*,*,#6787,.F.);
#8672=ORIENTED_EDGE('',*,*,#6788,.T.);
#8673=ORIENTED_EDGE('',*,*,#6789,.F.);
#8674=ORIENTED_EDGE('',*,*,#6790,.F.);
#8675=ORIENTED_EDGE('',*,*,#6791,.F.);
#8676=ORIENTED_EDGE('',*,*,#6790,.T.);
#8677=ORIENTED_EDGE('',*,*,#6792,.F.);
#8678=ORIENTED_EDGE('',*,*,#6793,.F.);
#8679=ORIENTED_EDGE('',*,*,#6794,.F.);
#8680=ORIENTED_EDGE('',*,*,#6793,.T.);
#8681=ORIENTED_EDGE('',*,*,#6795,.F.);
#8682=ORIENTED_EDGE('',*,*,#6796,.F.);
#8683=ORIENTED_EDGE('',*,*,#6797,.F.);
#8684=ORIENTED_EDGE('',*,*,#6796,.T.);
#8685=ORIENTED_EDGE('',*,*,#6798,.F.);
#8686=ORIENTED_EDGE('',*,*,#6788,.F.);
#8687=ORIENTED_EDGE('',*,*,#6798,.T.);
#8688=ORIENTED_EDGE('',*,*,#6795,.T.);
#8689=ORIENTED_EDGE('',*,*,#6792,.T.);
#8690=ORIENTED_EDGE('',*,*,#6789,.T.);
#8691=ORIENTED_EDGE('',*,*,#6799,.F.);
#8692=ORIENTED_EDGE('',*,*,#6800,.T.);
#8693=ORIENTED_EDGE('',*,*,#6801,.F.);
#8694=ORIENTED_EDGE('',*,*,#6802,.F.);
#8695=ORIENTED_EDGE('',*,*,#6803,.F.);
#8696=ORIENTED_EDGE('',*,*,#6802,.T.);
#8697=ORIENTED_EDGE('',*,*,#6804,.F.);
#8698=ORIENTED_EDGE('',*,*,#6805,.F.);
#8699=ORIENTED_EDGE('',*,*,#6806,.F.);
#8700=ORIENTED_EDGE('',*,*,#6805,.T.);
#8701=ORIENTED_EDGE('',*,*,#6807,.F.);
#8702=ORIENTED_EDGE('',*,*,#6808,.F.);
#8703=ORIENTED_EDGE('',*,*,#6809,.F.);
#8704=ORIENTED_EDGE('',*,*,#6808,.T.);
#8705=ORIENTED_EDGE('',*,*,#6810,.F.);
#8706=ORIENTED_EDGE('',*,*,#6800,.F.);
#8707=ORIENTED_EDGE('',*,*,#6810,.T.);
#8708=ORIENTED_EDGE('',*,*,#6807,.T.);
#8709=ORIENTED_EDGE('',*,*,#6804,.T.);
#8710=ORIENTED_EDGE('',*,*,#6801,.T.);
#8711=ORIENTED_EDGE('',*,*,#6811,.F.);
#8712=ORIENTED_EDGE('',*,*,#6812,.T.);
#8713=ORIENTED_EDGE('',*,*,#6813,.F.);
#8714=ORIENTED_EDGE('',*,*,#6814,.F.);
#8715=ORIENTED_EDGE('',*,*,#6815,.F.);
#8716=ORIENTED_EDGE('',*,*,#6814,.T.);
#8717=ORIENTED_EDGE('',*,*,#6816,.F.);
#8718=ORIENTED_EDGE('',*,*,#6817,.F.);
#8719=ORIENTED_EDGE('',*,*,#6818,.F.);
#8720=ORIENTED_EDGE('',*,*,#6817,.T.);
#8721=ORIENTED_EDGE('',*,*,#6819,.F.);
#8722=ORIENTED_EDGE('',*,*,#6820,.F.);
#8723=ORIENTED_EDGE('',*,*,#6821,.F.);
#8724=ORIENTED_EDGE('',*,*,#6820,.T.);
#8725=ORIENTED_EDGE('',*,*,#6822,.F.);
#8726=ORIENTED_EDGE('',*,*,#6812,.F.);
#8727=ORIENTED_EDGE('',*,*,#6822,.T.);
#8728=ORIENTED_EDGE('',*,*,#6819,.T.);
#8729=ORIENTED_EDGE('',*,*,#6816,.T.);
#8730=ORIENTED_EDGE('',*,*,#6813,.T.);
#8731=ORIENTED_EDGE('',*,*,#6823,.F.);
#8732=ORIENTED_EDGE('',*,*,#6824,.T.);
#8733=ORIENTED_EDGE('',*,*,#6825,.F.);
#8734=ORIENTED_EDGE('',*,*,#6826,.F.);
#8735=ORIENTED_EDGE('',*,*,#6827,.F.);
#8736=ORIENTED_EDGE('',*,*,#6826,.T.);
#8737=ORIENTED_EDGE('',*,*,#6828,.F.);
#8738=ORIENTED_EDGE('',*,*,#6829,.F.);
#8739=ORIENTED_EDGE('',*,*,#6830,.F.);
#8740=ORIENTED_EDGE('',*,*,#6829,.T.);
#8741=ORIENTED_EDGE('',*,*,#6831,.F.);
#8742=ORIENTED_EDGE('',*,*,#6832,.F.);
#8743=ORIENTED_EDGE('',*,*,#6833,.F.);
#8744=ORIENTED_EDGE('',*,*,#6832,.T.);
#8745=ORIENTED_EDGE('',*,*,#6834,.F.);
#8746=ORIENTED_EDGE('',*,*,#6824,.F.);
#8747=ORIENTED_EDGE('',*,*,#6834,.T.);
#8748=ORIENTED_EDGE('',*,*,#6831,.T.);
#8749=ORIENTED_EDGE('',*,*,#6828,.T.);
#8750=ORIENTED_EDGE('',*,*,#6825,.T.);
#8751=ORIENTED_EDGE('',*,*,#6835,.F.);
#8752=ORIENTED_EDGE('',*,*,#6836,.T.);
#8753=ORIENTED_EDGE('',*,*,#6837,.T.);
#8754=ORIENTED_EDGE('',*,*,#6838,.F.);
#8755=ORIENTED_EDGE('',*,*,#6839,.F.);
#8756=ORIENTED_EDGE('',*,*,#6840,.T.);
#8757=ORIENTED_EDGE('',*,*,#6841,.T.);
#8758=ORIENTED_EDGE('',*,*,#6836,.F.);
#8759=ORIENTED_EDGE('',*,*,#6842,.F.);
#8760=ORIENTED_EDGE('',*,*,#6843,.T.);
#8761=ORIENTED_EDGE('',*,*,#6844,.T.);
#8762=ORIENTED_EDGE('',*,*,#6840,.F.);
#8763=ORIENTED_EDGE('',*,*,#6845,.F.);
#8764=ORIENTED_EDGE('',*,*,#6838,.T.);
#8765=ORIENTED_EDGE('',*,*,#6846,.T.);
#8766=ORIENTED_EDGE('',*,*,#6843,.F.);
#8767=ORIENTED_EDGE('',*,*,#6846,.F.);
#8768=ORIENTED_EDGE('',*,*,#6837,.F.);
#8769=ORIENTED_EDGE('',*,*,#6841,.F.);
#8770=ORIENTED_EDGE('',*,*,#6844,.F.);
#8771=ORIENTED_EDGE('',*,*,#6847,.F.);
#8772=ORIENTED_EDGE('',*,*,#6848,.T.);
#8773=ORIENTED_EDGE('',*,*,#6849,.T.);
#8774=ORIENTED_EDGE('',*,*,#6850,.F.);
#8775=ORIENTED_EDGE('',*,*,#6851,.F.);
#8776=ORIENTED_EDGE('',*,*,#6852,.T.);
#8777=ORIENTED_EDGE('',*,*,#6853,.T.);
#8778=ORIENTED_EDGE('',*,*,#6848,.F.);
#8779=ORIENTED_EDGE('',*,*,#6854,.F.);
#8780=ORIENTED_EDGE('',*,*,#6855,.T.);
#8781=ORIENTED_EDGE('',*,*,#6856,.T.);
#8782=ORIENTED_EDGE('',*,*,#6852,.F.);
#8783=ORIENTED_EDGE('',*,*,#6857,.F.);
#8784=ORIENTED_EDGE('',*,*,#6850,.T.);
#8785=ORIENTED_EDGE('',*,*,#6858,.T.);
#8786=ORIENTED_EDGE('',*,*,#6855,.F.);
#8787=ORIENTED_EDGE('',*,*,#6858,.F.);
#8788=ORIENTED_EDGE('',*,*,#6849,.F.);
#8789=ORIENTED_EDGE('',*,*,#6853,.F.);
#8790=ORIENTED_EDGE('',*,*,#6856,.F.);
#8791=ORIENTED_EDGE('',*,*,#6859,.F.);
#8792=ORIENTED_EDGE('',*,*,#6860,.T.);
#8793=ORIENTED_EDGE('',*,*,#6861,.T.);
#8794=ORIENTED_EDGE('',*,*,#6862,.F.);
#8795=ORIENTED_EDGE('',*,*,#6863,.F.);
#8796=ORIENTED_EDGE('',*,*,#6864,.T.);
#8797=ORIENTED_EDGE('',*,*,#6865,.T.);
#8798=ORIENTED_EDGE('',*,*,#6860,.F.);
#8799=ORIENTED_EDGE('',*,*,#6866,.F.);
#8800=ORIENTED_EDGE('',*,*,#6867,.T.);
#8801=ORIENTED_EDGE('',*,*,#6868,.T.);
#8802=ORIENTED_EDGE('',*,*,#6864,.F.);
#8803=ORIENTED_EDGE('',*,*,#6869,.F.);
#8804=ORIENTED_EDGE('',*,*,#6862,.T.);
#8805=ORIENTED_EDGE('',*,*,#6870,.T.);
#8806=ORIENTED_EDGE('',*,*,#6867,.F.);
#8807=ORIENTED_EDGE('',*,*,#6870,.F.);
#8808=ORIENTED_EDGE('',*,*,#6861,.F.);
#8809=ORIENTED_EDGE('',*,*,#6865,.F.);
#8810=ORIENTED_EDGE('',*,*,#6868,.F.);
#8811=ORIENTED_EDGE('',*,*,#6871,.F.);
#8812=ORIENTED_EDGE('',*,*,#6872,.T.);
#8813=ORIENTED_EDGE('',*,*,#6873,.T.);
#8814=ORIENTED_EDGE('',*,*,#6874,.F.);
#8815=ORIENTED_EDGE('',*,*,#6875,.F.);
#8816=ORIENTED_EDGE('',*,*,#6876,.T.);
#8817=ORIENTED_EDGE('',*,*,#6877,.T.);
#8818=ORIENTED_EDGE('',*,*,#6872,.F.);
#8819=ORIENTED_EDGE('',*,*,#6878,.F.);
#8820=ORIENTED_EDGE('',*,*,#6879,.T.);
#8821=ORIENTED_EDGE('',*,*,#6880,.T.);
#8822=ORIENTED_EDGE('',*,*,#6876,.F.);
#8823=ORIENTED_EDGE('',*,*,#6881,.F.);
#8824=ORIENTED_EDGE('',*,*,#6874,.T.);
#8825=ORIENTED_EDGE('',*,*,#6882,.T.);
#8826=ORIENTED_EDGE('',*,*,#6879,.F.);
#8827=ORIENTED_EDGE('',*,*,#6882,.F.);
#8828=ORIENTED_EDGE('',*,*,#6873,.F.);
#8829=ORIENTED_EDGE('',*,*,#6877,.F.);
#8830=ORIENTED_EDGE('',*,*,#6880,.F.);
#8831=ORIENTED_EDGE('',*,*,#6883,.F.);
#8832=ORIENTED_EDGE('',*,*,#6884,.T.);
#8833=ORIENTED_EDGE('',*,*,#6885,.T.);
#8834=ORIENTED_EDGE('',*,*,#6886,.F.);
#8835=ORIENTED_EDGE('',*,*,#6887,.F.);
#8836=ORIENTED_EDGE('',*,*,#6888,.T.);
#8837=ORIENTED_EDGE('',*,*,#6889,.T.);
#8838=ORIENTED_EDGE('',*,*,#6884,.F.);
#8839=ORIENTED_EDGE('',*,*,#6890,.F.);
#8840=ORIENTED_EDGE('',*,*,#6891,.T.);
#8841=ORIENTED_EDGE('',*,*,#6892,.T.);
#8842=ORIENTED_EDGE('',*,*,#6888,.F.);
#8843=ORIENTED_EDGE('',*,*,#6893,.F.);
#8844=ORIENTED_EDGE('',*,*,#6886,.T.);
#8845=ORIENTED_EDGE('',*,*,#6894,.T.);
#8846=ORIENTED_EDGE('',*,*,#6891,.F.);
#8847=ORIENTED_EDGE('',*,*,#6894,.F.);
#8848=ORIENTED_EDGE('',*,*,#6885,.F.);
#8849=ORIENTED_EDGE('',*,*,#6889,.F.);
#8850=ORIENTED_EDGE('',*,*,#6892,.F.);
#8851=ORIENTED_EDGE('',*,*,#6895,.F.);
#8852=ORIENTED_EDGE('',*,*,#6896,.T.);
#8853=ORIENTED_EDGE('',*,*,#6897,.T.);
#8854=ORIENTED_EDGE('',*,*,#6898,.F.);
#8855=ORIENTED_EDGE('',*,*,#6899,.F.);
#8856=ORIENTED_EDGE('',*,*,#6900,.T.);
#8857=ORIENTED_EDGE('',*,*,#6901,.T.);
#8858=ORIENTED_EDGE('',*,*,#6896,.F.);
#8859=ORIENTED_EDGE('',*,*,#6902,.F.);
#8860=ORIENTED_EDGE('',*,*,#6903,.T.);
#8861=ORIENTED_EDGE('',*,*,#6904,.T.);
#8862=ORIENTED_EDGE('',*,*,#6900,.F.);
#8863=ORIENTED_EDGE('',*,*,#6905,.F.);
#8864=ORIENTED_EDGE('',*,*,#6898,.T.);
#8865=ORIENTED_EDGE('',*,*,#6906,.T.);
#8866=ORIENTED_EDGE('',*,*,#6903,.F.);
#8867=ORIENTED_EDGE('',*,*,#6906,.F.);
#8868=ORIENTED_EDGE('',*,*,#6897,.F.);
#8869=ORIENTED_EDGE('',*,*,#6901,.F.);
#8870=ORIENTED_EDGE('',*,*,#6904,.F.);
#8871=ORIENTED_EDGE('',*,*,#6907,.F.);
#8872=ORIENTED_EDGE('',*,*,#6908,.T.);
#8873=ORIENTED_EDGE('',*,*,#6909,.T.);
#8874=ORIENTED_EDGE('',*,*,#6910,.F.);
#8875=ORIENTED_EDGE('',*,*,#6911,.F.);
#8876=ORIENTED_EDGE('',*,*,#6912,.T.);
#8877=ORIENTED_EDGE('',*,*,#6913,.T.);
#8878=ORIENTED_EDGE('',*,*,#6908,.F.);
#8879=ORIENTED_EDGE('',*,*,#6914,.F.);
#8880=ORIENTED_EDGE('',*,*,#6915,.T.);
#8881=ORIENTED_EDGE('',*,*,#6916,.T.);
#8882=ORIENTED_EDGE('',*,*,#6912,.F.);
#8883=ORIENTED_EDGE('',*,*,#6917,.F.);
#8884=ORIENTED_EDGE('',*,*,#6910,.T.);
#8885=ORIENTED_EDGE('',*,*,#6918,.T.);
#8886=ORIENTED_EDGE('',*,*,#6915,.F.);
#8887=ORIENTED_EDGE('',*,*,#6918,.F.);
#8888=ORIENTED_EDGE('',*,*,#6909,.F.);
#8889=ORIENTED_EDGE('',*,*,#6913,.F.);
#8890=ORIENTED_EDGE('',*,*,#6916,.F.);
#8891=ORIENTED_EDGE('',*,*,#6919,.F.);
#8892=ORIENTED_EDGE('',*,*,#6920,.T.);
#8893=ORIENTED_EDGE('',*,*,#6921,.T.);
#8894=ORIENTED_EDGE('',*,*,#6922,.F.);
#8895=ORIENTED_EDGE('',*,*,#6923,.F.);
#8896=ORIENTED_EDGE('',*,*,#6924,.T.);
#8897=ORIENTED_EDGE('',*,*,#6925,.T.);
#8898=ORIENTED_EDGE('',*,*,#6920,.F.);
#8899=ORIENTED_EDGE('',*,*,#6926,.F.);
#8900=ORIENTED_EDGE('',*,*,#6927,.T.);
#8901=ORIENTED_EDGE('',*,*,#6928,.T.);
#8902=ORIENTED_EDGE('',*,*,#6924,.F.);
#8903=ORIENTED_EDGE('',*,*,#6929,.F.);
#8904=ORIENTED_EDGE('',*,*,#6922,.T.);
#8905=ORIENTED_EDGE('',*,*,#6930,.T.);
#8906=ORIENTED_EDGE('',*,*,#6927,.F.);
#8907=ORIENTED_EDGE('',*,*,#6930,.F.);
#8908=ORIENTED_EDGE('',*,*,#6921,.F.);
#8909=ORIENTED_EDGE('',*,*,#6925,.F.);
#8910=ORIENTED_EDGE('',*,*,#6928,.F.);
#8911=ORIENTED_EDGE('',*,*,#6931,.F.);
#8912=ORIENTED_EDGE('',*,*,#6932,.T.);
#8913=ORIENTED_EDGE('',*,*,#6933,.T.);
#8914=ORIENTED_EDGE('',*,*,#6934,.F.);
#8915=ORIENTED_EDGE('',*,*,#6935,.F.);
#8916=ORIENTED_EDGE('',*,*,#6936,.T.);
#8917=ORIENTED_EDGE('',*,*,#6937,.T.);
#8918=ORIENTED_EDGE('',*,*,#6932,.F.);
#8919=ORIENTED_EDGE('',*,*,#6938,.F.);
#8920=ORIENTED_EDGE('',*,*,#6939,.T.);
#8921=ORIENTED_EDGE('',*,*,#6940,.T.);
#8922=ORIENTED_EDGE('',*,*,#6936,.F.);
#8923=ORIENTED_EDGE('',*,*,#6941,.F.);
#8924=ORIENTED_EDGE('',*,*,#6934,.T.);
#8925=ORIENTED_EDGE('',*,*,#6942,.T.);
#8926=ORIENTED_EDGE('',*,*,#6939,.F.);
#8927=ORIENTED_EDGE('',*,*,#6942,.F.);
#8928=ORIENTED_EDGE('',*,*,#6933,.F.);
#8929=ORIENTED_EDGE('',*,*,#6937,.F.);
#8930=ORIENTED_EDGE('',*,*,#6940,.F.);
#8931=ORIENTED_EDGE('',*,*,#6943,.F.);
#8932=ORIENTED_EDGE('',*,*,#6944,.T.);
#8933=ORIENTED_EDGE('',*,*,#6945,.T.);
#8934=ORIENTED_EDGE('',*,*,#6946,.F.);
#8935=ORIENTED_EDGE('',*,*,#6947,.F.);
#8936=ORIENTED_EDGE('',*,*,#6948,.T.);
#8937=ORIENTED_EDGE('',*,*,#6949,.T.);
#8938=ORIENTED_EDGE('',*,*,#6944,.F.);
#8939=ORIENTED_EDGE('',*,*,#6950,.F.);
#8940=ORIENTED_EDGE('',*,*,#6951,.T.);
#8941=ORIENTED_EDGE('',*,*,#6952,.T.);
#8942=ORIENTED_EDGE('',*,*,#6948,.F.);
#8943=ORIENTED_EDGE('',*,*,#6953,.F.);
#8944=ORIENTED_EDGE('',*,*,#6946,.T.);
#8945=ORIENTED_EDGE('',*,*,#6954,.T.);
#8946=ORIENTED_EDGE('',*,*,#6951,.F.);
#8947=ORIENTED_EDGE('',*,*,#6954,.F.);
#8948=ORIENTED_EDGE('',*,*,#6945,.F.);
#8949=ORIENTED_EDGE('',*,*,#6949,.F.);
#8950=ORIENTED_EDGE('',*,*,#6952,.F.);
#8951=ORIENTED_EDGE('',*,*,#6955,.F.);
#8952=ORIENTED_EDGE('',*,*,#6956,.T.);
#8953=ORIENTED_EDGE('',*,*,#6957,.T.);
#8954=ORIENTED_EDGE('',*,*,#6958,.F.);
#8955=ORIENTED_EDGE('',*,*,#6959,.F.);
#8956=ORIENTED_EDGE('',*,*,#6960,.T.);
#8957=ORIENTED_EDGE('',*,*,#6961,.T.);
#8958=ORIENTED_EDGE('',*,*,#6956,.F.);
#8959=ORIENTED_EDGE('',*,*,#6962,.F.);
#8960=ORIENTED_EDGE('',*,*,#6963,.T.);
#8961=ORIENTED_EDGE('',*,*,#6964,.T.);
#8962=ORIENTED_EDGE('',*,*,#6960,.F.);
#8963=ORIENTED_EDGE('',*,*,#6965,.F.);
#8964=ORIENTED_EDGE('',*,*,#6958,.T.);
#8965=ORIENTED_EDGE('',*,*,#6966,.T.);
#8966=ORIENTED_EDGE('',*,*,#6963,.F.);
#8967=ORIENTED_EDGE('',*,*,#6966,.F.);
#8968=ORIENTED_EDGE('',*,*,#6957,.F.);
#8969=ORIENTED_EDGE('',*,*,#6961,.F.);
#8970=ORIENTED_EDGE('',*,*,#6964,.F.);
#8971=ORIENTED_EDGE('',*,*,#6967,.F.);
#8972=ORIENTED_EDGE('',*,*,#6968,.T.);
#8973=ORIENTED_EDGE('',*,*,#6969,.T.);
#8974=ORIENTED_EDGE('',*,*,#6970,.F.);
#8975=ORIENTED_EDGE('',*,*,#6971,.F.);
#8976=ORIENTED_EDGE('',*,*,#6972,.T.);
#8977=ORIENTED_EDGE('',*,*,#6973,.T.);
#8978=ORIENTED_EDGE('',*,*,#6968,.F.);
#8979=ORIENTED_EDGE('',*,*,#6974,.F.);
#8980=ORIENTED_EDGE('',*,*,#6975,.T.);
#8981=ORIENTED_EDGE('',*,*,#6976,.T.);
#8982=ORIENTED_EDGE('',*,*,#6972,.F.);
#8983=ORIENTED_EDGE('',*,*,#6977,.F.);
#8984=ORIENTED_EDGE('',*,*,#6970,.T.);
#8985=ORIENTED_EDGE('',*,*,#6978,.T.);
#8986=ORIENTED_EDGE('',*,*,#6975,.F.);
#8987=ORIENTED_EDGE('',*,*,#6978,.F.);
#8988=ORIENTED_EDGE('',*,*,#6969,.F.);
#8989=ORIENTED_EDGE('',*,*,#6973,.F.);
#8990=ORIENTED_EDGE('',*,*,#6976,.F.);
#8991=ORIENTED_EDGE('',*,*,#6979,.F.);
#8992=ORIENTED_EDGE('',*,*,#6980,.T.);
#8993=ORIENTED_EDGE('',*,*,#6981,.T.);
#8994=ORIENTED_EDGE('',*,*,#6982,.F.);
#8995=ORIENTED_EDGE('',*,*,#6983,.F.);
#8996=ORIENTED_EDGE('',*,*,#6984,.T.);
#8997=ORIENTED_EDGE('',*,*,#6985,.T.);
#8998=ORIENTED_EDGE('',*,*,#6980,.F.);
#8999=ORIENTED_EDGE('',*,*,#6986,.F.);
#9000=ORIENTED_EDGE('',*,*,#6987,.T.);
#9001=ORIENTED_EDGE('',*,*,#6988,.T.);
#9002=ORIENTED_EDGE('',*,*,#6984,.F.);
#9003=ORIENTED_EDGE('',*,*,#6989,.F.);
#9004=ORIENTED_EDGE('',*,*,#6982,.T.);
#9005=ORIENTED_EDGE('',*,*,#6990,.T.);
#9006=ORIENTED_EDGE('',*,*,#6987,.F.);
#9007=ORIENTED_EDGE('',*,*,#6990,.F.);
#9008=ORIENTED_EDGE('',*,*,#6981,.F.);
#9009=ORIENTED_EDGE('',*,*,#6985,.F.);
#9010=ORIENTED_EDGE('',*,*,#6988,.F.);
#9011=ORIENTED_EDGE('',*,*,#6991,.F.);
#9012=ORIENTED_EDGE('',*,*,#6992,.T.);
#9013=ORIENTED_EDGE('',*,*,#6993,.T.);
#9014=ORIENTED_EDGE('',*,*,#6994,.F.);
#9015=ORIENTED_EDGE('',*,*,#6995,.F.);
#9016=ORIENTED_EDGE('',*,*,#6996,.T.);
#9017=ORIENTED_EDGE('',*,*,#6997,.T.);
#9018=ORIENTED_EDGE('',*,*,#6992,.F.);
#9019=ORIENTED_EDGE('',*,*,#6998,.F.);
#9020=ORIENTED_EDGE('',*,*,#6999,.T.);
#9021=ORIENTED_EDGE('',*,*,#7000,.T.);
#9022=ORIENTED_EDGE('',*,*,#6996,.F.);
#9023=ORIENTED_EDGE('',*,*,#7001,.F.);
#9024=ORIENTED_EDGE('',*,*,#6994,.T.);
#9025=ORIENTED_EDGE('',*,*,#7002,.T.);
#9026=ORIENTED_EDGE('',*,*,#6999,.F.);
#9027=ORIENTED_EDGE('',*,*,#7002,.F.);
#9028=ORIENTED_EDGE('',*,*,#6993,.F.);
#9029=ORIENTED_EDGE('',*,*,#6997,.F.);
#9030=ORIENTED_EDGE('',*,*,#7000,.F.);
#9031=ORIENTED_EDGE('',*,*,#7003,.F.);
#9032=ORIENTED_EDGE('',*,*,#7004,.T.);
#9033=ORIENTED_EDGE('',*,*,#7005,.F.);
#9034=ORIENTED_EDGE('',*,*,#7006,.F.);
#9035=ORIENTED_EDGE('',*,*,#7007,.F.);
#9036=ORIENTED_EDGE('',*,*,#7006,.T.);
#9037=ORIENTED_EDGE('',*,*,#7008,.F.);
#9038=ORIENTED_EDGE('',*,*,#7009,.F.);
#9039=ORIENTED_EDGE('',*,*,#7010,.F.);
#9040=ORIENTED_EDGE('',*,*,#7009,.T.);
#9041=ORIENTED_EDGE('',*,*,#7011,.F.);
#9042=ORIENTED_EDGE('',*,*,#7012,.F.);
#9043=ORIENTED_EDGE('',*,*,#7013,.F.);
#9044=ORIENTED_EDGE('',*,*,#7012,.T.);
#9045=ORIENTED_EDGE('',*,*,#7014,.F.);
#9046=ORIENTED_EDGE('',*,*,#7004,.F.);
#9047=ORIENTED_EDGE('',*,*,#7014,.T.);
#9048=ORIENTED_EDGE('',*,*,#7011,.T.);
#9049=ORIENTED_EDGE('',*,*,#7008,.T.);
#9050=ORIENTED_EDGE('',*,*,#7005,.T.);
#9051=ORIENTED_EDGE('',*,*,#7015,.F.);
#9052=ORIENTED_EDGE('',*,*,#7016,.T.);
#9053=ORIENTED_EDGE('',*,*,#7017,.F.);
#9054=ORIENTED_EDGE('',*,*,#7018,.F.);
#9055=ORIENTED_EDGE('',*,*,#7019,.F.);
#9056=ORIENTED_EDGE('',*,*,#7018,.T.);
#9057=ORIENTED_EDGE('',*,*,#7020,.F.);
#9058=ORIENTED_EDGE('',*,*,#7021,.F.);
#9059=ORIENTED_EDGE('',*,*,#7022,.F.);
#9060=ORIENTED_EDGE('',*,*,#7021,.T.);
#9061=ORIENTED_EDGE('',*,*,#7023,.F.);
#9062=ORIENTED_EDGE('',*,*,#7024,.F.);
#9063=ORIENTED_EDGE('',*,*,#7025,.F.);
#9064=ORIENTED_EDGE('',*,*,#7024,.T.);
#9065=ORIENTED_EDGE('',*,*,#7026,.F.);
#9066=ORIENTED_EDGE('',*,*,#7016,.F.);
#9067=ORIENTED_EDGE('',*,*,#7026,.T.);
#9068=ORIENTED_EDGE('',*,*,#7023,.T.);
#9069=ORIENTED_EDGE('',*,*,#7020,.T.);
#9070=ORIENTED_EDGE('',*,*,#7017,.T.);
#9071=ORIENTED_EDGE('',*,*,#7027,.F.);
#9072=ORIENTED_EDGE('',*,*,#7028,.T.);
#9073=ORIENTED_EDGE('',*,*,#7029,.F.);
#9074=ORIENTED_EDGE('',*,*,#7030,.F.);
#9075=ORIENTED_EDGE('',*,*,#7031,.F.);
#9076=ORIENTED_EDGE('',*,*,#7030,.T.);
#9077=ORIENTED_EDGE('',*,*,#7032,.F.);
#9078=ORIENTED_EDGE('',*,*,#7033,.F.);
#9079=ORIENTED_EDGE('',*,*,#7034,.F.);
#9080=ORIENTED_EDGE('',*,*,#7033,.T.);
#9081=ORIENTED_EDGE('',*,*,#7035,.F.);
#9082=ORIENTED_EDGE('',*,*,#7036,.F.);
#9083=ORIENTED_EDGE('',*,*,#7037,.F.);
#9084=ORIENTED_EDGE('',*,*,#7036,.T.);
#9085=ORIENTED_EDGE('',*,*,#7038,.F.);
#9086=ORIENTED_EDGE('',*,*,#7028,.F.);
#9087=ORIENTED_EDGE('',*,*,#7038,.T.);
#9088=ORIENTED_EDGE('',*,*,#7035,.T.);
#9089=ORIENTED_EDGE('',*,*,#7032,.T.);
#9090=ORIENTED_EDGE('',*,*,#7029,.T.);
#9091=ORIENTED_EDGE('',*,*,#7039,.F.);
#9092=ORIENTED_EDGE('',*,*,#7040,.T.);
#9093=ORIENTED_EDGE('',*,*,#7041,.F.);
#9094=ORIENTED_EDGE('',*,*,#7042,.F.);
#9095=ORIENTED_EDGE('',*,*,#7043,.F.);
#9096=ORIENTED_EDGE('',*,*,#7042,.T.);
#9097=ORIENTED_EDGE('',*,*,#7044,.F.);
#9098=ORIENTED_EDGE('',*,*,#7045,.F.);
#9099=ORIENTED_EDGE('',*,*,#7046,.F.);
#9100=ORIENTED_EDGE('',*,*,#7045,.T.);
#9101=ORIENTED_EDGE('',*,*,#7047,.F.);
#9102=ORIENTED_EDGE('',*,*,#7048,.F.);
#9103=ORIENTED_EDGE('',*,*,#7049,.F.);
#9104=ORIENTED_EDGE('',*,*,#7048,.T.);
#9105=ORIENTED_EDGE('',*,*,#7050,.F.);
#9106=ORIENTED_EDGE('',*,*,#7040,.F.);
#9107=ORIENTED_EDGE('',*,*,#7050,.T.);
#9108=ORIENTED_EDGE('',*,*,#7047,.T.);
#9109=ORIENTED_EDGE('',*,*,#7044,.T.);
#9110=ORIENTED_EDGE('',*,*,#7041,.T.);
#9111=ORIENTED_EDGE('',*,*,#7051,.F.);
#9112=ORIENTED_EDGE('',*,*,#7052,.T.);
#9113=ORIENTED_EDGE('',*,*,#7053,.F.);
#9114=ORIENTED_EDGE('',*,*,#7054,.F.);
#9115=ORIENTED_EDGE('',*,*,#7055,.F.);
#9116=ORIENTED_EDGE('',*,*,#7054,.T.);
#9117=ORIENTED_EDGE('',*,*,#7056,.F.);
#9118=ORIENTED_EDGE('',*,*,#7057,.F.);
#9119=ORIENTED_EDGE('',*,*,#7058,.F.);
#9120=ORIENTED_EDGE('',*,*,#7057,.T.);
#9121=ORIENTED_EDGE('',*,*,#7059,.F.);
#9122=ORIENTED_EDGE('',*,*,#7060,.F.);
#9123=ORIENTED_EDGE('',*,*,#7061,.F.);
#9124=ORIENTED_EDGE('',*,*,#7060,.T.);
#9125=ORIENTED_EDGE('',*,*,#7062,.F.);
#9126=ORIENTED_EDGE('',*,*,#7052,.F.);
#9127=ORIENTED_EDGE('',*,*,#7062,.T.);
#9128=ORIENTED_EDGE('',*,*,#7059,.T.);
#9129=ORIENTED_EDGE('',*,*,#7056,.T.);
#9130=ORIENTED_EDGE('',*,*,#7053,.T.);
#9131=ORIENTED_EDGE('',*,*,#7063,.F.);
#9132=ORIENTED_EDGE('',*,*,#7064,.T.);
#9133=ORIENTED_EDGE('',*,*,#7065,.F.);
#9134=ORIENTED_EDGE('',*,*,#7066,.F.);
#9135=ORIENTED_EDGE('',*,*,#7067,.F.);
#9136=ORIENTED_EDGE('',*,*,#7066,.T.);
#9137=ORIENTED_EDGE('',*,*,#7068,.F.);
#9138=ORIENTED_EDGE('',*,*,#7069,.F.);
#9139=ORIENTED_EDGE('',*,*,#7070,.F.);
#9140=ORIENTED_EDGE('',*,*,#7069,.T.);
#9141=ORIENTED_EDGE('',*,*,#7071,.F.);
#9142=ORIENTED_EDGE('',*,*,#7072,.F.);
#9143=ORIENTED_EDGE('',*,*,#7073,.F.);
#9144=ORIENTED_EDGE('',*,*,#7072,.T.);
#9145=ORIENTED_EDGE('',*,*,#7074,.F.);
#9146=ORIENTED_EDGE('',*,*,#7064,.F.);
#9147=ORIENTED_EDGE('',*,*,#7074,.T.);
#9148=ORIENTED_EDGE('',*,*,#7071,.T.);
#9149=ORIENTED_EDGE('',*,*,#7068,.T.);
#9150=ORIENTED_EDGE('',*,*,#7065,.T.);
#9151=ORIENTED_EDGE('',*,*,#7075,.F.);
#9152=ORIENTED_EDGE('',*,*,#7076,.T.);
#9153=ORIENTED_EDGE('',*,*,#7077,.F.);
#9154=ORIENTED_EDGE('',*,*,#7078,.F.);
#9155=ORIENTED_EDGE('',*,*,#7079,.F.);
#9156=ORIENTED_EDGE('',*,*,#7078,.T.);
#9157=ORIENTED_EDGE('',*,*,#7080,.F.);
#9158=ORIENTED_EDGE('',*,*,#7081,.F.);
#9159=ORIENTED_EDGE('',*,*,#7082,.F.);
#9160=ORIENTED_EDGE('',*,*,#7081,.T.);
#9161=ORIENTED_EDGE('',*,*,#7083,.F.);
#9162=ORIENTED_EDGE('',*,*,#7084,.F.);
#9163=ORIENTED_EDGE('',*,*,#7085,.F.);
#9164=ORIENTED_EDGE('',*,*,#7084,.T.);
#9165=ORIENTED_EDGE('',*,*,#7086,.F.);
#9166=ORIENTED_EDGE('',*,*,#7076,.F.);
#9167=ORIENTED_EDGE('',*,*,#7086,.T.);
#9168=ORIENTED_EDGE('',*,*,#7083,.T.);
#9169=ORIENTED_EDGE('',*,*,#7080,.T.);
#9170=ORIENTED_EDGE('',*,*,#7077,.T.);
#9171=ORIENTED_EDGE('',*,*,#7087,.F.);
#9172=ORIENTED_EDGE('',*,*,#7088,.T.);
#9173=ORIENTED_EDGE('',*,*,#7089,.F.);
#9174=ORIENTED_EDGE('',*,*,#7090,.F.);
#9175=ORIENTED_EDGE('',*,*,#7091,.F.);
#9176=ORIENTED_EDGE('',*,*,#7090,.T.);
#9177=ORIENTED_EDGE('',*,*,#7092,.F.);
#9178=ORIENTED_EDGE('',*,*,#7093,.F.);
#9179=ORIENTED_EDGE('',*,*,#7094,.F.);
#9180=ORIENTED_EDGE('',*,*,#7093,.T.);
#9181=ORIENTED_EDGE('',*,*,#7095,.F.);
#9182=ORIENTED_EDGE('',*,*,#7096,.F.);
#9183=ORIENTED_EDGE('',*,*,#7097,.F.);
#9184=ORIENTED_EDGE('',*,*,#7096,.T.);
#9185=ORIENTED_EDGE('',*,*,#7098,.F.);
#9186=ORIENTED_EDGE('',*,*,#7088,.F.);
#9187=ORIENTED_EDGE('',*,*,#7098,.T.);
#9188=ORIENTED_EDGE('',*,*,#7095,.T.);
#9189=ORIENTED_EDGE('',*,*,#7092,.T.);
#9190=ORIENTED_EDGE('',*,*,#7089,.T.);
#9191=ORIENTED_EDGE('',*,*,#7099,.F.);
#9192=ORIENTED_EDGE('',*,*,#7100,.T.);
#9193=ORIENTED_EDGE('',*,*,#7101,.F.);
#9194=ORIENTED_EDGE('',*,*,#7102,.F.);
#9195=ORIENTED_EDGE('',*,*,#7103,.F.);
#9196=ORIENTED_EDGE('',*,*,#7102,.T.);
#9197=ORIENTED_EDGE('',*,*,#7104,.F.);
#9198=ORIENTED_EDGE('',*,*,#7105,.F.);
#9199=ORIENTED_EDGE('',*,*,#7106,.F.);
#9200=ORIENTED_EDGE('',*,*,#7105,.T.);
#9201=ORIENTED_EDGE('',*,*,#7107,.F.);
#9202=ORIENTED_EDGE('',*,*,#7108,.F.);
#9203=ORIENTED_EDGE('',*,*,#7109,.F.);
#9204=ORIENTED_EDGE('',*,*,#7108,.T.);
#9205=ORIENTED_EDGE('',*,*,#7110,.F.);
#9206=ORIENTED_EDGE('',*,*,#7100,.F.);
#9207=ORIENTED_EDGE('',*,*,#7110,.T.);
#9208=ORIENTED_EDGE('',*,*,#7107,.T.);
#9209=ORIENTED_EDGE('',*,*,#7104,.T.);
#9210=ORIENTED_EDGE('',*,*,#7101,.T.);
#9211=ORIENTED_EDGE('',*,*,#7111,.F.);
#9212=ORIENTED_EDGE('',*,*,#7112,.T.);
#9213=ORIENTED_EDGE('',*,*,#7113,.F.);
#9214=ORIENTED_EDGE('',*,*,#7114,.F.);
#9215=ORIENTED_EDGE('',*,*,#7115,.F.);
#9216=ORIENTED_EDGE('',*,*,#7114,.T.);
#9217=ORIENTED_EDGE('',*,*,#7116,.F.);
#9218=ORIENTED_EDGE('',*,*,#7117,.F.);
#9219=ORIENTED_EDGE('',*,*,#7118,.F.);
#9220=ORIENTED_EDGE('',*,*,#7117,.T.);
#9221=ORIENTED_EDGE('',*,*,#7119,.F.);
#9222=ORIENTED_EDGE('',*,*,#7120,.F.);
#9223=ORIENTED_EDGE('',*,*,#7121,.F.);
#9224=ORIENTED_EDGE('',*,*,#7120,.T.);
#9225=ORIENTED_EDGE('',*,*,#7122,.F.);
#9226=ORIENTED_EDGE('',*,*,#7112,.F.);
#9227=ORIENTED_EDGE('',*,*,#7122,.T.);
#9228=ORIENTED_EDGE('',*,*,#7119,.T.);
#9229=ORIENTED_EDGE('',*,*,#7116,.T.);
#9230=ORIENTED_EDGE('',*,*,#7113,.T.);
#9231=ORIENTED_EDGE('',*,*,#7123,.F.);
#9232=ORIENTED_EDGE('',*,*,#7124,.T.);
#9233=ORIENTED_EDGE('',*,*,#7125,.F.);
#9234=ORIENTED_EDGE('',*,*,#7126,.F.);
#9235=ORIENTED_EDGE('',*,*,#7127,.F.);
#9236=ORIENTED_EDGE('',*,*,#7126,.T.);
#9237=ORIENTED_EDGE('',*,*,#7128,.F.);
#9238=ORIENTED_EDGE('',*,*,#7129,.F.);
#9239=ORIENTED_EDGE('',*,*,#7130,.F.);
#9240=ORIENTED_EDGE('',*,*,#7129,.T.);
#9241=ORIENTED_EDGE('',*,*,#7131,.F.);
#9242=ORIENTED_EDGE('',*,*,#7132,.F.);
#9243=ORIENTED_EDGE('',*,*,#7133,.F.);
#9244=ORIENTED_EDGE('',*,*,#7132,.T.);
#9245=ORIENTED_EDGE('',*,*,#7134,.F.);
#9246=ORIENTED_EDGE('',*,*,#7124,.F.);
#9247=ORIENTED_EDGE('',*,*,#7134,.T.);
#9248=ORIENTED_EDGE('',*,*,#7131,.T.);
#9249=ORIENTED_EDGE('',*,*,#7128,.T.);
#9250=ORIENTED_EDGE('',*,*,#7125,.T.);
#9251=ORIENTED_EDGE('',*,*,#7135,.F.);
#9252=ORIENTED_EDGE('',*,*,#7136,.T.);
#9253=ORIENTED_EDGE('',*,*,#7137,.F.);
#9254=ORIENTED_EDGE('',*,*,#7138,.F.);
#9255=ORIENTED_EDGE('',*,*,#7139,.F.);
#9256=ORIENTED_EDGE('',*,*,#7138,.T.);
#9257=ORIENTED_EDGE('',*,*,#7140,.F.);
#9258=ORIENTED_EDGE('',*,*,#7141,.F.);
#9259=ORIENTED_EDGE('',*,*,#7142,.F.);
#9260=ORIENTED_EDGE('',*,*,#7141,.T.);
#9261=ORIENTED_EDGE('',*,*,#7143,.F.);
#9262=ORIENTED_EDGE('',*,*,#7144,.F.);
#9263=ORIENTED_EDGE('',*,*,#7145,.F.);
#9264=ORIENTED_EDGE('',*,*,#7144,.T.);
#9265=ORIENTED_EDGE('',*,*,#7146,.F.);
#9266=ORIENTED_EDGE('',*,*,#7136,.F.);
#9267=ORIENTED_EDGE('',*,*,#7146,.T.);
#9268=ORIENTED_EDGE('',*,*,#7143,.T.);
#9269=ORIENTED_EDGE('',*,*,#7140,.T.);
#9270=ORIENTED_EDGE('',*,*,#7137,.T.);
#9271=ORIENTED_EDGE('',*,*,#7147,.F.);
#9272=ORIENTED_EDGE('',*,*,#7148,.T.);
#9273=ORIENTED_EDGE('',*,*,#7149,.F.);
#9274=ORIENTED_EDGE('',*,*,#7150,.F.);
#9275=ORIENTED_EDGE('',*,*,#7151,.F.);
#9276=ORIENTED_EDGE('',*,*,#7150,.T.);
#9277=ORIENTED_EDGE('',*,*,#7152,.F.);
#9278=ORIENTED_EDGE('',*,*,#7153,.F.);
#9279=ORIENTED_EDGE('',*,*,#7154,.F.);
#9280=ORIENTED_EDGE('',*,*,#7153,.T.);
#9281=ORIENTED_EDGE('',*,*,#7155,.F.);
#9282=ORIENTED_EDGE('',*,*,#7156,.F.);
#9283=ORIENTED_EDGE('',*,*,#7157,.F.);
#9284=ORIENTED_EDGE('',*,*,#7156,.T.);
#9285=ORIENTED_EDGE('',*,*,#7158,.F.);
#9286=ORIENTED_EDGE('',*,*,#7148,.F.);
#9287=ORIENTED_EDGE('',*,*,#7158,.T.);
#9288=ORIENTED_EDGE('',*,*,#7155,.T.);
#9289=ORIENTED_EDGE('',*,*,#7152,.T.);
#9290=ORIENTED_EDGE('',*,*,#7149,.T.);
#9291=ORIENTED_EDGE('',*,*,#7159,.F.);
#9292=ORIENTED_EDGE('',*,*,#7160,.T.);
#9293=ORIENTED_EDGE('',*,*,#7161,.F.);
#9294=ORIENTED_EDGE('',*,*,#7162,.F.);
#9295=ORIENTED_EDGE('',*,*,#7163,.F.);
#9296=ORIENTED_EDGE('',*,*,#7162,.T.);
#9297=ORIENTED_EDGE('',*,*,#7164,.F.);
#9298=ORIENTED_EDGE('',*,*,#7165,.F.);
#9299=ORIENTED_EDGE('',*,*,#7166,.F.);
#9300=ORIENTED_EDGE('',*,*,#7165,.T.);
#9301=ORIENTED_EDGE('',*,*,#7167,.F.);
#9302=ORIENTED_EDGE('',*,*,#7168,.F.);
#9303=ORIENTED_EDGE('',*,*,#7169,.F.);
#9304=ORIENTED_EDGE('',*,*,#7168,.T.);
#9305=ORIENTED_EDGE('',*,*,#7170,.F.);
#9306=ORIENTED_EDGE('',*,*,#7160,.F.);
#9307=ORIENTED_EDGE('',*,*,#7170,.T.);
#9308=ORIENTED_EDGE('',*,*,#7167,.T.);
#9309=ORIENTED_EDGE('',*,*,#7164,.T.);
#9310=ORIENTED_EDGE('',*,*,#7161,.T.);
#9311=ORIENTED_EDGE('',*,*,#7171,.F.);
#9312=ORIENTED_EDGE('',*,*,#7172,.T.);
#9313=ORIENTED_EDGE('',*,*,#7173,.F.);
#9314=ORIENTED_EDGE('',*,*,#7174,.F.);
#9315=ORIENTED_EDGE('',*,*,#7175,.F.);
#9316=ORIENTED_EDGE('',*,*,#7174,.T.);
#9317=ORIENTED_EDGE('',*,*,#7176,.F.);
#9318=ORIENTED_EDGE('',*,*,#7177,.F.);
#9319=ORIENTED_EDGE('',*,*,#7178,.F.);
#9320=ORIENTED_EDGE('',*,*,#7177,.T.);
#9321=ORIENTED_EDGE('',*,*,#7179,.F.);
#9322=ORIENTED_EDGE('',*,*,#7180,.F.);
#9323=ORIENTED_EDGE('',*,*,#7181,.F.);
#9324=ORIENTED_EDGE('',*,*,#7180,.T.);
#9325=ORIENTED_EDGE('',*,*,#7182,.F.);
#9326=ORIENTED_EDGE('',*,*,#7172,.F.);
#9327=ORIENTED_EDGE('',*,*,#7182,.T.);
#9328=ORIENTED_EDGE('',*,*,#7179,.T.);
#9329=ORIENTED_EDGE('',*,*,#7176,.T.);
#9330=ORIENTED_EDGE('',*,*,#7173,.T.);
#9331=ORIENTED_EDGE('',*,*,#7183,.F.);
#9332=ORIENTED_EDGE('',*,*,#7184,.T.);
#9333=ORIENTED_EDGE('',*,*,#7185,.F.);
#9334=ORIENTED_EDGE('',*,*,#7186,.F.);
#9335=ORIENTED_EDGE('',*,*,#7187,.F.);
#9336=ORIENTED_EDGE('',*,*,#7186,.T.);
#9337=ORIENTED_EDGE('',*,*,#7188,.F.);
#9338=ORIENTED_EDGE('',*,*,#7189,.F.);
#9339=ORIENTED_EDGE('',*,*,#7190,.F.);
#9340=ORIENTED_EDGE('',*,*,#7189,.T.);
#9341=ORIENTED_EDGE('',*,*,#7191,.F.);
#9342=ORIENTED_EDGE('',*,*,#7192,.F.);
#9343=ORIENTED_EDGE('',*,*,#7193,.F.);
#9344=ORIENTED_EDGE('',*,*,#7192,.T.);
#9345=ORIENTED_EDGE('',*,*,#7194,.F.);
#9346=ORIENTED_EDGE('',*,*,#7184,.F.);
#9347=ORIENTED_EDGE('',*,*,#7194,.T.);
#9348=ORIENTED_EDGE('',*,*,#7191,.T.);
#9349=ORIENTED_EDGE('',*,*,#7188,.T.);
#9350=ORIENTED_EDGE('',*,*,#7185,.T.);
#9351=ORIENTED_EDGE('',*,*,#7195,.F.);
#9352=ORIENTED_EDGE('',*,*,#7196,.T.);
#9353=ORIENTED_EDGE('',*,*,#7197,.F.);
#9354=ORIENTED_EDGE('',*,*,#7198,.F.);
#9355=ORIENTED_EDGE('',*,*,#7199,.F.);
#9356=ORIENTED_EDGE('',*,*,#7198,.T.);
#9357=ORIENTED_EDGE('',*,*,#7200,.F.);
#9358=ORIENTED_EDGE('',*,*,#7201,.F.);
#9359=ORIENTED_EDGE('',*,*,#7202,.F.);
#9360=ORIENTED_EDGE('',*,*,#7201,.T.);
#9361=ORIENTED_EDGE('',*,*,#7203,.F.);
#9362=ORIENTED_EDGE('',*,*,#7204,.F.);
#9363=ORIENTED_EDGE('',*,*,#7205,.F.);
#9364=ORIENTED_EDGE('',*,*,#7204,.T.);
#9365=ORIENTED_EDGE('',*,*,#7206,.F.);
#9366=ORIENTED_EDGE('',*,*,#7196,.F.);
#9367=ORIENTED_EDGE('',*,*,#7206,.T.);
#9368=ORIENTED_EDGE('',*,*,#7203,.T.);
#9369=ORIENTED_EDGE('',*,*,#7200,.T.);
#9370=ORIENTED_EDGE('',*,*,#7197,.T.);
#9371=ORIENTED_EDGE('',*,*,#7207,.F.);
#9372=ORIENTED_EDGE('',*,*,#7208,.T.);
#9373=ORIENTED_EDGE('',*,*,#7209,.F.);
#9374=ORIENTED_EDGE('',*,*,#7210,.F.);
#9375=ORIENTED_EDGE('',*,*,#7211,.F.);
#9376=ORIENTED_EDGE('',*,*,#7210,.T.);
#9377=ORIENTED_EDGE('',*,*,#7212,.F.);
#9378=ORIENTED_EDGE('',*,*,#7213,.F.);
#9379=ORIENTED_EDGE('',*,*,#7214,.F.);
#9380=ORIENTED_EDGE('',*,*,#7213,.T.);
#9381=ORIENTED_EDGE('',*,*,#7215,.F.);
#9382=ORIENTED_EDGE('',*,*,#7216,.F.);
#9383=ORIENTED_EDGE('',*,*,#7217,.F.);
#9384=ORIENTED_EDGE('',*,*,#7216,.T.);
#9385=ORIENTED_EDGE('',*,*,#7218,.F.);
#9386=ORIENTED_EDGE('',*,*,#7208,.F.);
#9387=ORIENTED_EDGE('',*,*,#7218,.T.);
#9388=ORIENTED_EDGE('',*,*,#7215,.T.);
#9389=ORIENTED_EDGE('',*,*,#7212,.T.);
#9390=ORIENTED_EDGE('',*,*,#7209,.T.);
#9391=ORIENTED_EDGE('',*,*,#7219,.F.);
#9392=ORIENTED_EDGE('',*,*,#7220,.T.);
#9393=ORIENTED_EDGE('',*,*,#7221,.T.);
#9394=ORIENTED_EDGE('',*,*,#7222,.F.);
#9395=ORIENTED_EDGE('',*,*,#7223,.F.);
#9396=ORIENTED_EDGE('',*,*,#7224,.T.);
#9397=ORIENTED_EDGE('',*,*,#7225,.T.);
#9398=ORIENTED_EDGE('',*,*,#7220,.F.);
#9399=ORIENTED_EDGE('',*,*,#7226,.F.);
#9400=ORIENTED_EDGE('',*,*,#7227,.T.);
#9401=ORIENTED_EDGE('',*,*,#7228,.T.);
#9402=ORIENTED_EDGE('',*,*,#7224,.F.);
#9403=ORIENTED_EDGE('',*,*,#7229,.F.);
#9404=ORIENTED_EDGE('',*,*,#7222,.T.);
#9405=ORIENTED_EDGE('',*,*,#7230,.T.);
#9406=ORIENTED_EDGE('',*,*,#7227,.F.);
#9407=ORIENTED_EDGE('',*,*,#7230,.F.);
#9408=ORIENTED_EDGE('',*,*,#7221,.F.);
#9409=ORIENTED_EDGE('',*,*,#7225,.F.);
#9410=ORIENTED_EDGE('',*,*,#7228,.F.);
#9411=ORIENTED_EDGE('',*,*,#7231,.F.);
#9412=ORIENTED_EDGE('',*,*,#7232,.T.);
#9413=ORIENTED_EDGE('',*,*,#7233,.T.);
#9414=ORIENTED_EDGE('',*,*,#7234,.F.);
#9415=ORIENTED_EDGE('',*,*,#7235,.F.);
#9416=ORIENTED_EDGE('',*,*,#7236,.T.);
#9417=ORIENTED_EDGE('',*,*,#7237,.T.);
#9418=ORIENTED_EDGE('',*,*,#7232,.F.);
#9419=ORIENTED_EDGE('',*,*,#7238,.F.);
#9420=ORIENTED_EDGE('',*,*,#7239,.T.);
#9421=ORIENTED_EDGE('',*,*,#7240,.T.);
#9422=ORIENTED_EDGE('',*,*,#7236,.F.);
#9423=ORIENTED_EDGE('',*,*,#7241,.F.);
#9424=ORIENTED_EDGE('',*,*,#7234,.T.);
#9425=ORIENTED_EDGE('',*,*,#7242,.T.);
#9426=ORIENTED_EDGE('',*,*,#7239,.F.);
#9427=ORIENTED_EDGE('',*,*,#7242,.F.);
#9428=ORIENTED_EDGE('',*,*,#7233,.F.);
#9429=ORIENTED_EDGE('',*,*,#7237,.F.);
#9430=ORIENTED_EDGE('',*,*,#7240,.F.);
#9431=ORIENTED_EDGE('',*,*,#7243,.T.);
#9432=ORIENTED_EDGE('',*,*,#7244,.T.);
#9433=ORIENTED_EDGE('',*,*,#7245,.T.);
#9434=ORIENTED_EDGE('',*,*,#7246,.F.);
#9435=ORIENTED_EDGE('',*,*,#7247,.T.);
#9436=ORIENTED_EDGE('',*,*,#7248,.T.);
#9437=ORIENTED_EDGE('',*,*,#7249,.T.);
#9438=ORIENTED_EDGE('',*,*,#7244,.F.);
#9439=ORIENTED_EDGE('',*,*,#7250,.T.);
#9440=ORIENTED_EDGE('',*,*,#7251,.T.);
#9441=ORIENTED_EDGE('',*,*,#7252,.T.);
#9442=ORIENTED_EDGE('',*,*,#7248,.F.);
#9443=ORIENTED_EDGE('',*,*,#7253,.T.);
#9444=ORIENTED_EDGE('',*,*,#7251,.F.);
#9445=ORIENTED_EDGE('',*,*,#7254,.T.);
#9446=ORIENTED_EDGE('',*,*,#7246,.T.);
#9447=ORIENTED_EDGE('',*,*,#7243,.F.);
#9448=ORIENTED_EDGE('',*,*,#7254,.F.);
#9449=ORIENTED_EDGE('',*,*,#7250,.F.);
#9450=ORIENTED_EDGE('',*,*,#7247,.F.);
#9451=ORIENTED_EDGE('',*,*,#6571,.T.);
#9452=ORIENTED_EDGE('',*,*,#6581,.T.);
#9453=ORIENTED_EDGE('',*,*,#6578,.T.);
#9454=ORIENTED_EDGE('',*,*,#6575,.T.);
#9455=ORIENTED_EDGE('',*,*,#6583,.T.);
#9456=ORIENTED_EDGE('',*,*,#6593,.T.);
#9457=ORIENTED_EDGE('',*,*,#6590,.T.);
#9458=ORIENTED_EDGE('',*,*,#6587,.T.);
#9459=ORIENTED_EDGE('',*,*,#6595,.T.);
#9460=ORIENTED_EDGE('',*,*,#6605,.T.);
#9461=ORIENTED_EDGE('',*,*,#6602,.T.);
#9462=ORIENTED_EDGE('',*,*,#6599,.T.);
#9463=ORIENTED_EDGE('',*,*,#6607,.T.);
#9464=ORIENTED_EDGE('',*,*,#6617,.T.);
#9465=ORIENTED_EDGE('',*,*,#6614,.T.);
#9466=ORIENTED_EDGE('',*,*,#6611,.T.);
#9467=ORIENTED_EDGE('',*,*,#6619,.T.);
#9468=ORIENTED_EDGE('',*,*,#6629,.T.);
#9469=ORIENTED_EDGE('',*,*,#6626,.T.);
#9470=ORIENTED_EDGE('',*,*,#6623,.T.);
#9471=ORIENTED_EDGE('',*,*,#6631,.T.);
#9472=ORIENTED_EDGE('',*,*,#6641,.T.);
#9473=ORIENTED_EDGE('',*,*,#6638,.T.);
#9474=ORIENTED_EDGE('',*,*,#6635,.T.);
#9475=ORIENTED_EDGE('',*,*,#6643,.T.);
#9476=ORIENTED_EDGE('',*,*,#6653,.T.);
#9477=ORIENTED_EDGE('',*,*,#6650,.T.);
#9478=ORIENTED_EDGE('',*,*,#6647,.T.);
#9479=ORIENTED_EDGE('',*,*,#6655,.T.);
#9480=ORIENTED_EDGE('',*,*,#6665,.T.);
#9481=ORIENTED_EDGE('',*,*,#6662,.T.);
#9482=ORIENTED_EDGE('',*,*,#6659,.T.);
#9483=ORIENTED_EDGE('',*,*,#6667,.T.);
#9484=ORIENTED_EDGE('',*,*,#6677,.T.);
#9485=ORIENTED_EDGE('',*,*,#6674,.T.);
#9486=ORIENTED_EDGE('',*,*,#6671,.T.);
#9487=ORIENTED_EDGE('',*,*,#6679,.T.);
#9488=ORIENTED_EDGE('',*,*,#6689,.T.);
#9489=ORIENTED_EDGE('',*,*,#6686,.T.);
#9490=ORIENTED_EDGE('',*,*,#6683,.T.);
#9491=ORIENTED_EDGE('',*,*,#6691,.T.);
#9492=ORIENTED_EDGE('',*,*,#6701,.T.);
#9493=ORIENTED_EDGE('',*,*,#6698,.T.);
#9494=ORIENTED_EDGE('',*,*,#6695,.T.);
#9495=ORIENTED_EDGE('',*,*,#6703,.T.);
#9496=ORIENTED_EDGE('',*,*,#6713,.T.);
#9497=ORIENTED_EDGE('',*,*,#6710,.T.);
#9498=ORIENTED_EDGE('',*,*,#6707,.T.);
#9499=ORIENTED_EDGE('',*,*,#6715,.T.);
#9500=ORIENTED_EDGE('',*,*,#6719,.T.);
#9501=ORIENTED_EDGE('',*,*,#6722,.T.);
#9502=ORIENTED_EDGE('',*,*,#6725,.T.);
#9503=ORIENTED_EDGE('',*,*,#6727,.T.);
#9504=ORIENTED_EDGE('',*,*,#6731,.T.);
#9505=ORIENTED_EDGE('',*,*,#6734,.T.);
#9506=ORIENTED_EDGE('',*,*,#6737,.T.);
#9507=ORIENTED_EDGE('',*,*,#6739,.T.);
#9508=ORIENTED_EDGE('',*,*,#6743,.T.);
#9509=ORIENTED_EDGE('',*,*,#6746,.T.);
#9510=ORIENTED_EDGE('',*,*,#6749,.T.);
#9511=ORIENTED_EDGE('',*,*,#6751,.T.);
#9512=ORIENTED_EDGE('',*,*,#6755,.T.);
#9513=ORIENTED_EDGE('',*,*,#6758,.T.);
#9514=ORIENTED_EDGE('',*,*,#6761,.T.);
#9515=ORIENTED_EDGE('',*,*,#6763,.T.);
#9516=ORIENTED_EDGE('',*,*,#6767,.T.);
#9517=ORIENTED_EDGE('',*,*,#6770,.T.);
#9518=ORIENTED_EDGE('',*,*,#6773,.T.);
#9519=ORIENTED_EDGE('',*,*,#6775,.T.);
#9520=ORIENTED_EDGE('',*,*,#6779,.T.);
#9521=ORIENTED_EDGE('',*,*,#6782,.T.);
#9522=ORIENTED_EDGE('',*,*,#6785,.T.);
#9523=ORIENTED_EDGE('',*,*,#6787,.T.);
#9524=ORIENTED_EDGE('',*,*,#6791,.T.);
#9525=ORIENTED_EDGE('',*,*,#6794,.T.);
#9526=ORIENTED_EDGE('',*,*,#6797,.T.);
#9527=ORIENTED_EDGE('',*,*,#6799,.T.);
#9528=ORIENTED_EDGE('',*,*,#6803,.T.);
#9529=ORIENTED_EDGE('',*,*,#6806,.T.);
#9530=ORIENTED_EDGE('',*,*,#6809,.T.);
#9531=ORIENTED_EDGE('',*,*,#6811,.T.);
#9532=ORIENTED_EDGE('',*,*,#6815,.T.);
#9533=ORIENTED_EDGE('',*,*,#6818,.T.);
#9534=ORIENTED_EDGE('',*,*,#6821,.T.);
#9535=ORIENTED_EDGE('',*,*,#6823,.T.);
#9536=ORIENTED_EDGE('',*,*,#6827,.T.);
#9537=ORIENTED_EDGE('',*,*,#6830,.T.);
#9538=ORIENTED_EDGE('',*,*,#6833,.T.);
#9539=ORIENTED_EDGE('',*,*,#6835,.T.);
#9540=ORIENTED_EDGE('',*,*,#6845,.T.);
#9541=ORIENTED_EDGE('',*,*,#6842,.T.);
#9542=ORIENTED_EDGE('',*,*,#6839,.T.);
#9543=ORIENTED_EDGE('',*,*,#6847,.T.);
#9544=ORIENTED_EDGE('',*,*,#6857,.T.);
#9545=ORIENTED_EDGE('',*,*,#6854,.T.);
#9546=ORIENTED_EDGE('',*,*,#6851,.T.);
#9547=ORIENTED_EDGE('',*,*,#6859,.T.);
#9548=ORIENTED_EDGE('',*,*,#6869,.T.);
#9549=ORIENTED_EDGE('',*,*,#6866,.T.);
#9550=ORIENTED_EDGE('',*,*,#6863,.T.);
#9551=ORIENTED_EDGE('',*,*,#6871,.T.);
#9552=ORIENTED_EDGE('',*,*,#6881,.T.);
#9553=ORIENTED_EDGE('',*,*,#6878,.T.);
#9554=ORIENTED_EDGE('',*,*,#6875,.T.);
#9555=ORIENTED_EDGE('',*,*,#6883,.T.);
#9556=ORIENTED_EDGE('',*,*,#6893,.T.);
#9557=ORIENTED_EDGE('',*,*,#6890,.T.);
#9558=ORIENTED_EDGE('',*,*,#6887,.T.);
#9559=ORIENTED_EDGE('',*,*,#6895,.T.);
#9560=ORIENTED_EDGE('',*,*,#6905,.T.);
#9561=ORIENTED_EDGE('',*,*,#6902,.T.);
#9562=ORIENTED_EDGE('',*,*,#6899,.T.);
#9563=ORIENTED_EDGE('',*,*,#6907,.T.);
#9564=ORIENTED_EDGE('',*,*,#6917,.T.);
#9565=ORIENTED_EDGE('',*,*,#6914,.T.);
#9566=ORIENTED_EDGE('',*,*,#6911,.T.);
#9567=ORIENTED_EDGE('',*,*,#6919,.T.);
#9568=ORIENTED_EDGE('',*,*,#6929,.T.);
#9569=ORIENTED_EDGE('',*,*,#6926,.T.);
#9570=ORIENTED_EDGE('',*,*,#6923,.T.);
#9571=ORIENTED_EDGE('',*,*,#6931,.T.);
#9572=ORIENTED_EDGE('',*,*,#6941,.T.);
#9573=ORIENTED_EDGE('',*,*,#6938,.T.);
#9574=ORIENTED_EDGE('',*,*,#6935,.T.);
#9575=ORIENTED_EDGE('',*,*,#6943,.T.);
#9576=ORIENTED_EDGE('',*,*,#6953,.T.);
#9577=ORIENTED_EDGE('',*,*,#6950,.T.);
#9578=ORIENTED_EDGE('',*,*,#6947,.T.);
#9579=ORIENTED_EDGE('',*,*,#6955,.T.);
#9580=ORIENTED_EDGE('',*,*,#6965,.T.);
#9581=ORIENTED_EDGE('',*,*,#6962,.T.);
#9582=ORIENTED_EDGE('',*,*,#6959,.T.);
#9583=ORIENTED_EDGE('',*,*,#6967,.T.);
#9584=ORIENTED_EDGE('',*,*,#6977,.T.);
#9585=ORIENTED_EDGE('',*,*,#6974,.T.);
#9586=ORIENTED_EDGE('',*,*,#6971,.T.);
#9587=ORIENTED_EDGE('',*,*,#6979,.T.);
#9588=ORIENTED_EDGE('',*,*,#6989,.T.);
#9589=ORIENTED_EDGE('',*,*,#6986,.T.);
#9590=ORIENTED_EDGE('',*,*,#6983,.T.);
#9591=ORIENTED_EDGE('',*,*,#6991,.T.);
#9592=ORIENTED_EDGE('',*,*,#7001,.T.);
#9593=ORIENTED_EDGE('',*,*,#6998,.T.);
#9594=ORIENTED_EDGE('',*,*,#6995,.T.);
#9595=ORIENTED_EDGE('',*,*,#7003,.T.);
#9596=ORIENTED_EDGE('',*,*,#7007,.T.);
#9597=ORIENTED_EDGE('',*,*,#7010,.T.);
#9598=ORIENTED_EDGE('',*,*,#7013,.T.);
#9599=ORIENTED_EDGE('',*,*,#7015,.T.);
#9600=ORIENTED_EDGE('',*,*,#7019,.T.);
#9601=ORIENTED_EDGE('',*,*,#7022,.T.);
#9602=ORIENTED_EDGE('',*,*,#7025,.T.);
#9603=ORIENTED_EDGE('',*,*,#7027,.T.);
#9604=ORIENTED_EDGE('',*,*,#7031,.T.);
#9605=ORIENTED_EDGE('',*,*,#7034,.T.);
#9606=ORIENTED_EDGE('',*,*,#7037,.T.);
#9607=ORIENTED_EDGE('',*,*,#7039,.T.);
#9608=ORIENTED_EDGE('',*,*,#7043,.T.);
#9609=ORIENTED_EDGE('',*,*,#7046,.T.);
#9610=ORIENTED_EDGE('',*,*,#7049,.T.);
#9611=ORIENTED_EDGE('',*,*,#7051,.T.);
#9612=ORIENTED_EDGE('',*,*,#7055,.T.);
#9613=ORIENTED_EDGE('',*,*,#7058,.T.);
#9614=ORIENTED_EDGE('',*,*,#7061,.T.);
#9615=ORIENTED_EDGE('',*,*,#7063,.T.);
#9616=ORIENTED_EDGE('',*,*,#7067,.T.);
#9617=ORIENTED_EDGE('',*,*,#7070,.T.);
#9618=ORIENTED_EDGE('',*,*,#7073,.T.);
#9619=ORIENTED_EDGE('',*,*,#7075,.T.);
#9620=ORIENTED_EDGE('',*,*,#7079,.T.);
#9621=ORIENTED_EDGE('',*,*,#7082,.T.);
#9622=ORIENTED_EDGE('',*,*,#7085,.T.);
#9623=ORIENTED_EDGE('',*,*,#7087,.T.);
#9624=ORIENTED_EDGE('',*,*,#7091,.T.);
#9625=ORIENTED_EDGE('',*,*,#7094,.T.);
#9626=ORIENTED_EDGE('',*,*,#7097,.T.);
#9627=ORIENTED_EDGE('',*,*,#7099,.T.);
#9628=ORIENTED_EDGE('',*,*,#7103,.T.);
#9629=ORIENTED_EDGE('',*,*,#7106,.T.);
#9630=ORIENTED_EDGE('',*,*,#7109,.T.);
#9631=ORIENTED_EDGE('',*,*,#7111,.T.);
#9632=ORIENTED_EDGE('',*,*,#7115,.T.);
#9633=ORIENTED_EDGE('',*,*,#7118,.T.);
#9634=ORIENTED_EDGE('',*,*,#7121,.T.);
#9635=ORIENTED_EDGE('',*,*,#7123,.T.);
#9636=ORIENTED_EDGE('',*,*,#7127,.T.);
#9637=ORIENTED_EDGE('',*,*,#7130,.T.);
#9638=ORIENTED_EDGE('',*,*,#7133,.T.);
#9639=ORIENTED_EDGE('',*,*,#7135,.T.);
#9640=ORIENTED_EDGE('',*,*,#7139,.T.);
#9641=ORIENTED_EDGE('',*,*,#7142,.T.);
#9642=ORIENTED_EDGE('',*,*,#7145,.T.);
#9643=ORIENTED_EDGE('',*,*,#7147,.T.);
#9644=ORIENTED_EDGE('',*,*,#7151,.T.);
#9645=ORIENTED_EDGE('',*,*,#7154,.T.);
#9646=ORIENTED_EDGE('',*,*,#7157,.T.);
#9647=ORIENTED_EDGE('',*,*,#7159,.T.);
#9648=ORIENTED_EDGE('',*,*,#7163,.T.);
#9649=ORIENTED_EDGE('',*,*,#7166,.T.);
#9650=ORIENTED_EDGE('',*,*,#7169,.T.);
#9651=ORIENTED_EDGE('',*,*,#7171,.T.);
#9652=ORIENTED_EDGE('',*,*,#7175,.T.);
#9653=ORIENTED_EDGE('',*,*,#7178,.T.);
#9654=ORIENTED_EDGE('',*,*,#7181,.T.);
#9655=ORIENTED_EDGE('',*,*,#7183,.T.);
#9656=ORIENTED_EDGE('',*,*,#7187,.T.);
#9657=ORIENTED_EDGE('',*,*,#7190,.T.);
#9658=ORIENTED_EDGE('',*,*,#7193,.T.);
#9659=ORIENTED_EDGE('',*,*,#7195,.T.);
#9660=ORIENTED_EDGE('',*,*,#7199,.T.);
#9661=ORIENTED_EDGE('',*,*,#7202,.T.);
#9662=ORIENTED_EDGE('',*,*,#7205,.T.);
#9663=ORIENTED_EDGE('',*,*,#7207,.T.);
#9664=ORIENTED_EDGE('',*,*,#7211,.T.);
#9665=ORIENTED_EDGE('',*,*,#7214,.T.);
#9666=ORIENTED_EDGE('',*,*,#7217,.T.);
#9667=ORIENTED_EDGE('',*,*,#7219,.T.);
#9668=ORIENTED_EDGE('',*,*,#7229,.T.);
#9669=ORIENTED_EDGE('',*,*,#7226,.T.);
#9670=ORIENTED_EDGE('',*,*,#7223,.T.);
#9671=ORIENTED_EDGE('',*,*,#7231,.T.);
#9672=ORIENTED_EDGE('',*,*,#7241,.T.);
#9673=ORIENTED_EDGE('',*,*,#7238,.T.);
#9674=ORIENTED_EDGE('',*,*,#7235,.T.);
#9675=ORIENTED_EDGE('',*,*,#7249,.F.);
#9676=ORIENTED_EDGE('',*,*,#7252,.F.);
#9677=ORIENTED_EDGE('',*,*,#7253,.F.);
#9678=ORIENTED_EDGE('',*,*,#7245,.F.);
#9679=ORIENTED_EDGE('',*,*,#7255,.T.);
#9680=ORIENTED_EDGE('',*,*,#7256,.T.);
#9681=ORIENTED_EDGE('',*,*,#7257,.F.);
#9682=ORIENTED_EDGE('',*,*,#7258,.F.);
#9683=ORIENTED_EDGE('',*,*,#7259,.T.);
#9684=ORIENTED_EDGE('',*,*,#7258,.T.);
#9685=ORIENTED_EDGE('',*,*,#7260,.F.);
#9686=ORIENTED_EDGE('',*,*,#7261,.F.);
#9687=ORIENTED_EDGE('',*,*,#7262,.T.);
#9688=ORIENTED_EDGE('',*,*,#7261,.T.);
#9689=ORIENTED_EDGE('',*,*,#7263,.F.);
#9690=ORIENTED_EDGE('',*,*,#7264,.F.);
#9691=ORIENTED_EDGE('',*,*,#7265,.T.);
#9692=ORIENTED_EDGE('',*,*,#7264,.T.);
#9693=ORIENTED_EDGE('',*,*,#7266,.F.);
#9694=ORIENTED_EDGE('',*,*,#7256,.F.);
#9695=ORIENTED_EDGE('',*,*,#7265,.F.);
#9696=ORIENTED_EDGE('',*,*,#7255,.F.);
#9697=ORIENTED_EDGE('',*,*,#7259,.F.);
#9698=ORIENTED_EDGE('',*,*,#7262,.F.);
#9699=ORIENTED_EDGE('',*,*,#7266,.T.);
#9700=ORIENTED_EDGE('',*,*,#7263,.T.);
#9701=ORIENTED_EDGE('',*,*,#7260,.T.);
#9702=ORIENTED_EDGE('',*,*,#7257,.T.);
#9703=ORIENTED_EDGE('',*,*,#7267,.F.);
#9704=ORIENTED_EDGE('',*,*,#7268,.T.);
#9705=ORIENTED_EDGE('',*,*,#7269,.F.);
#9706=ORIENTED_EDGE('',*,*,#7270,.F.);
#9707=ORIENTED_EDGE('',*,*,#7271,.F.);
#9708=ORIENTED_EDGE('',*,*,#7270,.T.);
#9709=ORIENTED_EDGE('',*,*,#7272,.F.);
#9710=ORIENTED_EDGE('',*,*,#7273,.F.);
#9711=ORIENTED_EDGE('',*,*,#7274,.F.);
#9712=ORIENTED_EDGE('',*,*,#7273,.T.);
#9713=ORIENTED_EDGE('',*,*,#7275,.F.);
#9714=ORIENTED_EDGE('',*,*,#7276,.F.);
#9715=ORIENTED_EDGE('',*,*,#7277,.F.);
#9716=ORIENTED_EDGE('',*,*,#7276,.T.);
#9717=ORIENTED_EDGE('',*,*,#7278,.F.);
#9718=ORIENTED_EDGE('',*,*,#7268,.F.);
#9719=ORIENTED_EDGE('',*,*,#7277,.T.);
#9720=ORIENTED_EDGE('',*,*,#7267,.T.);
#9721=ORIENTED_EDGE('',*,*,#7271,.T.);
#9722=ORIENTED_EDGE('',*,*,#7274,.T.);
#9723=ORIENTED_EDGE('',*,*,#7278,.T.);
#9724=ORIENTED_EDGE('',*,*,#7275,.T.);
#9725=ORIENTED_EDGE('',*,*,#7272,.T.);
#9726=ORIENTED_EDGE('',*,*,#7269,.T.);
#9727=ORIENTED_EDGE('',*,*,#7279,.T.);
#9728=ORIENTED_EDGE('',*,*,#7280,.T.);
#9729=ORIENTED_EDGE('',*,*,#7281,.F.);
#9730=ORIENTED_EDGE('',*,*,#7282,.F.);
#9731=ORIENTED_EDGE('',*,*,#7283,.T.);
#9732=ORIENTED_EDGE('',*,*,#7282,.T.);
#9733=ORIENTED_EDGE('',*,*,#7284,.F.);
#9734=ORIENTED_EDGE('',*,*,#7285,.F.);
#9735=ORIENTED_EDGE('',*,*,#7286,.T.);
#9736=ORIENTED_EDGE('',*,*,#7285,.T.);
#9737=ORIENTED_EDGE('',*,*,#7287,.F.);
#9738=ORIENTED_EDGE('',*,*,#7288,.F.);
#9739=ORIENTED_EDGE('',*,*,#7289,.T.);
#9740=ORIENTED_EDGE('',*,*,#7288,.T.);
#9741=ORIENTED_EDGE('',*,*,#7290,.F.);
#9742=ORIENTED_EDGE('',*,*,#7280,.F.);
#9743=ORIENTED_EDGE('',*,*,#7289,.F.);
#9744=ORIENTED_EDGE('',*,*,#7279,.F.);
#9745=ORIENTED_EDGE('',*,*,#7283,.F.);
#9746=ORIENTED_EDGE('',*,*,#7286,.F.);
#9747=ORIENTED_EDGE('',*,*,#7290,.T.);
#9748=ORIENTED_EDGE('',*,*,#7287,.T.);
#9749=ORIENTED_EDGE('',*,*,#7284,.T.);
#9750=ORIENTED_EDGE('',*,*,#7281,.T.);
#9751=ORIENTED_EDGE('',*,*,#7291,.F.);
#9752=ORIENTED_EDGE('',*,*,#7292,.T.);
#9753=ORIENTED_EDGE('',*,*,#7293,.F.);
#9754=ORIENTED_EDGE('',*,*,#7294,.F.);
#9755=ORIENTED_EDGE('',*,*,#7295,.F.);
#9756=ORIENTED_EDGE('',*,*,#7294,.T.);
#9757=ORIENTED_EDGE('',*,*,#7296,.F.);
#9758=ORIENTED_EDGE('',*,*,#7297,.F.);
#9759=ORIENTED_EDGE('',*,*,#7298,.F.);
#9760=ORIENTED_EDGE('',*,*,#7297,.T.);
#9761=ORIENTED_EDGE('',*,*,#7299,.F.);
#9762=ORIENTED_EDGE('',*,*,#7300,.F.);
#9763=ORIENTED_EDGE('',*,*,#7301,.F.);
#9764=ORIENTED_EDGE('',*,*,#7300,.T.);
#9765=ORIENTED_EDGE('',*,*,#7302,.F.);
#9766=ORIENTED_EDGE('',*,*,#7292,.F.);
#9767=ORIENTED_EDGE('',*,*,#7301,.T.);
#9768=ORIENTED_EDGE('',*,*,#7291,.T.);
#9769=ORIENTED_EDGE('',*,*,#7295,.T.);
#9770=ORIENTED_EDGE('',*,*,#7298,.T.);
#9771=ORIENTED_EDGE('',*,*,#7302,.T.);
#9772=ORIENTED_EDGE('',*,*,#7299,.T.);
#9773=ORIENTED_EDGE('',*,*,#7296,.T.);
#9774=ORIENTED_EDGE('',*,*,#7293,.T.);
#9775=ORIENTED_EDGE('',*,*,#7303,.T.);
#9776=ORIENTED_EDGE('',*,*,#7304,.T.);
#9777=ORIENTED_EDGE('',*,*,#7305,.F.);
#9778=ORIENTED_EDGE('',*,*,#7306,.F.);
#9779=ORIENTED_EDGE('',*,*,#7307,.T.);
#9780=ORIENTED_EDGE('',*,*,#7306,.T.);
#9781=ORIENTED_EDGE('',*,*,#7308,.F.);
#9782=ORIENTED_EDGE('',*,*,#7309,.F.);
#9783=ORIENTED_EDGE('',*,*,#7310,.T.);
#9784=ORIENTED_EDGE('',*,*,#7309,.T.);
#9785=ORIENTED_EDGE('',*,*,#7311,.F.);
#9786=ORIENTED_EDGE('',*,*,#7312,.F.);
#9787=ORIENTED_EDGE('',*,*,#7313,.T.);
#9788=ORIENTED_EDGE('',*,*,#7312,.T.);
#9789=ORIENTED_EDGE('',*,*,#7314,.F.);
#9790=ORIENTED_EDGE('',*,*,#7304,.F.);
#9791=ORIENTED_EDGE('',*,*,#7313,.F.);
#9792=ORIENTED_EDGE('',*,*,#7303,.F.);
#9793=ORIENTED_EDGE('',*,*,#7307,.F.);
#9794=ORIENTED_EDGE('',*,*,#7310,.F.);
#9795=ORIENTED_EDGE('',*,*,#7314,.T.);
#9796=ORIENTED_EDGE('',*,*,#7311,.T.);
#9797=ORIENTED_EDGE('',*,*,#7308,.T.);
#9798=ORIENTED_EDGE('',*,*,#7305,.T.);
#9799=ORIENTED_EDGE('',*,*,#7315,.T.);
#9800=ORIENTED_EDGE('',*,*,#7316,.T.);
#9801=ORIENTED_EDGE('',*,*,#7317,.F.);
#9802=ORIENTED_EDGE('',*,*,#7318,.F.);
#9803=ORIENTED_EDGE('',*,*,#7319,.T.);
#9804=ORIENTED_EDGE('',*,*,#7318,.T.);
#9805=ORIENTED_EDGE('',*,*,#7320,.F.);
#9806=ORIENTED_EDGE('',*,*,#7321,.F.);
#9807=ORIENTED_EDGE('',*,*,#7322,.T.);
#9808=ORIENTED_EDGE('',*,*,#7321,.T.);
#9809=ORIENTED_EDGE('',*,*,#7323,.F.);
#9810=ORIENTED_EDGE('',*,*,#7324,.F.);
#9811=ORIENTED_EDGE('',*,*,#7325,.T.);
#9812=ORIENTED_EDGE('',*,*,#7324,.T.);
#9813=ORIENTED_EDGE('',*,*,#7326,.F.);
#9814=ORIENTED_EDGE('',*,*,#7316,.F.);
#9815=ORIENTED_EDGE('',*,*,#7325,.F.);
#9816=ORIENTED_EDGE('',*,*,#7315,.F.);
#9817=ORIENTED_EDGE('',*,*,#7319,.F.);
#9818=ORIENTED_EDGE('',*,*,#7322,.F.);
#9819=ORIENTED_EDGE('',*,*,#7326,.T.);
#9820=ORIENTED_EDGE('',*,*,#7323,.T.);
#9821=ORIENTED_EDGE('',*,*,#7320,.T.);
#9822=ORIENTED_EDGE('',*,*,#7317,.T.);
#9823=ORIENTED_EDGE('',*,*,#7327,.F.);
#9824=ORIENTED_EDGE('',*,*,#7328,.T.);
#9825=ORIENTED_EDGE('',*,*,#7329,.F.);
#9826=ORIENTED_EDGE('',*,*,#7330,.F.);
#9827=ORIENTED_EDGE('',*,*,#7331,.F.);
#9828=ORIENTED_EDGE('',*,*,#7330,.T.);
#9829=ORIENTED_EDGE('',*,*,#7332,.F.);
#9830=ORIENTED_EDGE('',*,*,#7333,.F.);
#9831=ORIENTED_EDGE('',*,*,#7334,.F.);
#9832=ORIENTED_EDGE('',*,*,#7333,.T.);
#9833=ORIENTED_EDGE('',*,*,#7335,.F.);
#9834=ORIENTED_EDGE('',*,*,#7336,.F.);
#9835=ORIENTED_EDGE('',*,*,#7337,.F.);
#9836=ORIENTED_EDGE('',*,*,#7336,.T.);
#9837=ORIENTED_EDGE('',*,*,#7338,.F.);
#9838=ORIENTED_EDGE('',*,*,#7328,.F.);
#9839=ORIENTED_EDGE('',*,*,#7337,.T.);
#9840=ORIENTED_EDGE('',*,*,#7327,.T.);
#9841=ORIENTED_EDGE('',*,*,#7331,.T.);
#9842=ORIENTED_EDGE('',*,*,#7334,.T.);
#9843=ORIENTED_EDGE('',*,*,#7338,.T.);
#9844=ORIENTED_EDGE('',*,*,#7335,.T.);
#9845=ORIENTED_EDGE('',*,*,#7332,.T.);
#9846=ORIENTED_EDGE('',*,*,#7329,.T.);
#9847=ORIENTED_EDGE('',*,*,#7339,.F.);
#9848=ORIENTED_EDGE('',*,*,#7340,.T.);
#9849=ORIENTED_EDGE('',*,*,#7341,.F.);
#9850=ORIENTED_EDGE('',*,*,#7342,.F.);
#9851=ORIENTED_EDGE('',*,*,#7343,.F.);
#9852=ORIENTED_EDGE('',*,*,#7342,.T.);
#9853=ORIENTED_EDGE('',*,*,#7344,.F.);
#9854=ORIENTED_EDGE('',*,*,#7345,.F.);
#9855=ORIENTED_EDGE('',*,*,#7346,.F.);
#9856=ORIENTED_EDGE('',*,*,#7345,.T.);
#9857=ORIENTED_EDGE('',*,*,#7347,.F.);
#9858=ORIENTED_EDGE('',*,*,#7348,.F.);
#9859=ORIENTED_EDGE('',*,*,#7349,.F.);
#9860=ORIENTED_EDGE('',*,*,#7348,.T.);
#9861=ORIENTED_EDGE('',*,*,#7350,.F.);
#9862=ORIENTED_EDGE('',*,*,#7340,.F.);
#9863=ORIENTED_EDGE('',*,*,#7349,.T.);
#9864=ORIENTED_EDGE('',*,*,#7339,.T.);
#9865=ORIENTED_EDGE('',*,*,#7343,.T.);
#9866=ORIENTED_EDGE('',*,*,#7346,.T.);
#9867=ORIENTED_EDGE('',*,*,#7350,.T.);
#9868=ORIENTED_EDGE('',*,*,#7347,.T.);
#9869=ORIENTED_EDGE('',*,*,#7344,.T.);
#9870=ORIENTED_EDGE('',*,*,#7341,.T.);
#9871=ORIENTED_EDGE('',*,*,#7351,.T.);
#9872=ORIENTED_EDGE('',*,*,#7352,.T.);
#9873=ORIENTED_EDGE('',*,*,#7353,.F.);
#9874=ORIENTED_EDGE('',*,*,#7354,.F.);
#9875=ORIENTED_EDGE('',*,*,#7355,.T.);
#9876=ORIENTED_EDGE('',*,*,#7354,.T.);
#9877=ORIENTED_EDGE('',*,*,#7356,.F.);
#9878=ORIENTED_EDGE('',*,*,#7357,.F.);
#9879=ORIENTED_EDGE('',*,*,#7358,.T.);
#9880=ORIENTED_EDGE('',*,*,#7357,.T.);
#9881=ORIENTED_EDGE('',*,*,#7359,.F.);
#9882=ORIENTED_EDGE('',*,*,#7360,.F.);
#9883=ORIENTED_EDGE('',*,*,#7361,.T.);
#9884=ORIENTED_EDGE('',*,*,#7360,.T.);
#9885=ORIENTED_EDGE('',*,*,#7362,.F.);
#9886=ORIENTED_EDGE('',*,*,#7352,.F.);
#9887=ORIENTED_EDGE('',*,*,#7361,.F.);
#9888=ORIENTED_EDGE('',*,*,#7351,.F.);
#9889=ORIENTED_EDGE('',*,*,#7355,.F.);
#9890=ORIENTED_EDGE('',*,*,#7358,.F.);
#9891=ORIENTED_EDGE('',*,*,#7362,.T.);
#9892=ORIENTED_EDGE('',*,*,#7359,.T.);
#9893=ORIENTED_EDGE('',*,*,#7356,.T.);
#9894=ORIENTED_EDGE('',*,*,#7353,.T.);
#9895=ORIENTED_EDGE('',*,*,#7363,.F.);
#9896=ORIENTED_EDGE('',*,*,#7364,.T.);
#9897=ORIENTED_EDGE('',*,*,#7365,.F.);
#9898=ORIENTED_EDGE('',*,*,#7366,.F.);
#9899=ORIENTED_EDGE('',*,*,#7367,.F.);
#9900=ORIENTED_EDGE('',*,*,#7366,.T.);
#9901=ORIENTED_EDGE('',*,*,#7368,.F.);
#9902=ORIENTED_EDGE('',*,*,#7369,.F.);
#9903=ORIENTED_EDGE('',*,*,#7370,.F.);
#9904=ORIENTED_EDGE('',*,*,#7369,.T.);
#9905=ORIENTED_EDGE('',*,*,#7371,.F.);
#9906=ORIENTED_EDGE('',*,*,#7372,.F.);
#9907=ORIENTED_EDGE('',*,*,#7373,.F.);
#9908=ORIENTED_EDGE('',*,*,#7372,.T.);
#9909=ORIENTED_EDGE('',*,*,#7374,.F.);
#9910=ORIENTED_EDGE('',*,*,#7364,.F.);
#9911=ORIENTED_EDGE('',*,*,#7373,.T.);
#9912=ORIENTED_EDGE('',*,*,#7363,.T.);
#9913=ORIENTED_EDGE('',*,*,#7367,.T.);
#9914=ORIENTED_EDGE('',*,*,#7370,.T.);
#9915=ORIENTED_EDGE('',*,*,#7374,.T.);
#9916=ORIENTED_EDGE('',*,*,#7371,.T.);
#9917=ORIENTED_EDGE('',*,*,#7368,.T.);
#9918=ORIENTED_EDGE('',*,*,#7365,.T.);
#9919=ORIENTED_EDGE('',*,*,#7375,.T.);
#9920=ORIENTED_EDGE('',*,*,#7376,.T.);
#9921=ORIENTED_EDGE('',*,*,#7377,.F.);
#9922=ORIENTED_EDGE('',*,*,#7378,.F.);
#9923=ORIENTED_EDGE('',*,*,#7379,.T.);
#9924=ORIENTED_EDGE('',*,*,#7378,.T.);
#9925=ORIENTED_EDGE('',*,*,#7380,.F.);
#9926=ORIENTED_EDGE('',*,*,#7381,.F.);
#9927=ORIENTED_EDGE('',*,*,#7382,.T.);
#9928=ORIENTED_EDGE('',*,*,#7381,.T.);
#9929=ORIENTED_EDGE('',*,*,#7383,.F.);
#9930=ORIENTED_EDGE('',*,*,#7384,.F.);
#9931=ORIENTED_EDGE('',*,*,#7385,.T.);
#9932=ORIENTED_EDGE('',*,*,#7384,.T.);
#9933=ORIENTED_EDGE('',*,*,#7386,.F.);
#9934=ORIENTED_EDGE('',*,*,#7376,.F.);
#9935=ORIENTED_EDGE('',*,*,#7385,.F.);
#9936=ORIENTED_EDGE('',*,*,#7375,.F.);
#9937=ORIENTED_EDGE('',*,*,#7379,.F.);
#9938=ORIENTED_EDGE('',*,*,#7382,.F.);
#9939=ORIENTED_EDGE('',*,*,#7386,.T.);
#9940=ORIENTED_EDGE('',*,*,#7383,.T.);
#9941=ORIENTED_EDGE('',*,*,#7380,.T.);
#9942=ORIENTED_EDGE('',*,*,#7377,.T.);
#9943=ORIENTED_EDGE('',*,*,#7387,.F.);
#9944=ORIENTED_EDGE('',*,*,#7388,.T.);
#9945=ORIENTED_EDGE('',*,*,#7389,.F.);
#9946=ORIENTED_EDGE('',*,*,#7390,.F.);
#9947=ORIENTED_EDGE('',*,*,#7391,.F.);
#9948=ORIENTED_EDGE('',*,*,#7390,.T.);
#9949=ORIENTED_EDGE('',*,*,#7392,.F.);
#9950=ORIENTED_EDGE('',*,*,#7393,.F.);
#9951=ORIENTED_EDGE('',*,*,#7394,.F.);
#9952=ORIENTED_EDGE('',*,*,#7393,.T.);
#9953=ORIENTED_EDGE('',*,*,#7395,.F.);
#9954=ORIENTED_EDGE('',*,*,#7396,.F.);
#9955=ORIENTED_EDGE('',*,*,#7397,.F.);
#9956=ORIENTED_EDGE('',*,*,#7396,.T.);
#9957=ORIENTED_EDGE('',*,*,#7398,.F.);
#9958=ORIENTED_EDGE('',*,*,#7388,.F.);
#9959=ORIENTED_EDGE('',*,*,#7397,.T.);
#9960=ORIENTED_EDGE('',*,*,#7387,.T.);
#9961=ORIENTED_EDGE('',*,*,#7391,.T.);
#9962=ORIENTED_EDGE('',*,*,#7394,.T.);
#9963=ORIENTED_EDGE('',*,*,#7398,.T.);
#9964=ORIENTED_EDGE('',*,*,#7395,.T.);
#9965=ORIENTED_EDGE('',*,*,#7392,.T.);
#9966=ORIENTED_EDGE('',*,*,#7389,.T.);
#9967=ORIENTED_EDGE('',*,*,#7399,.T.);
#9968=ORIENTED_EDGE('',*,*,#7400,.T.);
#9969=ORIENTED_EDGE('',*,*,#7401,.F.);
#9970=ORIENTED_EDGE('',*,*,#7402,.F.);
#9971=ORIENTED_EDGE('',*,*,#7403,.T.);
#9972=ORIENTED_EDGE('',*,*,#7402,.T.);
#9973=ORIENTED_EDGE('',*,*,#7404,.F.);
#9974=ORIENTED_EDGE('',*,*,#7405,.F.);
#9975=ORIENTED_EDGE('',*,*,#7406,.T.);
#9976=ORIENTED_EDGE('',*,*,#7405,.T.);
#9977=ORIENTED_EDGE('',*,*,#7407,.F.);
#9978=ORIENTED_EDGE('',*,*,#7408,.F.);
#9979=ORIENTED_EDGE('',*,*,#7409,.T.);
#9980=ORIENTED_EDGE('',*,*,#7408,.T.);
#9981=ORIENTED_EDGE('',*,*,#7410,.F.);
#9982=ORIENTED_EDGE('',*,*,#7400,.F.);
#9983=ORIENTED_EDGE('',*,*,#7409,.F.);
#9984=ORIENTED_EDGE('',*,*,#7399,.F.);
#9985=ORIENTED_EDGE('',*,*,#7403,.F.);
#9986=ORIENTED_EDGE('',*,*,#7406,.F.);
#9987=ORIENTED_EDGE('',*,*,#7410,.T.);
#9988=ORIENTED_EDGE('',*,*,#7407,.T.);
#9989=ORIENTED_EDGE('',*,*,#7404,.T.);
#9990=ORIENTED_EDGE('',*,*,#7401,.T.);
#9991=ORIENTED_EDGE('',*,*,#7411,.F.);
#9992=ORIENTED_EDGE('',*,*,#7412,.T.);
#9993=ORIENTED_EDGE('',*,*,#7413,.F.);
#9994=ORIENTED_EDGE('',*,*,#7414,.F.);
#9995=ORIENTED_EDGE('',*,*,#7415,.F.);
#9996=ORIENTED_EDGE('',*,*,#7414,.T.);
#9997=ORIENTED_EDGE('',*,*,#7416,.F.);
#9998=ORIENTED_EDGE('',*,*,#7417,.F.);
#9999=ORIENTED_EDGE('',*,*,#7418,.F.);
#10000=ORIENTED_EDGE('',*,*,#7417,.T.);
#10001=ORIENTED_EDGE('',*,*,#7419,.F.);
#10002=ORIENTED_EDGE('',*,*,#7420,.F.);
#10003=ORIENTED_EDGE('',*,*,#7421,.F.);
#10004=ORIENTED_EDGE('',*,*,#7420,.T.);
#10005=ORIENTED_EDGE('',*,*,#7422,.F.);
#10006=ORIENTED_EDGE('',*,*,#7412,.F.);
#10007=ORIENTED_EDGE('',*,*,#7421,.T.);
#10008=ORIENTED_EDGE('',*,*,#7411,.T.);
#10009=ORIENTED_EDGE('',*,*,#7415,.T.);
#10010=ORIENTED_EDGE('',*,*,#7418,.T.);
#10011=ORIENTED_EDGE('',*,*,#7422,.T.);
#10012=ORIENTED_EDGE('',*,*,#7419,.T.);
#10013=ORIENTED_EDGE('',*,*,#7416,.T.);
#10014=ORIENTED_EDGE('',*,*,#7413,.T.);
#10015=ORIENTED_EDGE('',*,*,#7423,.F.);
#10016=ORIENTED_EDGE('',*,*,#7424,.T.);
#10017=ORIENTED_EDGE('',*,*,#7425,.F.);
#10018=ORIENTED_EDGE('',*,*,#7426,.F.);
#10019=ORIENTED_EDGE('',*,*,#7427,.F.);
#10020=ORIENTED_EDGE('',*,*,#7426,.T.);
#10021=ORIENTED_EDGE('',*,*,#7428,.F.);
#10022=ORIENTED_EDGE('',*,*,#7429,.F.);
#10023=ORIENTED_EDGE('',*,*,#7430,.F.);
#10024=ORIENTED_EDGE('',*,*,#7429,.T.);
#10025=ORIENTED_EDGE('',*,*,#7431,.F.);
#10026=ORIENTED_EDGE('',*,*,#7432,.F.);
#10027=ORIENTED_EDGE('',*,*,#7433,.F.);
#10028=ORIENTED_EDGE('',*,*,#7432,.T.);
#10029=ORIENTED_EDGE('',*,*,#7434,.F.);
#10030=ORIENTED_EDGE('',*,*,#7424,.F.);
#10031=ORIENTED_EDGE('',*,*,#7433,.T.);
#10032=ORIENTED_EDGE('',*,*,#7423,.T.);
#10033=ORIENTED_EDGE('',*,*,#7427,.T.);
#10034=ORIENTED_EDGE('',*,*,#7430,.T.);
#10035=ORIENTED_EDGE('',*,*,#7434,.T.);
#10036=ORIENTED_EDGE('',*,*,#7431,.T.);
#10037=ORIENTED_EDGE('',*,*,#7428,.T.);
#10038=ORIENTED_EDGE('',*,*,#7425,.T.);
#10039=ORIENTED_EDGE('',*,*,#7435,.T.);
#10040=ORIENTED_EDGE('',*,*,#7436,.T.);
#10041=ORIENTED_EDGE('',*,*,#7437,.F.);
#10042=ORIENTED_EDGE('',*,*,#7438,.F.);
#10043=ORIENTED_EDGE('',*,*,#7439,.T.);
#10044=ORIENTED_EDGE('',*,*,#7438,.T.);
#10045=ORIENTED_EDGE('',*,*,#7440,.F.);
#10046=ORIENTED_EDGE('',*,*,#7441,.F.);
#10047=ORIENTED_EDGE('',*,*,#7442,.T.);
#10048=ORIENTED_EDGE('',*,*,#7441,.T.);
#10049=ORIENTED_EDGE('',*,*,#7443,.F.);
#10050=ORIENTED_EDGE('',*,*,#7444,.F.);
#10051=ORIENTED_EDGE('',*,*,#7445,.T.);
#10052=ORIENTED_EDGE('',*,*,#7444,.T.);
#10053=ORIENTED_EDGE('',*,*,#7446,.F.);
#10054=ORIENTED_EDGE('',*,*,#7436,.F.);
#10055=ORIENTED_EDGE('',*,*,#7445,.F.);
#10056=ORIENTED_EDGE('',*,*,#7435,.F.);
#10057=ORIENTED_EDGE('',*,*,#7439,.F.);
#10058=ORIENTED_EDGE('',*,*,#7442,.F.);
#10059=ORIENTED_EDGE('',*,*,#7446,.T.);
#10060=ORIENTED_EDGE('',*,*,#7443,.T.);
#10061=ORIENTED_EDGE('',*,*,#7440,.T.);
#10062=ORIENTED_EDGE('',*,*,#7437,.T.);
#10063=ORIENTED_EDGE('',*,*,#7447,.T.);
#10064=ORIENTED_EDGE('',*,*,#7448,.T.);
#10065=ORIENTED_EDGE('',*,*,#7449,.F.);
#10066=ORIENTED_EDGE('',*,*,#7450,.F.);
#10067=ORIENTED_EDGE('',*,*,#7451,.T.);
#10068=ORIENTED_EDGE('',*,*,#7450,.T.);
#10069=ORIENTED_EDGE('',*,*,#7452,.F.);
#10070=ORIENTED_EDGE('',*,*,#7453,.F.);
#10071=ORIENTED_EDGE('',*,*,#7454,.T.);
#10072=ORIENTED_EDGE('',*,*,#7453,.T.);
#10073=ORIENTED_EDGE('',*,*,#7455,.F.);
#10074=ORIENTED_EDGE('',*,*,#7456,.F.);
#10075=ORIENTED_EDGE('',*,*,#7457,.T.);
#10076=ORIENTED_EDGE('',*,*,#7456,.T.);
#10077=ORIENTED_EDGE('',*,*,#7458,.F.);
#10078=ORIENTED_EDGE('',*,*,#7448,.F.);
#10079=ORIENTED_EDGE('',*,*,#7457,.F.);
#10080=ORIENTED_EDGE('',*,*,#7447,.F.);
#10081=ORIENTED_EDGE('',*,*,#7451,.F.);
#10082=ORIENTED_EDGE('',*,*,#7454,.F.);
#10083=ORIENTED_EDGE('',*,*,#7458,.T.);
#10084=ORIENTED_EDGE('',*,*,#7455,.T.);
#10085=ORIENTED_EDGE('',*,*,#7452,.T.);
#10086=ORIENTED_EDGE('',*,*,#7449,.T.);
#10087=ORIENTED_EDGE('',*,*,#7459,.T.);
#10088=ORIENTED_EDGE('',*,*,#7460,.T.);
#10089=ORIENTED_EDGE('',*,*,#7461,.F.);
#10090=ORIENTED_EDGE('',*,*,#7462,.F.);
#10091=ORIENTED_EDGE('',*,*,#7463,.T.);
#10092=ORIENTED_EDGE('',*,*,#7462,.T.);
#10093=ORIENTED_EDGE('',*,*,#7464,.F.);
#10094=ORIENTED_EDGE('',*,*,#7465,.F.);
#10095=ORIENTED_EDGE('',*,*,#7466,.T.);
#10096=ORIENTED_EDGE('',*,*,#7465,.T.);
#10097=ORIENTED_EDGE('',*,*,#7467,.F.);
#10098=ORIENTED_EDGE('',*,*,#7468,.F.);
#10099=ORIENTED_EDGE('',*,*,#7469,.T.);
#10100=ORIENTED_EDGE('',*,*,#7468,.T.);
#10101=ORIENTED_EDGE('',*,*,#7470,.F.);
#10102=ORIENTED_EDGE('',*,*,#7460,.F.);
#10103=ORIENTED_EDGE('',*,*,#7469,.F.);
#10104=ORIENTED_EDGE('',*,*,#7459,.F.);
#10105=ORIENTED_EDGE('',*,*,#7463,.F.);
#10106=ORIENTED_EDGE('',*,*,#7466,.F.);
#10107=ORIENTED_EDGE('',*,*,#7470,.T.);
#10108=ORIENTED_EDGE('',*,*,#7467,.T.);
#10109=ORIENTED_EDGE('',*,*,#7464,.T.);
#10110=ORIENTED_EDGE('',*,*,#7461,.T.);
#10111=ORIENTED_EDGE('',*,*,#7471,.F.);
#10112=ORIENTED_EDGE('',*,*,#7472,.T.);
#10113=ORIENTED_EDGE('',*,*,#7473,.F.);
#10114=ORIENTED_EDGE('',*,*,#7474,.F.);
#10115=ORIENTED_EDGE('',*,*,#7475,.F.);
#10116=ORIENTED_EDGE('',*,*,#7474,.T.);
#10117=ORIENTED_EDGE('',*,*,#7476,.F.);
#10118=ORIENTED_EDGE('',*,*,#7477,.F.);
#10119=ORIENTED_EDGE('',*,*,#7478,.F.);
#10120=ORIENTED_EDGE('',*,*,#7477,.T.);
#10121=ORIENTED_EDGE('',*,*,#7479,.F.);
#10122=ORIENTED_EDGE('',*,*,#7480,.F.);
#10123=ORIENTED_EDGE('',*,*,#7481,.F.);
#10124=ORIENTED_EDGE('',*,*,#7480,.T.);
#10125=ORIENTED_EDGE('',*,*,#7482,.F.);
#10126=ORIENTED_EDGE('',*,*,#7472,.F.);
#10127=ORIENTED_EDGE('',*,*,#7481,.T.);
#10128=ORIENTED_EDGE('',*,*,#7471,.T.);
#10129=ORIENTED_EDGE('',*,*,#7475,.T.);
#10130=ORIENTED_EDGE('',*,*,#7478,.T.);
#10131=ORIENTED_EDGE('',*,*,#7482,.T.);
#10132=ORIENTED_EDGE('',*,*,#7479,.T.);
#10133=ORIENTED_EDGE('',*,*,#7476,.T.);
#10134=ORIENTED_EDGE('',*,*,#7473,.T.);
#10135=ORIENTED_EDGE('',*,*,#7483,.F.);
#10136=ORIENTED_EDGE('',*,*,#7484,.T.);
#10137=ORIENTED_EDGE('',*,*,#7485,.F.);
#10138=ORIENTED_EDGE('',*,*,#7486,.F.);
#10139=ORIENTED_EDGE('',*,*,#7487,.F.);
#10140=ORIENTED_EDGE('',*,*,#7486,.T.);
#10141=ORIENTED_EDGE('',*,*,#7488,.F.);
#10142=ORIENTED_EDGE('',*,*,#7489,.F.);
#10143=ORIENTED_EDGE('',*,*,#7490,.F.);
#10144=ORIENTED_EDGE('',*,*,#7489,.T.);
#10145=ORIENTED_EDGE('',*,*,#7491,.F.);
#10146=ORIENTED_EDGE('',*,*,#7492,.F.);
#10147=ORIENTED_EDGE('',*,*,#7493,.F.);
#10148=ORIENTED_EDGE('',*,*,#7492,.T.);
#10149=ORIENTED_EDGE('',*,*,#7494,.F.);
#10150=ORIENTED_EDGE('',*,*,#7484,.F.);
#10151=ORIENTED_EDGE('',*,*,#7493,.T.);
#10152=ORIENTED_EDGE('',*,*,#7483,.T.);
#10153=ORIENTED_EDGE('',*,*,#7487,.T.);
#10154=ORIENTED_EDGE('',*,*,#7490,.T.);
#10155=ORIENTED_EDGE('',*,*,#7494,.T.);
#10156=ORIENTED_EDGE('',*,*,#7491,.T.);
#10157=ORIENTED_EDGE('',*,*,#7488,.T.);
#10158=ORIENTED_EDGE('',*,*,#7485,.T.);
#10159=ORIENTED_EDGE('',*,*,#7495,.F.);
#10160=ORIENTED_EDGE('',*,*,#7496,.T.);
#10161=ORIENTED_EDGE('',*,*,#7497,.F.);
#10162=ORIENTED_EDGE('',*,*,#7498,.F.);
#10163=ORIENTED_EDGE('',*,*,#7499,.F.);
#10164=ORIENTED_EDGE('',*,*,#7498,.T.);
#10165=ORIENTED_EDGE('',*,*,#7500,.F.);
#10166=ORIENTED_EDGE('',*,*,#7501,.F.);
#10167=ORIENTED_EDGE('',*,*,#7502,.F.);
#10168=ORIENTED_EDGE('',*,*,#7501,.T.);
#10169=ORIENTED_EDGE('',*,*,#7503,.F.);
#10170=ORIENTED_EDGE('',*,*,#7504,.F.);
#10171=ORIENTED_EDGE('',*,*,#7505,.F.);
#10172=ORIENTED_EDGE('',*,*,#7504,.T.);
#10173=ORIENTED_EDGE('',*,*,#7506,.F.);
#10174=ORIENTED_EDGE('',*,*,#7496,.F.);
#10175=ORIENTED_EDGE('',*,*,#7505,.T.);
#10176=ORIENTED_EDGE('',*,*,#7495,.T.);
#10177=ORIENTED_EDGE('',*,*,#7499,.T.);
#10178=ORIENTED_EDGE('',*,*,#7502,.T.);
#10179=ORIENTED_EDGE('',*,*,#7506,.T.);
#10180=ORIENTED_EDGE('',*,*,#7503,.T.);
#10181=ORIENTED_EDGE('',*,*,#7500,.T.);
#10182=ORIENTED_EDGE('',*,*,#7497,.T.);
#10183=ORIENTED_EDGE('',*,*,#7507,.F.);
#10184=ORIENTED_EDGE('',*,*,#7508,.T.);
#10185=ORIENTED_EDGE('',*,*,#7509,.F.);
#10186=ORIENTED_EDGE('',*,*,#7510,.F.);
#10187=ORIENTED_EDGE('',*,*,#7511,.F.);
#10188=ORIENTED_EDGE('',*,*,#7510,.T.);
#10189=ORIENTED_EDGE('',*,*,#7512,.F.);
#10190=ORIENTED_EDGE('',*,*,#7513,.F.);
#10191=ORIENTED_EDGE('',*,*,#7514,.F.);
#10192=ORIENTED_EDGE('',*,*,#7513,.T.);
#10193=ORIENTED_EDGE('',*,*,#7515,.F.);
#10194=ORIENTED_EDGE('',*,*,#7516,.F.);
#10195=ORIENTED_EDGE('',*,*,#7517,.F.);
#10196=ORIENTED_EDGE('',*,*,#7516,.T.);
#10197=ORIENTED_EDGE('',*,*,#7518,.F.);
#10198=ORIENTED_EDGE('',*,*,#7508,.F.);
#10199=ORIENTED_EDGE('',*,*,#7517,.T.);
#10200=ORIENTED_EDGE('',*,*,#7507,.T.);
#10201=ORIENTED_EDGE('',*,*,#7511,.T.);
#10202=ORIENTED_EDGE('',*,*,#7514,.T.);
#10203=ORIENTED_EDGE('',*,*,#7518,.T.);
#10204=ORIENTED_EDGE('',*,*,#7515,.T.);
#10205=ORIENTED_EDGE('',*,*,#7512,.T.);
#10206=ORIENTED_EDGE('',*,*,#7509,.T.);
#10207=ORIENTED_EDGE('',*,*,#7519,.T.);
#10208=ORIENTED_EDGE('',*,*,#7520,.T.);
#10209=ORIENTED_EDGE('',*,*,#7521,.F.);
#10210=ORIENTED_EDGE('',*,*,#7522,.F.);
#10211=ORIENTED_EDGE('',*,*,#7523,.T.);
#10212=ORIENTED_EDGE('',*,*,#7522,.T.);
#10213=ORIENTED_EDGE('',*,*,#7524,.F.);
#10214=ORIENTED_EDGE('',*,*,#7525,.F.);
#10215=ORIENTED_EDGE('',*,*,#7526,.T.);
#10216=ORIENTED_EDGE('',*,*,#7525,.T.);
#10217=ORIENTED_EDGE('',*,*,#7527,.F.);
#10218=ORIENTED_EDGE('',*,*,#7528,.F.);
#10219=ORIENTED_EDGE('',*,*,#7529,.T.);
#10220=ORIENTED_EDGE('',*,*,#7528,.T.);
#10221=ORIENTED_EDGE('',*,*,#7530,.F.);
#10222=ORIENTED_EDGE('',*,*,#7520,.F.);
#10223=ORIENTED_EDGE('',*,*,#7529,.F.);
#10224=ORIENTED_EDGE('',*,*,#7519,.F.);
#10225=ORIENTED_EDGE('',*,*,#7523,.F.);
#10226=ORIENTED_EDGE('',*,*,#7526,.F.);
#10227=ORIENTED_EDGE('',*,*,#7530,.T.);
#10228=ORIENTED_EDGE('',*,*,#7527,.T.);
#10229=ORIENTED_EDGE('',*,*,#7524,.T.);
#10230=ORIENTED_EDGE('',*,*,#7521,.T.);
#10231=ORIENTED_EDGE('',*,*,#7531,.T.);
#10232=ORIENTED_EDGE('',*,*,#7532,.T.);
#10233=ORIENTED_EDGE('',*,*,#7533,.F.);
#10234=ORIENTED_EDGE('',*,*,#7534,.F.);
#10235=ORIENTED_EDGE('',*,*,#7535,.T.);
#10236=ORIENTED_EDGE('',*,*,#7534,.T.);
#10237=ORIENTED_EDGE('',*,*,#7536,.F.);
#10238=ORIENTED_EDGE('',*,*,#7537,.F.);
#10239=ORIENTED_EDGE('',*,*,#7538,.T.);
#10240=ORIENTED_EDGE('',*,*,#7537,.T.);
#10241=ORIENTED_EDGE('',*,*,#7539,.F.);
#10242=ORIENTED_EDGE('',*,*,#7540,.F.);
#10243=ORIENTED_EDGE('',*,*,#7541,.T.);
#10244=ORIENTED_EDGE('',*,*,#7540,.T.);
#10245=ORIENTED_EDGE('',*,*,#7542,.F.);
#10246=ORIENTED_EDGE('',*,*,#7532,.F.);
#10247=ORIENTED_EDGE('',*,*,#7541,.F.);
#10248=ORIENTED_EDGE('',*,*,#7531,.F.);
#10249=ORIENTED_EDGE('',*,*,#7535,.F.);
#10250=ORIENTED_EDGE('',*,*,#7538,.F.);
#10251=ORIENTED_EDGE('',*,*,#7542,.T.);
#10252=ORIENTED_EDGE('',*,*,#7539,.T.);
#10253=ORIENTED_EDGE('',*,*,#7536,.T.);
#10254=ORIENTED_EDGE('',*,*,#7533,.T.);
#10255=ORIENTED_EDGE('',*,*,#7543,.F.);
#10256=ORIENTED_EDGE('',*,*,#7544,.T.);
#10257=ORIENTED_EDGE('',*,*,#7545,.F.);
#10258=ORIENTED_EDGE('',*,*,#7546,.F.);
#10259=ORIENTED_EDGE('',*,*,#7547,.F.);
#10260=ORIENTED_EDGE('',*,*,#7546,.T.);
#10261=ORIENTED_EDGE('',*,*,#7548,.F.);
#10262=ORIENTED_EDGE('',*,*,#7549,.F.);
#10263=ORIENTED_EDGE('',*,*,#7550,.F.);
#10264=ORIENTED_EDGE('',*,*,#7549,.T.);
#10265=ORIENTED_EDGE('',*,*,#7551,.F.);
#10266=ORIENTED_EDGE('',*,*,#7552,.F.);
#10267=ORIENTED_EDGE('',*,*,#7553,.F.);
#10268=ORIENTED_EDGE('',*,*,#7552,.T.);
#10269=ORIENTED_EDGE('',*,*,#7554,.F.);
#10270=ORIENTED_EDGE('',*,*,#7544,.F.);
#10271=ORIENTED_EDGE('',*,*,#7553,.T.);
#10272=ORIENTED_EDGE('',*,*,#7543,.T.);
#10273=ORIENTED_EDGE('',*,*,#7547,.T.);
#10274=ORIENTED_EDGE('',*,*,#7550,.T.);
#10275=ORIENTED_EDGE('',*,*,#7554,.T.);
#10276=ORIENTED_EDGE('',*,*,#7551,.T.);
#10277=ORIENTED_EDGE('',*,*,#7548,.T.);
#10278=ORIENTED_EDGE('',*,*,#7545,.T.);
#10279=ORIENTED_EDGE('',*,*,#7555,.T.);
#10280=ORIENTED_EDGE('',*,*,#7556,.T.);
#10281=ORIENTED_EDGE('',*,*,#7557,.F.);
#10282=ORIENTED_EDGE('',*,*,#7558,.F.);
#10283=ORIENTED_EDGE('',*,*,#7559,.T.);
#10284=ORIENTED_EDGE('',*,*,#7558,.T.);
#10285=ORIENTED_EDGE('',*,*,#7560,.F.);
#10286=ORIENTED_EDGE('',*,*,#7561,.F.);
#10287=ORIENTED_EDGE('',*,*,#7562,.T.);
#10288=ORIENTED_EDGE('',*,*,#7561,.T.);
#10289=ORIENTED_EDGE('',*,*,#7563,.F.);
#10290=ORIENTED_EDGE('',*,*,#7564,.F.);
#10291=ORIENTED_EDGE('',*,*,#7565,.T.);
#10292=ORIENTED_EDGE('',*,*,#7564,.T.);
#10293=ORIENTED_EDGE('',*,*,#7566,.F.);
#10294=ORIENTED_EDGE('',*,*,#7556,.F.);
#10295=ORIENTED_EDGE('',*,*,#7565,.F.);
#10296=ORIENTED_EDGE('',*,*,#7555,.F.);
#10297=ORIENTED_EDGE('',*,*,#7559,.F.);
#10298=ORIENTED_EDGE('',*,*,#7562,.F.);
#10299=ORIENTED_EDGE('',*,*,#7566,.T.);
#10300=ORIENTED_EDGE('',*,*,#7563,.T.);
#10301=ORIENTED_EDGE('',*,*,#7560,.T.);
#10302=ORIENTED_EDGE('',*,*,#7557,.T.);
#10303=ORIENTED_EDGE('',*,*,#7567,.F.);
#10304=ORIENTED_EDGE('',*,*,#7568,.T.);
#10305=ORIENTED_EDGE('',*,*,#7569,.F.);
#10306=ORIENTED_EDGE('',*,*,#7570,.F.);
#10307=ORIENTED_EDGE('',*,*,#7571,.F.);
#10308=ORIENTED_EDGE('',*,*,#7570,.T.);
#10309=ORIENTED_EDGE('',*,*,#7572,.F.);
#10310=ORIENTED_EDGE('',*,*,#7573,.F.);
#10311=ORIENTED_EDGE('',*,*,#7574,.F.);
#10312=ORIENTED_EDGE('',*,*,#7573,.T.);
#10313=ORIENTED_EDGE('',*,*,#7575,.F.);
#10314=ORIENTED_EDGE('',*,*,#7576,.F.);
#10315=ORIENTED_EDGE('',*,*,#7577,.F.);
#10316=ORIENTED_EDGE('',*,*,#7576,.T.);
#10317=ORIENTED_EDGE('',*,*,#7578,.F.);
#10318=ORIENTED_EDGE('',*,*,#7568,.F.);
#10319=ORIENTED_EDGE('',*,*,#7577,.T.);
#10320=ORIENTED_EDGE('',*,*,#7567,.T.);
#10321=ORIENTED_EDGE('',*,*,#7571,.T.);
#10322=ORIENTED_EDGE('',*,*,#7574,.T.);
#10323=ORIENTED_EDGE('',*,*,#7578,.T.);
#10324=ORIENTED_EDGE('',*,*,#7575,.T.);
#10325=ORIENTED_EDGE('',*,*,#7572,.T.);
#10326=ORIENTED_EDGE('',*,*,#7569,.T.);
#10327=ORIENTED_EDGE('',*,*,#7579,.T.);
#10328=ORIENTED_EDGE('',*,*,#7580,.T.);
#10329=ORIENTED_EDGE('',*,*,#7581,.F.);
#10330=ORIENTED_EDGE('',*,*,#7582,.F.);
#10331=ORIENTED_EDGE('',*,*,#7583,.T.);
#10332=ORIENTED_EDGE('',*,*,#7582,.T.);
#10333=ORIENTED_EDGE('',*,*,#7584,.F.);
#10334=ORIENTED_EDGE('',*,*,#7585,.F.);
#10335=ORIENTED_EDGE('',*,*,#7586,.T.);
#10336=ORIENTED_EDGE('',*,*,#7585,.T.);
#10337=ORIENTED_EDGE('',*,*,#7587,.F.);
#10338=ORIENTED_EDGE('',*,*,#7588,.F.);
#10339=ORIENTED_EDGE('',*,*,#7589,.T.);
#10340=ORIENTED_EDGE('',*,*,#7588,.T.);
#10341=ORIENTED_EDGE('',*,*,#7590,.F.);
#10342=ORIENTED_EDGE('',*,*,#7580,.F.);
#10343=ORIENTED_EDGE('',*,*,#7589,.F.);
#10344=ORIENTED_EDGE('',*,*,#7579,.F.);
#10345=ORIENTED_EDGE('',*,*,#7583,.F.);
#10346=ORIENTED_EDGE('',*,*,#7586,.F.);
#10347=ORIENTED_EDGE('',*,*,#7590,.T.);
#10348=ORIENTED_EDGE('',*,*,#7587,.T.);
#10349=ORIENTED_EDGE('',*,*,#7584,.T.);
#10350=ORIENTED_EDGE('',*,*,#7581,.T.);
#10351=ORIENTED_EDGE('',*,*,#7591,.F.);
#10352=ORIENTED_EDGE('',*,*,#7592,.T.);
#10353=ORIENTED_EDGE('',*,*,#7593,.F.);
#10354=ORIENTED_EDGE('',*,*,#7594,.F.);
#10355=ORIENTED_EDGE('',*,*,#7595,.F.);
#10356=ORIENTED_EDGE('',*,*,#7594,.T.);
#10357=ORIENTED_EDGE('',*,*,#7596,.F.);
#10358=ORIENTED_EDGE('',*,*,#7597,.F.);
#10359=ORIENTED_EDGE('',*,*,#7598,.F.);
#10360=ORIENTED_EDGE('',*,*,#7597,.T.);
#10361=ORIENTED_EDGE('',*,*,#7599,.F.);
#10362=ORIENTED_EDGE('',*,*,#7600,.F.);
#10363=ORIENTED_EDGE('',*,*,#7601,.F.);
#10364=ORIENTED_EDGE('',*,*,#7600,.T.);
#10365=ORIENTED_EDGE('',*,*,#7602,.F.);
#10366=ORIENTED_EDGE('',*,*,#7592,.F.);
#10367=ORIENTED_EDGE('',*,*,#7601,.T.);
#10368=ORIENTED_EDGE('',*,*,#7591,.T.);
#10369=ORIENTED_EDGE('',*,*,#7595,.T.);
#10370=ORIENTED_EDGE('',*,*,#7598,.T.);
#10371=ORIENTED_EDGE('',*,*,#7602,.T.);
#10372=ORIENTED_EDGE('',*,*,#7599,.T.);
#10373=ORIENTED_EDGE('',*,*,#7596,.T.);
#10374=ORIENTED_EDGE('',*,*,#7593,.T.);
#10375=ORIENTED_EDGE('',*,*,#7603,.T.);
#10376=ORIENTED_EDGE('',*,*,#7604,.T.);
#10377=ORIENTED_EDGE('',*,*,#7605,.F.);
#10378=ORIENTED_EDGE('',*,*,#7606,.F.);
#10379=ORIENTED_EDGE('',*,*,#7607,.T.);
#10380=ORIENTED_EDGE('',*,*,#7606,.T.);
#10381=ORIENTED_EDGE('',*,*,#7608,.F.);
#10382=ORIENTED_EDGE('',*,*,#7609,.F.);
#10383=ORIENTED_EDGE('',*,*,#7610,.T.);
#10384=ORIENTED_EDGE('',*,*,#7609,.T.);
#10385=ORIENTED_EDGE('',*,*,#7611,.F.);
#10386=ORIENTED_EDGE('',*,*,#7612,.F.);
#10387=ORIENTED_EDGE('',*,*,#7613,.T.);
#10388=ORIENTED_EDGE('',*,*,#7612,.T.);
#10389=ORIENTED_EDGE('',*,*,#7614,.F.);
#10390=ORIENTED_EDGE('',*,*,#7604,.F.);
#10391=ORIENTED_EDGE('',*,*,#7613,.F.);
#10392=ORIENTED_EDGE('',*,*,#7603,.F.);
#10393=ORIENTED_EDGE('',*,*,#7607,.F.);
#10394=ORIENTED_EDGE('',*,*,#7610,.F.);
#10395=ORIENTED_EDGE('',*,*,#7614,.T.);
#10396=ORIENTED_EDGE('',*,*,#7611,.T.);
#10397=ORIENTED_EDGE('',*,*,#7608,.T.);
#10398=ORIENTED_EDGE('',*,*,#7605,.T.);
#10399=ORIENTED_EDGE('',*,*,#7615,.T.);
#10400=ORIENTED_EDGE('',*,*,#7616,.T.);
#10401=ORIENTED_EDGE('',*,*,#7617,.F.);
#10402=ORIENTED_EDGE('',*,*,#7618,.F.);
#10403=ORIENTED_EDGE('',*,*,#7619,.T.);
#10404=ORIENTED_EDGE('',*,*,#7618,.T.);
#10405=ORIENTED_EDGE('',*,*,#7620,.F.);
#10406=ORIENTED_EDGE('',*,*,#7621,.F.);
#10407=ORIENTED_EDGE('',*,*,#7622,.T.);
#10408=ORIENTED_EDGE('',*,*,#7621,.T.);
#10409=ORIENTED_EDGE('',*,*,#7623,.F.);
#10410=ORIENTED_EDGE('',*,*,#7624,.F.);
#10411=ORIENTED_EDGE('',*,*,#7625,.T.);
#10412=ORIENTED_EDGE('',*,*,#7624,.T.);
#10413=ORIENTED_EDGE('',*,*,#7626,.F.);
#10414=ORIENTED_EDGE('',*,*,#7616,.F.);
#10415=ORIENTED_EDGE('',*,*,#7625,.F.);
#10416=ORIENTED_EDGE('',*,*,#7615,.F.);
#10417=ORIENTED_EDGE('',*,*,#7619,.F.);
#10418=ORIENTED_EDGE('',*,*,#7622,.F.);
#10419=ORIENTED_EDGE('',*,*,#7626,.T.);
#10420=ORIENTED_EDGE('',*,*,#7623,.T.);
#10421=ORIENTED_EDGE('',*,*,#7620,.T.);
#10422=ORIENTED_EDGE('',*,*,#7617,.T.);
#10423=ORIENTED_EDGE('',*,*,#7627,.F.);
#10424=ORIENTED_EDGE('',*,*,#7628,.T.);
#10425=ORIENTED_EDGE('',*,*,#7629,.F.);
#10426=ORIENTED_EDGE('',*,*,#7630,.F.);
#10427=ORIENTED_EDGE('',*,*,#7631,.F.);
#10428=ORIENTED_EDGE('',*,*,#7630,.T.);
#10429=ORIENTED_EDGE('',*,*,#7632,.F.);
#10430=ORIENTED_EDGE('',*,*,#7633,.F.);
#10431=ORIENTED_EDGE('',*,*,#7634,.F.);
#10432=ORIENTED_EDGE('',*,*,#7633,.T.);
#10433=ORIENTED_EDGE('',*,*,#7635,.F.);
#10434=ORIENTED_EDGE('',*,*,#7636,.F.);
#10435=ORIENTED_EDGE('',*,*,#7637,.F.);
#10436=ORIENTED_EDGE('',*,*,#7636,.T.);
#10437=ORIENTED_EDGE('',*,*,#7638,.F.);
#10438=ORIENTED_EDGE('',*,*,#7628,.F.);
#10439=ORIENTED_EDGE('',*,*,#7637,.T.);
#10440=ORIENTED_EDGE('',*,*,#7627,.T.);
#10441=ORIENTED_EDGE('',*,*,#7631,.T.);
#10442=ORIENTED_EDGE('',*,*,#7634,.T.);
#10443=ORIENTED_EDGE('',*,*,#7638,.T.);
#10444=ORIENTED_EDGE('',*,*,#7635,.T.);
#10445=ORIENTED_EDGE('',*,*,#7632,.T.);
#10446=ORIENTED_EDGE('',*,*,#7629,.T.);
#10447=ORIENTED_EDGE('',*,*,#7639,.T.);
#10448=ORIENTED_EDGE('',*,*,#7640,.T.);
#10449=ORIENTED_EDGE('',*,*,#7641,.F.);
#10450=ORIENTED_EDGE('',*,*,#7642,.F.);
#10451=ORIENTED_EDGE('',*,*,#7643,.T.);
#10452=ORIENTED_EDGE('',*,*,#7642,.T.);
#10453=ORIENTED_EDGE('',*,*,#7644,.F.);
#10454=ORIENTED_EDGE('',*,*,#7645,.F.);
#10455=ORIENTED_EDGE('',*,*,#7646,.T.);
#10456=ORIENTED_EDGE('',*,*,#7645,.T.);
#10457=ORIENTED_EDGE('',*,*,#7647,.F.);
#10458=ORIENTED_EDGE('',*,*,#7648,.F.);
#10459=ORIENTED_EDGE('',*,*,#7649,.T.);
#10460=ORIENTED_EDGE('',*,*,#7648,.T.);
#10461=ORIENTED_EDGE('',*,*,#7650,.F.);
#10462=ORIENTED_EDGE('',*,*,#7640,.F.);
#10463=ORIENTED_EDGE('',*,*,#7649,.F.);
#10464=ORIENTED_EDGE('',*,*,#7639,.F.);
#10465=ORIENTED_EDGE('',*,*,#7643,.F.);
#10466=ORIENTED_EDGE('',*,*,#7646,.F.);
#10467=ORIENTED_EDGE('',*,*,#7650,.T.);
#10468=ORIENTED_EDGE('',*,*,#7647,.T.);
#10469=ORIENTED_EDGE('',*,*,#7644,.T.);
#10470=ORIENTED_EDGE('',*,*,#7641,.T.);
#10471=ORIENTED_EDGE('',*,*,#7651,.T.);
#10472=ORIENTED_EDGE('',*,*,#7652,.T.);
#10473=ORIENTED_EDGE('',*,*,#7653,.F.);
#10474=ORIENTED_EDGE('',*,*,#7654,.F.);
#10475=ORIENTED_EDGE('',*,*,#7655,.T.);
#10476=ORIENTED_EDGE('',*,*,#7654,.T.);
#10477=ORIENTED_EDGE('',*,*,#7656,.F.);
#10478=ORIENTED_EDGE('',*,*,#7657,.F.);
#10479=ORIENTED_EDGE('',*,*,#7658,.T.);
#10480=ORIENTED_EDGE('',*,*,#7657,.T.);
#10481=ORIENTED_EDGE('',*,*,#7659,.F.);
#10482=ORIENTED_EDGE('',*,*,#7660,.F.);
#10483=ORIENTED_EDGE('',*,*,#7661,.T.);
#10484=ORIENTED_EDGE('',*,*,#7660,.T.);
#10485=ORIENTED_EDGE('',*,*,#7662,.F.);
#10486=ORIENTED_EDGE('',*,*,#7652,.F.);
#10487=ORIENTED_EDGE('',*,*,#7661,.F.);
#10488=ORIENTED_EDGE('',*,*,#7651,.F.);
#10489=ORIENTED_EDGE('',*,*,#7655,.F.);
#10490=ORIENTED_EDGE('',*,*,#7658,.F.);
#10491=ORIENTED_EDGE('',*,*,#7662,.T.);
#10492=ORIENTED_EDGE('',*,*,#7659,.T.);
#10493=ORIENTED_EDGE('',*,*,#7656,.T.);
#10494=ORIENTED_EDGE('',*,*,#7653,.T.);
#10495=ORIENTED_EDGE('',*,*,#7663,.F.);
#10496=ORIENTED_EDGE('',*,*,#7664,.T.);
#10497=ORIENTED_EDGE('',*,*,#7665,.F.);
#10498=ORIENTED_EDGE('',*,*,#7666,.F.);
#10499=ORIENTED_EDGE('',*,*,#7667,.F.);
#10500=ORIENTED_EDGE('',*,*,#7666,.T.);
#10501=ORIENTED_EDGE('',*,*,#7668,.F.);
#10502=ORIENTED_EDGE('',*,*,#7669,.F.);
#10503=ORIENTED_EDGE('',*,*,#7670,.F.);
#10504=ORIENTED_EDGE('',*,*,#7669,.T.);
#10505=ORIENTED_EDGE('',*,*,#7671,.F.);
#10506=ORIENTED_EDGE('',*,*,#7672,.F.);
#10507=ORIENTED_EDGE('',*,*,#7673,.F.);
#10508=ORIENTED_EDGE('',*,*,#7672,.T.);
#10509=ORIENTED_EDGE('',*,*,#7674,.F.);
#10510=ORIENTED_EDGE('',*,*,#7664,.F.);
#10511=ORIENTED_EDGE('',*,*,#7673,.T.);
#10512=ORIENTED_EDGE('',*,*,#7663,.T.);
#10513=ORIENTED_EDGE('',*,*,#7667,.T.);
#10514=ORIENTED_EDGE('',*,*,#7670,.T.);
#10515=ORIENTED_EDGE('',*,*,#7674,.T.);
#10516=ORIENTED_EDGE('',*,*,#7671,.T.);
#10517=ORIENTED_EDGE('',*,*,#7668,.T.);
#10518=ORIENTED_EDGE('',*,*,#7665,.T.);
#10519=ORIENTED_EDGE('',*,*,#7675,.F.);
#10520=ORIENTED_EDGE('',*,*,#7676,.T.);
#10521=ORIENTED_EDGE('',*,*,#7677,.F.);
#10522=ORIENTED_EDGE('',*,*,#7678,.F.);
#10523=ORIENTED_EDGE('',*,*,#7679,.F.);
#10524=ORIENTED_EDGE('',*,*,#7678,.T.);
#10525=ORIENTED_EDGE('',*,*,#7680,.F.);
#10526=ORIENTED_EDGE('',*,*,#7681,.F.);
#10527=ORIENTED_EDGE('',*,*,#7682,.F.);
#10528=ORIENTED_EDGE('',*,*,#7681,.T.);
#10529=ORIENTED_EDGE('',*,*,#7683,.F.);
#10530=ORIENTED_EDGE('',*,*,#7684,.F.);
#10531=ORIENTED_EDGE('',*,*,#7685,.F.);
#10532=ORIENTED_EDGE('',*,*,#7684,.T.);
#10533=ORIENTED_EDGE('',*,*,#7686,.F.);
#10534=ORIENTED_EDGE('',*,*,#7676,.F.);
#10535=ORIENTED_EDGE('',*,*,#7685,.T.);
#10536=ORIENTED_EDGE('',*,*,#7675,.T.);
#10537=ORIENTED_EDGE('',*,*,#7679,.T.);
#10538=ORIENTED_EDGE('',*,*,#7682,.T.);
#10539=ORIENTED_EDGE('',*,*,#7686,.T.);
#10540=ORIENTED_EDGE('',*,*,#7683,.T.);
#10541=ORIENTED_EDGE('',*,*,#7680,.T.);
#10542=ORIENTED_EDGE('',*,*,#7677,.T.);
#10543=ORIENTED_EDGE('',*,*,#7687,.T.);
#10544=ORIENTED_EDGE('',*,*,#7688,.T.);
#10545=ORIENTED_EDGE('',*,*,#7689,.F.);
#10546=ORIENTED_EDGE('',*,*,#7690,.F.);
#10547=ORIENTED_EDGE('',*,*,#7691,.T.);
#10548=ORIENTED_EDGE('',*,*,#7690,.T.);
#10549=ORIENTED_EDGE('',*,*,#7692,.F.);
#10550=ORIENTED_EDGE('',*,*,#7693,.F.);
#10551=ORIENTED_EDGE('',*,*,#7694,.T.);
#10552=ORIENTED_EDGE('',*,*,#7693,.T.);
#10553=ORIENTED_EDGE('',*,*,#7695,.F.);
#10554=ORIENTED_EDGE('',*,*,#7696,.F.);
#10555=ORIENTED_EDGE('',*,*,#7697,.T.);
#10556=ORIENTED_EDGE('',*,*,#7696,.T.);
#10557=ORIENTED_EDGE('',*,*,#7698,.F.);
#10558=ORIENTED_EDGE('',*,*,#7688,.F.);
#10559=ORIENTED_EDGE('',*,*,#7697,.F.);
#10560=ORIENTED_EDGE('',*,*,#7687,.F.);
#10561=ORIENTED_EDGE('',*,*,#7691,.F.);
#10562=ORIENTED_EDGE('',*,*,#7694,.F.);
#10563=ORIENTED_EDGE('',*,*,#7698,.T.);
#10564=ORIENTED_EDGE('',*,*,#7695,.T.);
#10565=ORIENTED_EDGE('',*,*,#7692,.T.);
#10566=ORIENTED_EDGE('',*,*,#7689,.T.);
#10567=ORIENTED_EDGE('',*,*,#7699,.T.);
#10568=ORIENTED_EDGE('',*,*,#7700,.T.);
#10569=ORIENTED_EDGE('',*,*,#7701,.F.);
#10570=ORIENTED_EDGE('',*,*,#7702,.F.);
#10571=ORIENTED_EDGE('',*,*,#7703,.T.);
#10572=ORIENTED_EDGE('',*,*,#7702,.T.);
#10573=ORIENTED_EDGE('',*,*,#7704,.F.);
#10574=ORIENTED_EDGE('',*,*,#7705,.F.);
#10575=ORIENTED_EDGE('',*,*,#7706,.T.);
#10576=ORIENTED_EDGE('',*,*,#7705,.T.);
#10577=ORIENTED_EDGE('',*,*,#7707,.F.);
#10578=ORIENTED_EDGE('',*,*,#7708,.F.);
#10579=ORIENTED_EDGE('',*,*,#7709,.T.);
#10580=ORIENTED_EDGE('',*,*,#7708,.T.);
#10581=ORIENTED_EDGE('',*,*,#7710,.F.);
#10582=ORIENTED_EDGE('',*,*,#7700,.F.);
#10583=ORIENTED_EDGE('',*,*,#7709,.F.);
#10584=ORIENTED_EDGE('',*,*,#7699,.F.);
#10585=ORIENTED_EDGE('',*,*,#7703,.F.);
#10586=ORIENTED_EDGE('',*,*,#7706,.F.);
#10587=ORIENTED_EDGE('',*,*,#7710,.T.);
#10588=ORIENTED_EDGE('',*,*,#7707,.T.);
#10589=ORIENTED_EDGE('',*,*,#7704,.T.);
#10590=ORIENTED_EDGE('',*,*,#7701,.T.);
#10591=ORIENTED_EDGE('',*,*,#7711,.F.);
#10592=ORIENTED_EDGE('',*,*,#7712,.T.);
#10593=ORIENTED_EDGE('',*,*,#7713,.F.);
#10594=ORIENTED_EDGE('',*,*,#7714,.F.);
#10595=ORIENTED_EDGE('',*,*,#7715,.F.);
#10596=ORIENTED_EDGE('',*,*,#7714,.T.);
#10597=ORIENTED_EDGE('',*,*,#7716,.F.);
#10598=ORIENTED_EDGE('',*,*,#7717,.F.);
#10599=ORIENTED_EDGE('',*,*,#7718,.F.);
#10600=ORIENTED_EDGE('',*,*,#7717,.T.);
#10601=ORIENTED_EDGE('',*,*,#7719,.F.);
#10602=ORIENTED_EDGE('',*,*,#7720,.F.);
#10603=ORIENTED_EDGE('',*,*,#7721,.F.);
#10604=ORIENTED_EDGE('',*,*,#7720,.T.);
#10605=ORIENTED_EDGE('',*,*,#7722,.F.);
#10606=ORIENTED_EDGE('',*,*,#7712,.F.);
#10607=ORIENTED_EDGE('',*,*,#7721,.T.);
#10608=ORIENTED_EDGE('',*,*,#7711,.T.);
#10609=ORIENTED_EDGE('',*,*,#7715,.T.);
#10610=ORIENTED_EDGE('',*,*,#7718,.T.);
#10611=ORIENTED_EDGE('',*,*,#7722,.T.);
#10612=ORIENTED_EDGE('',*,*,#7719,.T.);
#10613=ORIENTED_EDGE('',*,*,#7716,.T.);
#10614=ORIENTED_EDGE('',*,*,#7713,.T.);
#10615=ORIENTED_EDGE('',*,*,#7723,.F.);
#10616=ORIENTED_EDGE('',*,*,#7724,.T.);
#10617=ORIENTED_EDGE('',*,*,#7725,.F.);
#10618=ORIENTED_EDGE('',*,*,#7726,.F.);
#10619=ORIENTED_EDGE('',*,*,#7727,.F.);
#10620=ORIENTED_EDGE('',*,*,#7726,.T.);
#10621=ORIENTED_EDGE('',*,*,#7728,.F.);
#10622=ORIENTED_EDGE('',*,*,#7729,.F.);
#10623=ORIENTED_EDGE('',*,*,#7730,.F.);
#10624=ORIENTED_EDGE('',*,*,#7729,.T.);
#10625=ORIENTED_EDGE('',*,*,#7731,.F.);
#10626=ORIENTED_EDGE('',*,*,#7732,.F.);
#10627=ORIENTED_EDGE('',*,*,#7733,.F.);
#10628=ORIENTED_EDGE('',*,*,#7732,.T.);
#10629=ORIENTED_EDGE('',*,*,#7734,.F.);
#10630=ORIENTED_EDGE('',*,*,#7724,.F.);
#10631=ORIENTED_EDGE('',*,*,#7733,.T.);
#10632=ORIENTED_EDGE('',*,*,#7723,.T.);
#10633=ORIENTED_EDGE('',*,*,#7727,.T.);
#10634=ORIENTED_EDGE('',*,*,#7730,.T.);
#10635=ORIENTED_EDGE('',*,*,#7734,.T.);
#10636=ORIENTED_EDGE('',*,*,#7731,.T.);
#10637=ORIENTED_EDGE('',*,*,#7728,.T.);
#10638=ORIENTED_EDGE('',*,*,#7725,.T.);
#10639=ORIENTED_EDGE('',*,*,#7735,.T.);
#10640=ORIENTED_EDGE('',*,*,#7736,.T.);
#10641=ORIENTED_EDGE('',*,*,#7737,.F.);
#10642=ORIENTED_EDGE('',*,*,#7738,.F.);
#10643=ORIENTED_EDGE('',*,*,#7739,.T.);
#10644=ORIENTED_EDGE('',*,*,#7738,.T.);
#10645=ORIENTED_EDGE('',*,*,#7740,.F.);
#10646=ORIENTED_EDGE('',*,*,#7741,.F.);
#10647=ORIENTED_EDGE('',*,*,#7742,.T.);
#10648=ORIENTED_EDGE('',*,*,#7741,.T.);
#10649=ORIENTED_EDGE('',*,*,#7743,.F.);
#10650=ORIENTED_EDGE('',*,*,#7744,.F.);
#10651=ORIENTED_EDGE('',*,*,#7745,.T.);
#10652=ORIENTED_EDGE('',*,*,#7744,.T.);
#10653=ORIENTED_EDGE('',*,*,#7746,.F.);
#10654=ORIENTED_EDGE('',*,*,#7736,.F.);
#10655=ORIENTED_EDGE('',*,*,#7745,.F.);
#10656=ORIENTED_EDGE('',*,*,#7735,.F.);
#10657=ORIENTED_EDGE('',*,*,#7739,.F.);
#10658=ORIENTED_EDGE('',*,*,#7742,.F.);
#10659=ORIENTED_EDGE('',*,*,#7746,.T.);
#10660=ORIENTED_EDGE('',*,*,#7743,.T.);
#10661=ORIENTED_EDGE('',*,*,#7740,.T.);
#10662=ORIENTED_EDGE('',*,*,#7737,.T.);
#10663=ORIENTED_EDGE('',*,*,#7747,.T.);
#10664=ORIENTED_EDGE('',*,*,#7748,.T.);
#10665=ORIENTED_EDGE('',*,*,#7749,.F.);
#10666=ORIENTED_EDGE('',*,*,#7750,.F.);
#10667=ORIENTED_EDGE('',*,*,#7751,.T.);
#10668=ORIENTED_EDGE('',*,*,#7750,.T.);
#10669=ORIENTED_EDGE('',*,*,#7752,.F.);
#10670=ORIENTED_EDGE('',*,*,#7753,.F.);
#10671=ORIENTED_EDGE('',*,*,#7754,.T.);
#10672=ORIENTED_EDGE('',*,*,#7753,.T.);
#10673=ORIENTED_EDGE('',*,*,#7755,.F.);
#10674=ORIENTED_EDGE('',*,*,#7756,.F.);
#10675=ORIENTED_EDGE('',*,*,#7757,.T.);
#10676=ORIENTED_EDGE('',*,*,#7756,.T.);
#10677=ORIENTED_EDGE('',*,*,#7758,.F.);
#10678=ORIENTED_EDGE('',*,*,#7748,.F.);
#10679=ORIENTED_EDGE('',*,*,#7757,.F.);
#10680=ORIENTED_EDGE('',*,*,#7747,.F.);
#10681=ORIENTED_EDGE('',*,*,#7751,.F.);
#10682=ORIENTED_EDGE('',*,*,#7754,.F.);
#10683=ORIENTED_EDGE('',*,*,#7758,.T.);
#10684=ORIENTED_EDGE('',*,*,#7755,.T.);
#10685=ORIENTED_EDGE('',*,*,#7752,.T.);
#10686=ORIENTED_EDGE('',*,*,#7749,.T.);
#10687=ORIENTED_EDGE('',*,*,#7759,.F.);
#10688=ORIENTED_EDGE('',*,*,#7760,.T.);
#10689=ORIENTED_EDGE('',*,*,#7761,.F.);
#10690=ORIENTED_EDGE('',*,*,#7762,.F.);
#10691=ORIENTED_EDGE('',*,*,#7763,.F.);
#10692=ORIENTED_EDGE('',*,*,#7762,.T.);
#10693=ORIENTED_EDGE('',*,*,#7764,.F.);
#10694=ORIENTED_EDGE('',*,*,#7765,.F.);
#10695=ORIENTED_EDGE('',*,*,#7766,.F.);
#10696=ORIENTED_EDGE('',*,*,#7765,.T.);
#10697=ORIENTED_EDGE('',*,*,#7767,.F.);
#10698=ORIENTED_EDGE('',*,*,#7768,.F.);
#10699=ORIENTED_EDGE('',*,*,#7769,.F.);
#10700=ORIENTED_EDGE('',*,*,#7768,.T.);
#10701=ORIENTED_EDGE('',*,*,#7770,.F.);
#10702=ORIENTED_EDGE('',*,*,#7760,.F.);
#10703=ORIENTED_EDGE('',*,*,#7769,.T.);
#10704=ORIENTED_EDGE('',*,*,#7759,.T.);
#10705=ORIENTED_EDGE('',*,*,#7763,.T.);
#10706=ORIENTED_EDGE('',*,*,#7766,.T.);
#10707=ORIENTED_EDGE('',*,*,#7770,.T.);
#10708=ORIENTED_EDGE('',*,*,#7767,.T.);
#10709=ORIENTED_EDGE('',*,*,#7764,.T.);
#10710=ORIENTED_EDGE('',*,*,#7761,.T.);
#10711=ORIENTED_EDGE('',*,*,#7771,.F.);
#10712=ORIENTED_EDGE('',*,*,#7772,.T.);
#10713=ORIENTED_EDGE('',*,*,#7773,.F.);
#10714=ORIENTED_EDGE('',*,*,#7774,.F.);
#10715=ORIENTED_EDGE('',*,*,#7775,.F.);
#10716=ORIENTED_EDGE('',*,*,#7774,.T.);
#10717=ORIENTED_EDGE('',*,*,#7776,.F.);
#10718=ORIENTED_EDGE('',*,*,#7777,.F.);
#10719=ORIENTED_EDGE('',*,*,#7778,.F.);
#10720=ORIENTED_EDGE('',*,*,#7777,.T.);
#10721=ORIENTED_EDGE('',*,*,#7779,.F.);
#10722=ORIENTED_EDGE('',*,*,#7780,.F.);
#10723=ORIENTED_EDGE('',*,*,#7781,.F.);
#10724=ORIENTED_EDGE('',*,*,#7780,.T.);
#10725=ORIENTED_EDGE('',*,*,#7782,.F.);
#10726=ORIENTED_EDGE('',*,*,#7772,.F.);
#10727=ORIENTED_EDGE('',*,*,#7781,.T.);
#10728=ORIENTED_EDGE('',*,*,#7771,.T.);
#10729=ORIENTED_EDGE('',*,*,#7775,.T.);
#10730=ORIENTED_EDGE('',*,*,#7778,.T.);
#10731=ORIENTED_EDGE('',*,*,#7782,.T.);
#10732=ORIENTED_EDGE('',*,*,#7779,.T.);
#10733=ORIENTED_EDGE('',*,*,#7776,.T.);
#10734=ORIENTED_EDGE('',*,*,#7773,.T.);
#10735=ORIENTED_EDGE('',*,*,#7783,.F.);
#10736=ORIENTED_EDGE('',*,*,#7784,.T.);
#10737=ORIENTED_EDGE('',*,*,#7785,.T.);
#10738=ORIENTED_EDGE('',*,*,#7786,.F.);
#10739=ORIENTED_EDGE('',*,*,#7787,.F.);
#10740=ORIENTED_EDGE('',*,*,#7788,.T.);
#10741=ORIENTED_EDGE('',*,*,#7789,.T.);
#10742=ORIENTED_EDGE('',*,*,#7784,.F.);
#10743=ORIENTED_EDGE('',*,*,#7790,.F.);
#10744=ORIENTED_EDGE('',*,*,#7791,.T.);
#10745=ORIENTED_EDGE('',*,*,#7792,.T.);
#10746=ORIENTED_EDGE('',*,*,#7788,.F.);
#10747=ORIENTED_EDGE('',*,*,#7793,.F.);
#10748=ORIENTED_EDGE('',*,*,#7786,.T.);
#10749=ORIENTED_EDGE('',*,*,#7794,.T.);
#10750=ORIENTED_EDGE('',*,*,#7791,.F.);
#10751=ORIENTED_EDGE('',*,*,#7793,.T.);
#10752=ORIENTED_EDGE('',*,*,#7790,.T.);
#10753=ORIENTED_EDGE('',*,*,#7787,.T.);
#10754=ORIENTED_EDGE('',*,*,#7783,.T.);
#10755=ORIENTED_EDGE('',*,*,#7794,.F.);
#10756=ORIENTED_EDGE('',*,*,#7785,.F.);
#10757=ORIENTED_EDGE('',*,*,#7789,.F.);
#10758=ORIENTED_EDGE('',*,*,#7792,.F.);
#10759=ORIENTED_EDGE('',*,*,#7795,.T.);
#10760=ORIENTED_EDGE('',*,*,#7796,.T.);
#10761=ORIENTED_EDGE('',*,*,#7797,.T.);
#10762=ORIENTED_EDGE('',*,*,#7798,.F.);
#10763=ORIENTED_EDGE('',*,*,#7799,.T.);
#10764=ORIENTED_EDGE('',*,*,#7800,.T.);
#10765=ORIENTED_EDGE('',*,*,#7801,.T.);
#10766=ORIENTED_EDGE('',*,*,#7796,.F.);
#10767=ORIENTED_EDGE('',*,*,#7802,.T.);
#10768=ORIENTED_EDGE('',*,*,#7803,.T.);
#10769=ORIENTED_EDGE('',*,*,#7804,.T.);
#10770=ORIENTED_EDGE('',*,*,#7800,.F.);
#10771=ORIENTED_EDGE('',*,*,#7805,.T.);
#10772=ORIENTED_EDGE('',*,*,#7798,.T.);
#10773=ORIENTED_EDGE('',*,*,#7806,.T.);
#10774=ORIENTED_EDGE('',*,*,#7803,.F.);
#10775=ORIENTED_EDGE('',*,*,#7805,.F.);
#10776=ORIENTED_EDGE('',*,*,#7802,.F.);
#10777=ORIENTED_EDGE('',*,*,#7799,.F.);
#10778=ORIENTED_EDGE('',*,*,#7795,.F.);
#10779=ORIENTED_EDGE('',*,*,#7806,.F.);
#10780=ORIENTED_EDGE('',*,*,#7797,.F.);
#10781=ORIENTED_EDGE('',*,*,#7801,.F.);
#10782=ORIENTED_EDGE('',*,*,#7804,.F.);
#10783=ORIENTED_EDGE('',*,*,#7807,.F.);
#10784=ORIENTED_EDGE('',*,*,#7808,.T.);
#10785=ORIENTED_EDGE('',*,*,#7809,.T.);
#10786=ORIENTED_EDGE('',*,*,#7810,.F.);
#10787=ORIENTED_EDGE('',*,*,#7811,.F.);
#10788=ORIENTED_EDGE('',*,*,#7812,.T.);
#10789=ORIENTED_EDGE('',*,*,#7813,.T.);
#10790=ORIENTED_EDGE('',*,*,#7808,.F.);
#10791=ORIENTED_EDGE('',*,*,#7814,.F.);
#10792=ORIENTED_EDGE('',*,*,#7815,.T.);
#10793=ORIENTED_EDGE('',*,*,#7816,.T.);
#10794=ORIENTED_EDGE('',*,*,#7812,.F.);
#10795=ORIENTED_EDGE('',*,*,#7817,.F.);
#10796=ORIENTED_EDGE('',*,*,#7810,.T.);
#10797=ORIENTED_EDGE('',*,*,#7818,.T.);
#10798=ORIENTED_EDGE('',*,*,#7815,.F.);
#10799=ORIENTED_EDGE('',*,*,#7817,.T.);
#10800=ORIENTED_EDGE('',*,*,#7814,.T.);
#10801=ORIENTED_EDGE('',*,*,#7811,.T.);
#10802=ORIENTED_EDGE('',*,*,#7807,.T.);
#10803=ORIENTED_EDGE('',*,*,#7818,.F.);
#10804=ORIENTED_EDGE('',*,*,#7809,.F.);
#10805=ORIENTED_EDGE('',*,*,#7813,.F.);
#10806=ORIENTED_EDGE('',*,*,#7816,.F.);
#10807=ORIENTED_EDGE('',*,*,#7819,.T.);
#10808=ORIENTED_EDGE('',*,*,#7820,.T.);
#10809=ORIENTED_EDGE('',*,*,#7821,.T.);
#10810=ORIENTED_EDGE('',*,*,#7822,.F.);
#10811=ORIENTED_EDGE('',*,*,#7823,.T.);
#10812=ORIENTED_EDGE('',*,*,#7824,.T.);
#10813=ORIENTED_EDGE('',*,*,#7825,.T.);
#10814=ORIENTED_EDGE('',*,*,#7820,.F.);
#10815=ORIENTED_EDGE('',*,*,#7826,.T.);
#10816=ORIENTED_EDGE('',*,*,#7827,.T.);
#10817=ORIENTED_EDGE('',*,*,#7828,.T.);
#10818=ORIENTED_EDGE('',*,*,#7824,.F.);
#10819=ORIENTED_EDGE('',*,*,#7829,.T.);
#10820=ORIENTED_EDGE('',*,*,#7822,.T.);
#10821=ORIENTED_EDGE('',*,*,#7830,.T.);
#10822=ORIENTED_EDGE('',*,*,#7827,.F.);
#10823=ORIENTED_EDGE('',*,*,#7829,.F.);
#10824=ORIENTED_EDGE('',*,*,#7826,.F.);
#10825=ORIENTED_EDGE('',*,*,#7823,.F.);
#10826=ORIENTED_EDGE('',*,*,#7819,.F.);
#10827=ORIENTED_EDGE('',*,*,#7830,.F.);
#10828=ORIENTED_EDGE('',*,*,#7821,.F.);
#10829=ORIENTED_EDGE('',*,*,#7825,.F.);
#10830=ORIENTED_EDGE('',*,*,#7828,.F.);
#10831=ORIENTED_EDGE('',*,*,#7831,.F.);
#10832=ORIENTED_EDGE('',*,*,#7832,.T.);
#10833=ORIENTED_EDGE('',*,*,#7833,.T.);
#10834=ORIENTED_EDGE('',*,*,#7834,.F.);
#10835=ORIENTED_EDGE('',*,*,#7835,.F.);
#10836=ORIENTED_EDGE('',*,*,#7836,.T.);
#10837=ORIENTED_EDGE('',*,*,#7837,.T.);
#10838=ORIENTED_EDGE('',*,*,#7832,.F.);
#10839=ORIENTED_EDGE('',*,*,#7838,.F.);
#10840=ORIENTED_EDGE('',*,*,#7839,.T.);
#10841=ORIENTED_EDGE('',*,*,#7840,.T.);
#10842=ORIENTED_EDGE('',*,*,#7836,.F.);
#10843=ORIENTED_EDGE('',*,*,#7841,.F.);
#10844=ORIENTED_EDGE('',*,*,#7834,.T.);
#10845=ORIENTED_EDGE('',*,*,#7842,.T.);
#10846=ORIENTED_EDGE('',*,*,#7839,.F.);
#10847=ORIENTED_EDGE('',*,*,#7841,.T.);
#10848=ORIENTED_EDGE('',*,*,#7838,.T.);
#10849=ORIENTED_EDGE('',*,*,#7835,.T.);
#10850=ORIENTED_EDGE('',*,*,#7831,.T.);
#10851=ORIENTED_EDGE('',*,*,#7842,.F.);
#10852=ORIENTED_EDGE('',*,*,#7833,.F.);
#10853=ORIENTED_EDGE('',*,*,#7837,.F.);
#10854=ORIENTED_EDGE('',*,*,#7840,.F.);
#10855=ORIENTED_EDGE('',*,*,#7843,.F.);
#10856=ORIENTED_EDGE('',*,*,#7844,.T.);
#10857=ORIENTED_EDGE('',*,*,#7845,.T.);
#10858=ORIENTED_EDGE('',*,*,#7846,.F.);
#10859=ORIENTED_EDGE('',*,*,#7847,.F.);
#10860=ORIENTED_EDGE('',*,*,#7848,.T.);
#10861=ORIENTED_EDGE('',*,*,#7849,.T.);
#10862=ORIENTED_EDGE('',*,*,#7844,.F.);
#10863=ORIENTED_EDGE('',*,*,#7850,.F.);
#10864=ORIENTED_EDGE('',*,*,#7851,.T.);
#10865=ORIENTED_EDGE('',*,*,#7852,.T.);
#10866=ORIENTED_EDGE('',*,*,#7848,.F.);
#10867=ORIENTED_EDGE('',*,*,#7853,.F.);
#10868=ORIENTED_EDGE('',*,*,#7846,.T.);
#10869=ORIENTED_EDGE('',*,*,#7854,.T.);
#10870=ORIENTED_EDGE('',*,*,#7851,.F.);
#10871=ORIENTED_EDGE('',*,*,#7853,.T.);
#10872=ORIENTED_EDGE('',*,*,#7850,.T.);
#10873=ORIENTED_EDGE('',*,*,#7847,.T.);
#10874=ORIENTED_EDGE('',*,*,#7843,.T.);
#10875=ORIENTED_EDGE('',*,*,#7854,.F.);
#10876=ORIENTED_EDGE('',*,*,#7845,.F.);
#10877=ORIENTED_EDGE('',*,*,#7849,.F.);
#10878=ORIENTED_EDGE('',*,*,#7852,.F.);
#10879=ORIENTED_EDGE('',*,*,#7855,.T.);
#10880=ORIENTED_EDGE('',*,*,#7856,.T.);
#10881=ORIENTED_EDGE('',*,*,#7857,.T.);
#10882=ORIENTED_EDGE('',*,*,#7858,.F.);
#10883=ORIENTED_EDGE('',*,*,#7859,.T.);
#10884=ORIENTED_EDGE('',*,*,#7860,.T.);
#10885=ORIENTED_EDGE('',*,*,#7861,.T.);
#10886=ORIENTED_EDGE('',*,*,#7856,.F.);
#10887=ORIENTED_EDGE('',*,*,#7862,.T.);
#10888=ORIENTED_EDGE('',*,*,#7863,.T.);
#10889=ORIENTED_EDGE('',*,*,#7864,.T.);
#10890=ORIENTED_EDGE('',*,*,#7860,.F.);
#10891=ORIENTED_EDGE('',*,*,#7865,.T.);
#10892=ORIENTED_EDGE('',*,*,#7858,.T.);
#10893=ORIENTED_EDGE('',*,*,#7866,.T.);
#10894=ORIENTED_EDGE('',*,*,#7863,.F.);
#10895=ORIENTED_EDGE('',*,*,#7865,.F.);
#10896=ORIENTED_EDGE('',*,*,#7862,.F.);
#10897=ORIENTED_EDGE('',*,*,#7859,.F.);
#10898=ORIENTED_EDGE('',*,*,#7855,.F.);
#10899=ORIENTED_EDGE('',*,*,#7866,.F.);
#10900=ORIENTED_EDGE('',*,*,#7857,.F.);
#10901=ORIENTED_EDGE('',*,*,#7861,.F.);
#10902=ORIENTED_EDGE('',*,*,#7864,.F.);
#10903=ORIENTED_EDGE('',*,*,#7867,.T.);
#10904=ORIENTED_EDGE('',*,*,#7868,.T.);
#10905=ORIENTED_EDGE('',*,*,#7869,.T.);
#10906=ORIENTED_EDGE('',*,*,#7870,.F.);
#10907=ORIENTED_EDGE('',*,*,#7871,.T.);
#10908=ORIENTED_EDGE('',*,*,#7872,.T.);
#10909=ORIENTED_EDGE('',*,*,#7873,.T.);
#10910=ORIENTED_EDGE('',*,*,#7868,.F.);
#10911=ORIENTED_EDGE('',*,*,#7874,.T.);
#10912=ORIENTED_EDGE('',*,*,#7875,.T.);
#10913=ORIENTED_EDGE('',*,*,#7876,.T.);
#10914=ORIENTED_EDGE('',*,*,#7872,.F.);
#10915=ORIENTED_EDGE('',*,*,#7877,.T.);
#10916=ORIENTED_EDGE('',*,*,#7870,.T.);
#10917=ORIENTED_EDGE('',*,*,#7878,.T.);
#10918=ORIENTED_EDGE('',*,*,#7875,.F.);
#10919=ORIENTED_EDGE('',*,*,#7877,.F.);
#10920=ORIENTED_EDGE('',*,*,#7874,.F.);
#10921=ORIENTED_EDGE('',*,*,#7871,.F.);
#10922=ORIENTED_EDGE('',*,*,#7867,.F.);
#10923=ORIENTED_EDGE('',*,*,#7878,.F.);
#10924=ORIENTED_EDGE('',*,*,#7869,.F.);
#10925=ORIENTED_EDGE('',*,*,#7873,.F.);
#10926=ORIENTED_EDGE('',*,*,#7876,.F.);
#10927=ORIENTED_EDGE('',*,*,#7879,.F.);
#10928=ORIENTED_EDGE('',*,*,#7880,.T.);
#10929=ORIENTED_EDGE('',*,*,#7881,.T.);
#10930=ORIENTED_EDGE('',*,*,#7882,.F.);
#10931=ORIENTED_EDGE('',*,*,#7883,.F.);
#10932=ORIENTED_EDGE('',*,*,#7884,.T.);
#10933=ORIENTED_EDGE('',*,*,#7885,.T.);
#10934=ORIENTED_EDGE('',*,*,#7880,.F.);
#10935=ORIENTED_EDGE('',*,*,#7886,.F.);
#10936=ORIENTED_EDGE('',*,*,#7887,.T.);
#10937=ORIENTED_EDGE('',*,*,#7888,.T.);
#10938=ORIENTED_EDGE('',*,*,#7884,.F.);
#10939=ORIENTED_EDGE('',*,*,#7889,.F.);
#10940=ORIENTED_EDGE('',*,*,#7882,.T.);
#10941=ORIENTED_EDGE('',*,*,#7890,.T.);
#10942=ORIENTED_EDGE('',*,*,#7887,.F.);
#10943=ORIENTED_EDGE('',*,*,#7889,.T.);
#10944=ORIENTED_EDGE('',*,*,#7886,.T.);
#10945=ORIENTED_EDGE('',*,*,#7883,.T.);
#10946=ORIENTED_EDGE('',*,*,#7879,.T.);
#10947=ORIENTED_EDGE('',*,*,#7890,.F.);
#10948=ORIENTED_EDGE('',*,*,#7881,.F.);
#10949=ORIENTED_EDGE('',*,*,#7885,.F.);
#10950=ORIENTED_EDGE('',*,*,#7888,.F.);
#10951=ORIENTED_EDGE('',*,*,#7891,.T.);
#10952=ORIENTED_EDGE('',*,*,#7892,.T.);
#10953=ORIENTED_EDGE('',*,*,#7893,.T.);
#10954=ORIENTED_EDGE('',*,*,#7894,.F.);
#10955=ORIENTED_EDGE('',*,*,#7895,.T.);
#10956=ORIENTED_EDGE('',*,*,#7896,.T.);
#10957=ORIENTED_EDGE('',*,*,#7897,.T.);
#10958=ORIENTED_EDGE('',*,*,#7892,.F.);
#10959=ORIENTED_EDGE('',*,*,#7898,.T.);
#10960=ORIENTED_EDGE('',*,*,#7899,.T.);
#10961=ORIENTED_EDGE('',*,*,#7900,.T.);
#10962=ORIENTED_EDGE('',*,*,#7896,.F.);
#10963=ORIENTED_EDGE('',*,*,#7901,.T.);
#10964=ORIENTED_EDGE('',*,*,#7894,.T.);
#10965=ORIENTED_EDGE('',*,*,#7902,.T.);
#10966=ORIENTED_EDGE('',*,*,#7899,.F.);
#10967=ORIENTED_EDGE('',*,*,#7901,.F.);
#10968=ORIENTED_EDGE('',*,*,#7898,.F.);
#10969=ORIENTED_EDGE('',*,*,#7895,.F.);
#10970=ORIENTED_EDGE('',*,*,#7891,.F.);
#10971=ORIENTED_EDGE('',*,*,#7902,.F.);
#10972=ORIENTED_EDGE('',*,*,#7893,.F.);
#10973=ORIENTED_EDGE('',*,*,#7897,.F.);
#10974=ORIENTED_EDGE('',*,*,#7900,.F.);
#10975=ORIENTED_EDGE('',*,*,#7903,.F.);
#10976=ORIENTED_EDGE('',*,*,#7904,.T.);
#10977=ORIENTED_EDGE('',*,*,#7905,.T.);
#10978=ORIENTED_EDGE('',*,*,#7906,.F.);
#10979=ORIENTED_EDGE('',*,*,#7907,.F.);
#10980=ORIENTED_EDGE('',*,*,#7908,.T.);
#10981=ORIENTED_EDGE('',*,*,#7909,.T.);
#10982=ORIENTED_EDGE('',*,*,#7904,.F.);
#10983=ORIENTED_EDGE('',*,*,#7910,.F.);
#10984=ORIENTED_EDGE('',*,*,#7911,.T.);
#10985=ORIENTED_EDGE('',*,*,#7912,.T.);
#10986=ORIENTED_EDGE('',*,*,#7908,.F.);
#10987=ORIENTED_EDGE('',*,*,#7913,.F.);
#10988=ORIENTED_EDGE('',*,*,#7906,.T.);
#10989=ORIENTED_EDGE('',*,*,#7914,.T.);
#10990=ORIENTED_EDGE('',*,*,#7911,.F.);
#10991=ORIENTED_EDGE('',*,*,#7913,.T.);
#10992=ORIENTED_EDGE('',*,*,#7910,.T.);
#10993=ORIENTED_EDGE('',*,*,#7907,.T.);
#10994=ORIENTED_EDGE('',*,*,#7903,.T.);
#10995=ORIENTED_EDGE('',*,*,#7914,.F.);
#10996=ORIENTED_EDGE('',*,*,#7905,.F.);
#10997=ORIENTED_EDGE('',*,*,#7909,.F.);
#10998=ORIENTED_EDGE('',*,*,#7912,.F.);
#10999=ORIENTED_EDGE('',*,*,#7915,.T.);
#11000=ORIENTED_EDGE('',*,*,#7916,.T.);
#11001=ORIENTED_EDGE('',*,*,#7917,.T.);
#11002=ORIENTED_EDGE('',*,*,#7918,.F.);
#11003=ORIENTED_EDGE('',*,*,#7919,.T.);
#11004=ORIENTED_EDGE('',*,*,#7920,.T.);
#11005=ORIENTED_EDGE('',*,*,#7921,.T.);
#11006=ORIENTED_EDGE('',*,*,#7916,.F.);
#11007=ORIENTED_EDGE('',*,*,#7922,.T.);
#11008=ORIENTED_EDGE('',*,*,#7923,.T.);
#11009=ORIENTED_EDGE('',*,*,#7924,.T.);
#11010=ORIENTED_EDGE('',*,*,#7920,.F.);
#11011=ORIENTED_EDGE('',*,*,#7925,.T.);
#11012=ORIENTED_EDGE('',*,*,#7918,.T.);
#11013=ORIENTED_EDGE('',*,*,#7926,.T.);
#11014=ORIENTED_EDGE('',*,*,#7923,.F.);
#11015=ORIENTED_EDGE('',*,*,#7925,.F.);
#11016=ORIENTED_EDGE('',*,*,#7922,.F.);
#11017=ORIENTED_EDGE('',*,*,#7919,.F.);
#11018=ORIENTED_EDGE('',*,*,#7915,.F.);
#11019=ORIENTED_EDGE('',*,*,#7926,.F.);
#11020=ORIENTED_EDGE('',*,*,#7917,.F.);
#11021=ORIENTED_EDGE('',*,*,#7921,.F.);
#11022=ORIENTED_EDGE('',*,*,#7924,.F.);
#11023=ORIENTED_EDGE('',*,*,#7927,.F.);
#11024=ORIENTED_EDGE('',*,*,#7928,.T.);
#11025=ORIENTED_EDGE('',*,*,#7929,.T.);
#11026=ORIENTED_EDGE('',*,*,#7930,.F.);
#11027=ORIENTED_EDGE('',*,*,#7931,.F.);
#11028=ORIENTED_EDGE('',*,*,#7932,.T.);
#11029=ORIENTED_EDGE('',*,*,#7933,.T.);
#11030=ORIENTED_EDGE('',*,*,#7928,.F.);
#11031=ORIENTED_EDGE('',*,*,#7934,.F.);
#11032=ORIENTED_EDGE('',*,*,#7935,.T.);
#11033=ORIENTED_EDGE('',*,*,#7936,.T.);
#11034=ORIENTED_EDGE('',*,*,#7932,.F.);
#11035=ORIENTED_EDGE('',*,*,#7937,.F.);
#11036=ORIENTED_EDGE('',*,*,#7930,.T.);
#11037=ORIENTED_EDGE('',*,*,#7938,.T.);
#11038=ORIENTED_EDGE('',*,*,#7935,.F.);
#11039=ORIENTED_EDGE('',*,*,#7937,.T.);
#11040=ORIENTED_EDGE('',*,*,#7934,.T.);
#11041=ORIENTED_EDGE('',*,*,#7931,.T.);
#11042=ORIENTED_EDGE('',*,*,#7927,.T.);
#11043=ORIENTED_EDGE('',*,*,#7938,.F.);
#11044=ORIENTED_EDGE('',*,*,#7929,.F.);
#11045=ORIENTED_EDGE('',*,*,#7933,.F.);
#11046=ORIENTED_EDGE('',*,*,#7936,.F.);
#11047=ORIENTED_EDGE('',*,*,#7939,.T.);
#11048=ORIENTED_EDGE('',*,*,#7940,.T.);
#11049=ORIENTED_EDGE('',*,*,#7941,.T.);
#11050=ORIENTED_EDGE('',*,*,#7942,.F.);
#11051=ORIENTED_EDGE('',*,*,#7943,.T.);
#11052=ORIENTED_EDGE('',*,*,#7944,.T.);
#11053=ORIENTED_EDGE('',*,*,#7945,.T.);
#11054=ORIENTED_EDGE('',*,*,#7940,.F.);
#11055=ORIENTED_EDGE('',*,*,#7946,.T.);
#11056=ORIENTED_EDGE('',*,*,#7947,.T.);
#11057=ORIENTED_EDGE('',*,*,#7948,.T.);
#11058=ORIENTED_EDGE('',*,*,#7944,.F.);
#11059=ORIENTED_EDGE('',*,*,#7949,.T.);
#11060=ORIENTED_EDGE('',*,*,#7942,.T.);
#11061=ORIENTED_EDGE('',*,*,#7950,.T.);
#11062=ORIENTED_EDGE('',*,*,#7947,.F.);
#11063=ORIENTED_EDGE('',*,*,#7949,.F.);
#11064=ORIENTED_EDGE('',*,*,#7946,.F.);
#11065=ORIENTED_EDGE('',*,*,#7943,.F.);
#11066=ORIENTED_EDGE('',*,*,#7939,.F.);
#11067=ORIENTED_EDGE('',*,*,#7950,.F.);
#11068=ORIENTED_EDGE('',*,*,#7941,.F.);
#11069=ORIENTED_EDGE('',*,*,#7945,.F.);
#11070=ORIENTED_EDGE('',*,*,#7948,.F.);
#11071=ORIENTED_EDGE('',*,*,#7951,.T.);
#11072=ORIENTED_EDGE('',*,*,#7952,.T.);
#11073=ORIENTED_EDGE('',*,*,#7953,.T.);
#11074=ORIENTED_EDGE('',*,*,#7954,.F.);
#11075=ORIENTED_EDGE('',*,*,#7955,.T.);
#11076=ORIENTED_EDGE('',*,*,#7956,.T.);
#11077=ORIENTED_EDGE('',*,*,#7957,.T.);
#11078=ORIENTED_EDGE('',*,*,#7952,.F.);
#11079=ORIENTED_EDGE('',*,*,#7958,.T.);
#11080=ORIENTED_EDGE('',*,*,#7959,.T.);
#11081=ORIENTED_EDGE('',*,*,#7960,.T.);
#11082=ORIENTED_EDGE('',*,*,#7956,.F.);
#11083=ORIENTED_EDGE('',*,*,#7961,.T.);
#11084=ORIENTED_EDGE('',*,*,#7954,.T.);
#11085=ORIENTED_EDGE('',*,*,#7962,.T.);
#11086=ORIENTED_EDGE('',*,*,#7959,.F.);
#11087=ORIENTED_EDGE('',*,*,#7961,.F.);
#11088=ORIENTED_EDGE('',*,*,#7958,.F.);
#11089=ORIENTED_EDGE('',*,*,#7955,.F.);
#11090=ORIENTED_EDGE('',*,*,#7951,.F.);
#11091=ORIENTED_EDGE('',*,*,#7962,.F.);
#11092=ORIENTED_EDGE('',*,*,#7953,.F.);
#11093=ORIENTED_EDGE('',*,*,#7957,.F.);
#11094=ORIENTED_EDGE('',*,*,#7960,.F.);
#11095=ORIENTED_EDGE('',*,*,#7963,.F.);
#11096=ORIENTED_EDGE('',*,*,#7964,.T.);
#11097=ORIENTED_EDGE('',*,*,#7965,.T.);
#11098=ORIENTED_EDGE('',*,*,#7966,.F.);
#11099=ORIENTED_EDGE('',*,*,#7967,.F.);
#11100=ORIENTED_EDGE('',*,*,#7968,.T.);
#11101=ORIENTED_EDGE('',*,*,#7969,.T.);
#11102=ORIENTED_EDGE('',*,*,#7964,.F.);
#11103=ORIENTED_EDGE('',*,*,#7970,.F.);
#11104=ORIENTED_EDGE('',*,*,#7971,.T.);
#11105=ORIENTED_EDGE('',*,*,#7972,.T.);
#11106=ORIENTED_EDGE('',*,*,#7968,.F.);
#11107=ORIENTED_EDGE('',*,*,#7973,.F.);
#11108=ORIENTED_EDGE('',*,*,#7966,.T.);
#11109=ORIENTED_EDGE('',*,*,#7974,.T.);
#11110=ORIENTED_EDGE('',*,*,#7971,.F.);
#11111=ORIENTED_EDGE('',*,*,#7973,.T.);
#11112=ORIENTED_EDGE('',*,*,#7970,.T.);
#11113=ORIENTED_EDGE('',*,*,#7967,.T.);
#11114=ORIENTED_EDGE('',*,*,#7963,.T.);
#11115=ORIENTED_EDGE('',*,*,#7974,.F.);
#11116=ORIENTED_EDGE('',*,*,#7965,.F.);
#11117=ORIENTED_EDGE('',*,*,#7969,.F.);
#11118=ORIENTED_EDGE('',*,*,#7972,.F.);
#11119=ORIENTED_EDGE('',*,*,#7975,.F.);
#11120=ORIENTED_EDGE('',*,*,#7976,.T.);
#11121=ORIENTED_EDGE('',*,*,#7977,.T.);
#11122=ORIENTED_EDGE('',*,*,#7978,.F.);
#11123=ORIENTED_EDGE('',*,*,#7979,.F.);
#11124=ORIENTED_EDGE('',*,*,#7980,.T.);
#11125=ORIENTED_EDGE('',*,*,#7981,.T.);
#11126=ORIENTED_EDGE('',*,*,#7976,.F.);
#11127=ORIENTED_EDGE('',*,*,#7982,.F.);
#11128=ORIENTED_EDGE('',*,*,#7983,.T.);
#11129=ORIENTED_EDGE('',*,*,#7984,.T.);
#11130=ORIENTED_EDGE('',*,*,#7980,.F.);
#11131=ORIENTED_EDGE('',*,*,#7985,.F.);
#11132=ORIENTED_EDGE('',*,*,#7978,.T.);
#11133=ORIENTED_EDGE('',*,*,#7986,.T.);
#11134=ORIENTED_EDGE('',*,*,#7983,.F.);
#11135=ORIENTED_EDGE('',*,*,#7985,.T.);
#11136=ORIENTED_EDGE('',*,*,#7982,.T.);
#11137=ORIENTED_EDGE('',*,*,#7979,.T.);
#11138=ORIENTED_EDGE('',*,*,#7975,.T.);
#11139=ORIENTED_EDGE('',*,*,#7986,.F.);
#11140=ORIENTED_EDGE('',*,*,#7977,.F.);
#11141=ORIENTED_EDGE('',*,*,#7981,.F.);
#11142=ORIENTED_EDGE('',*,*,#7984,.F.);
#11143=ORIENTED_EDGE('',*,*,#7987,.F.);
#11144=ORIENTED_EDGE('',*,*,#7988,.T.);
#11145=ORIENTED_EDGE('',*,*,#7989,.T.);
#11146=ORIENTED_EDGE('',*,*,#7990,.F.);
#11147=ORIENTED_EDGE('',*,*,#7991,.F.);
#11148=ORIENTED_EDGE('',*,*,#7992,.T.);
#11149=ORIENTED_EDGE('',*,*,#7993,.T.);
#11150=ORIENTED_EDGE('',*,*,#7988,.F.);
#11151=ORIENTED_EDGE('',*,*,#7994,.F.);
#11152=ORIENTED_EDGE('',*,*,#7995,.T.);
#11153=ORIENTED_EDGE('',*,*,#7996,.T.);
#11154=ORIENTED_EDGE('',*,*,#7992,.F.);
#11155=ORIENTED_EDGE('',*,*,#7997,.F.);
#11156=ORIENTED_EDGE('',*,*,#7990,.T.);
#11157=ORIENTED_EDGE('',*,*,#7998,.T.);
#11158=ORIENTED_EDGE('',*,*,#7995,.F.);
#11159=ORIENTED_EDGE('',*,*,#7997,.T.);
#11160=ORIENTED_EDGE('',*,*,#7994,.T.);
#11161=ORIENTED_EDGE('',*,*,#7991,.T.);
#11162=ORIENTED_EDGE('',*,*,#7987,.T.);
#11163=ORIENTED_EDGE('',*,*,#7998,.F.);
#11164=ORIENTED_EDGE('',*,*,#7989,.F.);
#11165=ORIENTED_EDGE('',*,*,#7993,.F.);
#11166=ORIENTED_EDGE('',*,*,#7996,.F.);
#11167=ORIENTED_EDGE('',*,*,#7999,.T.);
#11168=ORIENTED_EDGE('',*,*,#8000,.T.);
#11169=ORIENTED_EDGE('',*,*,#8001,.T.);
#11170=ORIENTED_EDGE('',*,*,#8002,.F.);
#11171=ORIENTED_EDGE('',*,*,#8003,.T.);
#11172=ORIENTED_EDGE('',*,*,#8004,.T.);
#11173=ORIENTED_EDGE('',*,*,#8005,.T.);
#11174=ORIENTED_EDGE('',*,*,#8000,.F.);
#11175=ORIENTED_EDGE('',*,*,#8006,.T.);
#11176=ORIENTED_EDGE('',*,*,#8007,.T.);
#11177=ORIENTED_EDGE('',*,*,#8008,.T.);
#11178=ORIENTED_EDGE('',*,*,#8004,.F.);
#11179=ORIENTED_EDGE('',*,*,#8009,.T.);
#11180=ORIENTED_EDGE('',*,*,#8002,.T.);
#11181=ORIENTED_EDGE('',*,*,#8010,.T.);
#11182=ORIENTED_EDGE('',*,*,#8007,.F.);
#11183=ORIENTED_EDGE('',*,*,#8009,.F.);
#11184=ORIENTED_EDGE('',*,*,#8006,.F.);
#11185=ORIENTED_EDGE('',*,*,#8003,.F.);
#11186=ORIENTED_EDGE('',*,*,#7999,.F.);
#11187=ORIENTED_EDGE('',*,*,#8010,.F.);
#11188=ORIENTED_EDGE('',*,*,#8001,.F.);
#11189=ORIENTED_EDGE('',*,*,#8005,.F.);
#11190=ORIENTED_EDGE('',*,*,#8008,.F.);
#11191=ORIENTED_EDGE('',*,*,#8011,.T.);
#11192=ORIENTED_EDGE('',*,*,#8012,.T.);
#11193=ORIENTED_EDGE('',*,*,#8013,.T.);
#11194=ORIENTED_EDGE('',*,*,#8014,.F.);
#11195=ORIENTED_EDGE('',*,*,#8015,.T.);
#11196=ORIENTED_EDGE('',*,*,#8016,.T.);
#11197=ORIENTED_EDGE('',*,*,#8017,.T.);
#11198=ORIENTED_EDGE('',*,*,#8012,.F.);
#11199=ORIENTED_EDGE('',*,*,#8018,.T.);
#11200=ORIENTED_EDGE('',*,*,#8019,.T.);
#11201=ORIENTED_EDGE('',*,*,#8020,.T.);
#11202=ORIENTED_EDGE('',*,*,#8016,.F.);
#11203=ORIENTED_EDGE('',*,*,#8021,.T.);
#11204=ORIENTED_EDGE('',*,*,#8014,.T.);
#11205=ORIENTED_EDGE('',*,*,#8022,.T.);
#11206=ORIENTED_EDGE('',*,*,#8019,.F.);
#11207=ORIENTED_EDGE('',*,*,#8021,.F.);
#11208=ORIENTED_EDGE('',*,*,#8018,.F.);
#11209=ORIENTED_EDGE('',*,*,#8015,.F.);
#11210=ORIENTED_EDGE('',*,*,#8011,.F.);
#11211=ORIENTED_EDGE('',*,*,#8022,.F.);
#11212=ORIENTED_EDGE('',*,*,#8013,.F.);
#11213=ORIENTED_EDGE('',*,*,#8017,.F.);
#11214=ORIENTED_EDGE('',*,*,#8020,.F.);
#11215=ORIENTED_EDGE('',*,*,#8023,.T.);
#11216=ORIENTED_EDGE('',*,*,#8024,.T.);
#11217=ORIENTED_EDGE('',*,*,#8025,.T.);
#11218=ORIENTED_EDGE('',*,*,#8026,.F.);
#11219=ORIENTED_EDGE('',*,*,#8027,.T.);
#11220=ORIENTED_EDGE('',*,*,#8028,.T.);
#11221=ORIENTED_EDGE('',*,*,#8029,.T.);
#11222=ORIENTED_EDGE('',*,*,#8024,.F.);
#11223=ORIENTED_EDGE('',*,*,#8030,.T.);
#11224=ORIENTED_EDGE('',*,*,#8031,.T.);
#11225=ORIENTED_EDGE('',*,*,#8032,.T.);
#11226=ORIENTED_EDGE('',*,*,#8028,.F.);
#11227=ORIENTED_EDGE('',*,*,#8033,.T.);
#11228=ORIENTED_EDGE('',*,*,#8026,.T.);
#11229=ORIENTED_EDGE('',*,*,#8034,.T.);
#11230=ORIENTED_EDGE('',*,*,#8031,.F.);
#11231=ORIENTED_EDGE('',*,*,#8033,.F.);
#11232=ORIENTED_EDGE('',*,*,#8030,.F.);
#11233=ORIENTED_EDGE('',*,*,#8027,.F.);
#11234=ORIENTED_EDGE('',*,*,#8023,.F.);
#11235=ORIENTED_EDGE('',*,*,#8034,.F.);
#11236=ORIENTED_EDGE('',*,*,#8025,.F.);
#11237=ORIENTED_EDGE('',*,*,#8029,.F.);
#11238=ORIENTED_EDGE('',*,*,#8032,.F.);
#11239=ORIENTED_EDGE('',*,*,#8035,.T.);
#11240=ORIENTED_EDGE('',*,*,#8036,.T.);
#11241=ORIENTED_EDGE('',*,*,#8037,.T.);
#11242=ORIENTED_EDGE('',*,*,#8038,.F.);
#11243=ORIENTED_EDGE('',*,*,#8039,.T.);
#11244=ORIENTED_EDGE('',*,*,#8040,.T.);
#11245=ORIENTED_EDGE('',*,*,#8041,.T.);
#11246=ORIENTED_EDGE('',*,*,#8036,.F.);
#11247=ORIENTED_EDGE('',*,*,#8042,.T.);
#11248=ORIENTED_EDGE('',*,*,#8043,.T.);
#11249=ORIENTED_EDGE('',*,*,#8044,.T.);
#11250=ORIENTED_EDGE('',*,*,#8040,.F.);
#11251=ORIENTED_EDGE('',*,*,#8045,.T.);
#11252=ORIENTED_EDGE('',*,*,#8038,.T.);
#11253=ORIENTED_EDGE('',*,*,#8046,.T.);
#11254=ORIENTED_EDGE('',*,*,#8043,.F.);
#11255=ORIENTED_EDGE('',*,*,#8045,.F.);
#11256=ORIENTED_EDGE('',*,*,#8042,.F.);
#11257=ORIENTED_EDGE('',*,*,#8039,.F.);
#11258=ORIENTED_EDGE('',*,*,#8035,.F.);
#11259=ORIENTED_EDGE('',*,*,#8046,.F.);
#11260=ORIENTED_EDGE('',*,*,#8037,.F.);
#11261=ORIENTED_EDGE('',*,*,#8041,.F.);
#11262=ORIENTED_EDGE('',*,*,#8044,.F.);
#11263=ORIENTED_EDGE('',*,*,#8047,.F.);
#11264=ORIENTED_EDGE('',*,*,#8048,.T.);
#11265=ORIENTED_EDGE('',*,*,#8049,.T.);
#11266=ORIENTED_EDGE('',*,*,#8050,.F.);
#11267=ORIENTED_EDGE('',*,*,#8051,.F.);
#11268=ORIENTED_EDGE('',*,*,#8052,.T.);
#11269=ORIENTED_EDGE('',*,*,#8053,.T.);
#11270=ORIENTED_EDGE('',*,*,#8048,.F.);
#11271=ORIENTED_EDGE('',*,*,#8054,.F.);
#11272=ORIENTED_EDGE('',*,*,#8055,.T.);
#11273=ORIENTED_EDGE('',*,*,#8056,.T.);
#11274=ORIENTED_EDGE('',*,*,#8052,.F.);
#11275=ORIENTED_EDGE('',*,*,#8057,.F.);
#11276=ORIENTED_EDGE('',*,*,#8050,.T.);
#11277=ORIENTED_EDGE('',*,*,#8058,.T.);
#11278=ORIENTED_EDGE('',*,*,#8055,.F.);
#11279=ORIENTED_EDGE('',*,*,#8057,.T.);
#11280=ORIENTED_EDGE('',*,*,#8054,.T.);
#11281=ORIENTED_EDGE('',*,*,#8051,.T.);
#11282=ORIENTED_EDGE('',*,*,#8047,.T.);
#11283=ORIENTED_EDGE('',*,*,#8058,.F.);
#11284=ORIENTED_EDGE('',*,*,#8049,.F.);
#11285=ORIENTED_EDGE('',*,*,#8053,.F.);
#11286=ORIENTED_EDGE('',*,*,#8056,.F.);
#11287=ORIENTED_EDGE('',*,*,#8059,.F.);
#11288=ORIENTED_EDGE('',*,*,#8060,.T.);
#11289=ORIENTED_EDGE('',*,*,#8061,.T.);
#11290=ORIENTED_EDGE('',*,*,#8062,.F.);
#11291=ORIENTED_EDGE('',*,*,#8063,.F.);
#11292=ORIENTED_EDGE('',*,*,#8064,.T.);
#11293=ORIENTED_EDGE('',*,*,#8065,.T.);
#11294=ORIENTED_EDGE('',*,*,#8060,.F.);
#11295=ORIENTED_EDGE('',*,*,#8066,.F.);
#11296=ORIENTED_EDGE('',*,*,#8067,.T.);
#11297=ORIENTED_EDGE('',*,*,#8068,.T.);
#11298=ORIENTED_EDGE('',*,*,#8064,.F.);
#11299=ORIENTED_EDGE('',*,*,#8069,.F.);
#11300=ORIENTED_EDGE('',*,*,#8062,.T.);
#11301=ORIENTED_EDGE('',*,*,#8070,.T.);
#11302=ORIENTED_EDGE('',*,*,#8067,.F.);
#11303=ORIENTED_EDGE('',*,*,#8069,.T.);
#11304=ORIENTED_EDGE('',*,*,#8066,.T.);
#11305=ORIENTED_EDGE('',*,*,#8063,.T.);
#11306=ORIENTED_EDGE('',*,*,#8059,.T.);
#11307=ORIENTED_EDGE('',*,*,#8070,.F.);
#11308=ORIENTED_EDGE('',*,*,#8061,.F.);
#11309=ORIENTED_EDGE('',*,*,#8065,.F.);
#11310=ORIENTED_EDGE('',*,*,#8068,.F.);
#11311=ORIENTED_EDGE('',*,*,#8071,.T.);
#11312=ORIENTED_EDGE('',*,*,#8072,.T.);
#11313=ORIENTED_EDGE('',*,*,#8073,.T.);
#11314=ORIENTED_EDGE('',*,*,#8074,.F.);
#11315=ORIENTED_EDGE('',*,*,#8075,.T.);
#11316=ORIENTED_EDGE('',*,*,#8076,.T.);
#11317=ORIENTED_EDGE('',*,*,#8077,.T.);
#11318=ORIENTED_EDGE('',*,*,#8072,.F.);
#11319=ORIENTED_EDGE('',*,*,#8078,.T.);
#11320=ORIENTED_EDGE('',*,*,#8079,.T.);
#11321=ORIENTED_EDGE('',*,*,#8080,.T.);
#11322=ORIENTED_EDGE('',*,*,#8076,.F.);
#11323=ORIENTED_EDGE('',*,*,#8081,.T.);
#11324=ORIENTED_EDGE('',*,*,#8074,.T.);
#11325=ORIENTED_EDGE('',*,*,#8082,.T.);
#11326=ORIENTED_EDGE('',*,*,#8079,.F.);
#11327=ORIENTED_EDGE('',*,*,#8081,.F.);
#11328=ORIENTED_EDGE('',*,*,#8078,.F.);
#11329=ORIENTED_EDGE('',*,*,#8075,.F.);
#11330=ORIENTED_EDGE('',*,*,#8071,.F.);
#11331=ORIENTED_EDGE('',*,*,#8082,.F.);
#11332=ORIENTED_EDGE('',*,*,#8073,.F.);
#11333=ORIENTED_EDGE('',*,*,#8077,.F.);
#11334=ORIENTED_EDGE('',*,*,#8080,.F.);
#11335=ORIENTED_EDGE('',*,*,#8083,.F.);
#11336=ORIENTED_EDGE('',*,*,#8084,.T.);
#11337=ORIENTED_EDGE('',*,*,#8085,.T.);
#11338=ORIENTED_EDGE('',*,*,#8086,.F.);
#11339=ORIENTED_EDGE('',*,*,#8087,.F.);
#11340=ORIENTED_EDGE('',*,*,#8088,.T.);
#11341=ORIENTED_EDGE('',*,*,#8089,.T.);
#11342=ORIENTED_EDGE('',*,*,#8084,.F.);
#11343=ORIENTED_EDGE('',*,*,#8090,.F.);
#11344=ORIENTED_EDGE('',*,*,#8091,.T.);
#11345=ORIENTED_EDGE('',*,*,#8092,.T.);
#11346=ORIENTED_EDGE('',*,*,#8088,.F.);
#11347=ORIENTED_EDGE('',*,*,#8093,.F.);
#11348=ORIENTED_EDGE('',*,*,#8086,.T.);
#11349=ORIENTED_EDGE('',*,*,#8094,.T.);
#11350=ORIENTED_EDGE('',*,*,#8091,.F.);
#11351=ORIENTED_EDGE('',*,*,#8093,.T.);
#11352=ORIENTED_EDGE('',*,*,#8090,.T.);
#11353=ORIENTED_EDGE('',*,*,#8087,.T.);
#11354=ORIENTED_EDGE('',*,*,#8083,.T.);
#11355=ORIENTED_EDGE('',*,*,#8094,.F.);
#11356=ORIENTED_EDGE('',*,*,#8085,.F.);
#11357=ORIENTED_EDGE('',*,*,#8089,.F.);
#11358=ORIENTED_EDGE('',*,*,#8092,.F.);
#11359=ORIENTED_EDGE('',*,*,#8095,.T.);
#11360=ORIENTED_EDGE('',*,*,#8096,.T.);
#11361=ORIENTED_EDGE('',*,*,#8097,.T.);
#11362=ORIENTED_EDGE('',*,*,#8098,.F.);
#11363=ORIENTED_EDGE('',*,*,#8099,.T.);
#11364=ORIENTED_EDGE('',*,*,#8100,.T.);
#11365=ORIENTED_EDGE('',*,*,#8101,.T.);
#11366=ORIENTED_EDGE('',*,*,#8096,.F.);
#11367=ORIENTED_EDGE('',*,*,#8102,.T.);
#11368=ORIENTED_EDGE('',*,*,#8103,.T.);
#11369=ORIENTED_EDGE('',*,*,#8104,.T.);
#11370=ORIENTED_EDGE('',*,*,#8100,.F.);
#11371=ORIENTED_EDGE('',*,*,#8105,.T.);
#11372=ORIENTED_EDGE('',*,*,#8098,.T.);
#11373=ORIENTED_EDGE('',*,*,#8106,.T.);
#11374=ORIENTED_EDGE('',*,*,#8103,.F.);
#11375=ORIENTED_EDGE('',*,*,#8105,.F.);
#11376=ORIENTED_EDGE('',*,*,#8102,.F.);
#11377=ORIENTED_EDGE('',*,*,#8099,.F.);
#11378=ORIENTED_EDGE('',*,*,#8095,.F.);
#11379=ORIENTED_EDGE('',*,*,#8106,.F.);
#11380=ORIENTED_EDGE('',*,*,#8097,.F.);
#11381=ORIENTED_EDGE('',*,*,#8101,.F.);
#11382=ORIENTED_EDGE('',*,*,#8104,.F.);
#11383=ORIENTED_EDGE('',*,*,#8107,.F.);
#11384=ORIENTED_EDGE('',*,*,#8108,.T.);
#11385=ORIENTED_EDGE('',*,*,#8109,.T.);
#11386=ORIENTED_EDGE('',*,*,#8110,.F.);
#11387=ORIENTED_EDGE('',*,*,#8111,.F.);
#11388=ORIENTED_EDGE('',*,*,#8112,.T.);
#11389=ORIENTED_EDGE('',*,*,#8113,.T.);
#11390=ORIENTED_EDGE('',*,*,#8108,.F.);
#11391=ORIENTED_EDGE('',*,*,#8114,.F.);
#11392=ORIENTED_EDGE('',*,*,#8115,.T.);
#11393=ORIENTED_EDGE('',*,*,#8116,.T.);
#11394=ORIENTED_EDGE('',*,*,#8112,.F.);
#11395=ORIENTED_EDGE('',*,*,#8117,.F.);
#11396=ORIENTED_EDGE('',*,*,#8110,.T.);
#11397=ORIENTED_EDGE('',*,*,#8118,.T.);
#11398=ORIENTED_EDGE('',*,*,#8115,.F.);
#11399=ORIENTED_EDGE('',*,*,#8117,.T.);
#11400=ORIENTED_EDGE('',*,*,#8114,.T.);
#11401=ORIENTED_EDGE('',*,*,#8111,.T.);
#11402=ORIENTED_EDGE('',*,*,#8107,.T.);
#11403=ORIENTED_EDGE('',*,*,#8118,.F.);
#11404=ORIENTED_EDGE('',*,*,#8109,.F.);
#11405=ORIENTED_EDGE('',*,*,#8113,.F.);
#11406=ORIENTED_EDGE('',*,*,#8116,.F.);
#11407=ORIENTED_EDGE('',*,*,#8119,.T.);
#11408=ORIENTED_EDGE('',*,*,#8120,.T.);
#11409=ORIENTED_EDGE('',*,*,#8121,.T.);
#11410=ORIENTED_EDGE('',*,*,#8122,.F.);
#11411=ORIENTED_EDGE('',*,*,#8123,.T.);
#11412=ORIENTED_EDGE('',*,*,#8124,.T.);
#11413=ORIENTED_EDGE('',*,*,#8125,.T.);
#11414=ORIENTED_EDGE('',*,*,#8120,.F.);
#11415=ORIENTED_EDGE('',*,*,#8126,.T.);
#11416=ORIENTED_EDGE('',*,*,#8127,.T.);
#11417=ORIENTED_EDGE('',*,*,#8128,.T.);
#11418=ORIENTED_EDGE('',*,*,#8124,.F.);
#11419=ORIENTED_EDGE('',*,*,#8129,.T.);
#11420=ORIENTED_EDGE('',*,*,#8122,.T.);
#11421=ORIENTED_EDGE('',*,*,#8130,.T.);
#11422=ORIENTED_EDGE('',*,*,#8127,.F.);
#11423=ORIENTED_EDGE('',*,*,#8129,.F.);
#11424=ORIENTED_EDGE('',*,*,#8126,.F.);
#11425=ORIENTED_EDGE('',*,*,#8123,.F.);
#11426=ORIENTED_EDGE('',*,*,#8119,.F.);
#11427=ORIENTED_EDGE('',*,*,#8130,.F.);
#11428=ORIENTED_EDGE('',*,*,#8121,.F.);
#11429=ORIENTED_EDGE('',*,*,#8125,.F.);
#11430=ORIENTED_EDGE('',*,*,#8128,.F.);
#11431=ORIENTED_EDGE('',*,*,#8131,.F.);
#11432=ORIENTED_EDGE('',*,*,#8132,.T.);
#11433=ORIENTED_EDGE('',*,*,#8133,.T.);
#11434=ORIENTED_EDGE('',*,*,#8134,.F.);
#11435=ORIENTED_EDGE('',*,*,#8135,.F.);
#11436=ORIENTED_EDGE('',*,*,#8136,.T.);
#11437=ORIENTED_EDGE('',*,*,#8137,.T.);
#11438=ORIENTED_EDGE('',*,*,#8132,.F.);
#11439=ORIENTED_EDGE('',*,*,#8138,.F.);
#11440=ORIENTED_EDGE('',*,*,#8139,.T.);
#11441=ORIENTED_EDGE('',*,*,#8140,.T.);
#11442=ORIENTED_EDGE('',*,*,#8136,.F.);
#11443=ORIENTED_EDGE('',*,*,#8141,.F.);
#11444=ORIENTED_EDGE('',*,*,#8134,.T.);
#11445=ORIENTED_EDGE('',*,*,#8142,.T.);
#11446=ORIENTED_EDGE('',*,*,#8139,.F.);
#11447=ORIENTED_EDGE('',*,*,#8141,.T.);
#11448=ORIENTED_EDGE('',*,*,#8138,.T.);
#11449=ORIENTED_EDGE('',*,*,#8135,.T.);
#11450=ORIENTED_EDGE('',*,*,#8131,.T.);
#11451=ORIENTED_EDGE('',*,*,#8142,.F.);
#11452=ORIENTED_EDGE('',*,*,#8133,.F.);
#11453=ORIENTED_EDGE('',*,*,#8137,.F.);
#11454=ORIENTED_EDGE('',*,*,#8140,.F.);
#11455=ORIENTED_EDGE('',*,*,#8143,.F.);
#11456=ORIENTED_EDGE('',*,*,#8144,.T.);
#11457=ORIENTED_EDGE('',*,*,#8145,.T.);
#11458=ORIENTED_EDGE('',*,*,#8146,.F.);
#11459=ORIENTED_EDGE('',*,*,#8147,.F.);
#11460=ORIENTED_EDGE('',*,*,#8148,.T.);
#11461=ORIENTED_EDGE('',*,*,#8149,.T.);
#11462=ORIENTED_EDGE('',*,*,#8144,.F.);
#11463=ORIENTED_EDGE('',*,*,#8150,.F.);
#11464=ORIENTED_EDGE('',*,*,#8151,.T.);
#11465=ORIENTED_EDGE('',*,*,#8152,.T.);
#11466=ORIENTED_EDGE('',*,*,#8148,.F.);
#11467=ORIENTED_EDGE('',*,*,#8153,.F.);
#11468=ORIENTED_EDGE('',*,*,#8146,.T.);
#11469=ORIENTED_EDGE('',*,*,#8154,.T.);
#11470=ORIENTED_EDGE('',*,*,#8151,.F.);
#11471=ORIENTED_EDGE('',*,*,#8153,.T.);
#11472=ORIENTED_EDGE('',*,*,#8150,.T.);
#11473=ORIENTED_EDGE('',*,*,#8147,.T.);
#11474=ORIENTED_EDGE('',*,*,#8143,.T.);
#11475=ORIENTED_EDGE('',*,*,#8154,.F.);
#11476=ORIENTED_EDGE('',*,*,#8145,.F.);
#11477=ORIENTED_EDGE('',*,*,#8149,.F.);
#11478=ORIENTED_EDGE('',*,*,#8152,.F.);
#11479=ORIENTED_EDGE('',*,*,#8155,.T.);
#11480=ORIENTED_EDGE('',*,*,#8156,.T.);
#11481=ORIENTED_EDGE('',*,*,#8157,.T.);
#11482=ORIENTED_EDGE('',*,*,#8158,.F.);
#11483=ORIENTED_EDGE('',*,*,#8159,.T.);
#11484=ORIENTED_EDGE('',*,*,#8160,.T.);
#11485=ORIENTED_EDGE('',*,*,#8161,.T.);
#11486=ORIENTED_EDGE('',*,*,#8156,.F.);
#11487=ORIENTED_EDGE('',*,*,#8162,.T.);
#11488=ORIENTED_EDGE('',*,*,#8163,.T.);
#11489=ORIENTED_EDGE('',*,*,#8164,.T.);
#11490=ORIENTED_EDGE('',*,*,#8160,.F.);
#11491=ORIENTED_EDGE('',*,*,#8165,.T.);
#11492=ORIENTED_EDGE('',*,*,#8158,.T.);
#11493=ORIENTED_EDGE('',*,*,#8166,.T.);
#11494=ORIENTED_EDGE('',*,*,#8163,.F.);
#11495=ORIENTED_EDGE('',*,*,#8165,.F.);
#11496=ORIENTED_EDGE('',*,*,#8162,.F.);
#11497=ORIENTED_EDGE('',*,*,#8159,.F.);
#11498=ORIENTED_EDGE('',*,*,#8155,.F.);
#11499=ORIENTED_EDGE('',*,*,#8166,.F.);
#11500=ORIENTED_EDGE('',*,*,#8157,.F.);
#11501=ORIENTED_EDGE('',*,*,#8161,.F.);
#11502=ORIENTED_EDGE('',*,*,#8164,.F.);
#11503=ORIENTED_EDGE('',*,*,#8167,.F.);
#11504=ORIENTED_EDGE('',*,*,#8168,.T.);
#11505=ORIENTED_EDGE('',*,*,#8169,.T.);
#11506=ORIENTED_EDGE('',*,*,#8170,.F.);
#11507=ORIENTED_EDGE('',*,*,#8171,.F.);
#11508=ORIENTED_EDGE('',*,*,#8172,.T.);
#11509=ORIENTED_EDGE('',*,*,#8173,.T.);
#11510=ORIENTED_EDGE('',*,*,#8168,.F.);
#11511=ORIENTED_EDGE('',*,*,#8174,.F.);
#11512=ORIENTED_EDGE('',*,*,#8175,.T.);
#11513=ORIENTED_EDGE('',*,*,#8176,.T.);
#11514=ORIENTED_EDGE('',*,*,#8172,.F.);
#11515=ORIENTED_EDGE('',*,*,#8177,.F.);
#11516=ORIENTED_EDGE('',*,*,#8170,.T.);
#11517=ORIENTED_EDGE('',*,*,#8178,.T.);
#11518=ORIENTED_EDGE('',*,*,#8175,.F.);
#11519=ORIENTED_EDGE('',*,*,#8177,.T.);
#11520=ORIENTED_EDGE('',*,*,#8174,.T.);
#11521=ORIENTED_EDGE('',*,*,#8171,.T.);
#11522=ORIENTED_EDGE('',*,*,#8167,.T.);
#11523=ORIENTED_EDGE('',*,*,#8178,.F.);
#11524=ORIENTED_EDGE('',*,*,#8169,.F.);
#11525=ORIENTED_EDGE('',*,*,#8173,.F.);
#11526=ORIENTED_EDGE('',*,*,#8176,.F.);
#11527=ORIENTED_EDGE('',*,*,#8179,.F.);
#11528=ORIENTED_EDGE('',*,*,#8180,.T.);
#11529=ORIENTED_EDGE('',*,*,#8181,.T.);
#11530=ORIENTED_EDGE('',*,*,#8182,.F.);
#11531=ORIENTED_EDGE('',*,*,#8183,.F.);
#11532=ORIENTED_EDGE('',*,*,#8184,.T.);
#11533=ORIENTED_EDGE('',*,*,#8185,.T.);
#11534=ORIENTED_EDGE('',*,*,#8180,.F.);
#11535=ORIENTED_EDGE('',*,*,#8186,.F.);
#11536=ORIENTED_EDGE('',*,*,#8187,.T.);
#11537=ORIENTED_EDGE('',*,*,#8188,.T.);
#11538=ORIENTED_EDGE('',*,*,#8184,.F.);
#11539=ORIENTED_EDGE('',*,*,#8189,.F.);
#11540=ORIENTED_EDGE('',*,*,#8182,.T.);
#11541=ORIENTED_EDGE('',*,*,#8190,.T.);
#11542=ORIENTED_EDGE('',*,*,#8187,.F.);
#11543=ORIENTED_EDGE('',*,*,#8189,.T.);
#11544=ORIENTED_EDGE('',*,*,#8186,.T.);
#11545=ORIENTED_EDGE('',*,*,#8183,.T.);
#11546=ORIENTED_EDGE('',*,*,#8179,.T.);
#11547=ORIENTED_EDGE('',*,*,#8190,.F.);
#11548=ORIENTED_EDGE('',*,*,#8181,.F.);
#11549=ORIENTED_EDGE('',*,*,#8185,.F.);
#11550=ORIENTED_EDGE('',*,*,#8188,.F.);
#11551=ORIENTED_EDGE('',*,*,#8191,.T.);
#11552=ORIENTED_EDGE('',*,*,#8192,.T.);
#11553=ORIENTED_EDGE('',*,*,#8193,.T.);
#11554=ORIENTED_EDGE('',*,*,#8194,.F.);
#11555=ORIENTED_EDGE('',*,*,#8195,.T.);
#11556=ORIENTED_EDGE('',*,*,#8196,.T.);
#11557=ORIENTED_EDGE('',*,*,#8197,.T.);
#11558=ORIENTED_EDGE('',*,*,#8192,.F.);
#11559=ORIENTED_EDGE('',*,*,#8198,.T.);
#11560=ORIENTED_EDGE('',*,*,#8199,.T.);
#11561=ORIENTED_EDGE('',*,*,#8200,.T.);
#11562=ORIENTED_EDGE('',*,*,#8196,.F.);
#11563=ORIENTED_EDGE('',*,*,#8201,.T.);
#11564=ORIENTED_EDGE('',*,*,#8194,.T.);
#11565=ORIENTED_EDGE('',*,*,#8202,.T.);
#11566=ORIENTED_EDGE('',*,*,#8199,.F.);
#11567=ORIENTED_EDGE('',*,*,#8201,.F.);
#11568=ORIENTED_EDGE('',*,*,#8198,.F.);
#11569=ORIENTED_EDGE('',*,*,#8195,.F.);
#11570=ORIENTED_EDGE('',*,*,#8191,.F.);
#11571=ORIENTED_EDGE('',*,*,#8202,.F.);
#11572=ORIENTED_EDGE('',*,*,#8193,.F.);
#11573=ORIENTED_EDGE('',*,*,#8197,.F.);
#11574=ORIENTED_EDGE('',*,*,#8200,.F.);
#11575=ORIENTED_EDGE('',*,*,#8203,.T.);
#11576=ORIENTED_EDGE('',*,*,#8204,.T.);
#11577=ORIENTED_EDGE('',*,*,#8205,.T.);
#11578=ORIENTED_EDGE('',*,*,#8206,.F.);
#11579=ORIENTED_EDGE('',*,*,#8207,.T.);
#11580=ORIENTED_EDGE('',*,*,#8208,.T.);
#11581=ORIENTED_EDGE('',*,*,#8209,.T.);
#11582=ORIENTED_EDGE('',*,*,#8204,.F.);
#11583=ORIENTED_EDGE('',*,*,#8210,.T.);
#11584=ORIENTED_EDGE('',*,*,#8211,.T.);
#11585=ORIENTED_EDGE('',*,*,#8212,.T.);
#11586=ORIENTED_EDGE('',*,*,#8208,.F.);
#11587=ORIENTED_EDGE('',*,*,#8213,.T.);
#11588=ORIENTED_EDGE('',*,*,#8206,.T.);
#11589=ORIENTED_EDGE('',*,*,#8214,.T.);
#11590=ORIENTED_EDGE('',*,*,#8211,.F.);
#11591=ORIENTED_EDGE('',*,*,#8213,.F.);
#11592=ORIENTED_EDGE('',*,*,#8210,.F.);
#11593=ORIENTED_EDGE('',*,*,#8207,.F.);
#11594=ORIENTED_EDGE('',*,*,#8203,.F.);
#11595=ORIENTED_EDGE('',*,*,#8214,.F.);
#11596=ORIENTED_EDGE('',*,*,#8205,.F.);
#11597=ORIENTED_EDGE('',*,*,#8209,.F.);
#11598=ORIENTED_EDGE('',*,*,#8212,.F.);
#11599=ORIENTED_EDGE('',*,*,#8215,.F.);
#11600=ORIENTED_EDGE('',*,*,#8216,.T.);
#11601=ORIENTED_EDGE('',*,*,#8217,.T.);
#11602=ORIENTED_EDGE('',*,*,#8218,.F.);
#11603=ORIENTED_EDGE('',*,*,#8219,.F.);
#11604=ORIENTED_EDGE('',*,*,#8220,.T.);
#11605=ORIENTED_EDGE('',*,*,#8221,.T.);
#11606=ORIENTED_EDGE('',*,*,#8216,.F.);
#11607=ORIENTED_EDGE('',*,*,#8222,.F.);
#11608=ORIENTED_EDGE('',*,*,#8223,.T.);
#11609=ORIENTED_EDGE('',*,*,#8224,.T.);
#11610=ORIENTED_EDGE('',*,*,#8220,.F.);
#11611=ORIENTED_EDGE('',*,*,#8225,.F.);
#11612=ORIENTED_EDGE('',*,*,#8218,.T.);
#11613=ORIENTED_EDGE('',*,*,#8226,.T.);
#11614=ORIENTED_EDGE('',*,*,#8223,.F.);
#11615=ORIENTED_EDGE('',*,*,#8225,.T.);
#11616=ORIENTED_EDGE('',*,*,#8222,.T.);
#11617=ORIENTED_EDGE('',*,*,#8219,.T.);
#11618=ORIENTED_EDGE('',*,*,#8215,.T.);
#11619=ORIENTED_EDGE('',*,*,#8226,.F.);
#11620=ORIENTED_EDGE('',*,*,#8217,.F.);
#11621=ORIENTED_EDGE('',*,*,#8221,.F.);
#11622=ORIENTED_EDGE('',*,*,#8224,.F.);
#11623=ORIENTED_EDGE('',*,*,#8227,.F.);
#11624=ORIENTED_EDGE('',*,*,#8228,.T.);
#11625=ORIENTED_EDGE('',*,*,#8229,.T.);
#11626=ORIENTED_EDGE('',*,*,#8230,.F.);
#11627=ORIENTED_EDGE('',*,*,#8231,.F.);
#11628=ORIENTED_EDGE('',*,*,#8232,.T.);
#11629=ORIENTED_EDGE('',*,*,#8233,.T.);
#11630=ORIENTED_EDGE('',*,*,#8228,.F.);
#11631=ORIENTED_EDGE('',*,*,#8234,.F.);
#11632=ORIENTED_EDGE('',*,*,#8235,.T.);
#11633=ORIENTED_EDGE('',*,*,#8236,.T.);
#11634=ORIENTED_EDGE('',*,*,#8232,.F.);
#11635=ORIENTED_EDGE('',*,*,#8237,.F.);
#11636=ORIENTED_EDGE('',*,*,#8230,.T.);
#11637=ORIENTED_EDGE('',*,*,#8238,.T.);
#11638=ORIENTED_EDGE('',*,*,#8235,.F.);
#11639=ORIENTED_EDGE('',*,*,#8237,.T.);
#11640=ORIENTED_EDGE('',*,*,#8234,.T.);
#11641=ORIENTED_EDGE('',*,*,#8231,.T.);
#11642=ORIENTED_EDGE('',*,*,#8227,.T.);
#11643=ORIENTED_EDGE('',*,*,#8238,.F.);
#11644=ORIENTED_EDGE('',*,*,#8229,.F.);
#11645=ORIENTED_EDGE('',*,*,#8233,.F.);
#11646=ORIENTED_EDGE('',*,*,#8236,.F.);
#11647=ORIENTED_EDGE('',*,*,#8239,.T.);
#11648=ORIENTED_EDGE('',*,*,#8240,.T.);
#11649=ORIENTED_EDGE('',*,*,#8241,.T.);
#11650=ORIENTED_EDGE('',*,*,#8242,.F.);
#11651=ORIENTED_EDGE('',*,*,#8243,.T.);
#11652=ORIENTED_EDGE('',*,*,#8244,.T.);
#11653=ORIENTED_EDGE('',*,*,#8245,.T.);
#11654=ORIENTED_EDGE('',*,*,#8240,.F.);
#11655=ORIENTED_EDGE('',*,*,#8246,.T.);
#11656=ORIENTED_EDGE('',*,*,#8247,.T.);
#11657=ORIENTED_EDGE('',*,*,#8248,.T.);
#11658=ORIENTED_EDGE('',*,*,#8244,.F.);
#11659=ORIENTED_EDGE('',*,*,#8249,.T.);
#11660=ORIENTED_EDGE('',*,*,#8242,.T.);
#11661=ORIENTED_EDGE('',*,*,#8250,.T.);
#11662=ORIENTED_EDGE('',*,*,#8247,.F.);
#11663=ORIENTED_EDGE('',*,*,#8249,.F.);
#11664=ORIENTED_EDGE('',*,*,#8246,.F.);
#11665=ORIENTED_EDGE('',*,*,#8243,.F.);
#11666=ORIENTED_EDGE('',*,*,#8239,.F.);
#11667=ORIENTED_EDGE('',*,*,#8250,.F.);
#11668=ORIENTED_EDGE('',*,*,#8241,.F.);
#11669=ORIENTED_EDGE('',*,*,#8245,.F.);
#11670=ORIENTED_EDGE('',*,*,#8248,.F.);
#11671=ORIENTED_EDGE('',*,*,#8251,.T.);
#11672=ORIENTED_EDGE('',*,*,#8252,.T.);
#11673=ORIENTED_EDGE('',*,*,#8253,.T.);
#11674=ORIENTED_EDGE('',*,*,#8254,.F.);
#11675=ORIENTED_EDGE('',*,*,#8255,.T.);
#11676=ORIENTED_EDGE('',*,*,#8256,.T.);
#11677=ORIENTED_EDGE('',*,*,#8257,.T.);
#11678=ORIENTED_EDGE('',*,*,#8252,.F.);
#11679=ORIENTED_EDGE('',*,*,#8258,.T.);
#11680=ORIENTED_EDGE('',*,*,#8259,.T.);
#11681=ORIENTED_EDGE('',*,*,#8260,.T.);
#11682=ORIENTED_EDGE('',*,*,#8256,.F.);
#11683=ORIENTED_EDGE('',*,*,#8261,.T.);
#11684=ORIENTED_EDGE('',*,*,#8254,.T.);
#11685=ORIENTED_EDGE('',*,*,#8262,.T.);
#11686=ORIENTED_EDGE('',*,*,#8259,.F.);
#11687=ORIENTED_EDGE('',*,*,#8261,.F.);
#11688=ORIENTED_EDGE('',*,*,#8258,.F.);
#11689=ORIENTED_EDGE('',*,*,#8255,.F.);
#11690=ORIENTED_EDGE('',*,*,#8251,.F.);
#11691=ORIENTED_EDGE('',*,*,#8262,.F.);
#11692=ORIENTED_EDGE('',*,*,#8253,.F.);
#11693=ORIENTED_EDGE('',*,*,#8257,.F.);
#11694=ORIENTED_EDGE('',*,*,#8260,.F.);
#11695=ORIENTED_EDGE('',*,*,#8263,.F.);
#11696=ORIENTED_EDGE('',*,*,#8264,.T.);
#11697=ORIENTED_EDGE('',*,*,#8265,.T.);
#11698=ORIENTED_EDGE('',*,*,#8266,.F.);
#11699=ORIENTED_EDGE('',*,*,#8267,.F.);
#11700=ORIENTED_EDGE('',*,*,#8268,.T.);
#11701=ORIENTED_EDGE('',*,*,#8269,.T.);
#11702=ORIENTED_EDGE('',*,*,#8264,.F.);
#11703=ORIENTED_EDGE('',*,*,#8270,.F.);
#11704=ORIENTED_EDGE('',*,*,#8271,.T.);
#11705=ORIENTED_EDGE('',*,*,#8272,.T.);
#11706=ORIENTED_EDGE('',*,*,#8268,.F.);
#11707=ORIENTED_EDGE('',*,*,#8273,.F.);
#11708=ORIENTED_EDGE('',*,*,#8266,.T.);
#11709=ORIENTED_EDGE('',*,*,#8274,.T.);
#11710=ORIENTED_EDGE('',*,*,#8271,.F.);
#11711=ORIENTED_EDGE('',*,*,#8273,.T.);
#11712=ORIENTED_EDGE('',*,*,#8270,.T.);
#11713=ORIENTED_EDGE('',*,*,#8267,.T.);
#11714=ORIENTED_EDGE('',*,*,#8263,.T.);
#11715=ORIENTED_EDGE('',*,*,#8274,.F.);
#11716=ORIENTED_EDGE('',*,*,#8265,.F.);
#11717=ORIENTED_EDGE('',*,*,#8269,.F.);
#11718=ORIENTED_EDGE('',*,*,#8272,.F.);
#11719=ORIENTED_EDGE('',*,*,#8275,.F.);
#11720=ORIENTED_EDGE('',*,*,#8276,.T.);
#11721=ORIENTED_EDGE('',*,*,#8277,.T.);
#11722=ORIENTED_EDGE('',*,*,#8278,.F.);
#11723=ORIENTED_EDGE('',*,*,#8279,.F.);
#11724=ORIENTED_EDGE('',*,*,#8280,.T.);
#11725=ORIENTED_EDGE('',*,*,#8281,.T.);
#11726=ORIENTED_EDGE('',*,*,#8276,.F.);
#11727=ORIENTED_EDGE('',*,*,#8282,.F.);
#11728=ORIENTED_EDGE('',*,*,#8283,.T.);
#11729=ORIENTED_EDGE('',*,*,#8284,.T.);
#11730=ORIENTED_EDGE('',*,*,#8280,.F.);
#11731=ORIENTED_EDGE('',*,*,#8285,.F.);
#11732=ORIENTED_EDGE('',*,*,#8278,.T.);
#11733=ORIENTED_EDGE('',*,*,#8286,.T.);
#11734=ORIENTED_EDGE('',*,*,#8283,.F.);
#11735=ORIENTED_EDGE('',*,*,#8285,.T.);
#11736=ORIENTED_EDGE('',*,*,#8282,.T.);
#11737=ORIENTED_EDGE('',*,*,#8279,.T.);
#11738=ORIENTED_EDGE('',*,*,#8275,.T.);
#11739=ORIENTED_EDGE('',*,*,#8286,.F.);
#11740=ORIENTED_EDGE('',*,*,#8277,.F.);
#11741=ORIENTED_EDGE('',*,*,#8281,.F.);
#11742=ORIENTED_EDGE('',*,*,#8284,.F.);
#11743=ORIENTED_EDGE('',*,*,#8287,.T.);
#11744=ORIENTED_EDGE('',*,*,#8288,.T.);
#11745=ORIENTED_EDGE('',*,*,#8289,.T.);
#11746=ORIENTED_EDGE('',*,*,#8290,.F.);
#11747=ORIENTED_EDGE('',*,*,#8291,.T.);
#11748=ORIENTED_EDGE('',*,*,#8292,.T.);
#11749=ORIENTED_EDGE('',*,*,#8293,.T.);
#11750=ORIENTED_EDGE('',*,*,#8288,.F.);
#11751=ORIENTED_EDGE('',*,*,#8294,.T.);
#11752=ORIENTED_EDGE('',*,*,#8295,.T.);
#11753=ORIENTED_EDGE('',*,*,#8296,.T.);
#11754=ORIENTED_EDGE('',*,*,#8292,.F.);
#11755=ORIENTED_EDGE('',*,*,#8297,.T.);
#11756=ORIENTED_EDGE('',*,*,#8290,.T.);
#11757=ORIENTED_EDGE('',*,*,#8298,.T.);
#11758=ORIENTED_EDGE('',*,*,#8295,.F.);
#11759=ORIENTED_EDGE('',*,*,#8297,.F.);
#11760=ORIENTED_EDGE('',*,*,#8294,.F.);
#11761=ORIENTED_EDGE('',*,*,#8291,.F.);
#11762=ORIENTED_EDGE('',*,*,#8287,.F.);
#11763=ORIENTED_EDGE('',*,*,#8298,.F.);
#11764=ORIENTED_EDGE('',*,*,#8289,.F.);
#11765=ORIENTED_EDGE('',*,*,#8293,.F.);
#11766=ORIENTED_EDGE('',*,*,#8296,.F.);
#11767=ORIENTED_EDGE('',*,*,#8299,.T.);
#11768=ORIENTED_EDGE('',*,*,#8300,.T.);
#11769=ORIENTED_EDGE('',*,*,#8301,.T.);
#11770=ORIENTED_EDGE('',*,*,#8302,.F.);
#11771=ORIENTED_EDGE('',*,*,#8303,.T.);
#11772=ORIENTED_EDGE('',*,*,#8304,.T.);
#11773=ORIENTED_EDGE('',*,*,#8305,.T.);
#11774=ORIENTED_EDGE('',*,*,#8300,.F.);
#11775=ORIENTED_EDGE('',*,*,#8306,.T.);
#11776=ORIENTED_EDGE('',*,*,#8307,.T.);
#11777=ORIENTED_EDGE('',*,*,#8308,.T.);
#11778=ORIENTED_EDGE('',*,*,#8304,.F.);
#11779=ORIENTED_EDGE('',*,*,#8309,.T.);
#11780=ORIENTED_EDGE('',*,*,#8302,.T.);
#11781=ORIENTED_EDGE('',*,*,#8310,.T.);
#11782=ORIENTED_EDGE('',*,*,#8307,.F.);
#11783=ORIENTED_EDGE('',*,*,#8309,.F.);
#11784=ORIENTED_EDGE('',*,*,#8306,.F.);
#11785=ORIENTED_EDGE('',*,*,#8303,.F.);
#11786=ORIENTED_EDGE('',*,*,#8299,.F.);
#11787=ORIENTED_EDGE('',*,*,#8310,.F.);
#11788=ORIENTED_EDGE('',*,*,#8301,.F.);
#11789=ORIENTED_EDGE('',*,*,#8305,.F.);
#11790=ORIENTED_EDGE('',*,*,#8308,.F.);
#11791=PLANE('',#13517);
#11792=PLANE('',#13518);
#11793=PLANE('',#13519);
#11794=PLANE('',#13520);
#11795=PLANE('',#13521);
#11796=PLANE('',#13522);
#11797=PLANE('',#13523);
#11798=PLANE('',#13524);
#11799=PLANE('',#13525);
#11800=PLANE('',#13526);
#11801=PLANE('',#13527);
#11802=PLANE('',#13528);
#11803=PLANE('',#13529);
#11804=PLANE('',#13530);
#11805=PLANE('',#13531);
#11806=PLANE('',#13532);
#11807=PLANE('',#13533);
#11808=PLANE('',#13534);
#11809=PLANE('',#13535);
#11810=PLANE('',#13536);
#11811=PLANE('',#13537);
#11812=PLANE('',#13538);
#11813=PLANE('',#13539);
#11814=PLANE('',#13540);
#11815=PLANE('',#13541);
#11816=PLANE('',#13542);
#11817=PLANE('',#13543);
#11818=PLANE('',#13544);
#11819=PLANE('',#13545);
#11820=PLANE('',#13546);
#11821=PLANE('',#13547);
#11822=PLANE('',#13548);
#11823=PLANE('',#13549);
#11824=PLANE('',#13550);
#11825=PLANE('',#13551);
#11826=PLANE('',#13552);
#11827=PLANE('',#13553);
#11828=PLANE('',#13554);
#11829=PLANE('',#13555);
#11830=PLANE('',#13556);
#11831=PLANE('',#13557);
#11832=PLANE('',#13558);
#11833=PLANE('',#13559);
#11834=PLANE('',#13560);
#11835=PLANE('',#13561);
#11836=PLANE('',#13562);
#11837=PLANE('',#13563);
#11838=PLANE('',#13564);
#11839=PLANE('',#13565);
#11840=PLANE('',#13566);
#11841=PLANE('',#13567);
#11842=PLANE('',#13568);
#11843=PLANE('',#13569);
#11844=PLANE('',#13570);
#11845=PLANE('',#13571);
#11846=PLANE('',#13572);
#11847=PLANE('',#13573);
#11848=PLANE('',#13574);
#11849=PLANE('',#13575);
#11850=PLANE('',#13576);
#11851=PLANE('',#13577);
#11852=PLANE('',#13578);
#11853=PLANE('',#13579);
#11854=PLANE('',#13580);
#11855=PLANE('',#13581);
#11856=PLANE('',#13582);
#11857=PLANE('',#13583);
#11858=PLANE('',#13584);
#11859=PLANE('',#13585);
#11860=PLANE('',#13586);
#11861=PLANE('',#13587);
#11862=PLANE('',#13588);
#11863=PLANE('',#13589);
#11864=PLANE('',#13590);
#11865=PLANE('',#13591);
#11866=PLANE('',#13592);
#11867=PLANE('',#13593);
#11868=PLANE('',#13594);
#11869=PLANE('',#13595);
#11870=PLANE('',#13596);
#11871=PLANE('',#13597);
#11872=PLANE('',#13598);
#11873=PLANE('',#13599);
#11874=PLANE('',#13600);
#11875=PLANE('',#13601);
#11876=PLANE('',#13602);
#11877=PLANE('',#13603);
#11878=PLANE('',#13604);
#11879=PLANE('',#13605);
#11880=PLANE('',#13606);
#11881=PLANE('',#13607);
#11882=PLANE('',#13608);
#11883=PLANE('',#13609);
#11884=PLANE('',#13610);
#11885=PLANE('',#13611);
#11886=PLANE('',#13612);
#11887=PLANE('',#13613);
#11888=PLANE('',#13614);
#11889=PLANE('',#13615);
#11890=PLANE('',#13616);
#11891=PLANE('',#13617);
#11892=PLANE('',#13618);
#11893=PLANE('',#13619);
#11894=PLANE('',#13620);
#11895=PLANE('',#13621);
#11896=PLANE('',#13622);
#11897=PLANE('',#13623);
#11898=PLANE('',#13624);
#11899=PLANE('',#13625);
#11900=PLANE('',#13626);
#11901=PLANE('',#13627);
#11902=PLANE('',#13628);
#11903=PLANE('',#13629);
#11904=PLANE('',#13630);
#11905=PLANE('',#13631);
#11906=PLANE('',#13632);
#11907=PLANE('',#13633);
#11908=PLANE('',#13634);
#11909=PLANE('',#13635);
#11910=PLANE('',#13636);
#11911=PLANE('',#13637);
#11912=PLANE('',#13638);
#11913=PLANE('',#13639);
#11914=PLANE('',#13640);
#11915=PLANE('',#13641);
#11916=PLANE('',#13642);
#11917=PLANE('',#13643);
#11918=PLANE('',#13644);
#11919=PLANE('',#13645);
#11920=PLANE('',#13646);
#11921=PLANE('',#13647);
#11922=PLANE('',#13648);
#11923=PLANE('',#13649);
#11924=PLANE('',#13650);
#11925=PLANE('',#13651);
#11926=PLANE('',#13652);
#11927=PLANE('',#13653);
#11928=PLANE('',#13654);
#11929=PLANE('',#13655);
#11930=PLANE('',#13656);
#11931=PLANE('',#13657);
#11932=PLANE('',#13658);
#11933=PLANE('',#13659);
#11934=PLANE('',#13660);
#11935=PLANE('',#13661);
#11936=PLANE('',#13662);
#11937=PLANE('',#13663);
#11938=PLANE('',#13664);
#11939=PLANE('',#13665);
#11940=PLANE('',#13666);
#11941=PLANE('',#13667);
#11942=PLANE('',#13668);
#11943=PLANE('',#13669);
#11944=PLANE('',#13670);
#11945=PLANE('',#13671);
#11946=PLANE('',#13672);
#11947=PLANE('',#13673);
#11948=PLANE('',#13674);
#11949=PLANE('',#13675);
#11950=PLANE('',#13676);
#11951=PLANE('',#13677);
#11952=PLANE('',#13678);
#11953=PLANE('',#13679);
#11954=PLANE('',#13680);
#11955=PLANE('',#13681);
#11956=PLANE('',#13682);
#11957=PLANE('',#13683);
#11958=PLANE('',#13684);
#11959=PLANE('',#13685);
#11960=PLANE('',#13686);
#11961=PLANE('',#13687);
#11962=PLANE('',#13688);
#11963=PLANE('',#13689);
#11964=PLANE('',#13690);
#11965=PLANE('',#13691);
#11966=PLANE('',#13692);
#11967=PLANE('',#13693);
#11968=PLANE('',#13694);
#11969=PLANE('',#13695);
#11970=PLANE('',#13696);
#11971=PLANE('',#13697);
#11972=PLANE('',#13698);
#11973=PLANE('',#13699);
#11974=PLANE('',#13700);
#11975=PLANE('',#13701);
#11976=PLANE('',#13702);
#11977=PLANE('',#13703);
#11978=PLANE('',#13704);
#11979=PLANE('',#13705);
#11980=PLANE('',#13706);
#11981=PLANE('',#13707);
#11982=PLANE('',#13708);
#11983=PLANE('',#13709);
#11984=PLANE('',#13710);
#11985=PLANE('',#13711);
#11986=PLANE('',#13712);
#11987=PLANE('',#13713);
#11988=PLANE('',#13714);
#11989=PLANE('',#13715);
#11990=PLANE('',#13716);
#11991=PLANE('',#13717);
#11992=PLANE('',#13718);
#11993=PLANE('',#13719);
#11994=PLANE('',#13720);
#11995=PLANE('',#13721);
#11996=PLANE('',#13722);
#11997=PLANE('',#13723);
#11998=PLANE('',#13724);
#11999=PLANE('',#13725);
#12000=PLANE('',#13726);
#12001=PLANE('',#13727);
#12002=PLANE('',#13728);
#12003=PLANE('',#13729);
#12004=PLANE('',#13730);
#12005=PLANE('',#13731);
#12006=PLANE('',#13732);
#12007=PLANE('',#13733);
#12008=PLANE('',#13734);
#12009=PLANE('',#13735);
#12010=PLANE('',#13736);
#12011=PLANE('',#13737);
#12012=PLANE('',#13738);
#12013=PLANE('',#13739);
#12014=PLANE('',#13740);
#12015=PLANE('',#13741);
#12016=PLANE('',#13742);
#12017=PLANE('',#13743);
#12018=PLANE('',#13744);
#12019=PLANE('',#13745);
#12020=PLANE('',#13746);
#12021=PLANE('',#13747);
#12022=PLANE('',#13748);
#12023=PLANE('',#13749);
#12024=PLANE('',#13750);
#12025=PLANE('',#13751);
#12026=PLANE('',#13752);
#12027=PLANE('',#13753);
#12028=PLANE('',#13754);
#12029=PLANE('',#13755);
#12030=PLANE('',#13756);
#12031=PLANE('',#13757);
#12032=PLANE('',#13758);
#12033=PLANE('',#13759);
#12034=PLANE('',#13760);
#12035=PLANE('',#13761);
#12036=PLANE('',#13762);
#12037=PLANE('',#13763);
#12038=PLANE('',#13764);
#12039=PLANE('',#13765);
#12040=PLANE('',#13766);
#12041=PLANE('',#13767);
#12042=PLANE('',#13768);
#12043=PLANE('',#13769);
#12044=PLANE('',#13770);
#12045=PLANE('',#13771);
#12046=PLANE('',#13772);
#12047=PLANE('',#13773);
#12048=PLANE('',#13774);
#12049=PLANE('',#13775);
#12050=PLANE('',#13776);
#12051=PLANE('',#13777);
#12052=PLANE('',#13778);
#12053=PLANE('',#13779);
#12054=PLANE('',#13780);
#12055=PLANE('',#13781);
#12056=PLANE('',#13782);
#12057=PLANE('',#13783);
#12058=PLANE('',#13784);
#12059=PLANE('',#13785);
#12060=PLANE('',#13786);
#12061=PLANE('',#13787);
#12062=PLANE('',#13788);
#12063=PLANE('',#13789);
#12064=PLANE('',#13790);
#12065=PLANE('',#13791);
#12066=PLANE('',#13792);
#12067=PLANE('',#13793);
#12068=PLANE('',#13794);
#12069=PLANE('',#13795);
#12070=PLANE('',#13796);
#12071=PLANE('',#13805);
#12072=PLANE('',#13806);
#12073=PLANE('',#13807);
#12074=PLANE('',#13808);
#12075=PLANE('',#13809);
#12076=PLANE('',#13810);
#12077=PLANE('',#13811);
#12078=PLANE('',#13812);
#12079=PLANE('',#13813);
#12080=PLANE('',#13814);
#12081=PLANE('',#13815);
#12082=PLANE('',#13816);
#12083=PLANE('',#13817);
#12084=PLANE('',#13818);
#12085=PLANE('',#13819);
#12086=PLANE('',#13820);
#12087=PLANE('',#13821);
#12088=PLANE('',#13822);
#12089=PLANE('',#13823);
#12090=PLANE('',#13824);
#12091=PLANE('',#13825);
#12092=PLANE('',#13826);
#12093=PLANE('',#13827);
#12094=PLANE('',#13828);
#12095=PLANE('',#13829);
#12096=PLANE('',#13830);
#12097=PLANE('',#13831);
#12098=PLANE('',#13832);
#12099=PLANE('',#13833);
#12100=PLANE('',#13834);
#12101=PLANE('',#13835);
#12102=PLANE('',#13836);
#12103=PLANE('',#13837);
#12104=PLANE('',#13838);
#12105=PLANE('',#13839);
#12106=PLANE('',#13840);
#12107=PLANE('',#13841);
#12108=PLANE('',#13842);
#12109=PLANE('',#13843);
#12110=PLANE('',#13844);
#12111=PLANE('',#13845);
#12112=PLANE('',#13846);
#12113=PLANE('',#13847);
#12114=PLANE('',#13848);
#12115=PLANE('',#13849);
#12116=PLANE('',#13850);
#12117=PLANE('',#13851);
#12118=PLANE('',#13852);
#12119=PLANE('',#13853);
#12120=PLANE('',#13854);
#12121=PLANE('',#13855);
#12122=PLANE('',#13856);
#12123=PLANE('',#13857);
#12124=PLANE('',#13858);
#12125=PLANE('',#13859);
#12126=PLANE('',#13860);
#12127=PLANE('',#13861);
#12128=PLANE('',#13862);
#12129=PLANE('',#13863);
#12130=PLANE('',#13864);
#12131=PLANE('',#13865);
#12132=PLANE('',#13866);
#12133=PLANE('',#13867);
#12134=PLANE('',#13868);
#12135=PLANE('',#13869);
#12136=PLANE('',#13870);
#12137=PLANE('',#13871);
#12138=PLANE('',#13872);
#12139=PLANE('',#13873);
#12140=PLANE('',#13874);
#12141=PLANE('',#13875);
#12142=PLANE('',#13876);
#12143=PLANE('',#13877);
#12144=PLANE('',#13878);
#12145=PLANE('',#13879);
#12146=PLANE('',#13880);
#12147=PLANE('',#13881);
#12148=PLANE('',#13882);
#12149=PLANE('',#13883);
#12150=PLANE('',#13884);
#12151=PLANE('',#13885);
#12152=PLANE('',#13886);
#12153=PLANE('',#13887);
#12154=PLANE('',#13888);
#12155=PLANE('',#13889);
#12156=PLANE('',#13890);
#12157=PLANE('',#13891);
#12158=PLANE('',#13892);
#12159=PLANE('',#13893);
#12160=PLANE('',#13894);
#12161=PLANE('',#13895);
#12162=PLANE('',#13896);
#12163=PLANE('',#13897);
#12164=PLANE('',#13898);
#12165=PLANE('',#13899);
#12166=PLANE('',#13900);
#12167=PLANE('',#13901);
#12168=PLANE('',#13902);
#12169=PLANE('',#13903);
#12170=PLANE('',#13904);
#12171=PLANE('',#13905);
#12172=PLANE('',#13906);
#12173=PLANE('',#13907);
#12174=PLANE('',#13908);
#12175=PLANE('',#13909);
#12176=PLANE('',#13910);
#12177=PLANE('',#13911);
#12178=PLANE('',#13912);
#12179=PLANE('',#13913);
#12180=PLANE('',#13914);
#12181=PLANE('',#13915);
#12182=PLANE('',#13916);
#12183=PLANE('',#13917);
#12184=PLANE('',#13918);
#12185=PLANE('',#13919);
#12186=PLANE('',#13920);
#12187=PLANE('',#13921);
#12188=PLANE('',#13922);
#12189=PLANE('',#13923);
#12190=PLANE('',#13924);
#12191=PLANE('',#13925);
#12192=PLANE('',#13926);
#12193=PLANE('',#13927);
#12194=PLANE('',#13928);
#12195=PLANE('',#13929);
#12196=PLANE('',#13930);
#12197=PLANE('',#13931);
#12198=PLANE('',#13932);
#12199=PLANE('',#13933);
#12200=PLANE('',#13934);
#12201=PLANE('',#13935);
#12202=PLANE('',#13936);
#12203=PLANE('',#13937);
#12204=PLANE('',#13938);
#12205=PLANE('',#13939);
#12206=PLANE('',#13940);
#12207=PLANE('',#13941);
#12208=PLANE('',#13942);
#12209=PLANE('',#13943);
#12210=PLANE('',#13944);
#12211=PLANE('',#13945);
#12212=PLANE('',#13946);
#12213=PLANE('',#13947);
#12214=PLANE('',#13948);
#12215=PLANE('',#13949);
#12216=PLANE('',#13950);
#12217=PLANE('',#13951);
#12218=PLANE('',#13952);
#12219=PLANE('',#13953);
#12220=PLANE('',#13954);
#12221=PLANE('',#13955);
#12222=PLANE('',#13956);
#12223=PLANE('',#13957);
#12224=PLANE('',#13958);
#12225=PLANE('',#13959);
#12226=PLANE('',#13960);
#12227=PLANE('',#13961);
#12228=PLANE('',#13962);
#12229=PLANE('',#13963);
#12230=PLANE('',#13964);
#12231=PLANE('',#13965);
#12232=PLANE('',#13966);
#12233=PLANE('',#13967);
#12234=PLANE('',#13968);
#12235=PLANE('',#13969);
#12236=PLANE('',#13970);
#12237=PLANE('',#13971);
#12238=PLANE('',#13972);
#12239=PLANE('',#13973);
#12240=PLANE('',#13974);
#12241=PLANE('',#13975);
#12242=PLANE('',#13976);
#12243=PLANE('',#13977);
#12244=PLANE('',#13978);
#12245=PLANE('',#13979);
#12246=PLANE('',#13980);
#12247=PLANE('',#13981);
#12248=PLANE('',#13982);
#12249=PLANE('',#13983);
#12250=PLANE('',#13984);
#12251=PLANE('',#13985);
#12252=PLANE('',#13986);
#12253=PLANE('',#13987);
#12254=PLANE('',#13988);
#12255=PLANE('',#13989);
#12256=PLANE('',#13990);
#12257=PLANE('',#13991);
#12258=PLANE('',#13992);
#12259=PLANE('',#13993);
#12260=PLANE('',#13994);
#12261=PLANE('',#13995);
#12262=PLANE('',#13996);
#12263=PLANE('',#13997);
#12264=PLANE('',#13998);
#12265=PLANE('',#13999);
#12266=PLANE('',#14000);
#12267=PLANE('',#14001);
#12268=PLANE('',#14002);
#12269=PLANE('',#14003);
#12270=PLANE('',#14004);
#12271=PLANE('',#14005);
#12272=PLANE('',#14006);
#12273=PLANE('',#14007);
#12274=PLANE('',#14008);
#12275=PLANE('',#14009);
#12276=PLANE('',#14010);
#12277=PLANE('',#14011);
#12278=PLANE('',#14012);
#12279=PLANE('',#14013);
#12280=PLANE('',#14014);
#12281=PLANE('',#14015);
#12282=PLANE('',#14016);
#12283=PLANE('',#14017);
#12284=PLANE('',#14018);
#12285=PLANE('',#14019);
#12286=PLANE('',#14020);
#12287=PLANE('',#14021);
#12288=PLANE('',#14022);
#12289=PLANE('',#14023);
#12290=PLANE('',#14024);
#12291=PLANE('',#14025);
#12292=PLANE('',#14026);
#12293=PLANE('',#14027);
#12294=PLANE('',#14028);
#12295=PLANE('',#14029);
#12296=PLANE('',#14030);
#12297=PLANE('',#14031);
#12298=PLANE('',#14032);
#12299=PLANE('',#14033);
#12300=PLANE('',#14034);
#12301=PLANE('',#14035);
#12302=PLANE('',#14036);
#12303=PLANE('',#14037);
#12304=PLANE('',#14038);
#12305=PLANE('',#14039);
#12306=PLANE('',#14040);
#12307=PLANE('',#14041);
#12308=PLANE('',#14042);
#12309=PLANE('',#14043);
#12310=PLANE('',#14044);
#12311=PLANE('',#14045);
#12312=PLANE('',#14046);
#12313=PLANE('',#14047);
#12314=PLANE('',#14048);
#12315=PLANE('',#14049);
#12316=PLANE('',#14050);
#12317=PLANE('',#14051);
#12318=PLANE('',#14052);
#12319=PLANE('',#14053);
#12320=PLANE('',#14054);
#12321=PLANE('',#14055);
#12322=PLANE('',#14056);
#12323=PLANE('',#14057);
#12324=PLANE('',#14058);
#12325=PLANE('',#14059);
#12326=PLANE('',#14060);
#12327=PLANE('',#14061);
#12328=PLANE('',#14062);
#12329=PLANE('',#14063);
#12330=PLANE('',#14064);
#12331=PLANE('',#14065);
#12332=PLANE('',#14066);
#12333=PLANE('',#14067);
#12334=PLANE('',#14068);
#12335=PLANE('',#14069);
#12336=PLANE('',#14070);
#12337=PLANE('',#14071);
#12338=PLANE('',#14072);
#12339=PLANE('',#14073);
#12340=PLANE('',#14074);
#12341=PLANE('',#14075);
#12342=PLANE('',#14076);
#12343=PLANE('',#14077);
#12344=PLANE('',#14078);
#12345=PLANE('',#14079);
#12346=PLANE('',#14080);
#12347=PLANE('',#14081);
#12348=PLANE('',#14082);
#12349=PLANE('',#14083);
#12350=PLANE('',#14084);
#12351=PLANE('',#14085);
#12352=PLANE('',#14086);
#12353=PLANE('',#14087);
#12354=PLANE('',#14088);
#12355=PLANE('',#14089);
#12356=PLANE('',#14090);
#12357=PLANE('',#14091);
#12358=PLANE('',#14092);
#12359=PLANE('',#14093);
#12360=PLANE('',#14094);
#12361=PLANE('',#14095);
#12362=PLANE('',#14096);
#12363=PLANE('',#14097);
#12364=PLANE('',#14098);
#12365=PLANE('',#14099);
#12366=PLANE('',#14100);
#12367=PLANE('',#14101);
#12368=PLANE('',#14102);
#12369=PLANE('',#14103);
#12370=PLANE('',#14104);
#12371=PLANE('',#14105);
#12372=PLANE('',#14106);
#12373=PLANE('',#14107);
#12374=PLANE('',#14108);
#12375=PLANE('',#14109);
#12376=PLANE('',#14110);
#12377=PLANE('',#14111);
#12378=PLANE('',#14112);
#12379=PLANE('',#14113);
#12380=PLANE('',#14114);
#12381=PLANE('',#14115);
#12382=PLANE('',#14116);
#12383=PLANE('',#14117);
#12384=PLANE('',#14118);
#12385=PLANE('',#14119);
#12386=PLANE('',#14120);
#12387=PLANE('',#14121);
#12388=PLANE('',#14122);
#12389=PLANE('',#14123);
#12390=PLANE('',#14124);
#12391=PLANE('',#14125);
#12392=PLANE('',#14126);
#12393=PLANE('',#14127);
#12394=PLANE('',#14128);
#12395=PLANE('',#14129);
#12396=PLANE('',#14130);
#12397=PLANE('',#14131);
#12398=PLANE('',#14132);
#12399=PLANE('',#14133);
#12400=PLANE('',#14134);
#12401=PLANE('',#14135);
#12402=PLANE('',#14136);
#12403=PLANE('',#14137);
#12404=PLANE('',#14138);
#12405=PLANE('',#14139);
#12406=PLANE('',#14140);
#12407=PLANE('',#14141);
#12408=PLANE('',#14142);
#12409=PLANE('',#14143);
#12410=PLANE('',#14144);
#12411=PLANE('',#14145);
#12412=PLANE('',#14146);
#12413=PLANE('',#14147);
#12414=PLANE('',#14148);
#12415=PLANE('',#14149);
#12416=PLANE('',#14150);
#12417=PLANE('',#14151);
#12418=PLANE('',#14152);
#12419=PLANE('',#14153);
#12420=PLANE('',#14154);
#12421=PLANE('',#14155);
#12422=PLANE('',#14156);
#12423=PLANE('',#14157);
#12424=PLANE('',#14158);
#12425=PLANE('',#14159);
#12426=PLANE('',#14160);
#12427=PLANE('',#14161);
#12428=PLANE('',#14162);
#12429=PLANE('',#14163);
#12430=PLANE('',#14164);
#12431=PLANE('',#14165);
#12432=PLANE('',#14166);
#12433=PLANE('',#14167);
#12434=PLANE('',#14168);
#12435=PLANE('',#14169);
#12436=PLANE('',#14170);
#12437=PLANE('',#14171);
#12438=PLANE('',#14172);
#12439=PLANE('',#14173);
#12440=PLANE('',#14174);
#12441=PLANE('',#14175);
#12442=PLANE('',#14176);
#12443=PLANE('',#14177);
#12444=PLANE('',#14178);
#12445=PLANE('',#14179);
#12446=PLANE('',#14180);
#12447=PLANE('',#14181);
#12448=PLANE('',#14182);
#12449=PLANE('',#14183);
#12450=PLANE('',#14184);
#12451=PLANE('',#14185);
#12452=PLANE('',#14186);
#12453=PLANE('',#14187);
#12454=PLANE('',#14188);
#12455=PLANE('',#14189);
#12456=PLANE('',#14190);
#12457=PLANE('',#14191);
#12458=PLANE('',#14192);
#12459=PLANE('',#14193);
#12460=PLANE('',#14194);
#12461=PLANE('',#14195);
#12462=PLANE('',#14196);
#12463=PLANE('',#14197);
#12464=PLANE('',#14198);
#12465=PLANE('',#14199);
#12466=PLANE('',#14200);
#12467=PLANE('',#14201);
#12468=PLANE('',#14202);
#12469=PLANE('',#14203);
#12470=PLANE('',#14204);
#12471=PLANE('',#14205);
#12472=PLANE('',#14206);
#12473=PLANE('',#14207);
#12474=PLANE('',#14208);
#12475=PLANE('',#14209);
#12476=PLANE('',#14210);
#12477=PLANE('',#14211);
#12478=PLANE('',#14212);
#12479=PLANE('',#14213);
#12480=PLANE('',#14214);
#12481=PLANE('',#14215);
#12482=PLANE('',#14216);
#12483=PLANE('',#14217);
#12484=PLANE('',#14218);
#12485=PLANE('',#14219);
#12486=PLANE('',#14220);
#12487=PLANE('',#14221);
#12488=PLANE('',#14222);
#12489=PLANE('',#14223);
#12490=PLANE('',#14224);
#12491=PLANE('',#14225);
#12492=PLANE('',#14226);
#12493=PLANE('',#14227);
#12494=PLANE('',#14228);
#12495=PLANE('',#14229);
#12496=PLANE('',#14230);
#12497=PLANE('',#14231);
#12498=PLANE('',#14232);
#12499=PLANE('',#14233);
#12500=PLANE('',#14234);
#12501=PLANE('',#14235);
#12502=PLANE('',#14236);
#12503=PLANE('',#14237);
#12504=PLANE('',#14238);
#12505=PLANE('',#14239);
#12506=PLANE('',#14240);
#12507=PLANE('',#14241);
#12508=PLANE('',#14242);
#12509=PLANE('',#14243);
#12510=PLANE('',#14244);
#12511=PLANE('',#14245);
#12512=PLANE('',#14246);
#12513=PLANE('',#14247);
#12514=PLANE('',#14248);
#12515=PLANE('',#14249);
#12516=PLANE('',#14250);
#12517=PLANE('',#14251);
#12518=PLANE('',#14252);
#12519=PLANE('',#14253);
#12520=PLANE('',#14254);
#12521=PLANE('',#14255);
#12522=PLANE('',#14256);
#12523=PLANE('',#14257);
#12524=PLANE('',#14258);
#12525=PLANE('',#14259);
#12526=PLANE('',#14260);
#12527=PLANE('',#14261);
#12528=PLANE('',#14262);
#12529=PLANE('',#14263);
#12530=PLANE('',#14264);
#12531=PLANE('',#14265);
#12532=PLANE('',#14266);
#12533=PLANE('',#14267);
#12534=PLANE('',#14268);
#12535=PLANE('',#14269);
#12536=PLANE('',#14270);
#12537=PLANE('',#14271);
#12538=PLANE('',#14272);
#12539=PLANE('',#14273);
#12540=PLANE('',#14274);
#12541=PLANE('',#14275);
#12542=PLANE('',#14276);
#12543=PLANE('',#14277);
#12544=PLANE('',#14278);
#12545=PLANE('',#14279);
#12546=PLANE('',#14280);
#12547=PLANE('',#14281);
#12548=PLANE('',#14282);
#12549=PLANE('',#14283);
#12550=PLANE('',#14284);
#12551=PLANE('',#14285);
#12552=PLANE('',#14286);
#12553=PLANE('',#14287);
#12554=PLANE('',#14288);
#12555=PLANE('',#14289);
#12556=PLANE('',#14290);
#12557=PLANE('',#14291);
#12558=PLANE('',#14292);
#12559=PLANE('',#14293);
#12560=PLANE('',#14294);
#12561=PLANE('',#14295);
#12562=PLANE('',#14296);
#12563=PLANE('',#14297);
#12564=PLANE('',#14298);
#12565=PLANE('',#14299);
#12566=PLANE('',#14300);
#12567=PLANE('',#14301);
#12568=PLANE('',#14302);
#12569=PLANE('',#14303);
#12570=PLANE('',#14304);
#12571=PLANE('',#14305);
#12572=PLANE('',#14306);
#12573=PLANE('',#14307);
#12574=PLANE('',#14308);
#12575=PLANE('',#14309);
#12576=PLANE('',#14310);
#12577=PLANE('',#14311);
#12578=PLANE('',#14312);
#12579=PLANE('',#14313);
#12580=PLANE('',#14314);
#12581=PLANE('',#14315);
#12582=PLANE('',#14316);
#12583=PLANE('',#14317);
#12584=PLANE('',#14318);
#12585=PLANE('',#14319);
#12586=PLANE('',#14320);
#12587=PLANE('',#14321);
#12588=PLANE('',#14322);
#12589=PLANE('',#14323);
#12590=PLANE('',#14324);
#12591=PLANE('',#14325);
#12592=PLANE('',#14326);
#12593=PLANE('',#14327);
#12594=PLANE('',#14328);
#12595=PLANE('',#14329);
#12596=PLANE('',#14330);
#12597=PLANE('',#14331);
#12598=PLANE('',#14332);
#12599=PLANE('',#14333);
#12600=PLANE('',#14334);
#12601=ADVANCED_FACE('',(#255),#11791,.F.);
#12602=ADVANCED_FACE('',(#256),#11792,.F.);
#12603=ADVANCED_FACE('',(#257),#11793,.F.);
#12604=ADVANCED_FACE('',(#258),#11794,.F.);
#12605=ADVANCED_FACE('',(#259),#11795,.F.);
#12606=ADVANCED_FACE('',(#260),#11796,.F.);
#12607=ADVANCED_FACE('',(#261),#11797,.F.);
#12608=ADVANCED_FACE('',(#262),#11798,.F.);
#12609=ADVANCED_FACE('',(#263),#11799,.F.);
#12610=ADVANCED_FACE('',(#264),#11800,.F.);
#12611=ADVANCED_FACE('',(#265),#11801,.F.);
#12612=ADVANCED_FACE('',(#266),#11802,.F.);
#12613=ADVANCED_FACE('',(#267),#11803,.F.);
#12614=ADVANCED_FACE('',(#268),#11804,.F.);
#12615=ADVANCED_FACE('',(#269),#11805,.F.);
#12616=ADVANCED_FACE('',(#270),#11806,.F.);
#12617=ADVANCED_FACE('',(#271),#11807,.F.);
#12618=ADVANCED_FACE('',(#272),#11808,.F.);
#12619=ADVANCED_FACE('',(#273),#11809,.F.);
#12620=ADVANCED_FACE('',(#274),#11810,.F.);
#12621=ADVANCED_FACE('',(#275),#11811,.F.);
#12622=ADVANCED_FACE('',(#276),#11812,.F.);
#12623=ADVANCED_FACE('',(#277),#11813,.F.);
#12624=ADVANCED_FACE('',(#278),#11814,.F.);
#12625=ADVANCED_FACE('',(#279),#11815,.F.);
#12626=ADVANCED_FACE('',(#280),#11816,.F.);
#12627=ADVANCED_FACE('',(#281),#11817,.F.);
#12628=ADVANCED_FACE('',(#282),#11818,.F.);
#12629=ADVANCED_FACE('',(#283),#11819,.F.);
#12630=ADVANCED_FACE('',(#284),#11820,.F.);
#12631=ADVANCED_FACE('',(#285),#11821,.F.);
#12632=ADVANCED_FACE('',(#286),#11822,.F.);
#12633=ADVANCED_FACE('',(#287),#11823,.F.);
#12634=ADVANCED_FACE('',(#288),#11824,.F.);
#12635=ADVANCED_FACE('',(#289),#11825,.F.);
#12636=ADVANCED_FACE('',(#290),#11826,.F.);
#12637=ADVANCED_FACE('',(#291),#11827,.F.);
#12638=ADVANCED_FACE('',(#292),#11828,.F.);
#12639=ADVANCED_FACE('',(#293),#11829,.F.);
#12640=ADVANCED_FACE('',(#294),#11830,.F.);
#12641=ADVANCED_FACE('',(#295),#11831,.F.);
#12642=ADVANCED_FACE('',(#296),#11832,.F.);
#12643=ADVANCED_FACE('',(#297),#11833,.F.);
#12644=ADVANCED_FACE('',(#298),#11834,.F.);
#12645=ADVANCED_FACE('',(#299),#11835,.F.);
#12646=ADVANCED_FACE('',(#300),#11836,.F.);
#12647=ADVANCED_FACE('',(#301),#11837,.F.);
#12648=ADVANCED_FACE('',(#302),#11838,.F.);
#12649=ADVANCED_FACE('',(#303),#11839,.F.);
#12650=ADVANCED_FACE('',(#304),#11840,.F.);
#12651=ADVANCED_FACE('',(#305),#11841,.F.);
#12652=ADVANCED_FACE('',(#306),#11842,.F.);
#12653=ADVANCED_FACE('',(#307),#11843,.F.);
#12654=ADVANCED_FACE('',(#308),#11844,.F.);
#12655=ADVANCED_FACE('',(#309),#11845,.F.);
#12656=ADVANCED_FACE('',(#310),#11846,.F.);
#12657=ADVANCED_FACE('',(#311),#11847,.F.);
#12658=ADVANCED_FACE('',(#312),#11848,.F.);
#12659=ADVANCED_FACE('',(#313),#11849,.F.);
#12660=ADVANCED_FACE('',(#314),#11850,.F.);
#12661=ADVANCED_FACE('',(#315),#11851,.T.);
#12662=ADVANCED_FACE('',(#316),#11852,.T.);
#12663=ADVANCED_FACE('',(#317),#11853,.T.);
#12664=ADVANCED_FACE('',(#318),#11854,.T.);
#12665=ADVANCED_FACE('',(#319),#11855,.T.);
#12666=ADVANCED_FACE('',(#320),#11856,.T.);
#12667=ADVANCED_FACE('',(#321),#11857,.T.);
#12668=ADVANCED_FACE('',(#322),#11858,.T.);
#12669=ADVANCED_FACE('',(#323),#11859,.T.);
#12670=ADVANCED_FACE('',(#324),#11860,.T.);
#12671=ADVANCED_FACE('',(#325),#11861,.T.);
#12672=ADVANCED_FACE('',(#326),#11862,.T.);
#12673=ADVANCED_FACE('',(#327),#11863,.T.);
#12674=ADVANCED_FACE('',(#328),#11864,.T.);
#12675=ADVANCED_FACE('',(#329),#11865,.T.);
#12676=ADVANCED_FACE('',(#330),#11866,.T.);
#12677=ADVANCED_FACE('',(#331),#11867,.T.);
#12678=ADVANCED_FACE('',(#332),#11868,.T.);
#12679=ADVANCED_FACE('',(#333),#11869,.T.);
#12680=ADVANCED_FACE('',(#334),#11870,.T.);
#12681=ADVANCED_FACE('',(#335),#11871,.T.);
#12682=ADVANCED_FACE('',(#336),#11872,.T.);
#12683=ADVANCED_FACE('',(#337),#11873,.T.);
#12684=ADVANCED_FACE('',(#338),#11874,.T.);
#12685=ADVANCED_FACE('',(#339),#11875,.T.);
#12686=ADVANCED_FACE('',(#340),#11876,.T.);
#12687=ADVANCED_FACE('',(#341),#11877,.T.);
#12688=ADVANCED_FACE('',(#342),#11878,.T.);
#12689=ADVANCED_FACE('',(#343),#11879,.T.);
#12690=ADVANCED_FACE('',(#344),#11880,.T.);
#12691=ADVANCED_FACE('',(#345),#11881,.T.);
#12692=ADVANCED_FACE('',(#346),#11882,.T.);
#12693=ADVANCED_FACE('',(#347),#11883,.T.);
#12694=ADVANCED_FACE('',(#348),#11884,.T.);
#12695=ADVANCED_FACE('',(#349),#11885,.T.);
#12696=ADVANCED_FACE('',(#350),#11886,.T.);
#12697=ADVANCED_FACE('',(#351),#11887,.T.);
#12698=ADVANCED_FACE('',(#352),#11888,.T.);
#12699=ADVANCED_FACE('',(#353),#11889,.T.);
#12700=ADVANCED_FACE('',(#354),#11890,.T.);
#12701=ADVANCED_FACE('',(#355),#11891,.T.);
#12702=ADVANCED_FACE('',(#356),#11892,.T.);
#12703=ADVANCED_FACE('',(#357),#11893,.T.);
#12704=ADVANCED_FACE('',(#358),#11894,.T.);
#12705=ADVANCED_FACE('',(#359),#11895,.T.);
#12706=ADVANCED_FACE('',(#360),#11896,.T.);
#12707=ADVANCED_FACE('',(#361),#11897,.T.);
#12708=ADVANCED_FACE('',(#362),#11898,.T.);
#12709=ADVANCED_FACE('',(#363),#11899,.T.);
#12710=ADVANCED_FACE('',(#364),#11900,.T.);
#12711=ADVANCED_FACE('',(#365),#11901,.F.);
#12712=ADVANCED_FACE('',(#366),#11902,.F.);
#12713=ADVANCED_FACE('',(#367),#11903,.F.);
#12714=ADVANCED_FACE('',(#368),#11904,.F.);
#12715=ADVANCED_FACE('',(#369),#11905,.F.);
#12716=ADVANCED_FACE('',(#370),#11906,.F.);
#12717=ADVANCED_FACE('',(#371),#11907,.F.);
#12718=ADVANCED_FACE('',(#372),#11908,.F.);
#12719=ADVANCED_FACE('',(#373),#11909,.F.);
#12720=ADVANCED_FACE('',(#374),#11910,.F.);
#12721=ADVANCED_FACE('',(#375),#11911,.F.);
#12722=ADVANCED_FACE('',(#376),#11912,.F.);
#12723=ADVANCED_FACE('',(#377),#11913,.F.);
#12724=ADVANCED_FACE('',(#378),#11914,.F.);
#12725=ADVANCED_FACE('',(#379),#11915,.F.);
#12726=ADVANCED_FACE('',(#380),#11916,.F.);
#12727=ADVANCED_FACE('',(#381),#11917,.F.);
#12728=ADVANCED_FACE('',(#382),#11918,.F.);
#12729=ADVANCED_FACE('',(#383),#11919,.F.);
#12730=ADVANCED_FACE('',(#384),#11920,.F.);
#12731=ADVANCED_FACE('',(#385),#11921,.F.);
#12732=ADVANCED_FACE('',(#386),#11922,.F.);
#12733=ADVANCED_FACE('',(#387),#11923,.F.);
#12734=ADVANCED_FACE('',(#388),#11924,.F.);
#12735=ADVANCED_FACE('',(#389),#11925,.F.);
#12736=ADVANCED_FACE('',(#390),#11926,.F.);
#12737=ADVANCED_FACE('',(#391),#11927,.F.);
#12738=ADVANCED_FACE('',(#392),#11928,.F.);
#12739=ADVANCED_FACE('',(#393),#11929,.F.);
#12740=ADVANCED_FACE('',(#394),#11930,.F.);
#12741=ADVANCED_FACE('',(#395),#11931,.F.);
#12742=ADVANCED_FACE('',(#396),#11932,.F.);
#12743=ADVANCED_FACE('',(#397),#11933,.F.);
#12744=ADVANCED_FACE('',(#398),#11934,.F.);
#12745=ADVANCED_FACE('',(#399),#11935,.F.);
#12746=ADVANCED_FACE('',(#400),#11936,.F.);
#12747=ADVANCED_FACE('',(#401),#11937,.F.);
#12748=ADVANCED_FACE('',(#402),#11938,.F.);
#12749=ADVANCED_FACE('',(#403),#11939,.F.);
#12750=ADVANCED_FACE('',(#404),#11940,.F.);
#12751=ADVANCED_FACE('',(#405),#11941,.F.);
#12752=ADVANCED_FACE('',(#406),#11942,.F.);
#12753=ADVANCED_FACE('',(#407),#11943,.F.);
#12754=ADVANCED_FACE('',(#408),#11944,.F.);
#12755=ADVANCED_FACE('',(#409),#11945,.F.);
#12756=ADVANCED_FACE('',(#410),#11946,.F.);
#12757=ADVANCED_FACE('',(#411),#11947,.F.);
#12758=ADVANCED_FACE('',(#412),#11948,.F.);
#12759=ADVANCED_FACE('',(#413),#11949,.F.);
#12760=ADVANCED_FACE('',(#414),#11950,.F.);
#12761=ADVANCED_FACE('',(#415),#11951,.F.);
#12762=ADVANCED_FACE('',(#416),#11952,.F.);
#12763=ADVANCED_FACE('',(#417),#11953,.F.);
#12764=ADVANCED_FACE('',(#418),#11954,.F.);
#12765=ADVANCED_FACE('',(#419),#11955,.F.);
#12766=ADVANCED_FACE('',(#420),#11956,.F.);
#12767=ADVANCED_FACE('',(#421),#11957,.F.);
#12768=ADVANCED_FACE('',(#422),#11958,.F.);
#12769=ADVANCED_FACE('',(#423),#11959,.F.);
#12770=ADVANCED_FACE('',(#424),#11960,.F.);
#12771=ADVANCED_FACE('',(#425),#11961,.F.);
#12772=ADVANCED_FACE('',(#426),#11962,.F.);
#12773=ADVANCED_FACE('',(#427),#11963,.F.);
#12774=ADVANCED_FACE('',(#428),#11964,.F.);
#12775=ADVANCED_FACE('',(#429),#11965,.F.);
#12776=ADVANCED_FACE('',(#430),#11966,.F.);
#12777=ADVANCED_FACE('',(#431),#11967,.F.);
#12778=ADVANCED_FACE('',(#432),#11968,.F.);
#12779=ADVANCED_FACE('',(#433),#11969,.F.);
#12780=ADVANCED_FACE('',(#434),#11970,.F.);
#12781=ADVANCED_FACE('',(#435),#11971,.T.);
#12782=ADVANCED_FACE('',(#436),#11972,.T.);
#12783=ADVANCED_FACE('',(#437),#11973,.T.);
#12784=ADVANCED_FACE('',(#438),#11974,.T.);
#12785=ADVANCED_FACE('',(#439),#11975,.T.);
#12786=ADVANCED_FACE('',(#440),#11976,.T.);
#12787=ADVANCED_FACE('',(#441),#11977,.T.);
#12788=ADVANCED_FACE('',(#442),#11978,.T.);
#12789=ADVANCED_FACE('',(#443),#11979,.T.);
#12790=ADVANCED_FACE('',(#444),#11980,.T.);
#12791=ADVANCED_FACE('',(#445),#11981,.T.);
#12792=ADVANCED_FACE('',(#446),#11982,.T.);
#12793=ADVANCED_FACE('',(#447),#11983,.T.);
#12794=ADVANCED_FACE('',(#448),#11984,.T.);
#12795=ADVANCED_FACE('',(#449),#11985,.T.);
#12796=ADVANCED_FACE('',(#450),#11986,.T.);
#12797=ADVANCED_FACE('',(#451),#11987,.T.);
#12798=ADVANCED_FACE('',(#452),#11988,.T.);
#12799=ADVANCED_FACE('',(#453),#11989,.T.);
#12800=ADVANCED_FACE('',(#454),#11990,.T.);
#12801=ADVANCED_FACE('',(#455),#11991,.T.);
#12802=ADVANCED_FACE('',(#456),#11992,.T.);
#12803=ADVANCED_FACE('',(#457),#11993,.T.);
#12804=ADVANCED_FACE('',(#458),#11994,.T.);
#12805=ADVANCED_FACE('',(#459),#11995,.T.);
#12806=ADVANCED_FACE('',(#460),#11996,.T.);
#12807=ADVANCED_FACE('',(#461),#11997,.T.);
#12808=ADVANCED_FACE('',(#462),#11998,.T.);
#12809=ADVANCED_FACE('',(#463),#11999,.T.);
#12810=ADVANCED_FACE('',(#464),#12000,.T.);
#12811=ADVANCED_FACE('',(#465),#12001,.T.);
#12812=ADVANCED_FACE('',(#466),#12002,.T.);
#12813=ADVANCED_FACE('',(#467),#12003,.T.);
#12814=ADVANCED_FACE('',(#468),#12004,.T.);
#12815=ADVANCED_FACE('',(#469),#12005,.T.);
#12816=ADVANCED_FACE('',(#470),#12006,.T.);
#12817=ADVANCED_FACE('',(#471),#12007,.T.);
#12818=ADVANCED_FACE('',(#472),#12008,.T.);
#12819=ADVANCED_FACE('',(#473),#12009,.T.);
#12820=ADVANCED_FACE('',(#474),#12010,.T.);
#12821=ADVANCED_FACE('',(#475),#12011,.T.);
#12822=ADVANCED_FACE('',(#476),#12012,.T.);
#12823=ADVANCED_FACE('',(#477),#12013,.T.);
#12824=ADVANCED_FACE('',(#478),#12014,.T.);
#12825=ADVANCED_FACE('',(#479),#12015,.T.);
#12826=ADVANCED_FACE('',(#480),#12016,.T.);
#12827=ADVANCED_FACE('',(#481),#12017,.T.);
#12828=ADVANCED_FACE('',(#482),#12018,.T.);
#12829=ADVANCED_FACE('',(#483),#12019,.T.);
#12830=ADVANCED_FACE('',(#484),#12020,.T.);
#12831=ADVANCED_FACE('',(#485),#12021,.T.);
#12832=ADVANCED_FACE('',(#486),#12022,.T.);
#12833=ADVANCED_FACE('',(#487),#12023,.T.);
#12834=ADVANCED_FACE('',(#488),#12024,.T.);
#12835=ADVANCED_FACE('',(#489),#12025,.T.);
#12836=ADVANCED_FACE('',(#490),#12026,.T.);
#12837=ADVANCED_FACE('',(#491),#12027,.T.);
#12838=ADVANCED_FACE('',(#492),#12028,.T.);
#12839=ADVANCED_FACE('',(#493),#12029,.T.);
#12840=ADVANCED_FACE('',(#494),#12030,.T.);
#12841=ADVANCED_FACE('',(#495),#12031,.T.);
#12842=ADVANCED_FACE('',(#496),#12032,.T.);
#12843=ADVANCED_FACE('',(#497),#12033,.T.);
#12844=ADVANCED_FACE('',(#498),#12034,.T.);
#12845=ADVANCED_FACE('',(#499),#12035,.T.);
#12846=ADVANCED_FACE('',(#500),#12036,.T.);
#12847=ADVANCED_FACE('',(#501),#12037,.T.);
#12848=ADVANCED_FACE('',(#502),#12038,.T.);
#12849=ADVANCED_FACE('',(#503),#12039,.T.);
#12850=ADVANCED_FACE('',(#504),#12040,.T.);
#12851=ADVANCED_FACE('',(#505),#12041,.T.);
#12852=ADVANCED_FACE('',(#506),#12042,.T.);
#12853=ADVANCED_FACE('',(#507),#12043,.T.);
#12854=ADVANCED_FACE('',(#508),#12044,.T.);
#12855=ADVANCED_FACE('',(#509),#12045,.T.);
#12856=ADVANCED_FACE('',(#510),#12046,.T.);
#12857=ADVANCED_FACE('',(#511),#12047,.T.);
#12858=ADVANCED_FACE('',(#512),#12048,.T.);
#12859=ADVANCED_FACE('',(#513),#12049,.T.);
#12860=ADVANCED_FACE('',(#514),#12050,.T.);
#12861=ADVANCED_FACE('',(#515),#12051,.T.);
#12862=ADVANCED_FACE('',(#516),#12052,.T.);
#12863=ADVANCED_FACE('',(#517),#12053,.T.);
#12864=ADVANCED_FACE('',(#518),#12054,.T.);
#12865=ADVANCED_FACE('',(#519),#12055,.T.);
#12866=ADVANCED_FACE('',(#520),#12056,.T.);
#12867=ADVANCED_FACE('',(#521),#12057,.T.);
#12868=ADVANCED_FACE('',(#522),#12058,.T.);
#12869=ADVANCED_FACE('',(#523),#12059,.T.);
#12870=ADVANCED_FACE('',(#524),#12060,.T.);
#12871=ADVANCED_FACE('',(#525),#12061,.F.);
#12872=ADVANCED_FACE('',(#526),#12062,.F.);
#12873=ADVANCED_FACE('',(#527),#12063,.F.);
#12874=ADVANCED_FACE('',(#528),#12064,.F.);
#12875=ADVANCED_FACE('',(#529),#12065,.F.);
#12876=ADVANCED_FACE('',(#530),#12066,.F.);
#12877=ADVANCED_FACE('',(#531),#12067,.F.);
#12878=ADVANCED_FACE('',(#532),#12068,.F.);
#12879=ADVANCED_FACE('',(#533),#12069,.F.);
#12880=ADVANCED_FACE('',(#534),#12070,.F.);
#12881=ADVANCED_FACE('',(#535),#251,.T.);
#12882=ADVANCED_FACE('',(#536),#252,.T.);
#12883=ADVANCED_FACE('',(#537),#253,.T.);
#12884=ADVANCED_FACE('',(#538),#254,.T.);
#12885=ADVANCED_FACE('',(#539,#191,#192,#193,#194,#195,#196,#197,#198,#199,
#200,#201,#202,#203,#204,#205,#206,#207,#208,#209,#210,#211,#212,#213,#214,
#215,#216,#217,#218,#219,#220,#221,#222,#223,#224,#225,#226,#227,#228,#229,
#230,#231,#232,#233,#234,#235,#236,#237,#238,#239,#240,#241,#242,#243,#244,
#245,#246),#12071,.T.);
#12886=ADVANCED_FACE('',(#540),#12072,.F.);
#12887=ADVANCED_FACE('',(#541),#12073,.T.);
#12888=ADVANCED_FACE('',(#542),#12074,.T.);
#12889=ADVANCED_FACE('',(#543),#12075,.T.);
#12890=ADVANCED_FACE('',(#544),#12076,.T.);
#12891=ADVANCED_FACE('',(#545),#12077,.T.);
#12892=ADVANCED_FACE('',(#546),#12078,.T.);
#12893=ADVANCED_FACE('',(#547),#12079,.T.);
#12894=ADVANCED_FACE('',(#548),#12080,.T.);
#12895=ADVANCED_FACE('',(#549),#12081,.T.);
#12896=ADVANCED_FACE('',(#550),#12082,.T.);
#12897=ADVANCED_FACE('',(#551),#12083,.T.);
#12898=ADVANCED_FACE('',(#552),#12084,.T.);
#12899=ADVANCED_FACE('',(#553),#12085,.T.);
#12900=ADVANCED_FACE('',(#554),#12086,.T.);
#12901=ADVANCED_FACE('',(#555),#12087,.T.);
#12902=ADVANCED_FACE('',(#556),#12088,.T.);
#12903=ADVANCED_FACE('',(#557),#12089,.T.);
#12904=ADVANCED_FACE('',(#558),#12090,.T.);
#12905=ADVANCED_FACE('',(#559),#12091,.T.);
#12906=ADVANCED_FACE('',(#560),#12092,.T.);
#12907=ADVANCED_FACE('',(#561),#12093,.T.);
#12908=ADVANCED_FACE('',(#562),#12094,.T.);
#12909=ADVANCED_FACE('',(#563),#12095,.T.);
#12910=ADVANCED_FACE('',(#564),#12096,.T.);
#12911=ADVANCED_FACE('',(#565),#12097,.T.);
#12912=ADVANCED_FACE('',(#566),#12098,.T.);
#12913=ADVANCED_FACE('',(#567),#12099,.T.);
#12914=ADVANCED_FACE('',(#568),#12100,.T.);
#12915=ADVANCED_FACE('',(#569),#12101,.T.);
#12916=ADVANCED_FACE('',(#570),#12102,.T.);
#12917=ADVANCED_FACE('',(#571),#12103,.T.);
#12918=ADVANCED_FACE('',(#572),#12104,.T.);
#12919=ADVANCED_FACE('',(#573),#12105,.T.);
#12920=ADVANCED_FACE('',(#574),#12106,.T.);
#12921=ADVANCED_FACE('',(#575),#12107,.T.);
#12922=ADVANCED_FACE('',(#576),#12108,.T.);
#12923=ADVANCED_FACE('',(#577),#12109,.T.);
#12924=ADVANCED_FACE('',(#578),#12110,.T.);
#12925=ADVANCED_FACE('',(#579),#12111,.T.);
#12926=ADVANCED_FACE('',(#580),#12112,.T.);
#12927=ADVANCED_FACE('',(#581),#12113,.T.);
#12928=ADVANCED_FACE('',(#582),#12114,.T.);
#12929=ADVANCED_FACE('',(#583),#12115,.T.);
#12930=ADVANCED_FACE('',(#584),#12116,.T.);
#12931=ADVANCED_FACE('',(#585),#12117,.T.);
#12932=ADVANCED_FACE('',(#586),#12118,.T.);
#12933=ADVANCED_FACE('',(#587),#12119,.T.);
#12934=ADVANCED_FACE('',(#588),#12120,.T.);
#12935=ADVANCED_FACE('',(#589),#12121,.T.);
#12936=ADVANCED_FACE('',(#590),#12122,.T.);
#12937=ADVANCED_FACE('',(#591),#12123,.T.);
#12938=ADVANCED_FACE('',(#592),#12124,.T.);
#12939=ADVANCED_FACE('',(#593),#12125,.T.);
#12940=ADVANCED_FACE('',(#594),#12126,.T.);
#12941=ADVANCED_FACE('',(#595),#12127,.T.);
#12942=ADVANCED_FACE('',(#596),#12128,.T.);
#12943=ADVANCED_FACE('',(#597),#12129,.T.);
#12944=ADVANCED_FACE('',(#598),#12130,.T.);
#12945=ADVANCED_FACE('',(#599),#12131,.T.);
#12946=ADVANCED_FACE('',(#600),#12132,.T.);
#12947=ADVANCED_FACE('',(#601),#12133,.T.);
#12948=ADVANCED_FACE('',(#602),#12134,.T.);
#12949=ADVANCED_FACE('',(#603),#12135,.T.);
#12950=ADVANCED_FACE('',(#604),#12136,.T.);
#12951=ADVANCED_FACE('',(#605),#12137,.T.);
#12952=ADVANCED_FACE('',(#606),#12138,.T.);
#12953=ADVANCED_FACE('',(#607),#12139,.T.);
#12954=ADVANCED_FACE('',(#608),#12140,.T.);
#12955=ADVANCED_FACE('',(#609),#12141,.T.);
#12956=ADVANCED_FACE('',(#610),#12142,.T.);
#12957=ADVANCED_FACE('',(#611),#12143,.T.);
#12958=ADVANCED_FACE('',(#612),#12144,.T.);
#12959=ADVANCED_FACE('',(#613),#12145,.T.);
#12960=ADVANCED_FACE('',(#614),#12146,.T.);
#12961=ADVANCED_FACE('',(#615),#12147,.T.);
#12962=ADVANCED_FACE('',(#616),#12148,.T.);
#12963=ADVANCED_FACE('',(#617),#12149,.T.);
#12964=ADVANCED_FACE('',(#618),#12150,.T.);
#12965=ADVANCED_FACE('',(#619),#12151,.T.);
#12966=ADVANCED_FACE('',(#620),#12152,.T.);
#12967=ADVANCED_FACE('',(#621),#12153,.T.);
#12968=ADVANCED_FACE('',(#622),#12154,.T.);
#12969=ADVANCED_FACE('',(#623),#12155,.T.);
#12970=ADVANCED_FACE('',(#624),#12156,.T.);
#12971=ADVANCED_FACE('',(#625),#12157,.T.);
#12972=ADVANCED_FACE('',(#626),#12158,.T.);
#12973=ADVANCED_FACE('',(#627),#12159,.T.);
#12974=ADVANCED_FACE('',(#628),#12160,.T.);
#12975=ADVANCED_FACE('',(#629),#12161,.T.);
#12976=ADVANCED_FACE('',(#630),#12162,.T.);
#12977=ADVANCED_FACE('',(#631),#12163,.T.);
#12978=ADVANCED_FACE('',(#632),#12164,.T.);
#12979=ADVANCED_FACE('',(#633),#12165,.T.);
#12980=ADVANCED_FACE('',(#634),#12166,.T.);
#12981=ADVANCED_FACE('',(#635),#12167,.T.);
#12982=ADVANCED_FACE('',(#636),#12168,.T.);
#12983=ADVANCED_FACE('',(#637),#12169,.T.);
#12984=ADVANCED_FACE('',(#638),#12170,.T.);
#12985=ADVANCED_FACE('',(#639),#12171,.T.);
#12986=ADVANCED_FACE('',(#640),#12172,.T.);
#12987=ADVANCED_FACE('',(#641),#12173,.T.);
#12988=ADVANCED_FACE('',(#642),#12174,.T.);
#12989=ADVANCED_FACE('',(#643),#12175,.T.);
#12990=ADVANCED_FACE('',(#644),#12176,.T.);
#12991=ADVANCED_FACE('',(#645),#12177,.T.);
#12992=ADVANCED_FACE('',(#646),#12178,.T.);
#12993=ADVANCED_FACE('',(#647),#12179,.T.);
#12994=ADVANCED_FACE('',(#648),#12180,.T.);
#12995=ADVANCED_FACE('',(#649),#12181,.T.);
#12996=ADVANCED_FACE('',(#650),#12182,.T.);
#12997=ADVANCED_FACE('',(#651),#12183,.T.);
#12998=ADVANCED_FACE('',(#652),#12184,.T.);
#12999=ADVANCED_FACE('',(#653),#12185,.T.);
#13000=ADVANCED_FACE('',(#654),#12186,.T.);
#13001=ADVANCED_FACE('',(#655),#12187,.T.);
#13002=ADVANCED_FACE('',(#656),#12188,.T.);
#13003=ADVANCED_FACE('',(#657),#12189,.T.);
#13004=ADVANCED_FACE('',(#658),#12190,.T.);
#13005=ADVANCED_FACE('',(#659),#12191,.T.);
#13006=ADVANCED_FACE('',(#660),#12192,.T.);
#13007=ADVANCED_FACE('',(#661),#12193,.T.);
#13008=ADVANCED_FACE('',(#662),#12194,.T.);
#13009=ADVANCED_FACE('',(#663),#12195,.T.);
#13010=ADVANCED_FACE('',(#664),#12196,.T.);
#13011=ADVANCED_FACE('',(#665),#12197,.T.);
#13012=ADVANCED_FACE('',(#666),#12198,.T.);
#13013=ADVANCED_FACE('',(#667),#12199,.T.);
#13014=ADVANCED_FACE('',(#668),#12200,.T.);
#13015=ADVANCED_FACE('',(#669),#12201,.T.);
#13016=ADVANCED_FACE('',(#670),#12202,.T.);
#13017=ADVANCED_FACE('',(#671),#12203,.T.);
#13018=ADVANCED_FACE('',(#672),#12204,.T.);
#13019=ADVANCED_FACE('',(#673),#12205,.T.);
#13020=ADVANCED_FACE('',(#674),#12206,.T.);
#13021=ADVANCED_FACE('',(#675),#12207,.T.);
#13022=ADVANCED_FACE('',(#676),#12208,.T.);
#13023=ADVANCED_FACE('',(#677),#12209,.T.);
#13024=ADVANCED_FACE('',(#678),#12210,.T.);
#13025=ADVANCED_FACE('',(#679),#12211,.T.);
#13026=ADVANCED_FACE('',(#680),#12212,.T.);
#13027=ADVANCED_FACE('',(#681),#12213,.T.);
#13028=ADVANCED_FACE('',(#682),#12214,.T.);
#13029=ADVANCED_FACE('',(#683),#12215,.T.);
#13030=ADVANCED_FACE('',(#684),#12216,.T.);
#13031=ADVANCED_FACE('',(#685),#12217,.T.);
#13032=ADVANCED_FACE('',(#686),#12218,.T.);
#13033=ADVANCED_FACE('',(#687),#12219,.T.);
#13034=ADVANCED_FACE('',(#688),#12220,.T.);
#13035=ADVANCED_FACE('',(#689),#12221,.T.);
#13036=ADVANCED_FACE('',(#690),#12222,.T.);
#13037=ADVANCED_FACE('',(#691),#12223,.T.);
#13038=ADVANCED_FACE('',(#692),#12224,.T.);
#13039=ADVANCED_FACE('',(#693),#12225,.T.);
#13040=ADVANCED_FACE('',(#694),#12226,.T.);
#13041=ADVANCED_FACE('',(#695),#12227,.T.);
#13042=ADVANCED_FACE('',(#696),#12228,.T.);
#13043=ADVANCED_FACE('',(#697),#12229,.T.);
#13044=ADVANCED_FACE('',(#698),#12230,.T.);
#13045=ADVANCED_FACE('',(#699),#12231,.T.);
#13046=ADVANCED_FACE('',(#700),#12232,.T.);
#13047=ADVANCED_FACE('',(#701),#12233,.T.);
#13048=ADVANCED_FACE('',(#702),#12234,.T.);
#13049=ADVANCED_FACE('',(#703),#12235,.T.);
#13050=ADVANCED_FACE('',(#704),#12236,.T.);
#13051=ADVANCED_FACE('',(#705),#12237,.T.);
#13052=ADVANCED_FACE('',(#706),#12238,.T.);
#13053=ADVANCED_FACE('',(#707),#12239,.T.);
#13054=ADVANCED_FACE('',(#708),#12240,.T.);
#13055=ADVANCED_FACE('',(#709),#12241,.T.);
#13056=ADVANCED_FACE('',(#710),#12242,.T.);
#13057=ADVANCED_FACE('',(#711),#12243,.T.);
#13058=ADVANCED_FACE('',(#712),#12244,.T.);
#13059=ADVANCED_FACE('',(#713),#12245,.T.);
#13060=ADVANCED_FACE('',(#714),#12246,.T.);
#13061=ADVANCED_FACE('',(#715),#12247,.T.);
#13062=ADVANCED_FACE('',(#716),#12248,.T.);
#13063=ADVANCED_FACE('',(#717),#12249,.T.);
#13064=ADVANCED_FACE('',(#718),#12250,.T.);
#13065=ADVANCED_FACE('',(#719),#12251,.T.);
#13066=ADVANCED_FACE('',(#720),#12252,.T.);
#13067=ADVANCED_FACE('',(#721),#12253,.T.);
#13068=ADVANCED_FACE('',(#722),#12254,.T.);
#13069=ADVANCED_FACE('',(#723),#12255,.T.);
#13070=ADVANCED_FACE('',(#724),#12256,.T.);
#13071=ADVANCED_FACE('',(#725),#12257,.T.);
#13072=ADVANCED_FACE('',(#726),#12258,.T.);
#13073=ADVANCED_FACE('',(#727),#12259,.T.);
#13074=ADVANCED_FACE('',(#728),#12260,.T.);
#13075=ADVANCED_FACE('',(#729),#12261,.T.);
#13076=ADVANCED_FACE('',(#730),#12262,.T.);
#13077=ADVANCED_FACE('',(#731),#12263,.T.);
#13078=ADVANCED_FACE('',(#732),#12264,.T.);
#13079=ADVANCED_FACE('',(#733),#12265,.T.);
#13080=ADVANCED_FACE('',(#734),#12266,.T.);
#13081=ADVANCED_FACE('',(#735),#12267,.T.);
#13082=ADVANCED_FACE('',(#736),#12268,.T.);
#13083=ADVANCED_FACE('',(#737),#12269,.T.);
#13084=ADVANCED_FACE('',(#738),#12270,.T.);
#13085=ADVANCED_FACE('',(#739),#12271,.T.);
#13086=ADVANCED_FACE('',(#740),#12272,.T.);
#13087=ADVANCED_FACE('',(#741),#12273,.T.);
#13088=ADVANCED_FACE('',(#742),#12274,.T.);
#13089=ADVANCED_FACE('',(#743),#12275,.T.);
#13090=ADVANCED_FACE('',(#744),#12276,.T.);
#13091=ADVANCED_FACE('',(#745),#12277,.T.);
#13092=ADVANCED_FACE('',(#746),#12278,.T.);
#13093=ADVANCED_FACE('',(#747),#12279,.T.);
#13094=ADVANCED_FACE('',(#748),#12280,.T.);
#13095=ADVANCED_FACE('',(#749),#12281,.T.);
#13096=ADVANCED_FACE('',(#750),#12282,.T.);
#13097=ADVANCED_FACE('',(#751),#12283,.T.);
#13098=ADVANCED_FACE('',(#752),#12284,.T.);
#13099=ADVANCED_FACE('',(#753),#12285,.T.);
#13100=ADVANCED_FACE('',(#754),#12286,.T.);
#13101=ADVANCED_FACE('',(#755),#12287,.T.);
#13102=ADVANCED_FACE('',(#756),#12288,.T.);
#13103=ADVANCED_FACE('',(#757),#12289,.T.);
#13104=ADVANCED_FACE('',(#758),#12290,.T.);
#13105=ADVANCED_FACE('',(#759),#12291,.T.);
#13106=ADVANCED_FACE('',(#760),#12292,.T.);
#13107=ADVANCED_FACE('',(#761),#12293,.T.);
#13108=ADVANCED_FACE('',(#762),#12294,.T.);
#13109=ADVANCED_FACE('',(#763),#12295,.T.);
#13110=ADVANCED_FACE('',(#764),#12296,.T.);
#13111=ADVANCED_FACE('',(#765),#12297,.T.);
#13112=ADVANCED_FACE('',(#766),#12298,.T.);
#13113=ADVANCED_FACE('',(#767),#12299,.T.);
#13114=ADVANCED_FACE('',(#768),#12300,.T.);
#13115=ADVANCED_FACE('',(#769),#12301,.T.);
#13116=ADVANCED_FACE('',(#770),#12302,.T.);
#13117=ADVANCED_FACE('',(#771),#12303,.T.);
#13118=ADVANCED_FACE('',(#772),#12304,.T.);
#13119=ADVANCED_FACE('',(#773),#12305,.T.);
#13120=ADVANCED_FACE('',(#774),#12306,.T.);
#13121=ADVANCED_FACE('',(#775),#12307,.T.);
#13122=ADVANCED_FACE('',(#776),#12308,.T.);
#13123=ADVANCED_FACE('',(#777),#12309,.T.);
#13124=ADVANCED_FACE('',(#778),#12310,.T.);
#13125=ADVANCED_FACE('',(#779),#12311,.T.);
#13126=ADVANCED_FACE('',(#780),#12312,.T.);
#13127=ADVANCED_FACE('',(#781),#12313,.T.);
#13128=ADVANCED_FACE('',(#782),#12314,.T.);
#13129=ADVANCED_FACE('',(#783),#12315,.T.);
#13130=ADVANCED_FACE('',(#784),#12316,.T.);
#13131=ADVANCED_FACE('',(#785),#12317,.T.);
#13132=ADVANCED_FACE('',(#786),#12318,.T.);
#13133=ADVANCED_FACE('',(#787),#12319,.T.);
#13134=ADVANCED_FACE('',(#788),#12320,.T.);
#13135=ADVANCED_FACE('',(#789),#12321,.T.);
#13136=ADVANCED_FACE('',(#790),#12322,.T.);
#13137=ADVANCED_FACE('',(#791),#12323,.T.);
#13138=ADVANCED_FACE('',(#792),#12324,.T.);
#13139=ADVANCED_FACE('',(#793),#12325,.T.);
#13140=ADVANCED_FACE('',(#794),#12326,.T.);
#13141=ADVANCED_FACE('',(#795),#12327,.T.);
#13142=ADVANCED_FACE('',(#796),#12328,.T.);
#13143=ADVANCED_FACE('',(#797),#12329,.T.);
#13144=ADVANCED_FACE('',(#798),#12330,.T.);
#13145=ADVANCED_FACE('',(#799),#12331,.T.);
#13146=ADVANCED_FACE('',(#800),#12332,.T.);
#13147=ADVANCED_FACE('',(#801),#12333,.T.);
#13148=ADVANCED_FACE('',(#802),#12334,.T.);
#13149=ADVANCED_FACE('',(#803),#12335,.T.);
#13150=ADVANCED_FACE('',(#804),#12336,.T.);
#13151=ADVANCED_FACE('',(#805),#12337,.F.);
#13152=ADVANCED_FACE('',(#806),#12338,.F.);
#13153=ADVANCED_FACE('',(#807),#12339,.F.);
#13154=ADVANCED_FACE('',(#808),#12340,.F.);
#13155=ADVANCED_FACE('',(#809),#12341,.F.);
#13156=ADVANCED_FACE('',(#810),#12342,.F.);
#13157=ADVANCED_FACE('',(#811),#12343,.F.);
#13158=ADVANCED_FACE('',(#812),#12344,.F.);
#13159=ADVANCED_FACE('',(#813),#12345,.F.);
#13160=ADVANCED_FACE('',(#814),#12346,.F.);
#13161=ADVANCED_FACE('',(#815),#12347,.F.);
#13162=ADVANCED_FACE('',(#816),#12348,.F.);
#13163=ADVANCED_FACE('',(#817),#12349,.F.);
#13164=ADVANCED_FACE('',(#818),#12350,.F.);
#13165=ADVANCED_FACE('',(#819),#12351,.F.);
#13166=ADVANCED_FACE('',(#820),#12352,.F.);
#13167=ADVANCED_FACE('',(#821),#12353,.F.);
#13168=ADVANCED_FACE('',(#822),#12354,.F.);
#13169=ADVANCED_FACE('',(#823),#12355,.F.);
#13170=ADVANCED_FACE('',(#824),#12356,.F.);
#13171=ADVANCED_FACE('',(#825),#12357,.F.);
#13172=ADVANCED_FACE('',(#826),#12358,.F.);
#13173=ADVANCED_FACE('',(#827),#12359,.F.);
#13174=ADVANCED_FACE('',(#828),#12360,.F.);
#13175=ADVANCED_FACE('',(#829),#12361,.F.);
#13176=ADVANCED_FACE('',(#830),#12362,.F.);
#13177=ADVANCED_FACE('',(#831),#12363,.F.);
#13178=ADVANCED_FACE('',(#832),#12364,.F.);
#13179=ADVANCED_FACE('',(#833),#12365,.F.);
#13180=ADVANCED_FACE('',(#834),#12366,.F.);
#13181=ADVANCED_FACE('',(#835),#12367,.F.);
#13182=ADVANCED_FACE('',(#836),#12368,.F.);
#13183=ADVANCED_FACE('',(#837),#12369,.F.);
#13184=ADVANCED_FACE('',(#838),#12370,.F.);
#13185=ADVANCED_FACE('',(#839),#12371,.F.);
#13186=ADVANCED_FACE('',(#840),#12372,.F.);
#13187=ADVANCED_FACE('',(#841),#12373,.F.);
#13188=ADVANCED_FACE('',(#842),#12374,.F.);
#13189=ADVANCED_FACE('',(#843),#12375,.F.);
#13190=ADVANCED_FACE('',(#844),#12376,.F.);
#13191=ADVANCED_FACE('',(#845),#12377,.F.);
#13192=ADVANCED_FACE('',(#846),#12378,.F.);
#13193=ADVANCED_FACE('',(#847),#12379,.F.);
#13194=ADVANCED_FACE('',(#848),#12380,.F.);
#13195=ADVANCED_FACE('',(#849),#12381,.F.);
#13196=ADVANCED_FACE('',(#850),#12382,.F.);
#13197=ADVANCED_FACE('',(#851),#12383,.F.);
#13198=ADVANCED_FACE('',(#852),#12384,.F.);
#13199=ADVANCED_FACE('',(#853),#12385,.F.);
#13200=ADVANCED_FACE('',(#854),#12386,.F.);
#13201=ADVANCED_FACE('',(#855),#12387,.F.);
#13202=ADVANCED_FACE('',(#856),#12388,.F.);
#13203=ADVANCED_FACE('',(#857),#12389,.F.);
#13204=ADVANCED_FACE('',(#858),#12390,.F.);
#13205=ADVANCED_FACE('',(#859),#12391,.F.);
#13206=ADVANCED_FACE('',(#860),#12392,.F.);
#13207=ADVANCED_FACE('',(#861),#12393,.F.);
#13208=ADVANCED_FACE('',(#862),#12394,.F.);
#13209=ADVANCED_FACE('',(#863),#12395,.F.);
#13210=ADVANCED_FACE('',(#864),#12396,.F.);
#13211=ADVANCED_FACE('',(#865),#12397,.F.);
#13212=ADVANCED_FACE('',(#866),#12398,.F.);
#13213=ADVANCED_FACE('',(#867),#12399,.F.);
#13214=ADVANCED_FACE('',(#868),#12400,.F.);
#13215=ADVANCED_FACE('',(#869),#12401,.F.);
#13216=ADVANCED_FACE('',(#870),#12402,.F.);
#13217=ADVANCED_FACE('',(#871),#12403,.F.);
#13218=ADVANCED_FACE('',(#872),#12404,.F.);
#13219=ADVANCED_FACE('',(#873),#12405,.F.);
#13220=ADVANCED_FACE('',(#874),#12406,.F.);
#13221=ADVANCED_FACE('',(#875),#12407,.F.);
#13222=ADVANCED_FACE('',(#876),#12408,.F.);
#13223=ADVANCED_FACE('',(#877),#12409,.F.);
#13224=ADVANCED_FACE('',(#878),#12410,.F.);
#13225=ADVANCED_FACE('',(#879),#12411,.F.);
#13226=ADVANCED_FACE('',(#880),#12412,.F.);
#13227=ADVANCED_FACE('',(#881),#12413,.F.);
#13228=ADVANCED_FACE('',(#882),#12414,.F.);
#13229=ADVANCED_FACE('',(#883),#12415,.F.);
#13230=ADVANCED_FACE('',(#884),#12416,.F.);
#13231=ADVANCED_FACE('',(#885),#12417,.F.);
#13232=ADVANCED_FACE('',(#886),#12418,.F.);
#13233=ADVANCED_FACE('',(#887),#12419,.F.);
#13234=ADVANCED_FACE('',(#888),#12420,.F.);
#13235=ADVANCED_FACE('',(#889),#12421,.F.);
#13236=ADVANCED_FACE('',(#890),#12422,.F.);
#13237=ADVANCED_FACE('',(#891),#12423,.F.);
#13238=ADVANCED_FACE('',(#892),#12424,.F.);
#13239=ADVANCED_FACE('',(#893),#12425,.F.);
#13240=ADVANCED_FACE('',(#894),#12426,.F.);
#13241=ADVANCED_FACE('',(#895),#12427,.F.);
#13242=ADVANCED_FACE('',(#896),#12428,.F.);
#13243=ADVANCED_FACE('',(#897),#12429,.F.);
#13244=ADVANCED_FACE('',(#898),#12430,.F.);
#13245=ADVANCED_FACE('',(#899),#12431,.F.);
#13246=ADVANCED_FACE('',(#900),#12432,.F.);
#13247=ADVANCED_FACE('',(#901),#12433,.F.);
#13248=ADVANCED_FACE('',(#902),#12434,.F.);
#13249=ADVANCED_FACE('',(#903),#12435,.F.);
#13250=ADVANCED_FACE('',(#904),#12436,.F.);
#13251=ADVANCED_FACE('',(#905),#12437,.F.);
#13252=ADVANCED_FACE('',(#906),#12438,.F.);
#13253=ADVANCED_FACE('',(#907),#12439,.F.);
#13254=ADVANCED_FACE('',(#908),#12440,.F.);
#13255=ADVANCED_FACE('',(#909),#12441,.F.);
#13256=ADVANCED_FACE('',(#910),#12442,.F.);
#13257=ADVANCED_FACE('',(#911),#12443,.F.);
#13258=ADVANCED_FACE('',(#912),#12444,.F.);
#13259=ADVANCED_FACE('',(#913),#12445,.F.);
#13260=ADVANCED_FACE('',(#914),#12446,.F.);
#13261=ADVANCED_FACE('',(#915),#12447,.F.);
#13262=ADVANCED_FACE('',(#916),#12448,.F.);
#13263=ADVANCED_FACE('',(#917),#12449,.F.);
#13264=ADVANCED_FACE('',(#918),#12450,.F.);
#13265=ADVANCED_FACE('',(#919),#12451,.F.);
#13266=ADVANCED_FACE('',(#920),#12452,.F.);
#13267=ADVANCED_FACE('',(#921),#12453,.F.);
#13268=ADVANCED_FACE('',(#922),#12454,.F.);
#13269=ADVANCED_FACE('',(#923),#12455,.F.);
#13270=ADVANCED_FACE('',(#924),#12456,.F.);
#13271=ADVANCED_FACE('',(#925),#12457,.F.);
#13272=ADVANCED_FACE('',(#926),#12458,.F.);
#13273=ADVANCED_FACE('',(#927),#12459,.F.);
#13274=ADVANCED_FACE('',(#928),#12460,.F.);
#13275=ADVANCED_FACE('',(#929),#12461,.F.);
#13276=ADVANCED_FACE('',(#930),#12462,.F.);
#13277=ADVANCED_FACE('',(#931),#12463,.F.);
#13278=ADVANCED_FACE('',(#932),#12464,.F.);
#13279=ADVANCED_FACE('',(#933),#12465,.F.);
#13280=ADVANCED_FACE('',(#934),#12466,.F.);
#13281=ADVANCED_FACE('',(#935),#12467,.F.);
#13282=ADVANCED_FACE('',(#936),#12468,.F.);
#13283=ADVANCED_FACE('',(#937),#12469,.F.);
#13284=ADVANCED_FACE('',(#938),#12470,.F.);
#13285=ADVANCED_FACE('',(#939),#12471,.F.);
#13286=ADVANCED_FACE('',(#940),#12472,.F.);
#13287=ADVANCED_FACE('',(#941),#12473,.F.);
#13288=ADVANCED_FACE('',(#942),#12474,.F.);
#13289=ADVANCED_FACE('',(#943),#12475,.F.);
#13290=ADVANCED_FACE('',(#944),#12476,.F.);
#13291=ADVANCED_FACE('',(#945),#12477,.F.);
#13292=ADVANCED_FACE('',(#946),#12478,.F.);
#13293=ADVANCED_FACE('',(#947),#12479,.F.);
#13294=ADVANCED_FACE('',(#948),#12480,.F.);
#13295=ADVANCED_FACE('',(#949),#12481,.F.);
#13296=ADVANCED_FACE('',(#950),#12482,.F.);
#13297=ADVANCED_FACE('',(#951),#12483,.F.);
#13298=ADVANCED_FACE('',(#952),#12484,.F.);
#13299=ADVANCED_FACE('',(#953),#12485,.F.);
#13300=ADVANCED_FACE('',(#954),#12486,.F.);
#13301=ADVANCED_FACE('',(#955),#12487,.F.);
#13302=ADVANCED_FACE('',(#956),#12488,.F.);
#13303=ADVANCED_FACE('',(#957),#12489,.F.);
#13304=ADVANCED_FACE('',(#958),#12490,.F.);
#13305=ADVANCED_FACE('',(#959),#12491,.F.);
#13306=ADVANCED_FACE('',(#960),#12492,.F.);
#13307=ADVANCED_FACE('',(#961),#12493,.F.);
#13308=ADVANCED_FACE('',(#962),#12494,.F.);
#13309=ADVANCED_FACE('',(#963),#12495,.F.);
#13310=ADVANCED_FACE('',(#964),#12496,.F.);
#13311=ADVANCED_FACE('',(#965),#12497,.F.);
#13312=ADVANCED_FACE('',(#966),#12498,.F.);
#13313=ADVANCED_FACE('',(#967),#12499,.F.);
#13314=ADVANCED_FACE('',(#968),#12500,.F.);
#13315=ADVANCED_FACE('',(#969),#12501,.F.);
#13316=ADVANCED_FACE('',(#970),#12502,.F.);
#13317=ADVANCED_FACE('',(#971),#12503,.F.);
#13318=ADVANCED_FACE('',(#972),#12504,.F.);
#13319=ADVANCED_FACE('',(#973),#12505,.F.);
#13320=ADVANCED_FACE('',(#974),#12506,.F.);
#13321=ADVANCED_FACE('',(#975),#12507,.F.);
#13322=ADVANCED_FACE('',(#976),#12508,.F.);
#13323=ADVANCED_FACE('',(#977),#12509,.F.);
#13324=ADVANCED_FACE('',(#978),#12510,.F.);
#13325=ADVANCED_FACE('',(#979),#12511,.F.);
#13326=ADVANCED_FACE('',(#980),#12512,.F.);
#13327=ADVANCED_FACE('',(#981),#12513,.F.);
#13328=ADVANCED_FACE('',(#982),#12514,.F.);
#13329=ADVANCED_FACE('',(#983),#12515,.F.);
#13330=ADVANCED_FACE('',(#984),#12516,.F.);
#13331=ADVANCED_FACE('',(#985),#12517,.F.);
#13332=ADVANCED_FACE('',(#986),#12518,.F.);
#13333=ADVANCED_FACE('',(#987),#12519,.F.);
#13334=ADVANCED_FACE('',(#988),#12520,.F.);
#13335=ADVANCED_FACE('',(#989),#12521,.F.);
#13336=ADVANCED_FACE('',(#990),#12522,.F.);
#13337=ADVANCED_FACE('',(#991),#12523,.F.);
#13338=ADVANCED_FACE('',(#992),#12524,.F.);
#13339=ADVANCED_FACE('',(#993),#12525,.F.);
#13340=ADVANCED_FACE('',(#994),#12526,.F.);
#13341=ADVANCED_FACE('',(#995),#12527,.F.);
#13342=ADVANCED_FACE('',(#996),#12528,.F.);
#13343=ADVANCED_FACE('',(#997),#12529,.F.);
#13344=ADVANCED_FACE('',(#998),#12530,.F.);
#13345=ADVANCED_FACE('',(#999),#12531,.F.);
#13346=ADVANCED_FACE('',(#1000),#12532,.F.);
#13347=ADVANCED_FACE('',(#1001),#12533,.F.);
#13348=ADVANCED_FACE('',(#1002),#12534,.F.);
#13349=ADVANCED_FACE('',(#1003),#12535,.F.);
#13350=ADVANCED_FACE('',(#1004),#12536,.F.);
#13351=ADVANCED_FACE('',(#1005),#12537,.F.);
#13352=ADVANCED_FACE('',(#1006),#12538,.F.);
#13353=ADVANCED_FACE('',(#1007),#12539,.F.);
#13354=ADVANCED_FACE('',(#1008),#12540,.F.);
#13355=ADVANCED_FACE('',(#1009),#12541,.F.);
#13356=ADVANCED_FACE('',(#1010),#12542,.F.);
#13357=ADVANCED_FACE('',(#1011),#12543,.F.);
#13358=ADVANCED_FACE('',(#1012),#12544,.F.);
#13359=ADVANCED_FACE('',(#1013),#12545,.F.);
#13360=ADVANCED_FACE('',(#1014),#12546,.F.);
#13361=ADVANCED_FACE('',(#1015),#12547,.F.);
#13362=ADVANCED_FACE('',(#1016),#12548,.F.);
#13363=ADVANCED_FACE('',(#1017),#12549,.F.);
#13364=ADVANCED_FACE('',(#1018),#12550,.F.);
#13365=ADVANCED_FACE('',(#1019),#12551,.F.);
#13366=ADVANCED_FACE('',(#1020),#12552,.F.);
#13367=ADVANCED_FACE('',(#1021),#12553,.F.);
#13368=ADVANCED_FACE('',(#1022),#12554,.F.);
#13369=ADVANCED_FACE('',(#1023),#12555,.F.);
#13370=ADVANCED_FACE('',(#1024),#12556,.F.);
#13371=ADVANCED_FACE('',(#1025),#12557,.F.);
#13372=ADVANCED_FACE('',(#1026),#12558,.F.);
#13373=ADVANCED_FACE('',(#1027),#12559,.F.);
#13374=ADVANCED_FACE('',(#1028),#12560,.F.);
#13375=ADVANCED_FACE('',(#1029),#12561,.F.);
#13376=ADVANCED_FACE('',(#1030),#12562,.F.);
#13377=ADVANCED_FACE('',(#1031),#12563,.F.);
#13378=ADVANCED_FACE('',(#1032),#12564,.F.);
#13379=ADVANCED_FACE('',(#1033),#12565,.F.);
#13380=ADVANCED_FACE('',(#1034),#12566,.F.);
#13381=ADVANCED_FACE('',(#1035),#12567,.F.);
#13382=ADVANCED_FACE('',(#1036),#12568,.F.);
#13383=ADVANCED_FACE('',(#1037),#12569,.F.);
#13384=ADVANCED_FACE('',(#1038),#12570,.F.);
#13385=ADVANCED_FACE('',(#1039),#12571,.F.);
#13386=ADVANCED_FACE('',(#1040),#12572,.F.);
#13387=ADVANCED_FACE('',(#1041),#12573,.F.);
#13388=ADVANCED_FACE('',(#1042),#12574,.F.);
#13389=ADVANCED_FACE('',(#1043),#12575,.F.);
#13390=ADVANCED_FACE('',(#1044),#12576,.F.);
#13391=ADVANCED_FACE('',(#1045),#12577,.F.);
#13392=ADVANCED_FACE('',(#1046),#12578,.F.);
#13393=ADVANCED_FACE('',(#1047),#12579,.F.);
#13394=ADVANCED_FACE('',(#1048),#12580,.F.);
#13395=ADVANCED_FACE('',(#1049),#12581,.F.);
#13396=ADVANCED_FACE('',(#1050),#12582,.F.);
#13397=ADVANCED_FACE('',(#1051),#12583,.F.);
#13398=ADVANCED_FACE('',(#1052),#12584,.F.);
#13399=ADVANCED_FACE('',(#1053),#12585,.F.);
#13400=ADVANCED_FACE('',(#1054),#12586,.F.);
#13401=ADVANCED_FACE('',(#1055),#12587,.F.);
#13402=ADVANCED_FACE('',(#1056),#12588,.F.);
#13403=ADVANCED_FACE('',(#1057),#12589,.F.);
#13404=ADVANCED_FACE('',(#1058),#12590,.F.);
#13405=ADVANCED_FACE('',(#1059),#12591,.F.);
#13406=ADVANCED_FACE('',(#1060),#12592,.F.);
#13407=ADVANCED_FACE('',(#1061),#12593,.F.);
#13408=ADVANCED_FACE('',(#1062),#12594,.F.);
#13409=ADVANCED_FACE('',(#1063),#12595,.F.);
#13410=ADVANCED_FACE('',(#1064),#12596,.F.);
#13411=ADVANCED_FACE('',(#1065),#12597,.F.);
#13412=ADVANCED_FACE('',(#1066),#12598,.F.);
#13413=ADVANCED_FACE('',(#1067),#12599,.F.);
#13414=ADVANCED_FACE('',(#1068),#12600,.F.);
#13415=CLOSED_SHELL('',(#12601,#12602,#12603,#12604,#12605,#12606,#12607,
#12608,#12609,#12610,#12611,#12612,#12613,#12614,#12615,#12616,#12617,#12618,
#12619,#12620,#12621,#12622,#12623,#12624,#12625,#12626,#12627,#12628,#12629,
#12630,#12631,#12632,#12633,#12634,#12635,#12636,#12637,#12638,#12639,#12640,
#12641,#12642,#12643,#12644,#12645,#12646,#12647,#12648,#12649,#12650,#12651,
#12652,#12653,#12654,#12655,#12656,#12657,#12658,#12659,#12660,#12661,#12662,
#12663,#12664,#12665,#12666,#12667,#12668,#12669,#12670,#12671,#12672,#12673,
#12674,#12675,#12676,#12677,#12678,#12679,#12680,#12681,#12682,#12683,#12684,
#12685,#12686,#12687,#12688,#12689,#12690,#12691,#12692,#12693,#12694,#12695,
#12696,#12697,#12698,#12699,#12700,#12701,#12702,#12703,#12704,#12705,#12706,
#12707,#12708,#12709,#12710,#12711,#12712,#12713,#12714,#12715,#12716,#12717,
#12718,#12719,#12720,#12721,#12722,#12723,#12724,#12725,#12726,#12727,#12728,
#12729,#12730,#12731,#12732,#12733,#12734,#12735,#12736,#12737,#12738,#12739,
#12740,#12741,#12742,#12743,#12744,#12745,#12746,#12747,#12748,#12749,#12750,
#12751,#12752,#12753,#12754,#12755,#12756,#12757,#12758,#12759,#12760,#12761,
#12762,#12763,#12764,#12765,#12766,#12767,#12768,#12769,#12770,#12771,#12772,
#12773,#12774,#12775,#12776,#12777,#12778,#12779,#12780,#12781,#12782,#12783,
#12784,#12785,#12786,#12787,#12788,#12789,#12790,#12791,#12792,#12793,#12794,
#12795,#12796,#12797,#12798,#12799,#12800,#12801,#12802,#12803,#12804,#12805,
#12806,#12807,#12808,#12809,#12810,#12811,#12812,#12813,#12814,#12815,#12816,
#12817,#12818,#12819,#12820,#12821,#12822,#12823,#12824,#12825,#12826,#12827,
#12828,#12829,#12830,#12831,#12832,#12833,#12834,#12835,#12836,#12837,#12838,
#12839,#12840,#12841,#12842,#12843,#12844,#12845,#12846,#12847,#12848,#12849,
#12850,#12851,#12852,#12853,#12854,#12855,#12856,#12857,#12858,#12859,#12860,
#12861,#12862,#12863,#12864,#12865,#12866,#12867,#12868,#12869,#12870,#12871,
#12872,#12873,#12874,#12875,#12876,#12877,#12878,#12879,#12880,#12881,#12882,
#12883,#12884,#12885,#12886));
#13416=CLOSED_SHELL('',(#12887,#12888,#12889,#12890,#12891,#12892));
#13417=CLOSED_SHELL('',(#12893,#12894,#12895,#12896,#12897,#12898));
#13418=CLOSED_SHELL('',(#12899,#12900,#12901,#12902,#12903,#12904));
#13419=CLOSED_SHELL('',(#12905,#12906,#12907,#12908,#12909,#12910));
#13420=CLOSED_SHELL('',(#12911,#12912,#12913,#12914,#12915,#12916));
#13421=CLOSED_SHELL('',(#12917,#12918,#12919,#12920,#12921,#12922));
#13422=CLOSED_SHELL('',(#12923,#12924,#12925,#12926,#12927,#12928));
#13423=CLOSED_SHELL('',(#12929,#12930,#12931,#12932,#12933,#12934));
#13424=CLOSED_SHELL('',(#12935,#12936,#12937,#12938,#12939,#12940));
#13425=CLOSED_SHELL('',(#12941,#12942,#12943,#12944,#12945,#12946));
#13426=CLOSED_SHELL('',(#12947,#12948,#12949,#12950,#12951,#12952));
#13427=CLOSED_SHELL('',(#12953,#12954,#12955,#12956,#12957,#12958));
#13428=CLOSED_SHELL('',(#12959,#12960,#12961,#12962,#12963,#12964));
#13429=CLOSED_SHELL('',(#12965,#12966,#12967,#12968,#12969,#12970));
#13430=CLOSED_SHELL('',(#12971,#12972,#12973,#12974,#12975,#12976));
#13431=CLOSED_SHELL('',(#12977,#12978,#12979,#12980,#12981,#12982));
#13432=CLOSED_SHELL('',(#12983,#12984,#12985,#12986,#12987,#12988));
#13433=CLOSED_SHELL('',(#12989,#12990,#12991,#12992,#12993,#12994));
#13434=CLOSED_SHELL('',(#12995,#12996,#12997,#12998,#12999,#13000));
#13435=CLOSED_SHELL('',(#13001,#13002,#13003,#13004,#13005,#13006));
#13436=CLOSED_SHELL('',(#13007,#13008,#13009,#13010,#13011,#13012));
#13437=CLOSED_SHELL('',(#13013,#13014,#13015,#13016,#13017,#13018));
#13438=CLOSED_SHELL('',(#13019,#13020,#13021,#13022,#13023,#13024));
#13439=CLOSED_SHELL('',(#13025,#13026,#13027,#13028,#13029,#13030));
#13440=CLOSED_SHELL('',(#13031,#13032,#13033,#13034,#13035,#13036));
#13441=CLOSED_SHELL('',(#13037,#13038,#13039,#13040,#13041,#13042));
#13442=CLOSED_SHELL('',(#13043,#13044,#13045,#13046,#13047,#13048));
#13443=CLOSED_SHELL('',(#13049,#13050,#13051,#13052,#13053,#13054));
#13444=CLOSED_SHELL('',(#13055,#13056,#13057,#13058,#13059,#13060));
#13445=CLOSED_SHELL('',(#13061,#13062,#13063,#13064,#13065,#13066));
#13446=CLOSED_SHELL('',(#13067,#13068,#13069,#13070,#13071,#13072));
#13447=CLOSED_SHELL('',(#13073,#13074,#13075,#13076,#13077,#13078));
#13448=CLOSED_SHELL('',(#13079,#13080,#13081,#13082,#13083,#13084));
#13449=CLOSED_SHELL('',(#13085,#13086,#13087,#13088,#13089,#13090));
#13450=CLOSED_SHELL('',(#13091,#13092,#13093,#13094,#13095,#13096));
#13451=CLOSED_SHELL('',(#13097,#13098,#13099,#13100,#13101,#13102));
#13452=CLOSED_SHELL('',(#13103,#13104,#13105,#13106,#13107,#13108));
#13453=CLOSED_SHELL('',(#13109,#13110,#13111,#13112,#13113,#13114));
#13454=CLOSED_SHELL('',(#13115,#13116,#13117,#13118,#13119,#13120));
#13455=CLOSED_SHELL('',(#13121,#13122,#13123,#13124,#13125,#13126));
#13456=CLOSED_SHELL('',(#13127,#13128,#13129,#13130,#13131,#13132));
#13457=CLOSED_SHELL('',(#13133,#13134,#13135,#13136,#13137,#13138));
#13458=CLOSED_SHELL('',(#13139,#13140,#13141,#13142,#13143,#13144));
#13459=CLOSED_SHELL('',(#13145,#13146,#13147,#13148,#13149,#13150));
#13460=CLOSED_SHELL('',(#13151,#13152,#13153,#13154,#13155,#13156));
#13461=CLOSED_SHELL('',(#13157,#13158,#13159,#13160,#13161,#13162));
#13462=CLOSED_SHELL('',(#13163,#13164,#13165,#13166,#13167,#13168));
#13463=CLOSED_SHELL('',(#13169,#13170,#13171,#13172,#13173,#13174));
#13464=CLOSED_SHELL('',(#13175,#13176,#13177,#13178,#13179,#13180));
#13465=CLOSED_SHELL('',(#13181,#13182,#13183,#13184,#13185,#13186));
#13466=CLOSED_SHELL('',(#13187,#13188,#13189,#13190,#13191,#13192));
#13467=CLOSED_SHELL('',(#13193,#13194,#13195,#13196,#13197,#13198));
#13468=CLOSED_SHELL('',(#13199,#13200,#13201,#13202,#13203,#13204));
#13469=CLOSED_SHELL('',(#13205,#13206,#13207,#13208,#13209,#13210));
#13470=CLOSED_SHELL('',(#13211,#13212,#13213,#13214,#13215,#13216));
#13471=CLOSED_SHELL('',(#13217,#13218,#13219,#13220,#13221,#13222));
#13472=CLOSED_SHELL('',(#13223,#13224,#13225,#13226,#13227,#13228));
#13473=CLOSED_SHELL('',(#13229,#13230,#13231,#13232,#13233,#13234));
#13474=CLOSED_SHELL('',(#13235,#13236,#13237,#13238,#13239,#13240));
#13475=CLOSED_SHELL('',(#13241,#13242,#13243,#13244,#13245,#13246));
#13476=CLOSED_SHELL('',(#13247,#13248,#13249,#13250,#13251,#13252));
#13477=CLOSED_SHELL('',(#13253,#13254,#13255,#13256,#13257,#13258));
#13478=CLOSED_SHELL('',(#13259,#13260,#13261,#13262,#13263,#13264));
#13479=CLOSED_SHELL('',(#13265,#13266,#13267,#13268,#13269,#13270));
#13480=CLOSED_SHELL('',(#13271,#13272,#13273,#13274,#13275,#13276));
#13481=CLOSED_SHELL('',(#13277,#13278,#13279,#13280,#13281,#13282));
#13482=CLOSED_SHELL('',(#13283,#13284,#13285,#13286,#13287,#13288));
#13483=CLOSED_SHELL('',(#13289,#13290,#13291,#13292,#13293,#13294));
#13484=CLOSED_SHELL('',(#13295,#13296,#13297,#13298,#13299,#13300));
#13485=CLOSED_SHELL('',(#13301,#13302,#13303,#13304,#13305,#13306));
#13486=CLOSED_SHELL('',(#13307,#13308,#13309,#13310,#13311,#13312));
#13487=CLOSED_SHELL('',(#13313,#13314,#13315,#13316,#13317,#13318));
#13488=CLOSED_SHELL('',(#13319,#13320,#13321,#13322,#13323,#13324));
#13489=CLOSED_SHELL('',(#13325,#13326,#13327,#13328,#13329,#13330));
#13490=CLOSED_SHELL('',(#13331,#13332,#13333,#13334,#13335,#13336));
#13491=CLOSED_SHELL('',(#13337,#13338,#13339,#13340,#13341,#13342));
#13492=CLOSED_SHELL('',(#13343,#13344,#13345,#13346,#13347,#13348));
#13493=CLOSED_SHELL('',(#13349,#13350,#13351,#13352,#13353,#13354));
#13494=CLOSED_SHELL('',(#13355,#13356,#13357,#13358,#13359,#13360));
#13495=CLOSED_SHELL('',(#13361,#13362,#13363,#13364,#13365,#13366));
#13496=CLOSED_SHELL('',(#13367,#13368,#13369,#13370,#13371,#13372));
#13497=CLOSED_SHELL('',(#13373,#13374,#13375,#13376,#13377,#13378));
#13498=CLOSED_SHELL('',(#13379,#13380,#13381,#13382,#13383,#13384));
#13499=CLOSED_SHELL('',(#13385,#13386,#13387,#13388,#13389,#13390));
#13500=CLOSED_SHELL('',(#13391,#13392,#13393,#13394,#13395,#13396));
#13501=CLOSED_SHELL('',(#13397,#13398,#13399,#13400,#13401,#13402));
#13502=CLOSED_SHELL('',(#13403,#13404,#13405,#13406,#13407,#13408));
#13503=CLOSED_SHELL('',(#13409,#13410,#13411,#13412,#13413,#13414));
#13504=DERIVED_UNIT_ELEMENT(#13506,1.);
#13505=DERIVED_UNIT_ELEMENT(#21429,-3.);
#13506=(
MASS_UNIT()
NAMED_UNIT(*)
SI_UNIT(.KILO.,.GRAM.)
);
#13507=DERIVED_UNIT((#13504,#13505));
#13508=MEASURE_REPRESENTATION_ITEM('density measure',
POSITIVE_RATIO_MEASURE(7850.),#13507);
#13509=PROPERTY_DEFINITION_REPRESENTATION(#13514,#13511);
#13510=PROPERTY_DEFINITION_REPRESENTATION(#13515,#13512);
#13511=REPRESENTATION('material name',(#13513),#21426);
#13512=REPRESENTATION('density',(#13508),#21426);
#13513=DESCRIPTIVE_REPRESENTATION_ITEM('Steel','Steel');
#13514=PROPERTY_DEFINITION('material property','material name',#21436);
#13515=PROPERTY_DEFINITION('material property','density of part',#21436);
#13516=AXIS2_PLACEMENT_3D('',#17709,#14335,#14336);
#13517=AXIS2_PLACEMENT_3D('',#17710,#14337,#14338);
#13518=AXIS2_PLACEMENT_3D('',#17719,#14343,#14344);
#13519=AXIS2_PLACEMENT_3D('',#17725,#14348,#14349);
#13520=AXIS2_PLACEMENT_3D('',#17731,#14353,#14354);
#13521=AXIS2_PLACEMENT_3D('',#17734,#14357,#14358);
#13522=AXIS2_PLACEMENT_3D('',#17735,#14359,#14360);
#13523=AXIS2_PLACEMENT_3D('',#17744,#14365,#14366);
#13524=AXIS2_PLACEMENT_3D('',#17750,#14370,#14371);
#13525=AXIS2_PLACEMENT_3D('',#17756,#14375,#14376);
#13526=AXIS2_PLACEMENT_3D('',#17759,#14379,#14380);
#13527=AXIS2_PLACEMENT_3D('',#17760,#14381,#14382);
#13528=AXIS2_PLACEMENT_3D('',#17769,#14387,#14388);
#13529=AXIS2_PLACEMENT_3D('',#17775,#14392,#14393);
#13530=AXIS2_PLACEMENT_3D('',#17781,#14397,#14398);
#13531=AXIS2_PLACEMENT_3D('',#17784,#14401,#14402);
#13532=AXIS2_PLACEMENT_3D('',#17785,#14403,#14404);
#13533=AXIS2_PLACEMENT_3D('',#17794,#14409,#14410);
#13534=AXIS2_PLACEMENT_3D('',#17800,#14414,#14415);
#13535=AXIS2_PLACEMENT_3D('',#17806,#14419,#14420);
#13536=AXIS2_PLACEMENT_3D('',#17809,#14423,#14424);
#13537=AXIS2_PLACEMENT_3D('',#17810,#14425,#14426);
#13538=AXIS2_PLACEMENT_3D('',#17819,#14431,#14432);
#13539=AXIS2_PLACEMENT_3D('',#17825,#14436,#14437);
#13540=AXIS2_PLACEMENT_3D('',#17831,#14441,#14442);
#13541=AXIS2_PLACEMENT_3D('',#17834,#14445,#14446);
#13542=AXIS2_PLACEMENT_3D('',#17835,#14447,#14448);
#13543=AXIS2_PLACEMENT_3D('',#17844,#14453,#14454);
#13544=AXIS2_PLACEMENT_3D('',#17850,#14458,#14459);
#13545=AXIS2_PLACEMENT_3D('',#17856,#14463,#14464);
#13546=AXIS2_PLACEMENT_3D('',#17859,#14467,#14468);
#13547=AXIS2_PLACEMENT_3D('',#17860,#14469,#14470);
#13548=AXIS2_PLACEMENT_3D('',#17869,#14475,#14476);
#13549=AXIS2_PLACEMENT_3D('',#17875,#14480,#14481);
#13550=AXIS2_PLACEMENT_3D('',#17881,#14485,#14486);
#13551=AXIS2_PLACEMENT_3D('',#17884,#14489,#14490);
#13552=AXIS2_PLACEMENT_3D('',#17885,#14491,#14492);
#13553=AXIS2_PLACEMENT_3D('',#17894,#14497,#14498);
#13554=AXIS2_PLACEMENT_3D('',#17900,#14502,#14503);
#13555=AXIS2_PLACEMENT_3D('',#17906,#14507,#14508);
#13556=AXIS2_PLACEMENT_3D('',#17909,#14511,#14512);
#13557=AXIS2_PLACEMENT_3D('',#17910,#14513,#14514);
#13558=AXIS2_PLACEMENT_3D('',#17919,#14519,#14520);
#13559=AXIS2_PLACEMENT_3D('',#17925,#14524,#14525);
#13560=AXIS2_PLACEMENT_3D('',#17931,#14529,#14530);
#13561=AXIS2_PLACEMENT_3D('',#17934,#14533,#14534);
#13562=AXIS2_PLACEMENT_3D('',#17935,#14535,#14536);
#13563=AXIS2_PLACEMENT_3D('',#17944,#14541,#14542);
#13564=AXIS2_PLACEMENT_3D('',#17950,#14546,#14547);
#13565=AXIS2_PLACEMENT_3D('',#17956,#14551,#14552);
#13566=AXIS2_PLACEMENT_3D('',#17959,#14555,#14556);
#13567=AXIS2_PLACEMENT_3D('',#17960,#14557,#14558);
#13568=AXIS2_PLACEMENT_3D('',#17969,#14563,#14564);
#13569=AXIS2_PLACEMENT_3D('',#17975,#14568,#14569);
#13570=AXIS2_PLACEMENT_3D('',#17981,#14573,#14574);
#13571=AXIS2_PLACEMENT_3D('',#17984,#14577,#14578);
#13572=AXIS2_PLACEMENT_3D('',#17985,#14579,#14580);
#13573=AXIS2_PLACEMENT_3D('',#17994,#14585,#14586);
#13574=AXIS2_PLACEMENT_3D('',#18000,#14590,#14591);
#13575=AXIS2_PLACEMENT_3D('',#18006,#14595,#14596);
#13576=AXIS2_PLACEMENT_3D('',#18009,#14599,#14600);
#13577=AXIS2_PLACEMENT_3D('',#18010,#14601,#14602);
#13578=AXIS2_PLACEMENT_3D('',#18019,#14607,#14608);
#13579=AXIS2_PLACEMENT_3D('',#18025,#14612,#14613);
#13580=AXIS2_PLACEMENT_3D('',#18031,#14617,#14618);
#13581=AXIS2_PLACEMENT_3D('',#18034,#14621,#14622);
#13582=AXIS2_PLACEMENT_3D('',#18035,#14623,#14624);
#13583=AXIS2_PLACEMENT_3D('',#18044,#14629,#14630);
#13584=AXIS2_PLACEMENT_3D('',#18050,#14634,#14635);
#13585=AXIS2_PLACEMENT_3D('',#18056,#14639,#14640);
#13586=AXIS2_PLACEMENT_3D('',#18059,#14643,#14644);
#13587=AXIS2_PLACEMENT_3D('',#18060,#14645,#14646);
#13588=AXIS2_PLACEMENT_3D('',#18069,#14651,#14652);
#13589=AXIS2_PLACEMENT_3D('',#18075,#14656,#14657);
#13590=AXIS2_PLACEMENT_3D('',#18081,#14661,#14662);
#13591=AXIS2_PLACEMENT_3D('',#18084,#14665,#14666);
#13592=AXIS2_PLACEMENT_3D('',#18085,#14667,#14668);
#13593=AXIS2_PLACEMENT_3D('',#18094,#14673,#14674);
#13594=AXIS2_PLACEMENT_3D('',#18100,#14678,#14679);
#13595=AXIS2_PLACEMENT_3D('',#18106,#14683,#14684);
#13596=AXIS2_PLACEMENT_3D('',#18109,#14687,#14688);
#13597=AXIS2_PLACEMENT_3D('',#18110,#14689,#14690);
#13598=AXIS2_PLACEMENT_3D('',#18119,#14695,#14696);
#13599=AXIS2_PLACEMENT_3D('',#18125,#14700,#14701);
#13600=AXIS2_PLACEMENT_3D('',#18131,#14705,#14706);
#13601=AXIS2_PLACEMENT_3D('',#18134,#14709,#14710);
#13602=AXIS2_PLACEMENT_3D('',#18135,#14711,#14712);
#13603=AXIS2_PLACEMENT_3D('',#18144,#14717,#14718);
#13604=AXIS2_PLACEMENT_3D('',#18150,#14722,#14723);
#13605=AXIS2_PLACEMENT_3D('',#18156,#14727,#14728);
#13606=AXIS2_PLACEMENT_3D('',#18159,#14731,#14732);
#13607=AXIS2_PLACEMENT_3D('',#18160,#14733,#14734);
#13608=AXIS2_PLACEMENT_3D('',#18169,#14739,#14740);
#13609=AXIS2_PLACEMENT_3D('',#18175,#14744,#14745);
#13610=AXIS2_PLACEMENT_3D('',#18181,#14749,#14750);
#13611=AXIS2_PLACEMENT_3D('',#18184,#14753,#14754);
#13612=AXIS2_PLACEMENT_3D('',#18185,#14755,#14756);
#13613=AXIS2_PLACEMENT_3D('',#18194,#14761,#14762);
#13614=AXIS2_PLACEMENT_3D('',#18200,#14766,#14767);
#13615=AXIS2_PLACEMENT_3D('',#18206,#14771,#14772);
#13616=AXIS2_PLACEMENT_3D('',#18209,#14775,#14776);
#13617=AXIS2_PLACEMENT_3D('',#18210,#14777,#14778);
#13618=AXIS2_PLACEMENT_3D('',#18219,#14783,#14784);
#13619=AXIS2_PLACEMENT_3D('',#18225,#14788,#14789);
#13620=AXIS2_PLACEMENT_3D('',#18231,#14793,#14794);
#13621=AXIS2_PLACEMENT_3D('',#18234,#14797,#14798);
#13622=AXIS2_PLACEMENT_3D('',#18235,#14799,#14800);
#13623=AXIS2_PLACEMENT_3D('',#18244,#14805,#14806);
#13624=AXIS2_PLACEMENT_3D('',#18250,#14810,#14811);
#13625=AXIS2_PLACEMENT_3D('',#18256,#14815,#14816);
#13626=AXIS2_PLACEMENT_3D('',#18259,#14819,#14820);
#13627=AXIS2_PLACEMENT_3D('',#18260,#14821,#14822);
#13628=AXIS2_PLACEMENT_3D('',#18269,#14827,#14828);
#13629=AXIS2_PLACEMENT_3D('',#18275,#14832,#14833);
#13630=AXIS2_PLACEMENT_3D('',#18281,#14837,#14838);
#13631=AXIS2_PLACEMENT_3D('',#18284,#14841,#14842);
#13632=AXIS2_PLACEMENT_3D('',#18285,#14843,#14844);
#13633=AXIS2_PLACEMENT_3D('',#18294,#14849,#14850);
#13634=AXIS2_PLACEMENT_3D('',#18300,#14854,#14855);
#13635=AXIS2_PLACEMENT_3D('',#18306,#14859,#14860);
#13636=AXIS2_PLACEMENT_3D('',#18309,#14863,#14864);
#13637=AXIS2_PLACEMENT_3D('',#18310,#14865,#14866);
#13638=AXIS2_PLACEMENT_3D('',#18319,#14871,#14872);
#13639=AXIS2_PLACEMENT_3D('',#18325,#14876,#14877);
#13640=AXIS2_PLACEMENT_3D('',#18331,#14881,#14882);
#13641=AXIS2_PLACEMENT_3D('',#18334,#14885,#14886);
#13642=AXIS2_PLACEMENT_3D('',#18335,#14887,#14888);
#13643=AXIS2_PLACEMENT_3D('',#18344,#14893,#14894);
#13644=AXIS2_PLACEMENT_3D('',#18350,#14898,#14899);
#13645=AXIS2_PLACEMENT_3D('',#18356,#14903,#14904);
#13646=AXIS2_PLACEMENT_3D('',#18359,#14907,#14908);
#13647=AXIS2_PLACEMENT_3D('',#18360,#14909,#14910);
#13648=AXIS2_PLACEMENT_3D('',#18369,#14915,#14916);
#13649=AXIS2_PLACEMENT_3D('',#18375,#14920,#14921);
#13650=AXIS2_PLACEMENT_3D('',#18381,#14925,#14926);
#13651=AXIS2_PLACEMENT_3D('',#18384,#14929,#14930);
#13652=AXIS2_PLACEMENT_3D('',#18385,#14931,#14932);
#13653=AXIS2_PLACEMENT_3D('',#18394,#14937,#14938);
#13654=AXIS2_PLACEMENT_3D('',#18400,#14942,#14943);
#13655=AXIS2_PLACEMENT_3D('',#18406,#14947,#14948);
#13656=AXIS2_PLACEMENT_3D('',#18409,#14951,#14952);
#13657=AXIS2_PLACEMENT_3D('',#18410,#14953,#14954);
#13658=AXIS2_PLACEMENT_3D('',#18419,#14959,#14960);
#13659=AXIS2_PLACEMENT_3D('',#18425,#14964,#14965);
#13660=AXIS2_PLACEMENT_3D('',#18431,#14969,#14970);
#13661=AXIS2_PLACEMENT_3D('',#18434,#14973,#14974);
#13662=AXIS2_PLACEMENT_3D('',#18435,#14975,#14976);
#13663=AXIS2_PLACEMENT_3D('',#18444,#14981,#14982);
#13664=AXIS2_PLACEMENT_3D('',#18450,#14986,#14987);
#13665=AXIS2_PLACEMENT_3D('',#18456,#14991,#14992);
#13666=AXIS2_PLACEMENT_3D('',#18459,#14995,#14996);
#13667=AXIS2_PLACEMENT_3D('',#18460,#14997,#14998);
#13668=AXIS2_PLACEMENT_3D('',#18469,#15003,#15004);
#13669=AXIS2_PLACEMENT_3D('',#18475,#15008,#15009);
#13670=AXIS2_PLACEMENT_3D('',#18481,#15013,#15014);
#13671=AXIS2_PLACEMENT_3D('',#18484,#15017,#15018);
#13672=AXIS2_PLACEMENT_3D('',#18485,#15019,#15020);
#13673=AXIS2_PLACEMENT_3D('',#18494,#15025,#15026);
#13674=AXIS2_PLACEMENT_3D('',#18500,#15030,#15031);
#13675=AXIS2_PLACEMENT_3D('',#18506,#15035,#15036);
#13676=AXIS2_PLACEMENT_3D('',#18509,#15039,#15040);
#13677=AXIS2_PLACEMENT_3D('',#18510,#15041,#15042);
#13678=AXIS2_PLACEMENT_3D('',#18519,#15047,#15048);
#13679=AXIS2_PLACEMENT_3D('',#18525,#15052,#15053);
#13680=AXIS2_PLACEMENT_3D('',#18531,#15057,#15058);
#13681=AXIS2_PLACEMENT_3D('',#18534,#15061,#15062);
#13682=AXIS2_PLACEMENT_3D('',#18535,#15063,#15064);
#13683=AXIS2_PLACEMENT_3D('',#18544,#15069,#15070);
#13684=AXIS2_PLACEMENT_3D('',#18550,#15074,#15075);
#13685=AXIS2_PLACEMENT_3D('',#18556,#15079,#15080);
#13686=AXIS2_PLACEMENT_3D('',#18559,#15083,#15084);
#13687=AXIS2_PLACEMENT_3D('',#18560,#15085,#15086);
#13688=AXIS2_PLACEMENT_3D('',#18569,#15091,#15092);
#13689=AXIS2_PLACEMENT_3D('',#18575,#15096,#15097);
#13690=AXIS2_PLACEMENT_3D('',#18581,#15101,#15102);
#13691=AXIS2_PLACEMENT_3D('',#18584,#15105,#15106);
#13692=AXIS2_PLACEMENT_3D('',#18585,#15107,#15108);
#13693=AXIS2_PLACEMENT_3D('',#18594,#15113,#15114);
#13694=AXIS2_PLACEMENT_3D('',#18600,#15118,#15119);
#13695=AXIS2_PLACEMENT_3D('',#18606,#15123,#15124);
#13696=AXIS2_PLACEMENT_3D('',#18609,#15127,#15128);
#13697=AXIS2_PLACEMENT_3D('',#18610,#15129,#15130);
#13698=AXIS2_PLACEMENT_3D('',#18619,#15135,#15136);
#13699=AXIS2_PLACEMENT_3D('',#18625,#15140,#15141);
#13700=AXIS2_PLACEMENT_3D('',#18631,#15145,#15146);
#13701=AXIS2_PLACEMENT_3D('',#18634,#15149,#15150);
#13702=AXIS2_PLACEMENT_3D('',#18635,#15151,#15152);
#13703=AXIS2_PLACEMENT_3D('',#18644,#15157,#15158);
#13704=AXIS2_PLACEMENT_3D('',#18650,#15162,#15163);
#13705=AXIS2_PLACEMENT_3D('',#18656,#15167,#15168);
#13706=AXIS2_PLACEMENT_3D('',#18659,#15171,#15172);
#13707=AXIS2_PLACEMENT_3D('',#18660,#15173,#15174);
#13708=AXIS2_PLACEMENT_3D('',#18669,#15179,#15180);
#13709=AXIS2_PLACEMENT_3D('',#18675,#15184,#15185);
#13710=AXIS2_PLACEMENT_3D('',#18681,#15189,#15190);
#13711=AXIS2_PLACEMENT_3D('',#18684,#15193,#15194);
#13712=AXIS2_PLACEMENT_3D('',#18685,#15195,#15196);
#13713=AXIS2_PLACEMENT_3D('',#18694,#15201,#15202);
#13714=AXIS2_PLACEMENT_3D('',#18700,#15206,#15207);
#13715=AXIS2_PLACEMENT_3D('',#18706,#15211,#15212);
#13716=AXIS2_PLACEMENT_3D('',#18709,#15215,#15216);
#13717=AXIS2_PLACEMENT_3D('',#18710,#15217,#15218);
#13718=AXIS2_PLACEMENT_3D('',#18719,#15223,#15224);
#13719=AXIS2_PLACEMENT_3D('',#18725,#15228,#15229);
#13720=AXIS2_PLACEMENT_3D('',#18731,#15233,#15234);
#13721=AXIS2_PLACEMENT_3D('',#18734,#15237,#15238);
#13722=AXIS2_PLACEMENT_3D('',#18735,#15239,#15240);
#13723=AXIS2_PLACEMENT_3D('',#18744,#15245,#15246);
#13724=AXIS2_PLACEMENT_3D('',#18750,#15250,#15251);
#13725=AXIS2_PLACEMENT_3D('',#18756,#15255,#15256);
#13726=AXIS2_PLACEMENT_3D('',#18759,#15259,#15260);
#13727=AXIS2_PLACEMENT_3D('',#18760,#15261,#15262);
#13728=AXIS2_PLACEMENT_3D('',#18769,#15267,#15268);
#13729=AXIS2_PLACEMENT_3D('',#18775,#15272,#15273);
#13730=AXIS2_PLACEMENT_3D('',#18781,#15277,#15278);
#13731=AXIS2_PLACEMENT_3D('',#18784,#15281,#15282);
#13732=AXIS2_PLACEMENT_3D('',#18785,#15283,#15284);
#13733=AXIS2_PLACEMENT_3D('',#18794,#15289,#15290);
#13734=AXIS2_PLACEMENT_3D('',#18800,#15294,#15295);
#13735=AXIS2_PLACEMENT_3D('',#18806,#15299,#15300);
#13736=AXIS2_PLACEMENT_3D('',#18809,#15303,#15304);
#13737=AXIS2_PLACEMENT_3D('',#18810,#15305,#15306);
#13738=AXIS2_PLACEMENT_3D('',#18819,#15311,#15312);
#13739=AXIS2_PLACEMENT_3D('',#18825,#15316,#15317);
#13740=AXIS2_PLACEMENT_3D('',#18831,#15321,#15322);
#13741=AXIS2_PLACEMENT_3D('',#18834,#15325,#15326);
#13742=AXIS2_PLACEMENT_3D('',#18835,#15327,#15328);
#13743=AXIS2_PLACEMENT_3D('',#18844,#15333,#15334);
#13744=AXIS2_PLACEMENT_3D('',#18850,#15338,#15339);
#13745=AXIS2_PLACEMENT_3D('',#18856,#15343,#15344);
#13746=AXIS2_PLACEMENT_3D('',#18859,#15347,#15348);
#13747=AXIS2_PLACEMENT_3D('',#18860,#15349,#15350);
#13748=AXIS2_PLACEMENT_3D('',#18869,#15355,#15356);
#13749=AXIS2_PLACEMENT_3D('',#18875,#15360,#15361);
#13750=AXIS2_PLACEMENT_3D('',#18881,#15365,#15366);
#13751=AXIS2_PLACEMENT_3D('',#18884,#15369,#15370);
#13752=AXIS2_PLACEMENT_3D('',#18885,#15371,#15372);
#13753=AXIS2_PLACEMENT_3D('',#18894,#15377,#15378);
#13754=AXIS2_PLACEMENT_3D('',#18900,#15382,#15383);
#13755=AXIS2_PLACEMENT_3D('',#18906,#15387,#15388);
#13756=AXIS2_PLACEMENT_3D('',#18909,#15391,#15392);
#13757=AXIS2_PLACEMENT_3D('',#18910,#15393,#15394);
#13758=AXIS2_PLACEMENT_3D('',#18919,#15399,#15400);
#13759=AXIS2_PLACEMENT_3D('',#18925,#15404,#15405);
#13760=AXIS2_PLACEMENT_3D('',#18931,#15409,#15410);
#13761=AXIS2_PLACEMENT_3D('',#18934,#15413,#15414);
#13762=AXIS2_PLACEMENT_3D('',#18935,#15415,#15416);
#13763=AXIS2_PLACEMENT_3D('',#18944,#15421,#15422);
#13764=AXIS2_PLACEMENT_3D('',#18950,#15426,#15427);
#13765=AXIS2_PLACEMENT_3D('',#18956,#15431,#15432);
#13766=AXIS2_PLACEMENT_3D('',#18959,#15435,#15436);
#13767=AXIS2_PLACEMENT_3D('',#18960,#15437,#15438);
#13768=AXIS2_PLACEMENT_3D('',#18969,#15443,#15444);
#13769=AXIS2_PLACEMENT_3D('',#18975,#15448,#15449);
#13770=AXIS2_PLACEMENT_3D('',#18981,#15453,#15454);
#13771=AXIS2_PLACEMENT_3D('',#18984,#15457,#15458);
#13772=AXIS2_PLACEMENT_3D('',#18985,#15459,#15460);
#13773=AXIS2_PLACEMENT_3D('',#18994,#15465,#15466);
#13774=AXIS2_PLACEMENT_3D('',#19000,#15470,#15471);
#13775=AXIS2_PLACEMENT_3D('',#19006,#15475,#15476);
#13776=AXIS2_PLACEMENT_3D('',#19009,#15479,#15480);
#13777=AXIS2_PLACEMENT_3D('',#19010,#15481,#15482);
#13778=AXIS2_PLACEMENT_3D('',#19019,#15487,#15488);
#13779=AXIS2_PLACEMENT_3D('',#19025,#15492,#15493);
#13780=AXIS2_PLACEMENT_3D('',#19031,#15497,#15498);
#13781=AXIS2_PLACEMENT_3D('',#19034,#15501,#15502);
#13782=AXIS2_PLACEMENT_3D('',#19035,#15503,#15504);
#13783=AXIS2_PLACEMENT_3D('',#19044,#15509,#15510);
#13784=AXIS2_PLACEMENT_3D('',#19050,#15514,#15515);
#13785=AXIS2_PLACEMENT_3D('',#19056,#15519,#15520);
#13786=AXIS2_PLACEMENT_3D('',#19059,#15523,#15524);
#13787=AXIS2_PLACEMENT_3D('',#19060,#15525,#15526);
#13788=AXIS2_PLACEMENT_3D('',#19069,#15531,#15532);
#13789=AXIS2_PLACEMENT_3D('',#19075,#15536,#15537);
#13790=AXIS2_PLACEMENT_3D('',#19081,#15541,#15542);
#13791=AXIS2_PLACEMENT_3D('',#19084,#15545,#15546);
#13792=AXIS2_PLACEMENT_3D('',#19085,#15547,#15548);
#13793=AXIS2_PLACEMENT_3D('',#19094,#15553,#15554);
#13794=AXIS2_PLACEMENT_3D('',#19100,#15558,#15559);
#13795=AXIS2_PLACEMENT_3D('',#19106,#15563,#15564);
#13796=AXIS2_PLACEMENT_3D('',#19109,#15567,#15568);
#13797=AXIS2_PLACEMENT_3D('',#19110,#15569,#15570);
#13798=AXIS2_PLACEMENT_3D('',#19115,#15572,#15573);
#13799=AXIS2_PLACEMENT_3D('',#19118,#15575,#15576);
#13800=AXIS2_PLACEMENT_3D('',#19119,#15577,#15578);
#13801=AXIS2_PLACEMENT_3D('',#19123,#15580,#15581);
#13802=AXIS2_PLACEMENT_3D('',#19125,#15583,#15584);
#13803=AXIS2_PLACEMENT_3D('',#19129,#15586,#15587);
#13804=AXIS2_PLACEMENT_3D('',#19131,#15589,#15590);
#13805=AXIS2_PLACEMENT_3D('',#19134,#15593,#15594);
#13806=AXIS2_PLACEMENT_3D('',#19135,#15595,#15596);
#13807=AXIS2_PLACEMENT_3D('',#19136,#15597,#15598);
#13808=AXIS2_PLACEMENT_3D('',#19145,#15603,#15604);
#13809=AXIS2_PLACEMENT_3D('',#19151,#15608,#15609);
#13810=AXIS2_PLACEMENT_3D('',#19157,#15613,#15614);
#13811=AXIS2_PLACEMENT_3D('',#19160,#15617,#15618);
#13812=AXIS2_PLACEMENT_3D('',#19161,#15619,#15620);
#13813=AXIS2_PLACEMENT_3D('',#19162,#15621,#15622);
#13814=AXIS2_PLACEMENT_3D('',#19171,#15627,#15628);
#13815=AXIS2_PLACEMENT_3D('',#19177,#15632,#15633);
#13816=AXIS2_PLACEMENT_3D('',#19183,#15637,#15638);
#13817=AXIS2_PLACEMENT_3D('',#19186,#15641,#15642);
#13818=AXIS2_PLACEMENT_3D('',#19187,#15643,#15644);
#13819=AXIS2_PLACEMENT_3D('',#19188,#15645,#15646);
#13820=AXIS2_PLACEMENT_3D('',#19197,#15651,#15652);
#13821=AXIS2_PLACEMENT_3D('',#19203,#15656,#15657);
#13822=AXIS2_PLACEMENT_3D('',#19209,#15661,#15662);
#13823=AXIS2_PLACEMENT_3D('',#19212,#15665,#15666);
#13824=AXIS2_PLACEMENT_3D('',#19213,#15667,#15668);
#13825=AXIS2_PLACEMENT_3D('',#19214,#15669,#15670);
#13826=AXIS2_PLACEMENT_3D('',#19223,#15675,#15676);
#13827=AXIS2_PLACEMENT_3D('',#19229,#15680,#15681);
#13828=AXIS2_PLACEMENT_3D('',#19235,#15685,#15686);
#13829=AXIS2_PLACEMENT_3D('',#19238,#15689,#15690);
#13830=AXIS2_PLACEMENT_3D('',#19239,#15691,#15692);
#13831=AXIS2_PLACEMENT_3D('',#19240,#15693,#15694);
#13832=AXIS2_PLACEMENT_3D('',#19249,#15699,#15700);
#13833=AXIS2_PLACEMENT_3D('',#19255,#15704,#15705);
#13834=AXIS2_PLACEMENT_3D('',#19261,#15709,#15710);
#13835=AXIS2_PLACEMENT_3D('',#19264,#15713,#15714);
#13836=AXIS2_PLACEMENT_3D('',#19265,#15715,#15716);
#13837=AXIS2_PLACEMENT_3D('',#19266,#15717,#15718);
#13838=AXIS2_PLACEMENT_3D('',#19275,#15723,#15724);
#13839=AXIS2_PLACEMENT_3D('',#19281,#15728,#15729);
#13840=AXIS2_PLACEMENT_3D('',#19287,#15733,#15734);
#13841=AXIS2_PLACEMENT_3D('',#19290,#15737,#15738);
#13842=AXIS2_PLACEMENT_3D('',#19291,#15739,#15740);
#13843=AXIS2_PLACEMENT_3D('',#19292,#15741,#15742);
#13844=AXIS2_PLACEMENT_3D('',#19301,#15747,#15748);
#13845=AXIS2_PLACEMENT_3D('',#19307,#15752,#15753);
#13846=AXIS2_PLACEMENT_3D('',#19313,#15757,#15758);
#13847=AXIS2_PLACEMENT_3D('',#19316,#15761,#15762);
#13848=AXIS2_PLACEMENT_3D('',#19317,#15763,#15764);
#13849=AXIS2_PLACEMENT_3D('',#19318,#15765,#15766);
#13850=AXIS2_PLACEMENT_3D('',#19327,#15771,#15772);
#13851=AXIS2_PLACEMENT_3D('',#19333,#15776,#15777);
#13852=AXIS2_PLACEMENT_3D('',#19339,#15781,#15782);
#13853=AXIS2_PLACEMENT_3D('',#19342,#15785,#15786);
#13854=AXIS2_PLACEMENT_3D('',#19343,#15787,#15788);
#13855=AXIS2_PLACEMENT_3D('',#19344,#15789,#15790);
#13856=AXIS2_PLACEMENT_3D('',#19353,#15795,#15796);
#13857=AXIS2_PLACEMENT_3D('',#19359,#15800,#15801);
#13858=AXIS2_PLACEMENT_3D('',#19365,#15805,#15806);
#13859=AXIS2_PLACEMENT_3D('',#19368,#15809,#15810);
#13860=AXIS2_PLACEMENT_3D('',#19369,#15811,#15812);
#13861=AXIS2_PLACEMENT_3D('',#19370,#15813,#15814);
#13862=AXIS2_PLACEMENT_3D('',#19379,#15819,#15820);
#13863=AXIS2_PLACEMENT_3D('',#19385,#15824,#15825);
#13864=AXIS2_PLACEMENT_3D('',#19391,#15829,#15830);
#13865=AXIS2_PLACEMENT_3D('',#19394,#15833,#15834);
#13866=AXIS2_PLACEMENT_3D('',#19395,#15835,#15836);
#13867=AXIS2_PLACEMENT_3D('',#19396,#15837,#15838);
#13868=AXIS2_PLACEMENT_3D('',#19405,#15843,#15844);
#13869=AXIS2_PLACEMENT_3D('',#19411,#15848,#15849);
#13870=AXIS2_PLACEMENT_3D('',#19417,#15853,#15854);
#13871=AXIS2_PLACEMENT_3D('',#19420,#15857,#15858);
#13872=AXIS2_PLACEMENT_3D('',#19421,#15859,#15860);
#13873=AXIS2_PLACEMENT_3D('',#19422,#15861,#15862);
#13874=AXIS2_PLACEMENT_3D('',#19431,#15867,#15868);
#13875=AXIS2_PLACEMENT_3D('',#19437,#15872,#15873);
#13876=AXIS2_PLACEMENT_3D('',#19443,#15877,#15878);
#13877=AXIS2_PLACEMENT_3D('',#19446,#15881,#15882);
#13878=AXIS2_PLACEMENT_3D('',#19447,#15883,#15884);
#13879=AXIS2_PLACEMENT_3D('',#19448,#15885,#15886);
#13880=AXIS2_PLACEMENT_3D('',#19457,#15891,#15892);
#13881=AXIS2_PLACEMENT_3D('',#19463,#15896,#15897);
#13882=AXIS2_PLACEMENT_3D('',#19469,#15901,#15902);
#13883=AXIS2_PLACEMENT_3D('',#19472,#15905,#15906);
#13884=AXIS2_PLACEMENT_3D('',#19473,#15907,#15908);
#13885=AXIS2_PLACEMENT_3D('',#19474,#15909,#15910);
#13886=AXIS2_PLACEMENT_3D('',#19483,#15915,#15916);
#13887=AXIS2_PLACEMENT_3D('',#19489,#15920,#15921);
#13888=AXIS2_PLACEMENT_3D('',#19495,#15925,#15926);
#13889=AXIS2_PLACEMENT_3D('',#19498,#15929,#15930);
#13890=AXIS2_PLACEMENT_3D('',#19499,#15931,#15932);
#13891=AXIS2_PLACEMENT_3D('',#19500,#15933,#15934);
#13892=AXIS2_PLACEMENT_3D('',#19509,#15939,#15940);
#13893=AXIS2_PLACEMENT_3D('',#19515,#15944,#15945);
#13894=AXIS2_PLACEMENT_3D('',#19521,#15949,#15950);
#13895=AXIS2_PLACEMENT_3D('',#19524,#15953,#15954);
#13896=AXIS2_PLACEMENT_3D('',#19525,#15955,#15956);
#13897=AXIS2_PLACEMENT_3D('',#19526,#15957,#15958);
#13898=AXIS2_PLACEMENT_3D('',#19535,#15963,#15964);
#13899=AXIS2_PLACEMENT_3D('',#19541,#15968,#15969);
#13900=AXIS2_PLACEMENT_3D('',#19547,#15973,#15974);
#13901=AXIS2_PLACEMENT_3D('',#19550,#15977,#15978);
#13902=AXIS2_PLACEMENT_3D('',#19551,#15979,#15980);
#13903=AXIS2_PLACEMENT_3D('',#19552,#15981,#15982);
#13904=AXIS2_PLACEMENT_3D('',#19561,#15987,#15988);
#13905=AXIS2_PLACEMENT_3D('',#19567,#15992,#15993);
#13906=AXIS2_PLACEMENT_3D('',#19573,#15997,#15998);
#13907=AXIS2_PLACEMENT_3D('',#19576,#16001,#16002);
#13908=AXIS2_PLACEMENT_3D('',#19577,#16003,#16004);
#13909=AXIS2_PLACEMENT_3D('',#19578,#16005,#16006);
#13910=AXIS2_PLACEMENT_3D('',#19587,#16011,#16012);
#13911=AXIS2_PLACEMENT_3D('',#19593,#16016,#16017);
#13912=AXIS2_PLACEMENT_3D('',#19599,#16021,#16022);
#13913=AXIS2_PLACEMENT_3D('',#19602,#16025,#16026);
#13914=AXIS2_PLACEMENT_3D('',#19603,#16027,#16028);
#13915=AXIS2_PLACEMENT_3D('',#19604,#16029,#16030);
#13916=AXIS2_PLACEMENT_3D('',#19613,#16035,#16036);
#13917=AXIS2_PLACEMENT_3D('',#19619,#16040,#16041);
#13918=AXIS2_PLACEMENT_3D('',#19625,#16045,#16046);
#13919=AXIS2_PLACEMENT_3D('',#19628,#16049,#16050);
#13920=AXIS2_PLACEMENT_3D('',#19629,#16051,#16052);
#13921=AXIS2_PLACEMENT_3D('',#19630,#16053,#16054);
#13922=AXIS2_PLACEMENT_3D('',#19639,#16059,#16060);
#13923=AXIS2_PLACEMENT_3D('',#19645,#16064,#16065);
#13924=AXIS2_PLACEMENT_3D('',#19651,#16069,#16070);
#13925=AXIS2_PLACEMENT_3D('',#19654,#16073,#16074);
#13926=AXIS2_PLACEMENT_3D('',#19655,#16075,#16076);
#13927=AXIS2_PLACEMENT_3D('',#19656,#16077,#16078);
#13928=AXIS2_PLACEMENT_3D('',#19665,#16083,#16084);
#13929=AXIS2_PLACEMENT_3D('',#19671,#16088,#16089);
#13930=AXIS2_PLACEMENT_3D('',#19677,#16093,#16094);
#13931=AXIS2_PLACEMENT_3D('',#19680,#16097,#16098);
#13932=AXIS2_PLACEMENT_3D('',#19681,#16099,#16100);
#13933=AXIS2_PLACEMENT_3D('',#19682,#16101,#16102);
#13934=AXIS2_PLACEMENT_3D('',#19691,#16107,#16108);
#13935=AXIS2_PLACEMENT_3D('',#19697,#16112,#16113);
#13936=AXIS2_PLACEMENT_3D('',#19703,#16117,#16118);
#13937=AXIS2_PLACEMENT_3D('',#19706,#16121,#16122);
#13938=AXIS2_PLACEMENT_3D('',#19707,#16123,#16124);
#13939=AXIS2_PLACEMENT_3D('',#19708,#16125,#16126);
#13940=AXIS2_PLACEMENT_3D('',#19717,#16131,#16132);
#13941=AXIS2_PLACEMENT_3D('',#19723,#16136,#16137);
#13942=AXIS2_PLACEMENT_3D('',#19729,#16141,#16142);
#13943=AXIS2_PLACEMENT_3D('',#19732,#16145,#16146);
#13944=AXIS2_PLACEMENT_3D('',#19733,#16147,#16148);
#13945=AXIS2_PLACEMENT_3D('',#19734,#16149,#16150);
#13946=AXIS2_PLACEMENT_3D('',#19743,#16155,#16156);
#13947=AXIS2_PLACEMENT_3D('',#19749,#16160,#16161);
#13948=AXIS2_PLACEMENT_3D('',#19755,#16165,#16166);
#13949=AXIS2_PLACEMENT_3D('',#19758,#16169,#16170);
#13950=AXIS2_PLACEMENT_3D('',#19759,#16171,#16172);
#13951=AXIS2_PLACEMENT_3D('',#19760,#16173,#16174);
#13952=AXIS2_PLACEMENT_3D('',#19769,#16179,#16180);
#13953=AXIS2_PLACEMENT_3D('',#19775,#16184,#16185);
#13954=AXIS2_PLACEMENT_3D('',#19781,#16189,#16190);
#13955=AXIS2_PLACEMENT_3D('',#19784,#16193,#16194);
#13956=AXIS2_PLACEMENT_3D('',#19785,#16195,#16196);
#13957=AXIS2_PLACEMENT_3D('',#19786,#16197,#16198);
#13958=AXIS2_PLACEMENT_3D('',#19795,#16203,#16204);
#13959=AXIS2_PLACEMENT_3D('',#19801,#16208,#16209);
#13960=AXIS2_PLACEMENT_3D('',#19807,#16213,#16214);
#13961=AXIS2_PLACEMENT_3D('',#19810,#16217,#16218);
#13962=AXIS2_PLACEMENT_3D('',#19811,#16219,#16220);
#13963=AXIS2_PLACEMENT_3D('',#19812,#16221,#16222);
#13964=AXIS2_PLACEMENT_3D('',#19821,#16227,#16228);
#13965=AXIS2_PLACEMENT_3D('',#19827,#16232,#16233);
#13966=AXIS2_PLACEMENT_3D('',#19833,#16237,#16238);
#13967=AXIS2_PLACEMENT_3D('',#19836,#16241,#16242);
#13968=AXIS2_PLACEMENT_3D('',#19837,#16243,#16244);
#13969=AXIS2_PLACEMENT_3D('',#19838,#16245,#16246);
#13970=AXIS2_PLACEMENT_3D('',#19847,#16251,#16252);
#13971=AXIS2_PLACEMENT_3D('',#19853,#16256,#16257);
#13972=AXIS2_PLACEMENT_3D('',#19859,#16261,#16262);
#13973=AXIS2_PLACEMENT_3D('',#19862,#16265,#16266);
#13974=AXIS2_PLACEMENT_3D('',#19863,#16267,#16268);
#13975=AXIS2_PLACEMENT_3D('',#19864,#16269,#16270);
#13976=AXIS2_PLACEMENT_3D('',#19873,#16275,#16276);
#13977=AXIS2_PLACEMENT_3D('',#19879,#16280,#16281);
#13978=AXIS2_PLACEMENT_3D('',#19885,#16285,#16286);
#13979=AXIS2_PLACEMENT_3D('',#19888,#16289,#16290);
#13980=AXIS2_PLACEMENT_3D('',#19889,#16291,#16292);
#13981=AXIS2_PLACEMENT_3D('',#19890,#16293,#16294);
#13982=AXIS2_PLACEMENT_3D('',#19899,#16299,#16300);
#13983=AXIS2_PLACEMENT_3D('',#19905,#16304,#16305);
#13984=AXIS2_PLACEMENT_3D('',#19911,#16309,#16310);
#13985=AXIS2_PLACEMENT_3D('',#19914,#16313,#16314);
#13986=AXIS2_PLACEMENT_3D('',#19915,#16315,#16316);
#13987=AXIS2_PLACEMENT_3D('',#19916,#16317,#16318);
#13988=AXIS2_PLACEMENT_3D('',#19925,#16323,#16324);
#13989=AXIS2_PLACEMENT_3D('',#19931,#16328,#16329);
#13990=AXIS2_PLACEMENT_3D('',#19937,#16333,#16334);
#13991=AXIS2_PLACEMENT_3D('',#19940,#16337,#16338);
#13992=AXIS2_PLACEMENT_3D('',#19941,#16339,#16340);
#13993=AXIS2_PLACEMENT_3D('',#19942,#16341,#16342);
#13994=AXIS2_PLACEMENT_3D('',#19951,#16347,#16348);
#13995=AXIS2_PLACEMENT_3D('',#19957,#16352,#16353);
#13996=AXIS2_PLACEMENT_3D('',#19963,#16357,#16358);
#13997=AXIS2_PLACEMENT_3D('',#19966,#16361,#16362);
#13998=AXIS2_PLACEMENT_3D('',#19967,#16363,#16364);
#13999=AXIS2_PLACEMENT_3D('',#19968,#16365,#16366);
#14000=AXIS2_PLACEMENT_3D('',#19977,#16371,#16372);
#14001=AXIS2_PLACEMENT_3D('',#19983,#16376,#16377);
#14002=AXIS2_PLACEMENT_3D('',#19989,#16381,#16382);
#14003=AXIS2_PLACEMENT_3D('',#19992,#16385,#16386);
#14004=AXIS2_PLACEMENT_3D('',#19993,#16387,#16388);
#14005=AXIS2_PLACEMENT_3D('',#19994,#16389,#16390);
#14006=AXIS2_PLACEMENT_3D('',#20003,#16395,#16396);
#14007=AXIS2_PLACEMENT_3D('',#20009,#16400,#16401);
#14008=AXIS2_PLACEMENT_3D('',#20015,#16405,#16406);
#14009=AXIS2_PLACEMENT_3D('',#20018,#16409,#16410);
#14010=AXIS2_PLACEMENT_3D('',#20019,#16411,#16412);
#14011=AXIS2_PLACEMENT_3D('',#20020,#16413,#16414);
#14012=AXIS2_PLACEMENT_3D('',#20029,#16419,#16420);
#14013=AXIS2_PLACEMENT_3D('',#20035,#16424,#16425);
#14014=AXIS2_PLACEMENT_3D('',#20041,#16429,#16430);
#14015=AXIS2_PLACEMENT_3D('',#20044,#16433,#16434);
#14016=AXIS2_PLACEMENT_3D('',#20045,#16435,#16436);
#14017=AXIS2_PLACEMENT_3D('',#20046,#16437,#16438);
#14018=AXIS2_PLACEMENT_3D('',#20055,#16443,#16444);
#14019=AXIS2_PLACEMENT_3D('',#20061,#16448,#16449);
#14020=AXIS2_PLACEMENT_3D('',#20067,#16453,#16454);
#14021=AXIS2_PLACEMENT_3D('',#20070,#16457,#16458);
#14022=AXIS2_PLACEMENT_3D('',#20071,#16459,#16460);
#14023=AXIS2_PLACEMENT_3D('',#20072,#16461,#16462);
#14024=AXIS2_PLACEMENT_3D('',#20081,#16467,#16468);
#14025=AXIS2_PLACEMENT_3D('',#20087,#16472,#16473);
#14026=AXIS2_PLACEMENT_3D('',#20093,#16477,#16478);
#14027=AXIS2_PLACEMENT_3D('',#20096,#16481,#16482);
#14028=AXIS2_PLACEMENT_3D('',#20097,#16483,#16484);
#14029=AXIS2_PLACEMENT_3D('',#20098,#16485,#16486);
#14030=AXIS2_PLACEMENT_3D('',#20107,#16491,#16492);
#14031=AXIS2_PLACEMENT_3D('',#20113,#16496,#16497);
#14032=AXIS2_PLACEMENT_3D('',#20119,#16501,#16502);
#14033=AXIS2_PLACEMENT_3D('',#20122,#16505,#16506);
#14034=AXIS2_PLACEMENT_3D('',#20123,#16507,#16508);
#14035=AXIS2_PLACEMENT_3D('',#20124,#16509,#16510);
#14036=AXIS2_PLACEMENT_3D('',#20133,#16515,#16516);
#14037=AXIS2_PLACEMENT_3D('',#20139,#16520,#16521);
#14038=AXIS2_PLACEMENT_3D('',#20145,#16525,#16526);
#14039=AXIS2_PLACEMENT_3D('',#20148,#16529,#16530);
#14040=AXIS2_PLACEMENT_3D('',#20149,#16531,#16532);
#14041=AXIS2_PLACEMENT_3D('',#20150,#16533,#16534);
#14042=AXIS2_PLACEMENT_3D('',#20159,#16539,#16540);
#14043=AXIS2_PLACEMENT_3D('',#20165,#16544,#16545);
#14044=AXIS2_PLACEMENT_3D('',#20171,#16549,#16550);
#14045=AXIS2_PLACEMENT_3D('',#20174,#16553,#16554);
#14046=AXIS2_PLACEMENT_3D('',#20175,#16555,#16556);
#14047=AXIS2_PLACEMENT_3D('',#20176,#16557,#16558);
#14048=AXIS2_PLACEMENT_3D('',#20185,#16563,#16564);
#14049=AXIS2_PLACEMENT_3D('',#20191,#16568,#16569);
#14050=AXIS2_PLACEMENT_3D('',#20197,#16573,#16574);
#14051=AXIS2_PLACEMENT_3D('',#20200,#16577,#16578);
#14052=AXIS2_PLACEMENT_3D('',#20201,#16579,#16580);
#14053=AXIS2_PLACEMENT_3D('',#20202,#16581,#16582);
#14054=AXIS2_PLACEMENT_3D('',#20211,#16587,#16588);
#14055=AXIS2_PLACEMENT_3D('',#20217,#16592,#16593);
#14056=AXIS2_PLACEMENT_3D('',#20223,#16597,#16598);
#14057=AXIS2_PLACEMENT_3D('',#20226,#16601,#16602);
#14058=AXIS2_PLACEMENT_3D('',#20227,#16603,#16604);
#14059=AXIS2_PLACEMENT_3D('',#20228,#16605,#16606);
#14060=AXIS2_PLACEMENT_3D('',#20237,#16611,#16612);
#14061=AXIS2_PLACEMENT_3D('',#20243,#16616,#16617);
#14062=AXIS2_PLACEMENT_3D('',#20249,#16621,#16622);
#14063=AXIS2_PLACEMENT_3D('',#20252,#16625,#16626);
#14064=AXIS2_PLACEMENT_3D('',#20253,#16627,#16628);
#14065=AXIS2_PLACEMENT_3D('',#20254,#16629,#16630);
#14066=AXIS2_PLACEMENT_3D('',#20263,#16635,#16636);
#14067=AXIS2_PLACEMENT_3D('',#20269,#16640,#16641);
#14068=AXIS2_PLACEMENT_3D('',#20275,#16645,#16646);
#14069=AXIS2_PLACEMENT_3D('',#20278,#16649,#16650);
#14070=AXIS2_PLACEMENT_3D('',#20279,#16651,#16652);
#14071=AXIS2_PLACEMENT_3D('',#20280,#16653,#16654);
#14072=AXIS2_PLACEMENT_3D('',#20289,#16659,#16660);
#14073=AXIS2_PLACEMENT_3D('',#20295,#16664,#16665);
#14074=AXIS2_PLACEMENT_3D('',#20301,#16669,#16670);
#14075=AXIS2_PLACEMENT_3D('',#20304,#16673,#16674);
#14076=AXIS2_PLACEMENT_3D('',#20305,#16675,#16676);
#14077=AXIS2_PLACEMENT_3D('',#20306,#16677,#16678);
#14078=AXIS2_PLACEMENT_3D('',#20315,#16683,#16684);
#14079=AXIS2_PLACEMENT_3D('',#20321,#16688,#16689);
#14080=AXIS2_PLACEMENT_3D('',#20327,#16693,#16694);
#14081=AXIS2_PLACEMENT_3D('',#20330,#16697,#16698);
#14082=AXIS2_PLACEMENT_3D('',#20331,#16699,#16700);
#14083=AXIS2_PLACEMENT_3D('',#20332,#16701,#16702);
#14084=AXIS2_PLACEMENT_3D('',#20341,#16707,#16708);
#14085=AXIS2_PLACEMENT_3D('',#20347,#16712,#16713);
#14086=AXIS2_PLACEMENT_3D('',#20353,#16717,#16718);
#14087=AXIS2_PLACEMENT_3D('',#20356,#16721,#16722);
#14088=AXIS2_PLACEMENT_3D('',#20357,#16723,#16724);
#14089=AXIS2_PLACEMENT_3D('',#20358,#16725,#16726);
#14090=AXIS2_PLACEMENT_3D('',#20367,#16731,#16732);
#14091=AXIS2_PLACEMENT_3D('',#20373,#16736,#16737);
#14092=AXIS2_PLACEMENT_3D('',#20379,#16741,#16742);
#14093=AXIS2_PLACEMENT_3D('',#20382,#16745,#16746);
#14094=AXIS2_PLACEMENT_3D('',#20383,#16747,#16748);
#14095=AXIS2_PLACEMENT_3D('',#20384,#16749,#16750);
#14096=AXIS2_PLACEMENT_3D('',#20393,#16755,#16756);
#14097=AXIS2_PLACEMENT_3D('',#20399,#16760,#16761);
#14098=AXIS2_PLACEMENT_3D('',#20405,#16765,#16766);
#14099=AXIS2_PLACEMENT_3D('',#20408,#16769,#16770);
#14100=AXIS2_PLACEMENT_3D('',#20409,#16771,#16772);
#14101=AXIS2_PLACEMENT_3D('',#20410,#16773,#16774);
#14102=AXIS2_PLACEMENT_3D('',#20419,#16779,#16780);
#14103=AXIS2_PLACEMENT_3D('',#20425,#16784,#16785);
#14104=AXIS2_PLACEMENT_3D('',#20431,#16789,#16790);
#14105=AXIS2_PLACEMENT_3D('',#20434,#16793,#16794);
#14106=AXIS2_PLACEMENT_3D('',#20435,#16795,#16796);
#14107=AXIS2_PLACEMENT_3D('',#20436,#16797,#16798);
#14108=AXIS2_PLACEMENT_3D('',#20445,#16803,#16804);
#14109=AXIS2_PLACEMENT_3D('',#20451,#16808,#16809);
#14110=AXIS2_PLACEMENT_3D('',#20457,#16813,#16814);
#14111=AXIS2_PLACEMENT_3D('',#20460,#16817,#16818);
#14112=AXIS2_PLACEMENT_3D('',#20461,#16819,#16820);
#14113=AXIS2_PLACEMENT_3D('',#20462,#16821,#16822);
#14114=AXIS2_PLACEMENT_3D('',#20471,#16827,#16828);
#14115=AXIS2_PLACEMENT_3D('',#20477,#16832,#16833);
#14116=AXIS2_PLACEMENT_3D('',#20483,#16837,#16838);
#14117=AXIS2_PLACEMENT_3D('',#20486,#16841,#16842);
#14118=AXIS2_PLACEMENT_3D('',#20487,#16843,#16844);
#14119=AXIS2_PLACEMENT_3D('',#20488,#16845,#16846);
#14120=AXIS2_PLACEMENT_3D('',#20497,#16851,#16852);
#14121=AXIS2_PLACEMENT_3D('',#20503,#16856,#16857);
#14122=AXIS2_PLACEMENT_3D('',#20509,#16861,#16862);
#14123=AXIS2_PLACEMENT_3D('',#20512,#16865,#16866);
#14124=AXIS2_PLACEMENT_3D('',#20513,#16867,#16868);
#14125=AXIS2_PLACEMENT_3D('',#20514,#16869,#16870);
#14126=AXIS2_PLACEMENT_3D('',#20523,#16875,#16876);
#14127=AXIS2_PLACEMENT_3D('',#20529,#16880,#16881);
#14128=AXIS2_PLACEMENT_3D('',#20535,#16885,#16886);
#14129=AXIS2_PLACEMENT_3D('',#20538,#16889,#16890);
#14130=AXIS2_PLACEMENT_3D('',#20539,#16891,#16892);
#14131=AXIS2_PLACEMENT_3D('',#20540,#16893,#16894);
#14132=AXIS2_PLACEMENT_3D('',#20549,#16899,#16900);
#14133=AXIS2_PLACEMENT_3D('',#20555,#16904,#16905);
#14134=AXIS2_PLACEMENT_3D('',#20561,#16909,#16910);
#14135=AXIS2_PLACEMENT_3D('',#20564,#16913,#16914);
#14136=AXIS2_PLACEMENT_3D('',#20565,#16915,#16916);
#14137=AXIS2_PLACEMENT_3D('',#20566,#16917,#16918);
#14138=AXIS2_PLACEMENT_3D('',#20575,#16923,#16924);
#14139=AXIS2_PLACEMENT_3D('',#20581,#16928,#16929);
#14140=AXIS2_PLACEMENT_3D('',#20587,#16933,#16934);
#14141=AXIS2_PLACEMENT_3D('',#20590,#16937,#16938);
#14142=AXIS2_PLACEMENT_3D('',#20591,#16939,#16940);
#14143=AXIS2_PLACEMENT_3D('',#20592,#16941,#16942);
#14144=AXIS2_PLACEMENT_3D('',#20601,#16947,#16948);
#14145=AXIS2_PLACEMENT_3D('',#20607,#16952,#16953);
#14146=AXIS2_PLACEMENT_3D('',#20613,#16957,#16958);
#14147=AXIS2_PLACEMENT_3D('',#20616,#16961,#16962);
#14148=AXIS2_PLACEMENT_3D('',#20617,#16963,#16964);
#14149=AXIS2_PLACEMENT_3D('',#20618,#16965,#16966);
#14150=AXIS2_PLACEMENT_3D('',#20627,#16971,#16972);
#14151=AXIS2_PLACEMENT_3D('',#20633,#16976,#16977);
#14152=AXIS2_PLACEMENT_3D('',#20639,#16981,#16982);
#14153=AXIS2_PLACEMENT_3D('',#20642,#16985,#16986);
#14154=AXIS2_PLACEMENT_3D('',#20643,#16987,#16988);
#14155=AXIS2_PLACEMENT_3D('',#20644,#16989,#16990);
#14156=AXIS2_PLACEMENT_3D('',#20653,#16995,#16996);
#14157=AXIS2_PLACEMENT_3D('',#20659,#17000,#17001);
#14158=AXIS2_PLACEMENT_3D('',#20665,#17005,#17006);
#14159=AXIS2_PLACEMENT_3D('',#20668,#17009,#17010);
#14160=AXIS2_PLACEMENT_3D('',#20669,#17011,#17012);
#14161=AXIS2_PLACEMENT_3D('',#20670,#17013,#17014);
#14162=AXIS2_PLACEMENT_3D('',#20679,#17019,#17020);
#14163=AXIS2_PLACEMENT_3D('',#20685,#17024,#17025);
#14164=AXIS2_PLACEMENT_3D('',#20691,#17029,#17030);
#14165=AXIS2_PLACEMENT_3D('',#20694,#17033,#17034);
#14166=AXIS2_PLACEMENT_3D('',#20695,#17035,#17036);
#14167=AXIS2_PLACEMENT_3D('',#20696,#17037,#17038);
#14168=AXIS2_PLACEMENT_3D('',#20705,#17043,#17044);
#14169=AXIS2_PLACEMENT_3D('',#20711,#17048,#17049);
#14170=AXIS2_PLACEMENT_3D('',#20717,#17053,#17054);
#14171=AXIS2_PLACEMENT_3D('',#20720,#17057,#17058);
#14172=AXIS2_PLACEMENT_3D('',#20721,#17059,#17060);
#14173=AXIS2_PLACEMENT_3D('',#20722,#17061,#17062);
#14174=AXIS2_PLACEMENT_3D('',#20731,#17067,#17068);
#14175=AXIS2_PLACEMENT_3D('',#20737,#17072,#17073);
#14176=AXIS2_PLACEMENT_3D('',#20743,#17077,#17078);
#14177=AXIS2_PLACEMENT_3D('',#20746,#17081,#17082);
#14178=AXIS2_PLACEMENT_3D('',#20747,#17083,#17084);
#14179=AXIS2_PLACEMENT_3D('',#20748,#17085,#17086);
#14180=AXIS2_PLACEMENT_3D('',#20757,#17091,#17092);
#14181=AXIS2_PLACEMENT_3D('',#20763,#17096,#17097);
#14182=AXIS2_PLACEMENT_3D('',#20769,#17101,#17102);
#14183=AXIS2_PLACEMENT_3D('',#20772,#17105,#17106);
#14184=AXIS2_PLACEMENT_3D('',#20773,#17107,#17108);
#14185=AXIS2_PLACEMENT_3D('',#20774,#17109,#17110);
#14186=AXIS2_PLACEMENT_3D('',#20783,#17115,#17116);
#14187=AXIS2_PLACEMENT_3D('',#20789,#17120,#17121);
#14188=AXIS2_PLACEMENT_3D('',#20795,#17125,#17126);
#14189=AXIS2_PLACEMENT_3D('',#20798,#17129,#17130);
#14190=AXIS2_PLACEMENT_3D('',#20799,#17131,#17132);
#14191=AXIS2_PLACEMENT_3D('',#20800,#17133,#17134);
#14192=AXIS2_PLACEMENT_3D('',#20809,#17139,#17140);
#14193=AXIS2_PLACEMENT_3D('',#20815,#17144,#17145);
#14194=AXIS2_PLACEMENT_3D('',#20821,#17149,#17150);
#14195=AXIS2_PLACEMENT_3D('',#20824,#17153,#17154);
#14196=AXIS2_PLACEMENT_3D('',#20825,#17155,#17156);
#14197=AXIS2_PLACEMENT_3D('',#20826,#17157,#17158);
#14198=AXIS2_PLACEMENT_3D('',#20835,#17163,#17164);
#14199=AXIS2_PLACEMENT_3D('',#20841,#17168,#17169);
#14200=AXIS2_PLACEMENT_3D('',#20847,#17173,#17174);
#14201=AXIS2_PLACEMENT_3D('',#20850,#17177,#17178);
#14202=AXIS2_PLACEMENT_3D('',#20851,#17179,#17180);
#14203=AXIS2_PLACEMENT_3D('',#20852,#17181,#17182);
#14204=AXIS2_PLACEMENT_3D('',#20861,#17187,#17188);
#14205=AXIS2_PLACEMENT_3D('',#20867,#17192,#17193);
#14206=AXIS2_PLACEMENT_3D('',#20873,#17197,#17198);
#14207=AXIS2_PLACEMENT_3D('',#20876,#17201,#17202);
#14208=AXIS2_PLACEMENT_3D('',#20877,#17203,#17204);
#14209=AXIS2_PLACEMENT_3D('',#20878,#17205,#17206);
#14210=AXIS2_PLACEMENT_3D('',#20887,#17211,#17212);
#14211=AXIS2_PLACEMENT_3D('',#20893,#17216,#17217);
#14212=AXIS2_PLACEMENT_3D('',#20899,#17221,#17222);
#14213=AXIS2_PLACEMENT_3D('',#20902,#17225,#17226);
#14214=AXIS2_PLACEMENT_3D('',#20903,#17227,#17228);
#14215=AXIS2_PLACEMENT_3D('',#20904,#17229,#17230);
#14216=AXIS2_PLACEMENT_3D('',#20913,#17235,#17236);
#14217=AXIS2_PLACEMENT_3D('',#20919,#17240,#17241);
#14218=AXIS2_PLACEMENT_3D('',#20925,#17245,#17246);
#14219=AXIS2_PLACEMENT_3D('',#20928,#17249,#17250);
#14220=AXIS2_PLACEMENT_3D('',#20929,#17251,#17252);
#14221=AXIS2_PLACEMENT_3D('',#20930,#17253,#17254);
#14222=AXIS2_PLACEMENT_3D('',#20939,#17259,#17260);
#14223=AXIS2_PLACEMENT_3D('',#20945,#17264,#17265);
#14224=AXIS2_PLACEMENT_3D('',#20951,#17269,#17270);
#14225=AXIS2_PLACEMENT_3D('',#20954,#17273,#17274);
#14226=AXIS2_PLACEMENT_3D('',#20955,#17275,#17276);
#14227=AXIS2_PLACEMENT_3D('',#20956,#17277,#17278);
#14228=AXIS2_PLACEMENT_3D('',#20965,#17283,#17284);
#14229=AXIS2_PLACEMENT_3D('',#20971,#17288,#17289);
#14230=AXIS2_PLACEMENT_3D('',#20977,#17293,#17294);
#14231=AXIS2_PLACEMENT_3D('',#20980,#17297,#17298);
#14232=AXIS2_PLACEMENT_3D('',#20981,#17299,#17300);
#14233=AXIS2_PLACEMENT_3D('',#20982,#17301,#17302);
#14234=AXIS2_PLACEMENT_3D('',#20991,#17307,#17308);
#14235=AXIS2_PLACEMENT_3D('',#20997,#17312,#17313);
#14236=AXIS2_PLACEMENT_3D('',#21003,#17317,#17318);
#14237=AXIS2_PLACEMENT_3D('',#21006,#17321,#17322);
#14238=AXIS2_PLACEMENT_3D('',#21007,#17323,#17324);
#14239=AXIS2_PLACEMENT_3D('',#21008,#17325,#17326);
#14240=AXIS2_PLACEMENT_3D('',#21017,#17331,#17332);
#14241=AXIS2_PLACEMENT_3D('',#21023,#17336,#17337);
#14242=AXIS2_PLACEMENT_3D('',#21029,#17341,#17342);
#14243=AXIS2_PLACEMENT_3D('',#21032,#17345,#17346);
#14244=AXIS2_PLACEMENT_3D('',#21033,#17347,#17348);
#14245=AXIS2_PLACEMENT_3D('',#21034,#17349,#17350);
#14246=AXIS2_PLACEMENT_3D('',#21043,#17355,#17356);
#14247=AXIS2_PLACEMENT_3D('',#21049,#17360,#17361);
#14248=AXIS2_PLACEMENT_3D('',#21055,#17365,#17366);
#14249=AXIS2_PLACEMENT_3D('',#21058,#17369,#17370);
#14250=AXIS2_PLACEMENT_3D('',#21059,#17371,#17372);
#14251=AXIS2_PLACEMENT_3D('',#21060,#17373,#17374);
#14252=AXIS2_PLACEMENT_3D('',#21069,#17379,#17380);
#14253=AXIS2_PLACEMENT_3D('',#21075,#17384,#17385);
#14254=AXIS2_PLACEMENT_3D('',#21081,#17389,#17390);
#14255=AXIS2_PLACEMENT_3D('',#21084,#17393,#17394);
#14256=AXIS2_PLACEMENT_3D('',#21085,#17395,#17396);
#14257=AXIS2_PLACEMENT_3D('',#21086,#17397,#17398);
#14258=AXIS2_PLACEMENT_3D('',#21095,#17403,#17404);
#14259=AXIS2_PLACEMENT_3D('',#21101,#17408,#17409);
#14260=AXIS2_PLACEMENT_3D('',#21107,#17413,#17414);
#14261=AXIS2_PLACEMENT_3D('',#21110,#17417,#17418);
#14262=AXIS2_PLACEMENT_3D('',#21111,#17419,#17420);
#14263=AXIS2_PLACEMENT_3D('',#21112,#17421,#17422);
#14264=AXIS2_PLACEMENT_3D('',#21121,#17427,#17428);
#14265=AXIS2_PLACEMENT_3D('',#21127,#17432,#17433);
#14266=AXIS2_PLACEMENT_3D('',#21133,#17437,#17438);
#14267=AXIS2_PLACEMENT_3D('',#21136,#17441,#17442);
#14268=AXIS2_PLACEMENT_3D('',#21137,#17443,#17444);
#14269=AXIS2_PLACEMENT_3D('',#21138,#17445,#17446);
#14270=AXIS2_PLACEMENT_3D('',#21147,#17451,#17452);
#14271=AXIS2_PLACEMENT_3D('',#21153,#17456,#17457);
#14272=AXIS2_PLACEMENT_3D('',#21159,#17461,#17462);
#14273=AXIS2_PLACEMENT_3D('',#21162,#17465,#17466);
#14274=AXIS2_PLACEMENT_3D('',#21163,#17467,#17468);
#14275=AXIS2_PLACEMENT_3D('',#21164,#17469,#17470);
#14276=AXIS2_PLACEMENT_3D('',#21173,#17475,#17476);
#14277=AXIS2_PLACEMENT_3D('',#21179,#17480,#17481);
#14278=AXIS2_PLACEMENT_3D('',#21185,#17485,#17486);
#14279=AXIS2_PLACEMENT_3D('',#21188,#17489,#17490);
#14280=AXIS2_PLACEMENT_3D('',#21189,#17491,#17492);
#14281=AXIS2_PLACEMENT_3D('',#21190,#17493,#17494);
#14282=AXIS2_PLACEMENT_3D('',#21199,#17499,#17500);
#14283=AXIS2_PLACEMENT_3D('',#21205,#17504,#17505);
#14284=AXIS2_PLACEMENT_3D('',#21211,#17509,#17510);
#14285=AXIS2_PLACEMENT_3D('',#21214,#17513,#17514);
#14286=AXIS2_PLACEMENT_3D('',#21215,#17515,#17516);
#14287=AXIS2_PLACEMENT_3D('',#21216,#17517,#17518);
#14288=AXIS2_PLACEMENT_3D('',#21225,#17523,#17524);
#14289=AXIS2_PLACEMENT_3D('',#21231,#17528,#17529);
#14290=AXIS2_PLACEMENT_3D('',#21237,#17533,#17534);
#14291=AXIS2_PLACEMENT_3D('',#21240,#17537,#17538);
#14292=AXIS2_PLACEMENT_3D('',#21241,#17539,#17540);
#14293=AXIS2_PLACEMENT_3D('',#21242,#17541,#17542);
#14294=AXIS2_PLACEMENT_3D('',#21251,#17547,#17548);
#14295=AXIS2_PLACEMENT_3D('',#21257,#17552,#17553);
#14296=AXIS2_PLACEMENT_3D('',#21263,#17557,#17558);
#14297=AXIS2_PLACEMENT_3D('',#21266,#17561,#17562);
#14298=AXIS2_PLACEMENT_3D('',#21267,#17563,#17564);
#14299=AXIS2_PLACEMENT_3D('',#21268,#17565,#17566);
#14300=AXIS2_PLACEMENT_3D('',#21277,#17571,#17572);
#14301=AXIS2_PLACEMENT_3D('',#21283,#17576,#17577);
#14302=AXIS2_PLACEMENT_3D('',#21289,#17581,#17582);
#14303=AXIS2_PLACEMENT_3D('',#21292,#17585,#17586);
#14304=AXIS2_PLACEMENT_3D('',#21293,#17587,#17588);
#14305=AXIS2_PLACEMENT_3D('',#21294,#17589,#17590);
#14306=AXIS2_PLACEMENT_3D('',#21303,#17595,#17596);
#14307=AXIS2_PLACEMENT_3D('',#21309,#17600,#17601);
#14308=AXIS2_PLACEMENT_3D('',#21315,#17605,#17606);
#14309=AXIS2_PLACEMENT_3D('',#21318,#17609,#17610);
#14310=AXIS2_PLACEMENT_3D('',#21319,#17611,#17612);
#14311=AXIS2_PLACEMENT_3D('',#21320,#17613,#17614);
#14312=AXIS2_PLACEMENT_3D('',#21329,#17619,#17620);
#14313=AXIS2_PLACEMENT_3D('',#21335,#17624,#17625);
#14314=AXIS2_PLACEMENT_3D('',#21341,#17629,#17630);
#14315=AXIS2_PLACEMENT_3D('',#21344,#17633,#17634);
#14316=AXIS2_PLACEMENT_3D('',#21345,#17635,#17636);
#14317=AXIS2_PLACEMENT_3D('',#21346,#17637,#17638);
#14318=AXIS2_PLACEMENT_3D('',#21355,#17643,#17644);
#14319=AXIS2_PLACEMENT_3D('',#21361,#17648,#17649);
#14320=AXIS2_PLACEMENT_3D('',#21367,#17653,#17654);
#14321=AXIS2_PLACEMENT_3D('',#21370,#17657,#17658);
#14322=AXIS2_PLACEMENT_3D('',#21371,#17659,#17660);
#14323=AXIS2_PLACEMENT_3D('',#21372,#17661,#17662);
#14324=AXIS2_PLACEMENT_3D('',#21381,#17667,#17668);
#14325=AXIS2_PLACEMENT_3D('',#21387,#17672,#17673);
#14326=AXIS2_PLACEMENT_3D('',#21393,#17677,#17678);
#14327=AXIS2_PLACEMENT_3D('',#21396,#17681,#17682);
#14328=AXIS2_PLACEMENT_3D('',#21397,#17683,#17684);
#14329=AXIS2_PLACEMENT_3D('',#21398,#17685,#17686);
#14330=AXIS2_PLACEMENT_3D('',#21407,#17691,#17692);
#14331=AXIS2_PLACEMENT_3D('',#21413,#17696,#17697);
#14332=AXIS2_PLACEMENT_3D('',#21419,#17701,#17702);
#14333=AXIS2_PLACEMENT_3D('',#21422,#17705,#17706);
#14334=AXIS2_PLACEMENT_3D('',#21423,#17707,#17708);
#14335=DIRECTION('axis',(0.,0.,1.));
#14336=DIRECTION('refdir',(1.,0.,0.));
#14337=DIRECTION('center_axis',(1.,0.,0.));
#14338=DIRECTION('ref_axis',(0.,-1.,0.));
#14339=DIRECTION('',(0.,-1.,0.));
#14340=DIRECTION('',(0.,0.,-1.));
#14341=DIRECTION('',(0.,-1.,0.));
#14342=DIRECTION('',(0.,0.,-1.));
#14343=DIRECTION('center_axis',(0.,1.,0.));
#14344=DIRECTION('ref_axis',(1.,0.,0.));
#14345=DIRECTION('',(1.,0.,0.));
#14346=DIRECTION('',(0.,0.,-1.));
#14347=DIRECTION('',(1.,0.,0.));
#14348=DIRECTION('center_axis',(-1.,0.,0.));
#14349=DIRECTION('ref_axis',(0.,1.,0.));
#14350=DIRECTION('',(0.,1.,0.));
#14351=DIRECTION('',(0.,0.,-1.));
#14352=DIRECTION('',(0.,1.,0.));
#14353=DIRECTION('center_axis',(0.,-1.,0.));
#14354=DIRECTION('ref_axis',(-1.,0.,0.));
#14355=DIRECTION('',(-1.,0.,0.));
#14356=DIRECTION('',(-1.,0.,0.));
#14357=DIRECTION('center_axis',(0.,0.,-1.));
#14358=DIRECTION('ref_axis',(-1.,0.,0.));
#14359=DIRECTION('center_axis',(0.,1.,0.));
#14360=DIRECTION('ref_axis',(1.,0.,0.));
#14361=DIRECTION('',(1.,0.,0.));
#14362=DIRECTION('',(0.,0.,-1.));
#14363=DIRECTION('',(1.,0.,0.));
#14364=DIRECTION('',(0.,0.,-1.));
#14365=DIRECTION('center_axis',(-1.,0.,0.));
#14366=DIRECTION('ref_axis',(0.,1.,0.));
#14367=DIRECTION('',(0.,1.,0.));
#14368=DIRECTION('',(0.,0.,-1.));
#14369=DIRECTION('',(0.,1.,0.));
#14370=DIRECTION('center_axis',(0.,-1.,0.));
#14371=DIRECTION('ref_axis',(-1.,0.,0.));
#14372=DIRECTION('',(-1.,0.,0.));
#14373=DIRECTION('',(0.,0.,-1.));
#14374=DIRECTION('',(-1.,0.,0.));
#14375=DIRECTION('center_axis',(1.,0.,0.));
#14376=DIRECTION('ref_axis',(0.,-1.,0.));
#14377=DIRECTION('',(0.,-1.,0.));
#14378=DIRECTION('',(0.,-1.,0.));
#14379=DIRECTION('center_axis',(0.,0.,-1.));
#14380=DIRECTION('ref_axis',(-1.,0.,0.));
#14381=DIRECTION('center_axis',(0.,1.,0.));
#14382=DIRECTION('ref_axis',(1.,0.,0.));
#14383=DIRECTION('',(1.,0.,0.));
#14384=DIRECTION('',(0.,0.,-1.));
#14385=DIRECTION('',(1.,0.,0.));
#14386=DIRECTION('',(0.,0.,-1.));
#14387=DIRECTION('center_axis',(-1.,0.,0.));
#14388=DIRECTION('ref_axis',(0.,1.,0.));
#14389=DIRECTION('',(0.,1.,0.));
#14390=DIRECTION('',(0.,0.,-1.));
#14391=DIRECTION('',(0.,1.,0.));
#14392=DIRECTION('center_axis',(0.,-1.,0.));
#14393=DIRECTION('ref_axis',(-1.,0.,0.));
#14394=DIRECTION('',(-1.,0.,0.));
#14395=DIRECTION('',(0.,0.,-1.));
#14396=DIRECTION('',(-1.,0.,0.));
#14397=DIRECTION('center_axis',(1.,0.,0.));
#14398=DIRECTION('ref_axis',(0.,-1.,0.));
#14399=DIRECTION('',(0.,-1.,0.));
#14400=DIRECTION('',(0.,-1.,0.));
#14401=DIRECTION('center_axis',(0.,0.,-1.));
#14402=DIRECTION('ref_axis',(-1.,0.,0.));
#14403=DIRECTION('center_axis',(1.,0.,0.));
#14404=DIRECTION('ref_axis',(0.,-1.,0.));
#14405=DIRECTION('',(0.,-1.,0.));
#14406=DIRECTION('',(0.,0.,-1.));
#14407=DIRECTION('',(0.,-1.,0.));
#14408=DIRECTION('',(0.,0.,-1.));
#14409=DIRECTION('center_axis',(0.,1.,0.));
#14410=DIRECTION('ref_axis',(1.,0.,0.));
#14411=DIRECTION('',(1.,0.,0.));
#14412=DIRECTION('',(0.,0.,-1.));
#14413=DIRECTION('',(1.,0.,0.));
#14414=DIRECTION('center_axis',(-1.,0.,0.));
#14415=DIRECTION('ref_axis',(0.,1.,0.));
#14416=DIRECTION('',(0.,1.,0.));
#14417=DIRECTION('',(0.,0.,-1.));
#14418=DIRECTION('',(0.,1.,0.));
#14419=DIRECTION('center_axis',(0.,-1.,0.));
#14420=DIRECTION('ref_axis',(-1.,0.,0.));
#14421=DIRECTION('',(-1.,0.,0.));
#14422=DIRECTION('',(-1.,0.,0.));
#14423=DIRECTION('center_axis',(0.,0.,-1.));
#14424=DIRECTION('ref_axis',(-1.,0.,0.));
#14425=DIRECTION('center_axis',(1.,0.,0.));
#14426=DIRECTION('ref_axis',(0.,-1.,0.));
#14427=DIRECTION('',(0.,-1.,0.));
#14428=DIRECTION('',(0.,0.,-1.));
#14429=DIRECTION('',(0.,-1.,0.));
#14430=DIRECTION('',(0.,0.,-1.));
#14431=DIRECTION('center_axis',(0.,1.,0.));
#14432=DIRECTION('ref_axis',(1.,0.,0.));
#14433=DIRECTION('',(1.,0.,0.));
#14434=DIRECTION('',(0.,0.,-1.));
#14435=DIRECTION('',(1.,0.,0.));
#14436=DIRECTION('center_axis',(-1.,0.,0.));
#14437=DIRECTION('ref_axis',(0.,1.,0.));
#14438=DIRECTION('',(0.,1.,0.));
#14439=DIRECTION('',(0.,0.,-1.));
#14440=DIRECTION('',(0.,1.,0.));
#14441=DIRECTION('center_axis',(0.,-1.,0.));
#14442=DIRECTION('ref_axis',(-1.,0.,0.));
#14443=DIRECTION('',(-1.,0.,0.));
#14444=DIRECTION('',(-1.,0.,0.));
#14445=DIRECTION('center_axis',(0.,0.,-1.));
#14446=DIRECTION('ref_axis',(-1.,0.,0.));
#14447=DIRECTION('center_axis',(1.,0.,0.));
#14448=DIRECTION('ref_axis',(0.,-1.,0.));
#14449=DIRECTION('',(0.,-1.,0.));
#14450=DIRECTION('',(0.,0.,-1.));
#14451=DIRECTION('',(0.,-1.,0.));
#14452=DIRECTION('',(0.,0.,-1.));
#14453=DIRECTION('center_axis',(0.,1.,0.));
#14454=DIRECTION('ref_axis',(1.,0.,0.));
#14455=DIRECTION('',(1.,0.,0.));
#14456=DIRECTION('',(0.,0.,-1.));
#14457=DIRECTION('',(1.,0.,0.));
#14458=DIRECTION('center_axis',(-1.,0.,0.));
#14459=DIRECTION('ref_axis',(0.,1.,0.));
#14460=DIRECTION('',(0.,1.,0.));
#14461=DIRECTION('',(0.,0.,-1.));
#14462=DIRECTION('',(0.,1.,0.));
#14463=DIRECTION('center_axis',(0.,-1.,0.));
#14464=DIRECTION('ref_axis',(-1.,0.,0.));
#14465=DIRECTION('',(-1.,0.,0.));
#14466=DIRECTION('',(-1.,0.,0.));
#14467=DIRECTION('center_axis',(0.,0.,-1.));
#14468=DIRECTION('ref_axis',(-1.,0.,0.));
#14469=DIRECTION('center_axis',(1.,0.,0.));
#14470=DIRECTION('ref_axis',(0.,-1.,0.));
#14471=DIRECTION('',(0.,-1.,0.));
#14472=DIRECTION('',(0.,0.,-1.));
#14473=DIRECTION('',(0.,-1.,0.));
#14474=DIRECTION('',(0.,0.,-1.));
#14475=DIRECTION('center_axis',(0.,1.,0.));
#14476=DIRECTION('ref_axis',(1.,0.,0.));
#14477=DIRECTION('',(1.,0.,0.));
#14478=DIRECTION('',(0.,0.,-1.));
#14479=DIRECTION('',(1.,0.,0.));
#14480=DIRECTION('center_axis',(-1.,0.,0.));
#14481=DIRECTION('ref_axis',(0.,1.,0.));
#14482=DIRECTION('',(0.,1.,0.));
#14483=DIRECTION('',(0.,0.,-1.));
#14484=DIRECTION('',(0.,1.,0.));
#14485=DIRECTION('center_axis',(0.,-1.,0.));
#14486=DIRECTION('ref_axis',(-1.,0.,0.));
#14487=DIRECTION('',(-1.,0.,0.));
#14488=DIRECTION('',(-1.,0.,0.));
#14489=DIRECTION('center_axis',(0.,0.,-1.));
#14490=DIRECTION('ref_axis',(-1.,0.,0.));
#14491=DIRECTION('center_axis',(0.,1.,0.));
#14492=DIRECTION('ref_axis',(1.,0.,0.));
#14493=DIRECTION('',(1.,0.,0.));
#14494=DIRECTION('',(0.,0.,-1.));
#14495=DIRECTION('',(1.,0.,0.));
#14496=DIRECTION('',(0.,0.,-1.));
#14497=DIRECTION('center_axis',(-1.,0.,0.));
#14498=DIRECTION('ref_axis',(0.,1.,0.));
#14499=DIRECTION('',(0.,1.,0.));
#14500=DIRECTION('',(0.,0.,-1.));
#14501=DIRECTION('',(0.,1.,0.));
#14502=DIRECTION('center_axis',(0.,-1.,0.));
#14503=DIRECTION('ref_axis',(-1.,0.,0.));
#14504=DIRECTION('',(-1.,0.,0.));
#14505=DIRECTION('',(0.,0.,-1.));
#14506=DIRECTION('',(-1.,0.,0.));
#14507=DIRECTION('center_axis',(1.,0.,0.));
#14508=DIRECTION('ref_axis',(0.,-1.,0.));
#14509=DIRECTION('',(0.,-1.,0.));
#14510=DIRECTION('',(0.,-1.,0.));
#14511=DIRECTION('center_axis',(0.,0.,-1.));
#14512=DIRECTION('ref_axis',(-1.,0.,0.));
#14513=DIRECTION('center_axis',(0.,1.,0.));
#14514=DIRECTION('ref_axis',(1.,0.,0.));
#14515=DIRECTION('',(1.,0.,0.));
#14516=DIRECTION('',(0.,0.,-1.));
#14517=DIRECTION('',(1.,0.,0.));
#14518=DIRECTION('',(0.,0.,-1.));
#14519=DIRECTION('center_axis',(-1.,0.,0.));
#14520=DIRECTION('ref_axis',(0.,1.,0.));
#14521=DIRECTION('',(0.,1.,0.));
#14522=DIRECTION('',(0.,0.,-1.));
#14523=DIRECTION('',(0.,1.,0.));
#14524=DIRECTION('center_axis',(0.,-1.,0.));
#14525=DIRECTION('ref_axis',(-1.,0.,0.));
#14526=DIRECTION('',(-1.,0.,0.));
#14527=DIRECTION('',(0.,0.,-1.));
#14528=DIRECTION('',(-1.,0.,0.));
#14529=DIRECTION('center_axis',(1.,0.,0.));
#14530=DIRECTION('ref_axis',(0.,-1.,0.));
#14531=DIRECTION('',(0.,-1.,0.));
#14532=DIRECTION('',(0.,-1.,0.));
#14533=DIRECTION('center_axis',(0.,0.,-1.));
#14534=DIRECTION('ref_axis',(-1.,0.,0.));
#14535=DIRECTION('center_axis',(0.,1.,0.));
#14536=DIRECTION('ref_axis',(1.,0.,0.));
#14537=DIRECTION('',(1.,0.,0.));
#14538=DIRECTION('',(0.,0.,-1.));
#14539=DIRECTION('',(1.,0.,0.));
#14540=DIRECTION('',(0.,0.,-1.));
#14541=DIRECTION('center_axis',(-1.,0.,0.));
#14542=DIRECTION('ref_axis',(0.,1.,0.));
#14543=DIRECTION('',(0.,1.,0.));
#14544=DIRECTION('',(0.,0.,-1.));
#14545=DIRECTION('',(0.,1.,0.));
#14546=DIRECTION('center_axis',(0.,-1.,0.));
#14547=DIRECTION('ref_axis',(-1.,0.,0.));
#14548=DIRECTION('',(-1.,0.,0.));
#14549=DIRECTION('',(0.,0.,-1.));
#14550=DIRECTION('',(-1.,0.,0.));
#14551=DIRECTION('center_axis',(1.,0.,0.));
#14552=DIRECTION('ref_axis',(0.,-1.,0.));
#14553=DIRECTION('',(0.,-1.,0.));
#14554=DIRECTION('',(0.,-1.,0.));
#14555=DIRECTION('center_axis',(0.,0.,-1.));
#14556=DIRECTION('ref_axis',(-1.,0.,0.));
#14557=DIRECTION('center_axis',(0.,1.,0.));
#14558=DIRECTION('ref_axis',(1.,0.,0.));
#14559=DIRECTION('',(1.,0.,0.));
#14560=DIRECTION('',(0.,0.,-1.));
#14561=DIRECTION('',(1.,0.,0.));
#14562=DIRECTION('',(0.,0.,-1.));
#14563=DIRECTION('center_axis',(-1.,0.,0.));
#14564=DIRECTION('ref_axis',(0.,1.,0.));
#14565=DIRECTION('',(0.,1.,0.));
#14566=DIRECTION('',(0.,0.,-1.));
#14567=DIRECTION('',(0.,1.,0.));
#14568=DIRECTION('center_axis',(0.,-1.,0.));
#14569=DIRECTION('ref_axis',(-1.,0.,0.));
#14570=DIRECTION('',(-1.,0.,0.));
#14571=DIRECTION('',(0.,0.,-1.));
#14572=DIRECTION('',(-1.,0.,0.));
#14573=DIRECTION('center_axis',(1.,0.,0.));
#14574=DIRECTION('ref_axis',(0.,-1.,0.));
#14575=DIRECTION('',(0.,-1.,0.));
#14576=DIRECTION('',(0.,-1.,0.));
#14577=DIRECTION('center_axis',(0.,0.,-1.));
#14578=DIRECTION('ref_axis',(-1.,0.,0.));
#14579=DIRECTION('center_axis',(1.,0.,0.));
#14580=DIRECTION('ref_axis',(0.,-1.,0.));
#14581=DIRECTION('',(0.,-1.,0.));
#14582=DIRECTION('',(0.,0.,-1.));
#14583=DIRECTION('',(0.,-1.,0.));
#14584=DIRECTION('',(0.,0.,-1.));
#14585=DIRECTION('center_axis',(0.,1.,0.));
#14586=DIRECTION('ref_axis',(1.,0.,0.));
#14587=DIRECTION('',(1.,0.,0.));
#14588=DIRECTION('',(0.,0.,-1.));
#14589=DIRECTION('',(1.,0.,0.));
#14590=DIRECTION('center_axis',(-1.,0.,0.));
#14591=DIRECTION('ref_axis',(0.,1.,0.));
#14592=DIRECTION('',(0.,1.,0.));
#14593=DIRECTION('',(0.,0.,-1.));
#14594=DIRECTION('',(0.,1.,0.));
#14595=DIRECTION('center_axis',(0.,-1.,0.));
#14596=DIRECTION('ref_axis',(-1.,0.,0.));
#14597=DIRECTION('',(-1.,0.,0.));
#14598=DIRECTION('',(-1.,0.,0.));
#14599=DIRECTION('center_axis',(0.,0.,-1.));
#14600=DIRECTION('ref_axis',(-1.,0.,0.));
#14601=DIRECTION('center_axis',(0.,-1.,0.));
#14602=DIRECTION('ref_axis',(-1.,0.,0.));
#14603=DIRECTION('',(1.,0.,0.));
#14604=DIRECTION('',(0.,0.,-1.));
#14605=DIRECTION('',(-1.,0.,0.));
#14606=DIRECTION('',(0.,0.,-1.));
#14607=DIRECTION('center_axis',(-1.,0.,0.));
#14608=DIRECTION('ref_axis',(0.,1.,0.));
#14609=DIRECTION('',(0.,-1.,0.));
#14610=DIRECTION('',(0.,1.,0.));
#14611=DIRECTION('',(0.,0.,-1.));
#14612=DIRECTION('center_axis',(0.,1.,0.));
#14613=DIRECTION('ref_axis',(1.,0.,0.));
#14614=DIRECTION('',(-1.,0.,0.));
#14615=DIRECTION('',(1.,0.,0.));
#14616=DIRECTION('',(0.,0.,-1.));
#14617=DIRECTION('center_axis',(1.,0.,0.));
#14618=DIRECTION('ref_axis',(0.,-1.,0.));
#14619=DIRECTION('',(0.,1.,0.));
#14620=DIRECTION('',(0.,-1.,0.));
#14621=DIRECTION('center_axis',(0.,0.,1.));
#14622=DIRECTION('ref_axis',(1.,0.,0.));
#14623=DIRECTION('center_axis',(0.,-1.,0.));
#14624=DIRECTION('ref_axis',(-1.,0.,0.));
#14625=DIRECTION('',(1.,0.,0.));
#14626=DIRECTION('',(0.,0.,-1.));
#14627=DIRECTION('',(-1.,0.,0.));
#14628=DIRECTION('',(0.,0.,-1.));
#14629=DIRECTION('center_axis',(-1.,0.,0.));
#14630=DIRECTION('ref_axis',(0.,1.,0.));
#14631=DIRECTION('',(0.,-1.,0.));
#14632=DIRECTION('',(0.,1.,0.));
#14633=DIRECTION('',(0.,0.,-1.));
#14634=DIRECTION('center_axis',(0.,1.,0.));
#14635=DIRECTION('ref_axis',(1.,0.,0.));
#14636=DIRECTION('',(-1.,0.,0.));
#14637=DIRECTION('',(1.,0.,0.));
#14638=DIRECTION('',(0.,0.,-1.));
#14639=DIRECTION('center_axis',(1.,0.,0.));
#14640=DIRECTION('ref_axis',(0.,-1.,0.));
#14641=DIRECTION('',(0.,1.,0.));
#14642=DIRECTION('',(0.,-1.,0.));
#14643=DIRECTION('center_axis',(0.,0.,1.));
#14644=DIRECTION('ref_axis',(1.,0.,0.));
#14645=DIRECTION('center_axis',(1.,0.,0.));
#14646=DIRECTION('ref_axis',(0.,-1.,0.));
#14647=DIRECTION('',(0.,1.,0.));
#14648=DIRECTION('',(0.,0.,-1.));
#14649=DIRECTION('',(0.,-1.,0.));
#14650=DIRECTION('',(0.,0.,-1.));
#14651=DIRECTION('center_axis',(0.,-1.,0.));
#14652=DIRECTION('ref_axis',(-1.,0.,0.));
#14653=DIRECTION('',(1.,0.,0.));
#14654=DIRECTION('',(-1.,0.,0.));
#14655=DIRECTION('',(0.,0.,-1.));
#14656=DIRECTION('center_axis',(-1.,0.,0.));
#14657=DIRECTION('ref_axis',(0.,1.,0.));
#14658=DIRECTION('',(0.,-1.,0.));
#14659=DIRECTION('',(0.,1.,0.));
#14660=DIRECTION('',(0.,0.,-1.));
#14661=DIRECTION('center_axis',(0.,1.,0.));
#14662=DIRECTION('ref_axis',(1.,0.,0.));
#14663=DIRECTION('',(-1.,0.,0.));
#14664=DIRECTION('',(1.,0.,0.));
#14665=DIRECTION('center_axis',(0.,0.,1.));
#14666=DIRECTION('ref_axis',(1.,0.,0.));
#14667=DIRECTION('center_axis',(1.,0.,0.));
#14668=DIRECTION('ref_axis',(0.,-1.,0.));
#14669=DIRECTION('',(0.,1.,0.));
#14670=DIRECTION('',(0.,0.,-1.));
#14671=DIRECTION('',(0.,-1.,0.));
#14672=DIRECTION('',(0.,0.,-1.));
#14673=DIRECTION('center_axis',(0.,-1.,0.));
#14674=DIRECTION('ref_axis',(-1.,0.,0.));
#14675=DIRECTION('',(1.,0.,0.));
#14676=DIRECTION('',(-1.,0.,0.));
#14677=DIRECTION('',(0.,0.,-1.));
#14678=DIRECTION('center_axis',(-1.,0.,0.));
#14679=DIRECTION('ref_axis',(0.,1.,0.));
#14680=DIRECTION('',(0.,-1.,0.));
#14681=DIRECTION('',(0.,1.,0.));
#14682=DIRECTION('',(0.,0.,-1.));
#14683=DIRECTION('center_axis',(0.,1.,0.));
#14684=DIRECTION('ref_axis',(1.,0.,0.));
#14685=DIRECTION('',(-1.,0.,0.));
#14686=DIRECTION('',(1.,0.,0.));
#14687=DIRECTION('center_axis',(0.,0.,1.));
#14688=DIRECTION('ref_axis',(1.,0.,0.));
#14689=DIRECTION('center_axis',(0.,-1.,0.));
#14690=DIRECTION('ref_axis',(-1.,0.,0.));
#14691=DIRECTION('',(1.,0.,0.));
#14692=DIRECTION('',(0.,0.,-1.));
#14693=DIRECTION('',(-1.,0.,0.));
#14694=DIRECTION('',(0.,0.,-1.));
#14695=DIRECTION('center_axis',(-1.,0.,0.));
#14696=DIRECTION('ref_axis',(0.,1.,0.));
#14697=DIRECTION('',(0.,-1.,0.));
#14698=DIRECTION('',(0.,1.,0.));
#14699=DIRECTION('',(0.,0.,-1.));
#14700=DIRECTION('center_axis',(0.,1.,0.));
#14701=DIRECTION('ref_axis',(1.,0.,0.));
#14702=DIRECTION('',(-1.,0.,0.));
#14703=DIRECTION('',(1.,0.,0.));
#14704=DIRECTION('',(0.,0.,-1.));
#14705=DIRECTION('center_axis',(1.,0.,0.));
#14706=DIRECTION('ref_axis',(0.,-1.,0.));
#14707=DIRECTION('',(0.,1.,0.));
#14708=DIRECTION('',(0.,-1.,0.));
#14709=DIRECTION('center_axis',(0.,0.,1.));
#14710=DIRECTION('ref_axis',(1.,0.,0.));
#14711=DIRECTION('center_axis',(0.,-1.,0.));
#14712=DIRECTION('ref_axis',(-1.,0.,0.));
#14713=DIRECTION('',(1.,0.,0.));
#14714=DIRECTION('',(0.,0.,-1.));
#14715=DIRECTION('',(-1.,0.,0.));
#14716=DIRECTION('',(0.,0.,-1.));
#14717=DIRECTION('center_axis',(-1.,0.,0.));
#14718=DIRECTION('ref_axis',(0.,1.,0.));
#14719=DIRECTION('',(0.,-1.,0.));
#14720=DIRECTION('',(0.,1.,0.));
#14721=DIRECTION('',(0.,0.,-1.));
#14722=DIRECTION('center_axis',(0.,1.,0.));
#14723=DIRECTION('ref_axis',(1.,0.,0.));
#14724=DIRECTION('',(-1.,0.,0.));
#14725=DIRECTION('',(1.,0.,0.));
#14726=DIRECTION('',(0.,0.,-1.));
#14727=DIRECTION('center_axis',(1.,0.,0.));
#14728=DIRECTION('ref_axis',(0.,-1.,0.));
#14729=DIRECTION('',(0.,1.,0.));
#14730=DIRECTION('',(0.,-1.,0.));
#14731=DIRECTION('center_axis',(0.,0.,1.));
#14732=DIRECTION('ref_axis',(1.,0.,0.));
#14733=DIRECTION('center_axis',(1.,0.,0.));
#14734=DIRECTION('ref_axis',(0.,-1.,0.));
#14735=DIRECTION('',(0.,1.,0.));
#14736=DIRECTION('',(0.,0.,-1.));
#14737=DIRECTION('',(0.,-1.,0.));
#14738=DIRECTION('',(0.,0.,-1.));
#14739=DIRECTION('center_axis',(0.,-1.,0.));
#14740=DIRECTION('ref_axis',(-1.,0.,0.));
#14741=DIRECTION('',(1.,0.,0.));
#14742=DIRECTION('',(-1.,0.,0.));
#14743=DIRECTION('',(0.,0.,-1.));
#14744=DIRECTION('center_axis',(-1.,0.,0.));
#14745=DIRECTION('ref_axis',(0.,1.,0.));
#14746=DIRECTION('',(0.,-1.,0.));
#14747=DIRECTION('',(0.,1.,0.));
#14748=DIRECTION('',(0.,0.,-1.));
#14749=DIRECTION('center_axis',(0.,1.,0.));
#14750=DIRECTION('ref_axis',(1.,0.,0.));
#14751=DIRECTION('',(-1.,0.,0.));
#14752=DIRECTION('',(1.,0.,0.));
#14753=DIRECTION('center_axis',(0.,0.,1.));
#14754=DIRECTION('ref_axis',(1.,0.,0.));
#14755=DIRECTION('center_axis',(0.,-1.,0.));
#14756=DIRECTION('ref_axis',(-1.,0.,0.));
#14757=DIRECTION('',(1.,0.,0.));
#14758=DIRECTION('',(0.,0.,-1.));
#14759=DIRECTION('',(-1.,0.,0.));
#14760=DIRECTION('',(0.,0.,-1.));
#14761=DIRECTION('center_axis',(-1.,0.,0.));
#14762=DIRECTION('ref_axis',(0.,1.,0.));
#14763=DIRECTION('',(0.,-1.,0.));
#14764=DIRECTION('',(0.,1.,0.));
#14765=DIRECTION('',(0.,0.,-1.));
#14766=DIRECTION('center_axis',(0.,1.,0.));
#14767=DIRECTION('ref_axis',(1.,0.,0.));
#14768=DIRECTION('',(-1.,0.,0.));
#14769=DIRECTION('',(1.,0.,0.));
#14770=DIRECTION('',(0.,0.,-1.));
#14771=DIRECTION('center_axis',(1.,0.,0.));
#14772=DIRECTION('ref_axis',(0.,-1.,0.));
#14773=DIRECTION('',(0.,1.,0.));
#14774=DIRECTION('',(0.,-1.,0.));
#14775=DIRECTION('center_axis',(0.,0.,1.));
#14776=DIRECTION('ref_axis',(1.,0.,0.));
#14777=DIRECTION('center_axis',(1.,0.,0.));
#14778=DIRECTION('ref_axis',(0.,-1.,0.));
#14779=DIRECTION('',(0.,1.,0.));
#14780=DIRECTION('',(0.,0.,-1.));
#14781=DIRECTION('',(0.,-1.,0.));
#14782=DIRECTION('',(0.,0.,-1.));
#14783=DIRECTION('center_axis',(0.,-1.,0.));
#14784=DIRECTION('ref_axis',(-1.,0.,0.));
#14785=DIRECTION('',(1.,0.,0.));
#14786=DIRECTION('',(-1.,0.,0.));
#14787=DIRECTION('',(0.,0.,-1.));
#14788=DIRECTION('center_axis',(-1.,0.,0.));
#14789=DIRECTION('ref_axis',(0.,1.,0.));
#14790=DIRECTION('',(0.,-1.,0.));
#14791=DIRECTION('',(0.,1.,0.));
#14792=DIRECTION('',(0.,0.,-1.));
#14793=DIRECTION('center_axis',(0.,1.,0.));
#14794=DIRECTION('ref_axis',(1.,0.,0.));
#14795=DIRECTION('',(-1.,0.,0.));
#14796=DIRECTION('',(1.,0.,0.));
#14797=DIRECTION('center_axis',(0.,0.,1.));
#14798=DIRECTION('ref_axis',(1.,0.,0.));
#14799=DIRECTION('center_axis',(1.,0.,0.));
#14800=DIRECTION('ref_axis',(0.,-1.,0.));
#14801=DIRECTION('',(0.,1.,0.));
#14802=DIRECTION('',(0.,0.,-1.));
#14803=DIRECTION('',(0.,-1.,0.));
#14804=DIRECTION('',(0.,0.,-1.));
#14805=DIRECTION('center_axis',(0.,-1.,0.));
#14806=DIRECTION('ref_axis',(-1.,0.,0.));
#14807=DIRECTION('',(1.,0.,0.));
#14808=DIRECTION('',(-1.,0.,0.));
#14809=DIRECTION('',(0.,0.,-1.));
#14810=DIRECTION('center_axis',(-1.,0.,0.));
#14811=DIRECTION('ref_axis',(0.,1.,0.));
#14812=DIRECTION('',(0.,-1.,0.));
#14813=DIRECTION('',(0.,1.,0.));
#14814=DIRECTION('',(0.,0.,-1.));
#14815=DIRECTION('center_axis',(0.,1.,0.));
#14816=DIRECTION('ref_axis',(1.,0.,0.));
#14817=DIRECTION('',(-1.,0.,0.));
#14818=DIRECTION('',(1.,0.,0.));
#14819=DIRECTION('center_axis',(0.,0.,1.));
#14820=DIRECTION('ref_axis',(1.,0.,0.));
#14821=DIRECTION('center_axis',(0.,1.,0.));
#14822=DIRECTION('ref_axis',(1.,0.,0.));
#14823=DIRECTION('',(1.,0.,0.));
#14824=DIRECTION('',(0.,0.,-1.));
#14825=DIRECTION('',(1.,0.,0.));
#14826=DIRECTION('',(0.,0.,-1.));
#14827=DIRECTION('center_axis',(-1.,0.,0.));
#14828=DIRECTION('ref_axis',(0.,1.,0.));
#14829=DIRECTION('',(0.,1.,0.));
#14830=DIRECTION('',(0.,0.,-1.));
#14831=DIRECTION('',(0.,1.,0.));
#14832=DIRECTION('center_axis',(0.,-1.,0.));
#14833=DIRECTION('ref_axis',(-1.,0.,0.));
#14834=DIRECTION('',(-1.,0.,0.));
#14835=DIRECTION('',(0.,0.,-1.));
#14836=DIRECTION('',(-1.,0.,0.));
#14837=DIRECTION('center_axis',(1.,0.,0.));
#14838=DIRECTION('ref_axis',(0.,-1.,0.));
#14839=DIRECTION('',(0.,-1.,0.));
#14840=DIRECTION('',(0.,-1.,0.));
#14841=DIRECTION('center_axis',(0.,0.,-1.));
#14842=DIRECTION('ref_axis',(-1.,0.,0.));
#14843=DIRECTION('center_axis',(1.,0.,0.));
#14844=DIRECTION('ref_axis',(0.,-1.,0.));
#14845=DIRECTION('',(0.,-1.,0.));
#14846=DIRECTION('',(0.,0.,-1.));
#14847=DIRECTION('',(0.,-1.,0.));
#14848=DIRECTION('',(0.,0.,-1.));
#14849=DIRECTION('center_axis',(0.,1.,0.));
#14850=DIRECTION('ref_axis',(1.,0.,0.));
#14851=DIRECTION('',(1.,0.,0.));
#14852=DIRECTION('',(0.,0.,-1.));
#14853=DIRECTION('',(1.,0.,0.));
#14854=DIRECTION('center_axis',(-1.,0.,0.));
#14855=DIRECTION('ref_axis',(0.,1.,0.));
#14856=DIRECTION('',(0.,1.,0.));
#14857=DIRECTION('',(0.,0.,-1.));
#14858=DIRECTION('',(0.,1.,0.));
#14859=DIRECTION('center_axis',(0.,-1.,0.));
#14860=DIRECTION('ref_axis',(-1.,0.,0.));
#14861=DIRECTION('',(-1.,0.,0.));
#14862=DIRECTION('',(-1.,0.,0.));
#14863=DIRECTION('center_axis',(0.,0.,-1.));
#14864=DIRECTION('ref_axis',(-1.,0.,0.));
#14865=DIRECTION('center_axis',(0.,1.,0.));
#14866=DIRECTION('ref_axis',(1.,0.,0.));
#14867=DIRECTION('',(1.,0.,0.));
#14868=DIRECTION('',(0.,0.,-1.));
#14869=DIRECTION('',(1.,0.,0.));
#14870=DIRECTION('',(0.,0.,-1.));
#14871=DIRECTION('center_axis',(-1.,0.,0.));
#14872=DIRECTION('ref_axis',(0.,1.,0.));
#14873=DIRECTION('',(0.,1.,0.));
#14874=DIRECTION('',(0.,0.,-1.));
#14875=DIRECTION('',(0.,1.,0.));
#14876=DIRECTION('center_axis',(0.,-1.,0.));
#14877=DIRECTION('ref_axis',(-1.,0.,0.));
#14878=DIRECTION('',(-1.,0.,0.));
#14879=DIRECTION('',(0.,0.,-1.));
#14880=DIRECTION('',(-1.,0.,0.));
#14881=DIRECTION('center_axis',(1.,0.,0.));
#14882=DIRECTION('ref_axis',(0.,-1.,0.));
#14883=DIRECTION('',(0.,-1.,0.));
#14884=DIRECTION('',(0.,-1.,0.));
#14885=DIRECTION('center_axis',(0.,0.,-1.));
#14886=DIRECTION('ref_axis',(-1.,0.,0.));
#14887=DIRECTION('center_axis',(1.,0.,0.));
#14888=DIRECTION('ref_axis',(0.,-1.,0.));
#14889=DIRECTION('',(0.,-1.,0.));
#14890=DIRECTION('',(0.,0.,-1.));
#14891=DIRECTION('',(0.,-1.,0.));
#14892=DIRECTION('',(0.,0.,-1.));
#14893=DIRECTION('center_axis',(0.,1.,0.));
#14894=DIRECTION('ref_axis',(1.,0.,0.));
#14895=DIRECTION('',(1.,0.,0.));
#14896=DIRECTION('',(0.,0.,-1.));
#14897=DIRECTION('',(1.,0.,0.));
#14898=DIRECTION('center_axis',(-1.,0.,0.));
#14899=DIRECTION('ref_axis',(0.,1.,0.));
#14900=DIRECTION('',(0.,1.,0.));
#14901=DIRECTION('',(0.,0.,-1.));
#14902=DIRECTION('',(0.,1.,0.));
#14903=DIRECTION('center_axis',(0.,-1.,0.));
#14904=DIRECTION('ref_axis',(-1.,0.,0.));
#14905=DIRECTION('',(-1.,0.,0.));
#14906=DIRECTION('',(-1.,0.,0.));
#14907=DIRECTION('center_axis',(0.,0.,-1.));
#14908=DIRECTION('ref_axis',(-1.,0.,0.));
#14909=DIRECTION('center_axis',(0.,1.,0.));
#14910=DIRECTION('ref_axis',(1.,0.,0.));
#14911=DIRECTION('',(1.,0.,0.));
#14912=DIRECTION('',(0.,0.,-1.));
#14913=DIRECTION('',(1.,0.,0.));
#14914=DIRECTION('',(0.,0.,-1.));
#14915=DIRECTION('center_axis',(-1.,0.,0.));
#14916=DIRECTION('ref_axis',(0.,1.,0.));
#14917=DIRECTION('',(0.,1.,0.));
#14918=DIRECTION('',(0.,0.,-1.));
#14919=DIRECTION('',(0.,1.,0.));
#14920=DIRECTION('center_axis',(0.,-1.,0.));
#14921=DIRECTION('ref_axis',(-1.,0.,0.));
#14922=DIRECTION('',(-1.,0.,0.));
#14923=DIRECTION('',(0.,0.,-1.));
#14924=DIRECTION('',(-1.,0.,0.));
#14925=DIRECTION('center_axis',(1.,0.,0.));
#14926=DIRECTION('ref_axis',(0.,-1.,0.));
#14927=DIRECTION('',(0.,-1.,0.));
#14928=DIRECTION('',(0.,-1.,0.));
#14929=DIRECTION('center_axis',(0.,0.,-1.));
#14930=DIRECTION('ref_axis',(-1.,0.,0.));
#14931=DIRECTION('center_axis',(1.,0.,0.));
#14932=DIRECTION('ref_axis',(0.,-1.,0.));
#14933=DIRECTION('',(0.,-1.,0.));
#14934=DIRECTION('',(0.,0.,-1.));
#14935=DIRECTION('',(0.,-1.,0.));
#14936=DIRECTION('',(0.,0.,-1.));
#14937=DIRECTION('center_axis',(0.,1.,0.));
#14938=DIRECTION('ref_axis',(1.,0.,0.));
#14939=DIRECTION('',(1.,0.,0.));
#14940=DIRECTION('',(0.,0.,-1.));
#14941=DIRECTION('',(1.,0.,0.));
#14942=DIRECTION('center_axis',(-1.,0.,0.));
#14943=DIRECTION('ref_axis',(0.,1.,0.));
#14944=DIRECTION('',(0.,1.,0.));
#14945=DIRECTION('',(0.,0.,-1.));
#14946=DIRECTION('',(0.,1.,0.));
#14947=DIRECTION('center_axis',(0.,-1.,0.));
#14948=DIRECTION('ref_axis',(-1.,0.,0.));
#14949=DIRECTION('',(-1.,0.,0.));
#14950=DIRECTION('',(-1.,0.,0.));
#14951=DIRECTION('center_axis',(0.,0.,-1.));
#14952=DIRECTION('ref_axis',(-1.,0.,0.));
#14953=DIRECTION('center_axis',(0.,1.,0.));
#14954=DIRECTION('ref_axis',(1.,0.,0.));
#14955=DIRECTION('',(1.,0.,0.));
#14956=DIRECTION('',(0.,0.,-1.));
#14957=DIRECTION('',(1.,0.,0.));
#14958=DIRECTION('',(0.,0.,-1.));
#14959=DIRECTION('center_axis',(-1.,0.,0.));
#14960=DIRECTION('ref_axis',(0.,1.,0.));
#14961=DIRECTION('',(0.,1.,0.));
#14962=DIRECTION('',(0.,0.,-1.));
#14963=DIRECTION('',(0.,1.,0.));
#14964=DIRECTION('center_axis',(0.,-1.,0.));
#14965=DIRECTION('ref_axis',(-1.,0.,0.));
#14966=DIRECTION('',(-1.,0.,0.));
#14967=DIRECTION('',(0.,0.,-1.));
#14968=DIRECTION('',(-1.,0.,0.));
#14969=DIRECTION('center_axis',(1.,0.,0.));
#14970=DIRECTION('ref_axis',(0.,-1.,0.));
#14971=DIRECTION('',(0.,-1.,0.));
#14972=DIRECTION('',(0.,-1.,0.));
#14973=DIRECTION('center_axis',(0.,0.,-1.));
#14974=DIRECTION('ref_axis',(-1.,0.,0.));
#14975=DIRECTION('center_axis',(1.,0.,0.));
#14976=DIRECTION('ref_axis',(0.,-1.,0.));
#14977=DIRECTION('',(0.,-1.,0.));
#14978=DIRECTION('',(0.,0.,-1.));
#14979=DIRECTION('',(0.,-1.,0.));
#14980=DIRECTION('',(0.,0.,-1.));
#14981=DIRECTION('center_axis',(0.,1.,0.));
#14982=DIRECTION('ref_axis',(1.,0.,0.));
#14983=DIRECTION('',(1.,0.,0.));
#14984=DIRECTION('',(0.,0.,-1.));
#14985=DIRECTION('',(1.,0.,0.));
#14986=DIRECTION('center_axis',(-1.,0.,0.));
#14987=DIRECTION('ref_axis',(0.,1.,0.));
#14988=DIRECTION('',(0.,1.,0.));
#14989=DIRECTION('',(0.,0.,-1.));
#14990=DIRECTION('',(0.,1.,0.));
#14991=DIRECTION('center_axis',(0.,-1.,0.));
#14992=DIRECTION('ref_axis',(-1.,0.,0.));
#14993=DIRECTION('',(-1.,0.,0.));
#14994=DIRECTION('',(-1.,0.,0.));
#14995=DIRECTION('center_axis',(0.,0.,-1.));
#14996=DIRECTION('ref_axis',(-1.,0.,0.));
#14997=DIRECTION('center_axis',(0.,1.,0.));
#14998=DIRECTION('ref_axis',(1.,0.,0.));
#14999=DIRECTION('',(1.,0.,0.));
#15000=DIRECTION('',(0.,0.,-1.));
#15001=DIRECTION('',(1.,0.,0.));
#15002=DIRECTION('',(0.,0.,-1.));
#15003=DIRECTION('center_axis',(-1.,0.,0.));
#15004=DIRECTION('ref_axis',(0.,1.,0.));
#15005=DIRECTION('',(0.,1.,0.));
#15006=DIRECTION('',(0.,0.,-1.));
#15007=DIRECTION('',(0.,1.,0.));
#15008=DIRECTION('center_axis',(0.,-1.,0.));
#15009=DIRECTION('ref_axis',(-1.,0.,0.));
#15010=DIRECTION('',(-1.,0.,0.));
#15011=DIRECTION('',(0.,0.,-1.));
#15012=DIRECTION('',(-1.,0.,0.));
#15013=DIRECTION('center_axis',(1.,0.,0.));
#15014=DIRECTION('ref_axis',(0.,-1.,0.));
#15015=DIRECTION('',(0.,-1.,0.));
#15016=DIRECTION('',(0.,-1.,0.));
#15017=DIRECTION('center_axis',(0.,0.,-1.));
#15018=DIRECTION('ref_axis',(-1.,0.,0.));
#15019=DIRECTION('center_axis',(1.,0.,0.));
#15020=DIRECTION('ref_axis',(0.,-1.,0.));
#15021=DIRECTION('',(0.,-1.,0.));
#15022=DIRECTION('',(0.,0.,-1.));
#15023=DIRECTION('',(0.,-1.,0.));
#15024=DIRECTION('',(0.,0.,-1.));
#15025=DIRECTION('center_axis',(0.,1.,0.));
#15026=DIRECTION('ref_axis',(1.,0.,0.));
#15027=DIRECTION('',(1.,0.,0.));
#15028=DIRECTION('',(0.,0.,-1.));
#15029=DIRECTION('',(1.,0.,0.));
#15030=DIRECTION('center_axis',(-1.,0.,0.));
#15031=DIRECTION('ref_axis',(0.,1.,0.));
#15032=DIRECTION('',(0.,1.,0.));
#15033=DIRECTION('',(0.,0.,-1.));
#15034=DIRECTION('',(0.,1.,0.));
#15035=DIRECTION('center_axis',(0.,-1.,0.));
#15036=DIRECTION('ref_axis',(-1.,0.,0.));
#15037=DIRECTION('',(-1.,0.,0.));
#15038=DIRECTION('',(-1.,0.,0.));
#15039=DIRECTION('center_axis',(0.,0.,-1.));
#15040=DIRECTION('ref_axis',(-1.,0.,0.));
#15041=DIRECTION('center_axis',(0.,1.,0.));
#15042=DIRECTION('ref_axis',(1.,0.,0.));
#15043=DIRECTION('',(1.,0.,0.));
#15044=DIRECTION('',(0.,0.,-1.));
#15045=DIRECTION('',(1.,0.,0.));
#15046=DIRECTION('',(0.,0.,-1.));
#15047=DIRECTION('center_axis',(-1.,0.,0.));
#15048=DIRECTION('ref_axis',(0.,1.,0.));
#15049=DIRECTION('',(0.,1.,0.));
#15050=DIRECTION('',(0.,0.,-1.));
#15051=DIRECTION('',(0.,1.,0.));
#15052=DIRECTION('center_axis',(0.,-1.,0.));
#15053=DIRECTION('ref_axis',(-1.,0.,0.));
#15054=DIRECTION('',(-1.,0.,0.));
#15055=DIRECTION('',(0.,0.,-1.));
#15056=DIRECTION('',(-1.,0.,0.));
#15057=DIRECTION('center_axis',(1.,0.,0.));
#15058=DIRECTION('ref_axis',(0.,-1.,0.));
#15059=DIRECTION('',(0.,-1.,0.));
#15060=DIRECTION('',(0.,-1.,0.));
#15061=DIRECTION('center_axis',(0.,0.,-1.));
#15062=DIRECTION('ref_axis',(-1.,0.,0.));
#15063=DIRECTION('center_axis',(1.,0.,0.));
#15064=DIRECTION('ref_axis',(0.,-1.,0.));
#15065=DIRECTION('',(0.,-1.,0.));
#15066=DIRECTION('',(0.,0.,-1.));
#15067=DIRECTION('',(0.,-1.,0.));
#15068=DIRECTION('',(0.,0.,-1.));
#15069=DIRECTION('center_axis',(0.,1.,0.));
#15070=DIRECTION('ref_axis',(1.,0.,0.));
#15071=DIRECTION('',(1.,0.,0.));
#15072=DIRECTION('',(0.,0.,-1.));
#15073=DIRECTION('',(1.,0.,0.));
#15074=DIRECTION('center_axis',(-1.,0.,0.));
#15075=DIRECTION('ref_axis',(0.,1.,0.));
#15076=DIRECTION('',(0.,1.,0.));
#15077=DIRECTION('',(0.,0.,-1.));
#15078=DIRECTION('',(0.,1.,0.));
#15079=DIRECTION('center_axis',(0.,-1.,0.));
#15080=DIRECTION('ref_axis',(-1.,0.,0.));
#15081=DIRECTION('',(-1.,0.,0.));
#15082=DIRECTION('',(-1.,0.,0.));
#15083=DIRECTION('center_axis',(0.,0.,-1.));
#15084=DIRECTION('ref_axis',(-1.,0.,0.));
#15085=DIRECTION('center_axis',(1.,0.,0.));
#15086=DIRECTION('ref_axis',(0.,-1.,0.));
#15087=DIRECTION('',(0.,-1.,0.));
#15088=DIRECTION('',(0.,0.,-1.));
#15089=DIRECTION('',(0.,-1.,0.));
#15090=DIRECTION('',(0.,0.,-1.));
#15091=DIRECTION('center_axis',(0.,1.,0.));
#15092=DIRECTION('ref_axis',(1.,0.,0.));
#15093=DIRECTION('',(1.,0.,0.));
#15094=DIRECTION('',(0.,0.,-1.));
#15095=DIRECTION('',(1.,0.,0.));
#15096=DIRECTION('center_axis',(-1.,0.,0.));
#15097=DIRECTION('ref_axis',(0.,1.,0.));
#15098=DIRECTION('',(0.,1.,0.));
#15099=DIRECTION('',(0.,0.,-1.));
#15100=DIRECTION('',(0.,1.,0.));
#15101=DIRECTION('center_axis',(0.,-1.,0.));
#15102=DIRECTION('ref_axis',(-1.,0.,0.));
#15103=DIRECTION('',(-1.,0.,0.));
#15104=DIRECTION('',(-1.,0.,0.));
#15105=DIRECTION('center_axis',(0.,0.,-1.));
#15106=DIRECTION('ref_axis',(-1.,0.,0.));
#15107=DIRECTION('center_axis',(0.,1.,0.));
#15108=DIRECTION('ref_axis',(1.,0.,0.));
#15109=DIRECTION('',(1.,0.,0.));
#15110=DIRECTION('',(0.,0.,-1.));
#15111=DIRECTION('',(1.,0.,0.));
#15112=DIRECTION('',(0.,0.,-1.));
#15113=DIRECTION('center_axis',(-1.,0.,0.));
#15114=DIRECTION('ref_axis',(0.,1.,0.));
#15115=DIRECTION('',(0.,1.,0.));
#15116=DIRECTION('',(0.,0.,-1.));
#15117=DIRECTION('',(0.,1.,0.));
#15118=DIRECTION('center_axis',(0.,-1.,0.));
#15119=DIRECTION('ref_axis',(-1.,0.,0.));
#15120=DIRECTION('',(-1.,0.,0.));
#15121=DIRECTION('',(0.,0.,-1.));
#15122=DIRECTION('',(-1.,0.,0.));
#15123=DIRECTION('center_axis',(1.,0.,0.));
#15124=DIRECTION('ref_axis',(0.,-1.,0.));
#15125=DIRECTION('',(0.,-1.,0.));
#15126=DIRECTION('',(0.,-1.,0.));
#15127=DIRECTION('center_axis',(0.,0.,-1.));
#15128=DIRECTION('ref_axis',(-1.,0.,0.));
#15129=DIRECTION('center_axis',(0.,-1.,0.));
#15130=DIRECTION('ref_axis',(-1.,0.,0.));
#15131=DIRECTION('',(1.,0.,0.));
#15132=DIRECTION('',(0.,0.,-1.));
#15133=DIRECTION('',(-1.,0.,0.));
#15134=DIRECTION('',(0.,0.,-1.));
#15135=DIRECTION('center_axis',(-1.,0.,0.));
#15136=DIRECTION('ref_axis',(0.,1.,0.));
#15137=DIRECTION('',(0.,-1.,0.));
#15138=DIRECTION('',(0.,1.,0.));
#15139=DIRECTION('',(0.,0.,-1.));
#15140=DIRECTION('center_axis',(0.,1.,0.));
#15141=DIRECTION('ref_axis',(1.,0.,0.));
#15142=DIRECTION('',(-1.,0.,0.));
#15143=DIRECTION('',(1.,0.,0.));
#15144=DIRECTION('',(0.,0.,-1.));
#15145=DIRECTION('center_axis',(1.,0.,0.));
#15146=DIRECTION('ref_axis',(0.,-1.,0.));
#15147=DIRECTION('',(0.,1.,0.));
#15148=DIRECTION('',(0.,-1.,0.));
#15149=DIRECTION('center_axis',(0.,0.,1.));
#15150=DIRECTION('ref_axis',(1.,0.,0.));
#15151=DIRECTION('center_axis',(0.,-1.,0.));
#15152=DIRECTION('ref_axis',(-1.,0.,0.));
#15153=DIRECTION('',(1.,0.,0.));
#15154=DIRECTION('',(0.,0.,-1.));
#15155=DIRECTION('',(-1.,0.,0.));
#15156=DIRECTION('',(0.,0.,-1.));
#15157=DIRECTION('center_axis',(-1.,0.,0.));
#15158=DIRECTION('ref_axis',(0.,1.,0.));
#15159=DIRECTION('',(0.,-1.,0.));
#15160=DIRECTION('',(0.,1.,0.));
#15161=DIRECTION('',(0.,0.,-1.));
#15162=DIRECTION('center_axis',(0.,1.,0.));
#15163=DIRECTION('ref_axis',(1.,0.,0.));
#15164=DIRECTION('',(-1.,0.,0.));
#15165=DIRECTION('',(1.,0.,0.));
#15166=DIRECTION('',(0.,0.,-1.));
#15167=DIRECTION('center_axis',(1.,0.,0.));
#15168=DIRECTION('ref_axis',(0.,-1.,0.));
#15169=DIRECTION('',(0.,1.,0.));
#15170=DIRECTION('',(0.,-1.,0.));
#15171=DIRECTION('center_axis',(0.,0.,1.));
#15172=DIRECTION('ref_axis',(1.,0.,0.));
#15173=DIRECTION('center_axis',(1.,0.,0.));
#15174=DIRECTION('ref_axis',(0.,-1.,0.));
#15175=DIRECTION('',(0.,1.,0.));
#15176=DIRECTION('',(0.,0.,-1.));
#15177=DIRECTION('',(0.,-1.,0.));
#15178=DIRECTION('',(0.,0.,-1.));
#15179=DIRECTION('center_axis',(0.,-1.,0.));
#15180=DIRECTION('ref_axis',(-1.,0.,0.));
#15181=DIRECTION('',(1.,0.,0.));
#15182=DIRECTION('',(-1.,0.,0.));
#15183=DIRECTION('',(0.,0.,-1.));
#15184=DIRECTION('center_axis',(-1.,0.,0.));
#15185=DIRECTION('ref_axis',(0.,1.,0.));
#15186=DIRECTION('',(0.,-1.,0.));
#15187=DIRECTION('',(0.,1.,0.));
#15188=DIRECTION('',(0.,0.,-1.));
#15189=DIRECTION('center_axis',(0.,1.,0.));
#15190=DIRECTION('ref_axis',(1.,0.,0.));
#15191=DIRECTION('',(-1.,0.,0.));
#15192=DIRECTION('',(1.,0.,0.));
#15193=DIRECTION('center_axis',(0.,0.,1.));
#15194=DIRECTION('ref_axis',(1.,0.,0.));
#15195=DIRECTION('center_axis',(1.,0.,0.));
#15196=DIRECTION('ref_axis',(0.,-1.,0.));
#15197=DIRECTION('',(0.,1.,0.));
#15198=DIRECTION('',(0.,0.,-1.));
#15199=DIRECTION('',(0.,-1.,0.));
#15200=DIRECTION('',(0.,0.,-1.));
#15201=DIRECTION('center_axis',(0.,-1.,0.));
#15202=DIRECTION('ref_axis',(-1.,0.,0.));
#15203=DIRECTION('',(1.,0.,0.));
#15204=DIRECTION('',(-1.,0.,0.));
#15205=DIRECTION('',(0.,0.,-1.));
#15206=DIRECTION('center_axis',(-1.,0.,0.));
#15207=DIRECTION('ref_axis',(0.,1.,0.));
#15208=DIRECTION('',(0.,-1.,0.));
#15209=DIRECTION('',(0.,1.,0.));
#15210=DIRECTION('',(0.,0.,-1.));
#15211=DIRECTION('center_axis',(0.,1.,0.));
#15212=DIRECTION('ref_axis',(1.,0.,0.));
#15213=DIRECTION('',(-1.,0.,0.));
#15214=DIRECTION('',(1.,0.,0.));
#15215=DIRECTION('center_axis',(0.,0.,1.));
#15216=DIRECTION('ref_axis',(1.,0.,0.));
#15217=DIRECTION('center_axis',(1.,0.,0.));
#15218=DIRECTION('ref_axis',(0.,-1.,0.));
#15219=DIRECTION('',(0.,1.,0.));
#15220=DIRECTION('',(0.,0.,-1.));
#15221=DIRECTION('',(0.,-1.,0.));
#15222=DIRECTION('',(0.,0.,-1.));
#15223=DIRECTION('center_axis',(0.,-1.,0.));
#15224=DIRECTION('ref_axis',(-1.,0.,0.));
#15225=DIRECTION('',(1.,0.,0.));
#15226=DIRECTION('',(-1.,0.,0.));
#15227=DIRECTION('',(0.,0.,-1.));
#15228=DIRECTION('center_axis',(-1.,0.,0.));
#15229=DIRECTION('ref_axis',(0.,1.,0.));
#15230=DIRECTION('',(0.,-1.,0.));
#15231=DIRECTION('',(0.,1.,0.));
#15232=DIRECTION('',(0.,0.,-1.));
#15233=DIRECTION('center_axis',(0.,1.,0.));
#15234=DIRECTION('ref_axis',(1.,0.,0.));
#15235=DIRECTION('',(-1.,0.,0.));
#15236=DIRECTION('',(1.,0.,0.));
#15237=DIRECTION('center_axis',(0.,0.,1.));
#15238=DIRECTION('ref_axis',(1.,0.,0.));
#15239=DIRECTION('center_axis',(1.,0.,0.));
#15240=DIRECTION('ref_axis',(0.,-1.,0.));
#15241=DIRECTION('',(0.,1.,0.));
#15242=DIRECTION('',(0.,0.,-1.));
#15243=DIRECTION('',(0.,-1.,0.));
#15244=DIRECTION('',(0.,0.,-1.));
#15245=DIRECTION('center_axis',(0.,-1.,0.));
#15246=DIRECTION('ref_axis',(-1.,0.,0.));
#15247=DIRECTION('',(1.,0.,0.));
#15248=DIRECTION('',(-1.,0.,0.));
#15249=DIRECTION('',(0.,0.,-1.));
#15250=DIRECTION('center_axis',(-1.,0.,0.));
#15251=DIRECTION('ref_axis',(0.,1.,0.));
#15252=DIRECTION('',(0.,-1.,0.));
#15253=DIRECTION('',(0.,1.,0.));
#15254=DIRECTION('',(0.,0.,-1.));
#15255=DIRECTION('center_axis',(0.,1.,0.));
#15256=DIRECTION('ref_axis',(1.,0.,0.));
#15257=DIRECTION('',(-1.,0.,0.));
#15258=DIRECTION('',(1.,0.,0.));
#15259=DIRECTION('center_axis',(0.,0.,1.));
#15260=DIRECTION('ref_axis',(1.,0.,0.));
#15261=DIRECTION('center_axis',(0.,-1.,0.));
#15262=DIRECTION('ref_axis',(-1.,0.,0.));
#15263=DIRECTION('',(1.,0.,0.));
#15264=DIRECTION('',(0.,0.,-1.));
#15265=DIRECTION('',(-1.,0.,0.));
#15266=DIRECTION('',(0.,0.,-1.));
#15267=DIRECTION('center_axis',(-1.,0.,0.));
#15268=DIRECTION('ref_axis',(0.,1.,0.));
#15269=DIRECTION('',(0.,-1.,0.));
#15270=DIRECTION('',(0.,1.,0.));
#15271=DIRECTION('',(0.,0.,-1.));
#15272=DIRECTION('center_axis',(0.,1.,0.));
#15273=DIRECTION('ref_axis',(1.,0.,0.));
#15274=DIRECTION('',(-1.,0.,0.));
#15275=DIRECTION('',(1.,0.,0.));
#15276=DIRECTION('',(0.,0.,-1.));
#15277=DIRECTION('center_axis',(1.,0.,0.));
#15278=DIRECTION('ref_axis',(0.,-1.,0.));
#15279=DIRECTION('',(0.,1.,0.));
#15280=DIRECTION('',(0.,-1.,0.));
#15281=DIRECTION('center_axis',(0.,0.,1.));
#15282=DIRECTION('ref_axis',(1.,0.,0.));
#15283=DIRECTION('center_axis',(0.,-1.,0.));
#15284=DIRECTION('ref_axis',(-1.,0.,0.));
#15285=DIRECTION('',(1.,0.,0.));
#15286=DIRECTION('',(0.,0.,-1.));
#15287=DIRECTION('',(-1.,0.,0.));
#15288=DIRECTION('',(0.,0.,-1.));
#15289=DIRECTION('center_axis',(-1.,0.,0.));
#15290=DIRECTION('ref_axis',(0.,1.,0.));
#15291=DIRECTION('',(0.,-1.,0.));
#15292=DIRECTION('',(0.,1.,0.));
#15293=DIRECTION('',(0.,0.,-1.));
#15294=DIRECTION('center_axis',(0.,1.,0.));
#15295=DIRECTION('ref_axis',(1.,0.,0.));
#15296=DIRECTION('',(-1.,0.,0.));
#15297=DIRECTION('',(1.,0.,0.));
#15298=DIRECTION('',(0.,0.,-1.));
#15299=DIRECTION('center_axis',(1.,0.,0.));
#15300=DIRECTION('ref_axis',(0.,-1.,0.));
#15301=DIRECTION('',(0.,1.,0.));
#15302=DIRECTION('',(0.,-1.,0.));
#15303=DIRECTION('center_axis',(0.,0.,1.));
#15304=DIRECTION('ref_axis',(1.,0.,0.));
#15305=DIRECTION('center_axis',(0.,-1.,0.));
#15306=DIRECTION('ref_axis',(-1.,0.,0.));
#15307=DIRECTION('',(1.,0.,0.));
#15308=DIRECTION('',(0.,0.,-1.));
#15309=DIRECTION('',(-1.,0.,0.));
#15310=DIRECTION('',(0.,0.,-1.));
#15311=DIRECTION('center_axis',(-1.,0.,0.));
#15312=DIRECTION('ref_axis',(0.,1.,0.));
#15313=DIRECTION('',(0.,-1.,0.));
#15314=DIRECTION('',(0.,1.,0.));
#15315=DIRECTION('',(0.,0.,-1.));
#15316=DIRECTION('center_axis',(0.,1.,0.));
#15317=DIRECTION('ref_axis',(1.,0.,0.));
#15318=DIRECTION('',(-1.,0.,0.));
#15319=DIRECTION('',(1.,0.,0.));
#15320=DIRECTION('',(0.,0.,-1.));
#15321=DIRECTION('center_axis',(1.,0.,0.));
#15322=DIRECTION('ref_axis',(0.,-1.,0.));
#15323=DIRECTION('',(0.,1.,0.));
#15324=DIRECTION('',(0.,-1.,0.));
#15325=DIRECTION('center_axis',(0.,0.,1.));
#15326=DIRECTION('ref_axis',(1.,0.,0.));
#15327=DIRECTION('center_axis',(0.,-1.,0.));
#15328=DIRECTION('ref_axis',(-1.,0.,0.));
#15329=DIRECTION('',(1.,0.,0.));
#15330=DIRECTION('',(0.,0.,-1.));
#15331=DIRECTION('',(-1.,0.,0.));
#15332=DIRECTION('',(0.,0.,-1.));
#15333=DIRECTION('center_axis',(-1.,0.,0.));
#15334=DIRECTION('ref_axis',(0.,1.,0.));
#15335=DIRECTION('',(0.,-1.,0.));
#15336=DIRECTION('',(0.,1.,0.));
#15337=DIRECTION('',(0.,0.,-1.));
#15338=DIRECTION('center_axis',(0.,1.,0.));
#15339=DIRECTION('ref_axis',(1.,0.,0.));
#15340=DIRECTION('',(-1.,0.,0.));
#15341=DIRECTION('',(1.,0.,0.));
#15342=DIRECTION('',(0.,0.,-1.));
#15343=DIRECTION('center_axis',(1.,0.,0.));
#15344=DIRECTION('ref_axis',(0.,-1.,0.));
#15345=DIRECTION('',(0.,1.,0.));
#15346=DIRECTION('',(0.,-1.,0.));
#15347=DIRECTION('center_axis',(0.,0.,1.));
#15348=DIRECTION('ref_axis',(1.,0.,0.));
#15349=DIRECTION('center_axis',(1.,0.,0.));
#15350=DIRECTION('ref_axis',(0.,-1.,0.));
#15351=DIRECTION('',(0.,1.,0.));
#15352=DIRECTION('',(0.,0.,-1.));
#15353=DIRECTION('',(0.,-1.,0.));
#15354=DIRECTION('',(0.,0.,-1.));
#15355=DIRECTION('center_axis',(0.,-1.,0.));
#15356=DIRECTION('ref_axis',(-1.,0.,0.));
#15357=DIRECTION('',(1.,0.,0.));
#15358=DIRECTION('',(-1.,0.,0.));
#15359=DIRECTION('',(0.,0.,-1.));
#15360=DIRECTION('center_axis',(-1.,0.,0.));
#15361=DIRECTION('ref_axis',(0.,1.,0.));
#15362=DIRECTION('',(0.,-1.,0.));
#15363=DIRECTION('',(0.,1.,0.));
#15364=DIRECTION('',(0.,0.,-1.));
#15365=DIRECTION('center_axis',(0.,1.,0.));
#15366=DIRECTION('ref_axis',(1.,0.,0.));
#15367=DIRECTION('',(-1.,0.,0.));
#15368=DIRECTION('',(1.,0.,0.));
#15369=DIRECTION('center_axis',(0.,0.,1.));
#15370=DIRECTION('ref_axis',(1.,0.,0.));
#15371=DIRECTION('center_axis',(1.,0.,0.));
#15372=DIRECTION('ref_axis',(0.,-1.,0.));
#15373=DIRECTION('',(0.,1.,0.));
#15374=DIRECTION('',(0.,0.,-1.));
#15375=DIRECTION('',(0.,-1.,0.));
#15376=DIRECTION('',(0.,0.,-1.));
#15377=DIRECTION('center_axis',(0.,-1.,0.));
#15378=DIRECTION('ref_axis',(-1.,0.,0.));
#15379=DIRECTION('',(1.,0.,0.));
#15380=DIRECTION('',(-1.,0.,0.));
#15381=DIRECTION('',(0.,0.,-1.));
#15382=DIRECTION('center_axis',(-1.,0.,0.));
#15383=DIRECTION('ref_axis',(0.,1.,0.));
#15384=DIRECTION('',(0.,-1.,0.));
#15385=DIRECTION('',(0.,1.,0.));
#15386=DIRECTION('',(0.,0.,-1.));
#15387=DIRECTION('center_axis',(0.,1.,0.));
#15388=DIRECTION('ref_axis',(1.,0.,0.));
#15389=DIRECTION('',(-1.,0.,0.));
#15390=DIRECTION('',(1.,0.,0.));
#15391=DIRECTION('center_axis',(0.,0.,1.));
#15392=DIRECTION('ref_axis',(1.,0.,0.));
#15393=DIRECTION('center_axis',(1.,0.,0.));
#15394=DIRECTION('ref_axis',(0.,-1.,0.));
#15395=DIRECTION('',(0.,1.,0.));
#15396=DIRECTION('',(0.,0.,-1.));
#15397=DIRECTION('',(0.,-1.,0.));
#15398=DIRECTION('',(0.,0.,-1.));
#15399=DIRECTION('center_axis',(0.,-1.,0.));
#15400=DIRECTION('ref_axis',(-1.,0.,0.));
#15401=DIRECTION('',(1.,0.,0.));
#15402=DIRECTION('',(-1.,0.,0.));
#15403=DIRECTION('',(0.,0.,-1.));
#15404=DIRECTION('center_axis',(-1.,0.,0.));
#15405=DIRECTION('ref_axis',(0.,1.,0.));
#15406=DIRECTION('',(0.,-1.,0.));
#15407=DIRECTION('',(0.,1.,0.));
#15408=DIRECTION('',(0.,0.,-1.));
#15409=DIRECTION('center_axis',(0.,1.,0.));
#15410=DIRECTION('ref_axis',(1.,0.,0.));
#15411=DIRECTION('',(-1.,0.,0.));
#15412=DIRECTION('',(1.,0.,0.));
#15413=DIRECTION('center_axis',(0.,0.,1.));
#15414=DIRECTION('ref_axis',(1.,0.,0.));
#15415=DIRECTION('center_axis',(0.,-1.,0.));
#15416=DIRECTION('ref_axis',(-1.,0.,0.));
#15417=DIRECTION('',(1.,0.,0.));
#15418=DIRECTION('',(0.,0.,-1.));
#15419=DIRECTION('',(-1.,0.,0.));
#15420=DIRECTION('',(0.,0.,-1.));
#15421=DIRECTION('center_axis',(-1.,0.,0.));
#15422=DIRECTION('ref_axis',(0.,1.,0.));
#15423=DIRECTION('',(0.,-1.,0.));
#15424=DIRECTION('',(0.,1.,0.));
#15425=DIRECTION('',(0.,0.,-1.));
#15426=DIRECTION('center_axis',(0.,1.,0.));
#15427=DIRECTION('ref_axis',(1.,0.,0.));
#15428=DIRECTION('',(-1.,0.,0.));
#15429=DIRECTION('',(1.,0.,0.));
#15430=DIRECTION('',(0.,0.,-1.));
#15431=DIRECTION('center_axis',(1.,0.,0.));
#15432=DIRECTION('ref_axis',(0.,-1.,0.));
#15433=DIRECTION('',(0.,1.,0.));
#15434=DIRECTION('',(0.,-1.,0.));
#15435=DIRECTION('center_axis',(0.,0.,1.));
#15436=DIRECTION('ref_axis',(1.,0.,0.));
#15437=DIRECTION('center_axis',(0.,-1.,0.));
#15438=DIRECTION('ref_axis',(-1.,0.,0.));
#15439=DIRECTION('',(1.,0.,0.));
#15440=DIRECTION('',(0.,0.,-1.));
#15441=DIRECTION('',(-1.,0.,0.));
#15442=DIRECTION('',(0.,0.,-1.));
#15443=DIRECTION('center_axis',(-1.,0.,0.));
#15444=DIRECTION('ref_axis',(0.,1.,0.));
#15445=DIRECTION('',(0.,-1.,0.));
#15446=DIRECTION('',(0.,1.,0.));
#15447=DIRECTION('',(0.,0.,-1.));
#15448=DIRECTION('center_axis',(0.,1.,0.));
#15449=DIRECTION('ref_axis',(1.,0.,0.));
#15450=DIRECTION('',(-1.,0.,0.));
#15451=DIRECTION('',(1.,0.,0.));
#15452=DIRECTION('',(0.,0.,-1.));
#15453=DIRECTION('center_axis',(1.,0.,0.));
#15454=DIRECTION('ref_axis',(0.,-1.,0.));
#15455=DIRECTION('',(0.,1.,0.));
#15456=DIRECTION('',(0.,-1.,0.));
#15457=DIRECTION('center_axis',(0.,0.,1.));
#15458=DIRECTION('ref_axis',(1.,0.,0.));
#15459=DIRECTION('center_axis',(0.,-1.,0.));
#15460=DIRECTION('ref_axis',(-1.,0.,0.));
#15461=DIRECTION('',(1.,0.,0.));
#15462=DIRECTION('',(0.,0.,-1.));
#15463=DIRECTION('',(-1.,0.,0.));
#15464=DIRECTION('',(0.,0.,-1.));
#15465=DIRECTION('center_axis',(-1.,0.,0.));
#15466=DIRECTION('ref_axis',(0.,1.,0.));
#15467=DIRECTION('',(0.,-1.,0.));
#15468=DIRECTION('',(0.,1.,0.));
#15469=DIRECTION('',(0.,0.,-1.));
#15470=DIRECTION('center_axis',(0.,1.,0.));
#15471=DIRECTION('ref_axis',(1.,0.,0.));
#15472=DIRECTION('',(-1.,0.,0.));
#15473=DIRECTION('',(1.,0.,0.));
#15474=DIRECTION('',(0.,0.,-1.));
#15475=DIRECTION('center_axis',(1.,0.,0.));
#15476=DIRECTION('ref_axis',(0.,-1.,0.));
#15477=DIRECTION('',(0.,1.,0.));
#15478=DIRECTION('',(0.,-1.,0.));
#15479=DIRECTION('center_axis',(0.,0.,1.));
#15480=DIRECTION('ref_axis',(1.,0.,0.));
#15481=DIRECTION('center_axis',(1.,0.,0.));
#15482=DIRECTION('ref_axis',(0.,-1.,0.));
#15483=DIRECTION('',(0.,1.,0.));
#15484=DIRECTION('',(0.,0.,-1.));
#15485=DIRECTION('',(0.,-1.,0.));
#15486=DIRECTION('',(0.,0.,-1.));
#15487=DIRECTION('center_axis',(0.,-1.,0.));
#15488=DIRECTION('ref_axis',(-1.,0.,0.));
#15489=DIRECTION('',(1.,0.,0.));
#15490=DIRECTION('',(-1.,0.,0.));
#15491=DIRECTION('',(0.,0.,-1.));
#15492=DIRECTION('center_axis',(-1.,0.,0.));
#15493=DIRECTION('ref_axis',(0.,1.,0.));
#15494=DIRECTION('',(0.,-1.,0.));
#15495=DIRECTION('',(0.,1.,0.));
#15496=DIRECTION('',(0.,0.,-1.));
#15497=DIRECTION('center_axis',(0.,1.,0.));
#15498=DIRECTION('ref_axis',(1.,0.,0.));
#15499=DIRECTION('',(-1.,0.,0.));
#15500=DIRECTION('',(1.,0.,0.));
#15501=DIRECTION('center_axis',(0.,0.,1.));
#15502=DIRECTION('ref_axis',(1.,0.,0.));
#15503=DIRECTION('center_axis',(1.,0.,0.));
#15504=DIRECTION('ref_axis',(0.,-1.,0.));
#15505=DIRECTION('',(0.,1.,0.));
#15506=DIRECTION('',(0.,0.,-1.));
#15507=DIRECTION('',(0.,-1.,0.));
#15508=DIRECTION('',(0.,0.,-1.));
#15509=DIRECTION('center_axis',(0.,-1.,0.));
#15510=DIRECTION('ref_axis',(-1.,0.,0.));
#15511=DIRECTION('',(1.,0.,0.));
#15512=DIRECTION('',(-1.,0.,0.));
#15513=DIRECTION('',(0.,0.,-1.));
#15514=DIRECTION('center_axis',(-1.,0.,0.));
#15515=DIRECTION('ref_axis',(0.,1.,0.));
#15516=DIRECTION('',(0.,-1.,0.));
#15517=DIRECTION('',(0.,1.,0.));
#15518=DIRECTION('',(0.,0.,-1.));
#15519=DIRECTION('center_axis',(0.,1.,0.));
#15520=DIRECTION('ref_axis',(1.,0.,0.));
#15521=DIRECTION('',(-1.,0.,0.));
#15522=DIRECTION('',(1.,0.,0.));
#15523=DIRECTION('center_axis',(0.,0.,1.));
#15524=DIRECTION('ref_axis',(1.,0.,0.));
#15525=DIRECTION('center_axis',(0.,1.,0.));
#15526=DIRECTION('ref_axis',(1.,0.,0.));
#15527=DIRECTION('',(1.,0.,0.));
#15528=DIRECTION('',(0.,0.,-1.));
#15529=DIRECTION('',(1.,0.,0.));
#15530=DIRECTION('',(0.,0.,-1.));
#15531=DIRECTION('center_axis',(-1.,0.,0.));
#15532=DIRECTION('ref_axis',(0.,1.,0.));
#15533=DIRECTION('',(0.,1.,0.));
#15534=DIRECTION('',(0.,0.,-1.));
#15535=DIRECTION('',(0.,1.,0.));
#15536=DIRECTION('center_axis',(0.,-1.,0.));
#15537=DIRECTION('ref_axis',(-1.,0.,0.));
#15538=DIRECTION('',(-1.,0.,0.));
#15539=DIRECTION('',(0.,0.,-1.));
#15540=DIRECTION('',(-1.,0.,0.));
#15541=DIRECTION('center_axis',(1.,0.,0.));
#15542=DIRECTION('ref_axis',(0.,-1.,0.));
#15543=DIRECTION('',(0.,-1.,0.));
#15544=DIRECTION('',(0.,-1.,0.));
#15545=DIRECTION('center_axis',(0.,0.,-1.));
#15546=DIRECTION('ref_axis',(-1.,0.,0.));
#15547=DIRECTION('center_axis',(1.,0.,0.));
#15548=DIRECTION('ref_axis',(0.,-1.,0.));
#15549=DIRECTION('',(0.,-1.,0.));
#15550=DIRECTION('',(0.,0.,-1.));
#15551=DIRECTION('',(0.,-1.,0.));
#15552=DIRECTION('',(0.,0.,-1.));
#15553=DIRECTION('center_axis',(0.,1.,0.));
#15554=DIRECTION('ref_axis',(1.,0.,0.));
#15555=DIRECTION('',(1.,0.,0.));
#15556=DIRECTION('',(0.,0.,-1.));
#15557=DIRECTION('',(1.,0.,0.));
#15558=DIRECTION('center_axis',(-1.,0.,0.));
#15559=DIRECTION('ref_axis',(0.,1.,0.));
#15560=DIRECTION('',(0.,1.,0.));
#15561=DIRECTION('',(0.,0.,-1.));
#15562=DIRECTION('',(0.,1.,0.));
#15563=DIRECTION('center_axis',(0.,-1.,0.));
#15564=DIRECTION('ref_axis',(-1.,0.,0.));
#15565=DIRECTION('',(-1.,0.,0.));
#15566=DIRECTION('',(-1.,0.,0.));
#15567=DIRECTION('center_axis',(0.,0.,-1.));
#15568=DIRECTION('ref_axis',(-1.,0.,0.));
#15569=DIRECTION('center_axis',(1.,0.,0.));
#15570=DIRECTION('ref_axis',(0.,0.953939201416946,0.3));
#15571=DIRECTION('',(1.,0.,0.));
#15572=DIRECTION('center_axis',(-0.707106781186548,0.707106781186548,0.));
#15573=DIRECTION('ref_axis',(-0.707106781186548,-0.707106781186548,0.));
#15574=DIRECTION('',(-1.,0.,0.));
#15575=DIRECTION('center_axis',(-0.707106781186548,-0.707106781186547,-5.23364152894592E-16));
#15576=DIRECTION('ref_axis',(0.707106781186547,-0.707106781186548,5.23364152894592E-16));
#15577=DIRECTION('center_axis',(4.1895208476421E-17,-1.,0.));
#15578=DIRECTION('ref_axis',(0.953939201416946,0.,0.3));
#15579=DIRECTION('',(4.1895208476421E-17,-1.,0.));
#15580=DIRECTION('center_axis',(0.707106781186548,0.707106781186548,0.));
#15581=DIRECTION('ref_axis',(-0.707106781186548,0.707106781186548,0.));
#15582=DIRECTION('',(-4.1895208476421E-17,1.,0.));
#15583=DIRECTION('center_axis',(-1.,0.,0.));
#15584=DIRECTION('ref_axis',(0.,-0.953939201416946,0.3));
#15585=DIRECTION('',(-1.,0.,0.));
#15586=DIRECTION('center_axis',(0.707106781186548,-0.707106781186547,0.));
#15587=DIRECTION('ref_axis',(0.707106781186547,0.707106781186548,0.));
#15588=DIRECTION('',(1.,0.,0.));
#15589=DIRECTION('center_axis',(4.1895208476421E-17,1.,0.));
#15590=DIRECTION('ref_axis',(-0.953939201416946,0.,0.3));
#15591=DIRECTION('',(-4.1895208476421E-17,-1.,0.));
#15592=DIRECTION('',(4.1895208476421E-17,1.,0.));
#15593=DIRECTION('center_axis',(0.,0.,1.));
#15594=DIRECTION('ref_axis',(1.,0.,0.));
#15595=DIRECTION('center_axis',(0.,0.,1.));
#15596=DIRECTION('ref_axis',(1.,0.,0.));
#15597=DIRECTION('center_axis',(1.,0.,0.));
#15598=DIRECTION('ref_axis',(0.,-1.,0.));
#15599=DIRECTION('',(0.,-1.,0.));
#15600=DIRECTION('',(0.,0.,-1.));
#15601=DIRECTION('',(0.,-1.,0.));
#15602=DIRECTION('',(0.,0.,-1.));
#15603=DIRECTION('center_axis',(0.,1.,0.));
#15604=DIRECTION('ref_axis',(1.,0.,0.));
#15605=DIRECTION('',(1.,0.,0.));
#15606=DIRECTION('',(1.,0.,0.));
#15607=DIRECTION('',(0.,0.,-1.));
#15608=DIRECTION('center_axis',(-1.,0.,0.));
#15609=DIRECTION('ref_axis',(0.,1.,0.));
#15610=DIRECTION('',(0.,1.,0.));
#15611=DIRECTION('',(0.,1.,0.));
#15612=DIRECTION('',(0.,0.,-1.));
#15613=DIRECTION('center_axis',(0.,-1.,0.));
#15614=DIRECTION('ref_axis',(-1.,0.,0.));
#15615=DIRECTION('',(-1.,0.,0.));
#15616=DIRECTION('',(-1.,0.,0.));
#15617=DIRECTION('center_axis',(0.,0.,1.));
#15618=DIRECTION('ref_axis',(-1.,0.,0.));
#15619=DIRECTION('center_axis',(0.,0.,-1.));
#15620=DIRECTION('ref_axis',(-1.,0.,0.));
#15621=DIRECTION('center_axis',(0.,1.,0.));
#15622=DIRECTION('ref_axis',(1.,0.,0.));
#15623=DIRECTION('',(-1.,0.,0.));
#15624=DIRECTION('',(0.,0.,-1.));
#15625=DIRECTION('',(1.,0.,0.));
#15626=DIRECTION('',(0.,0.,-1.));
#15627=DIRECTION('center_axis',(-1.,0.,0.));
#15628=DIRECTION('ref_axis',(0.,1.,0.));
#15629=DIRECTION('',(0.,-1.,0.));
#15630=DIRECTION('',(0.,1.,0.));
#15631=DIRECTION('',(0.,0.,-1.));
#15632=DIRECTION('center_axis',(0.,-1.,0.));
#15633=DIRECTION('ref_axis',(-1.,0.,0.));
#15634=DIRECTION('',(1.,0.,0.));
#15635=DIRECTION('',(-1.,0.,0.));
#15636=DIRECTION('',(0.,0.,-1.));
#15637=DIRECTION('center_axis',(1.,0.,0.));
#15638=DIRECTION('ref_axis',(0.,-1.,0.));
#15639=DIRECTION('',(0.,1.,0.));
#15640=DIRECTION('',(0.,-1.,0.));
#15641=DIRECTION('center_axis',(0.,0.,1.));
#15642=DIRECTION('ref_axis',(-1.,0.,0.));
#15643=DIRECTION('center_axis',(0.,0.,-1.));
#15644=DIRECTION('ref_axis',(-1.,0.,0.));
#15645=DIRECTION('center_axis',(1.,0.,0.));
#15646=DIRECTION('ref_axis',(0.,-1.,0.));
#15647=DIRECTION('',(0.,-1.,0.));
#15648=DIRECTION('',(0.,0.,-1.));
#15649=DIRECTION('',(0.,-1.,0.));
#15650=DIRECTION('',(0.,0.,-1.));
#15651=DIRECTION('center_axis',(0.,1.,0.));
#15652=DIRECTION('ref_axis',(1.,0.,0.));
#15653=DIRECTION('',(1.,0.,0.));
#15654=DIRECTION('',(1.,0.,0.));
#15655=DIRECTION('',(0.,0.,-1.));
#15656=DIRECTION('center_axis',(-1.,0.,0.));
#15657=DIRECTION('ref_axis',(0.,1.,0.));
#15658=DIRECTION('',(0.,1.,0.));
#15659=DIRECTION('',(0.,1.,0.));
#15660=DIRECTION('',(0.,0.,-1.));
#15661=DIRECTION('center_axis',(0.,-1.,0.));
#15662=DIRECTION('ref_axis',(-1.,0.,0.));
#15663=DIRECTION('',(-1.,0.,0.));
#15664=DIRECTION('',(-1.,0.,0.));
#15665=DIRECTION('center_axis',(0.,0.,1.));
#15666=DIRECTION('ref_axis',(-1.,0.,0.));
#15667=DIRECTION('center_axis',(0.,0.,-1.));
#15668=DIRECTION('ref_axis',(-1.,0.,0.));
#15669=DIRECTION('center_axis',(0.,1.,0.));
#15670=DIRECTION('ref_axis',(1.,0.,0.));
#15671=DIRECTION('',(-1.,0.,0.));
#15672=DIRECTION('',(0.,0.,-1.));
#15673=DIRECTION('',(1.,0.,0.));
#15674=DIRECTION('',(0.,0.,-1.));
#15675=DIRECTION('center_axis',(-1.,0.,0.));
#15676=DIRECTION('ref_axis',(0.,1.,0.));
#15677=DIRECTION('',(0.,-1.,0.));
#15678=DIRECTION('',(0.,1.,0.));
#15679=DIRECTION('',(0.,0.,-1.));
#15680=DIRECTION('center_axis',(0.,-1.,0.));
#15681=DIRECTION('ref_axis',(-1.,0.,0.));
#15682=DIRECTION('',(1.,0.,0.));
#15683=DIRECTION('',(-1.,0.,0.));
#15684=DIRECTION('',(0.,0.,-1.));
#15685=DIRECTION('center_axis',(1.,0.,0.));
#15686=DIRECTION('ref_axis',(0.,-1.,0.));
#15687=DIRECTION('',(0.,1.,0.));
#15688=DIRECTION('',(0.,-1.,0.));
#15689=DIRECTION('center_axis',(0.,0.,1.));
#15690=DIRECTION('ref_axis',(-1.,0.,0.));
#15691=DIRECTION('center_axis',(0.,0.,-1.));
#15692=DIRECTION('ref_axis',(-1.,0.,0.));
#15693=DIRECTION('center_axis',(1.,0.,0.));
#15694=DIRECTION('ref_axis',(0.,-1.,0.));
#15695=DIRECTION('',(0.,-1.,0.));
#15696=DIRECTION('',(0.,0.,-1.));
#15697=DIRECTION('',(0.,-1.,0.));
#15698=DIRECTION('',(0.,0.,-1.));
#15699=DIRECTION('center_axis',(0.,1.,0.));
#15700=DIRECTION('ref_axis',(1.,0.,0.));
#15701=DIRECTION('',(1.,0.,0.));
#15702=DIRECTION('',(1.,0.,0.));
#15703=DIRECTION('',(0.,0.,-1.));
#15704=DIRECTION('center_axis',(-1.,0.,0.));
#15705=DIRECTION('ref_axis',(0.,1.,0.));
#15706=DIRECTION('',(0.,1.,0.));
#15707=DIRECTION('',(0.,1.,0.));
#15708=DIRECTION('',(0.,0.,-1.));
#15709=DIRECTION('center_axis',(0.,-1.,0.));
#15710=DIRECTION('ref_axis',(-1.,0.,0.));
#15711=DIRECTION('',(-1.,0.,0.));
#15712=DIRECTION('',(-1.,0.,0.));
#15713=DIRECTION('center_axis',(0.,0.,1.));
#15714=DIRECTION('ref_axis',(-1.,0.,0.));
#15715=DIRECTION('center_axis',(0.,0.,-1.));
#15716=DIRECTION('ref_axis',(-1.,0.,0.));
#15717=DIRECTION('center_axis',(1.,0.,0.));
#15718=DIRECTION('ref_axis',(0.,-1.,0.));
#15719=DIRECTION('',(0.,-1.,0.));
#15720=DIRECTION('',(0.,0.,-1.));
#15721=DIRECTION('',(0.,-1.,0.));
#15722=DIRECTION('',(0.,0.,-1.));
#15723=DIRECTION('center_axis',(0.,1.,0.));
#15724=DIRECTION('ref_axis',(1.,0.,0.));
#15725=DIRECTION('',(1.,0.,0.));
#15726=DIRECTION('',(1.,0.,0.));
#15727=DIRECTION('',(0.,0.,-1.));
#15728=DIRECTION('center_axis',(-1.,0.,0.));
#15729=DIRECTION('ref_axis',(0.,1.,0.));
#15730=DIRECTION('',(0.,1.,0.));
#15731=DIRECTION('',(0.,1.,0.));
#15732=DIRECTION('',(0.,0.,-1.));
#15733=DIRECTION('center_axis',(0.,-1.,0.));
#15734=DIRECTION('ref_axis',(-1.,0.,0.));
#15735=DIRECTION('',(-1.,0.,0.));
#15736=DIRECTION('',(-1.,0.,0.));
#15737=DIRECTION('center_axis',(0.,0.,1.));
#15738=DIRECTION('ref_axis',(-1.,0.,0.));
#15739=DIRECTION('center_axis',(0.,0.,-1.));
#15740=DIRECTION('ref_axis',(-1.,0.,0.));
#15741=DIRECTION('center_axis',(0.,1.,0.));
#15742=DIRECTION('ref_axis',(1.,0.,0.));
#15743=DIRECTION('',(-1.,0.,0.));
#15744=DIRECTION('',(0.,0.,-1.));
#15745=DIRECTION('',(1.,0.,0.));
#15746=DIRECTION('',(0.,0.,-1.));
#15747=DIRECTION('center_axis',(-1.,0.,0.));
#15748=DIRECTION('ref_axis',(0.,1.,0.));
#15749=DIRECTION('',(0.,-1.,0.));
#15750=DIRECTION('',(0.,1.,0.));
#15751=DIRECTION('',(0.,0.,-1.));
#15752=DIRECTION('center_axis',(0.,-1.,0.));
#15753=DIRECTION('ref_axis',(-1.,0.,0.));
#15754=DIRECTION('',(1.,0.,0.));
#15755=DIRECTION('',(-1.,0.,0.));
#15756=DIRECTION('',(0.,0.,-1.));
#15757=DIRECTION('center_axis',(1.,0.,0.));
#15758=DIRECTION('ref_axis',(0.,-1.,0.));
#15759=DIRECTION('',(0.,1.,0.));
#15760=DIRECTION('',(0.,-1.,0.));
#15761=DIRECTION('center_axis',(0.,0.,1.));
#15762=DIRECTION('ref_axis',(-1.,0.,0.));
#15763=DIRECTION('center_axis',(0.,0.,-1.));
#15764=DIRECTION('ref_axis',(-1.,0.,0.));
#15765=DIRECTION('center_axis',(0.,1.,0.));
#15766=DIRECTION('ref_axis',(1.,0.,0.));
#15767=DIRECTION('',(-1.,0.,0.));
#15768=DIRECTION('',(0.,0.,-1.));
#15769=DIRECTION('',(1.,0.,0.));
#15770=DIRECTION('',(0.,0.,-1.));
#15771=DIRECTION('center_axis',(-1.,0.,0.));
#15772=DIRECTION('ref_axis',(0.,1.,0.));
#15773=DIRECTION('',(0.,-1.,0.));
#15774=DIRECTION('',(0.,1.,0.));
#15775=DIRECTION('',(0.,0.,-1.));
#15776=DIRECTION('center_axis',(0.,-1.,0.));
#15777=DIRECTION('ref_axis',(-1.,0.,0.));
#15778=DIRECTION('',(1.,0.,0.));
#15779=DIRECTION('',(-1.,0.,0.));
#15780=DIRECTION('',(0.,0.,-1.));
#15781=DIRECTION('center_axis',(1.,0.,0.));
#15782=DIRECTION('ref_axis',(0.,-1.,0.));
#15783=DIRECTION('',(0.,1.,0.));
#15784=DIRECTION('',(0.,-1.,0.));
#15785=DIRECTION('center_axis',(0.,0.,1.));
#15786=DIRECTION('ref_axis',(-1.,0.,0.));
#15787=DIRECTION('center_axis',(0.,0.,-1.));
#15788=DIRECTION('ref_axis',(-1.,0.,0.));
#15789=DIRECTION('center_axis',(1.,0.,0.));
#15790=DIRECTION('ref_axis',(0.,-1.,0.));
#15791=DIRECTION('',(0.,-1.,0.));
#15792=DIRECTION('',(0.,0.,-1.));
#15793=DIRECTION('',(0.,-1.,0.));
#15794=DIRECTION('',(0.,0.,-1.));
#15795=DIRECTION('center_axis',(0.,1.,0.));
#15796=DIRECTION('ref_axis',(1.,0.,0.));
#15797=DIRECTION('',(1.,0.,0.));
#15798=DIRECTION('',(1.,0.,0.));
#15799=DIRECTION('',(0.,0.,-1.));
#15800=DIRECTION('center_axis',(-1.,0.,0.));
#15801=DIRECTION('ref_axis',(0.,1.,0.));
#15802=DIRECTION('',(0.,1.,0.));
#15803=DIRECTION('',(0.,1.,0.));
#15804=DIRECTION('',(0.,0.,-1.));
#15805=DIRECTION('center_axis',(0.,-1.,0.));
#15806=DIRECTION('ref_axis',(-1.,0.,0.));
#15807=DIRECTION('',(-1.,0.,0.));
#15808=DIRECTION('',(-1.,0.,0.));
#15809=DIRECTION('center_axis',(0.,0.,1.));
#15810=DIRECTION('ref_axis',(-1.,0.,0.));
#15811=DIRECTION('center_axis',(0.,0.,-1.));
#15812=DIRECTION('ref_axis',(-1.,0.,0.));
#15813=DIRECTION('center_axis',(0.,1.,0.));
#15814=DIRECTION('ref_axis',(1.,0.,0.));
#15815=DIRECTION('',(-1.,0.,0.));
#15816=DIRECTION('',(0.,0.,-1.));
#15817=DIRECTION('',(1.,0.,0.));
#15818=DIRECTION('',(0.,0.,-1.));
#15819=DIRECTION('center_axis',(-1.,0.,0.));
#15820=DIRECTION('ref_axis',(0.,1.,0.));
#15821=DIRECTION('',(0.,-1.,0.));
#15822=DIRECTION('',(0.,1.,0.));
#15823=DIRECTION('',(0.,0.,-1.));
#15824=DIRECTION('center_axis',(0.,-1.,0.));
#15825=DIRECTION('ref_axis',(-1.,0.,0.));
#15826=DIRECTION('',(1.,0.,0.));
#15827=DIRECTION('',(-1.,0.,0.));
#15828=DIRECTION('',(0.,0.,-1.));
#15829=DIRECTION('center_axis',(1.,0.,0.));
#15830=DIRECTION('ref_axis',(0.,-1.,0.));
#15831=DIRECTION('',(0.,1.,0.));
#15832=DIRECTION('',(0.,-1.,0.));
#15833=DIRECTION('center_axis',(0.,0.,1.));
#15834=DIRECTION('ref_axis',(-1.,0.,0.));
#15835=DIRECTION('center_axis',(0.,0.,-1.));
#15836=DIRECTION('ref_axis',(-1.,0.,0.));
#15837=DIRECTION('center_axis',(1.,0.,0.));
#15838=DIRECTION('ref_axis',(0.,-1.,0.));
#15839=DIRECTION('',(0.,-1.,0.));
#15840=DIRECTION('',(0.,0.,-1.));
#15841=DIRECTION('',(0.,-1.,0.));
#15842=DIRECTION('',(0.,0.,-1.));
#15843=DIRECTION('center_axis',(0.,1.,0.));
#15844=DIRECTION('ref_axis',(1.,0.,0.));
#15845=DIRECTION('',(1.,0.,0.));
#15846=DIRECTION('',(1.,0.,0.));
#15847=DIRECTION('',(0.,0.,-1.));
#15848=DIRECTION('center_axis',(-1.,0.,0.));
#15849=DIRECTION('ref_axis',(0.,1.,0.));
#15850=DIRECTION('',(0.,1.,0.));
#15851=DIRECTION('',(0.,1.,0.));
#15852=DIRECTION('',(0.,0.,-1.));
#15853=DIRECTION('center_axis',(0.,-1.,0.));
#15854=DIRECTION('ref_axis',(-1.,0.,0.));
#15855=DIRECTION('',(-1.,0.,0.));
#15856=DIRECTION('',(-1.,0.,0.));
#15857=DIRECTION('center_axis',(0.,0.,1.));
#15858=DIRECTION('ref_axis',(-1.,0.,0.));
#15859=DIRECTION('center_axis',(0.,0.,-1.));
#15860=DIRECTION('ref_axis',(-1.,0.,0.));
#15861=DIRECTION('center_axis',(0.,1.,0.));
#15862=DIRECTION('ref_axis',(1.,0.,0.));
#15863=DIRECTION('',(-1.,0.,0.));
#15864=DIRECTION('',(0.,0.,-1.));
#15865=DIRECTION('',(1.,0.,0.));
#15866=DIRECTION('',(0.,0.,-1.));
#15867=DIRECTION('center_axis',(-1.,0.,0.));
#15868=DIRECTION('ref_axis',(0.,1.,0.));
#15869=DIRECTION('',(0.,-1.,0.));
#15870=DIRECTION('',(0.,1.,0.));
#15871=DIRECTION('',(0.,0.,-1.));
#15872=DIRECTION('center_axis',(0.,-1.,0.));
#15873=DIRECTION('ref_axis',(-1.,0.,0.));
#15874=DIRECTION('',(1.,0.,0.));
#15875=DIRECTION('',(-1.,0.,0.));
#15876=DIRECTION('',(0.,0.,-1.));
#15877=DIRECTION('center_axis',(1.,0.,0.));
#15878=DIRECTION('ref_axis',(0.,-1.,0.));
#15879=DIRECTION('',(0.,1.,0.));
#15880=DIRECTION('',(0.,-1.,0.));
#15881=DIRECTION('center_axis',(0.,0.,1.));
#15882=DIRECTION('ref_axis',(-1.,0.,0.));
#15883=DIRECTION('center_axis',(0.,0.,-1.));
#15884=DIRECTION('ref_axis',(-1.,0.,0.));
#15885=DIRECTION('center_axis',(1.,0.,0.));
#15886=DIRECTION('ref_axis',(0.,-1.,0.));
#15887=DIRECTION('',(0.,-1.,0.));
#15888=DIRECTION('',(0.,0.,-1.));
#15889=DIRECTION('',(0.,-1.,0.));
#15890=DIRECTION('',(0.,0.,-1.));
#15891=DIRECTION('center_axis',(0.,1.,0.));
#15892=DIRECTION('ref_axis',(1.,0.,0.));
#15893=DIRECTION('',(1.,0.,0.));
#15894=DIRECTION('',(1.,0.,0.));
#15895=DIRECTION('',(0.,0.,-1.));
#15896=DIRECTION('center_axis',(-1.,0.,0.));
#15897=DIRECTION('ref_axis',(0.,1.,0.));
#15898=DIRECTION('',(0.,1.,0.));
#15899=DIRECTION('',(0.,1.,0.));
#15900=DIRECTION('',(0.,0.,-1.));
#15901=DIRECTION('center_axis',(0.,-1.,0.));
#15902=DIRECTION('ref_axis',(-1.,0.,0.));
#15903=DIRECTION('',(-1.,0.,0.));
#15904=DIRECTION('',(-1.,0.,0.));
#15905=DIRECTION('center_axis',(0.,0.,1.));
#15906=DIRECTION('ref_axis',(-1.,0.,0.));
#15907=DIRECTION('center_axis',(0.,0.,-1.));
#15908=DIRECTION('ref_axis',(-1.,0.,0.));
#15909=DIRECTION('center_axis',(0.,1.,0.));
#15910=DIRECTION('ref_axis',(1.,0.,0.));
#15911=DIRECTION('',(-1.,0.,0.));
#15912=DIRECTION('',(0.,0.,-1.));
#15913=DIRECTION('',(1.,0.,0.));
#15914=DIRECTION('',(0.,0.,-1.));
#15915=DIRECTION('center_axis',(-1.,0.,0.));
#15916=DIRECTION('ref_axis',(0.,1.,0.));
#15917=DIRECTION('',(0.,-1.,0.));
#15918=DIRECTION('',(0.,1.,0.));
#15919=DIRECTION('',(0.,0.,-1.));
#15920=DIRECTION('center_axis',(0.,-1.,0.));
#15921=DIRECTION('ref_axis',(-1.,0.,0.));
#15922=DIRECTION('',(1.,0.,0.));
#15923=DIRECTION('',(-1.,0.,0.));
#15924=DIRECTION('',(0.,0.,-1.));
#15925=DIRECTION('center_axis',(1.,0.,0.));
#15926=DIRECTION('ref_axis',(0.,-1.,0.));
#15927=DIRECTION('',(0.,1.,0.));
#15928=DIRECTION('',(0.,-1.,0.));
#15929=DIRECTION('center_axis',(0.,0.,1.));
#15930=DIRECTION('ref_axis',(-1.,0.,0.));
#15931=DIRECTION('center_axis',(0.,0.,-1.));
#15932=DIRECTION('ref_axis',(-1.,0.,0.));
#15933=DIRECTION('center_axis',(0.,1.,0.));
#15934=DIRECTION('ref_axis',(1.,0.,0.));
#15935=DIRECTION('',(-1.,0.,0.));
#15936=DIRECTION('',(0.,0.,-1.));
#15937=DIRECTION('',(1.,0.,0.));
#15938=DIRECTION('',(0.,0.,-1.));
#15939=DIRECTION('center_axis',(-1.,0.,0.));
#15940=DIRECTION('ref_axis',(0.,1.,0.));
#15941=DIRECTION('',(0.,-1.,0.));
#15942=DIRECTION('',(0.,1.,0.));
#15943=DIRECTION('',(0.,0.,-1.));
#15944=DIRECTION('center_axis',(0.,-1.,0.));
#15945=DIRECTION('ref_axis',(-1.,0.,0.));
#15946=DIRECTION('',(1.,0.,0.));
#15947=DIRECTION('',(-1.,0.,0.));
#15948=DIRECTION('',(0.,0.,-1.));
#15949=DIRECTION('center_axis',(1.,0.,0.));
#15950=DIRECTION('ref_axis',(0.,-1.,0.));
#15951=DIRECTION('',(0.,1.,0.));
#15952=DIRECTION('',(0.,-1.,0.));
#15953=DIRECTION('center_axis',(0.,0.,1.));
#15954=DIRECTION('ref_axis',(-1.,0.,0.));
#15955=DIRECTION('center_axis',(0.,0.,-1.));
#15956=DIRECTION('ref_axis',(-1.,0.,0.));
#15957=DIRECTION('center_axis',(1.,0.,0.));
#15958=DIRECTION('ref_axis',(0.,-1.,0.));
#15959=DIRECTION('',(0.,-1.,0.));
#15960=DIRECTION('',(0.,0.,-1.));
#15961=DIRECTION('',(0.,-1.,0.));
#15962=DIRECTION('',(0.,0.,-1.));
#15963=DIRECTION('center_axis',(0.,1.,0.));
#15964=DIRECTION('ref_axis',(1.,0.,0.));
#15965=DIRECTION('',(1.,0.,0.));
#15966=DIRECTION('',(1.,0.,0.));
#15967=DIRECTION('',(0.,0.,-1.));
#15968=DIRECTION('center_axis',(-1.,0.,0.));
#15969=DIRECTION('ref_axis',(0.,1.,0.));
#15970=DIRECTION('',(0.,1.,0.));
#15971=DIRECTION('',(0.,1.,0.));
#15972=DIRECTION('',(0.,0.,-1.));
#15973=DIRECTION('center_axis',(0.,-1.,0.));
#15974=DIRECTION('ref_axis',(-1.,0.,0.));
#15975=DIRECTION('',(-1.,0.,0.));
#15976=DIRECTION('',(-1.,0.,0.));
#15977=DIRECTION('center_axis',(0.,0.,1.));
#15978=DIRECTION('ref_axis',(-1.,0.,0.));
#15979=DIRECTION('center_axis',(0.,0.,-1.));
#15980=DIRECTION('ref_axis',(-1.,0.,0.));
#15981=DIRECTION('center_axis',(1.,0.,0.));
#15982=DIRECTION('ref_axis',(0.,-1.,0.));
#15983=DIRECTION('',(0.,-1.,0.));
#15984=DIRECTION('',(0.,0.,-1.));
#15985=DIRECTION('',(0.,-1.,0.));
#15986=DIRECTION('',(0.,0.,-1.));
#15987=DIRECTION('center_axis',(0.,1.,0.));
#15988=DIRECTION('ref_axis',(1.,0.,0.));
#15989=DIRECTION('',(1.,0.,0.));
#15990=DIRECTION('',(1.,0.,0.));
#15991=DIRECTION('',(0.,0.,-1.));
#15992=DIRECTION('center_axis',(-1.,0.,0.));
#15993=DIRECTION('ref_axis',(0.,1.,0.));
#15994=DIRECTION('',(0.,1.,0.));
#15995=DIRECTION('',(0.,1.,0.));
#15996=DIRECTION('',(0.,0.,-1.));
#15997=DIRECTION('center_axis',(0.,-1.,0.));
#15998=DIRECTION('ref_axis',(-1.,0.,0.));
#15999=DIRECTION('',(-1.,0.,0.));
#16000=DIRECTION('',(-1.,0.,0.));
#16001=DIRECTION('center_axis',(0.,0.,1.));
#16002=DIRECTION('ref_axis',(-1.,0.,0.));
#16003=DIRECTION('center_axis',(0.,0.,-1.));
#16004=DIRECTION('ref_axis',(-1.,0.,0.));
#16005=DIRECTION('center_axis',(1.,0.,0.));
#16006=DIRECTION('ref_axis',(0.,-1.,0.));
#16007=DIRECTION('',(0.,-1.,0.));
#16008=DIRECTION('',(0.,0.,-1.));
#16009=DIRECTION('',(0.,-1.,0.));
#16010=DIRECTION('',(0.,0.,-1.));
#16011=DIRECTION('center_axis',(0.,1.,0.));
#16012=DIRECTION('ref_axis',(1.,0.,0.));
#16013=DIRECTION('',(1.,0.,0.));
#16014=DIRECTION('',(1.,0.,0.));
#16015=DIRECTION('',(0.,0.,-1.));
#16016=DIRECTION('center_axis',(-1.,0.,0.));
#16017=DIRECTION('ref_axis',(0.,1.,0.));
#16018=DIRECTION('',(0.,1.,0.));
#16019=DIRECTION('',(0.,1.,0.));
#16020=DIRECTION('',(0.,0.,-1.));
#16021=DIRECTION('center_axis',(0.,-1.,0.));
#16022=DIRECTION('ref_axis',(-1.,0.,0.));
#16023=DIRECTION('',(-1.,0.,0.));
#16024=DIRECTION('',(-1.,0.,0.));
#16025=DIRECTION('center_axis',(0.,0.,1.));
#16026=DIRECTION('ref_axis',(-1.,0.,0.));
#16027=DIRECTION('center_axis',(0.,0.,-1.));
#16028=DIRECTION('ref_axis',(-1.,0.,0.));
#16029=DIRECTION('center_axis',(0.,1.,0.));
#16030=DIRECTION('ref_axis',(1.,0.,0.));
#16031=DIRECTION('',(-1.,0.,0.));
#16032=DIRECTION('',(0.,0.,-1.));
#16033=DIRECTION('',(1.,0.,0.));
#16034=DIRECTION('',(0.,0.,-1.));
#16035=DIRECTION('center_axis',(-1.,0.,0.));
#16036=DIRECTION('ref_axis',(0.,1.,0.));
#16037=DIRECTION('',(0.,-1.,0.));
#16038=DIRECTION('',(0.,1.,0.));
#16039=DIRECTION('',(0.,0.,-1.));
#16040=DIRECTION('center_axis',(0.,-1.,0.));
#16041=DIRECTION('ref_axis',(-1.,0.,0.));
#16042=DIRECTION('',(1.,0.,0.));
#16043=DIRECTION('',(-1.,0.,0.));
#16044=DIRECTION('',(0.,0.,-1.));
#16045=DIRECTION('center_axis',(1.,0.,0.));
#16046=DIRECTION('ref_axis',(0.,-1.,0.));
#16047=DIRECTION('',(0.,1.,0.));
#16048=DIRECTION('',(0.,-1.,0.));
#16049=DIRECTION('center_axis',(0.,0.,1.));
#16050=DIRECTION('ref_axis',(-1.,0.,0.));
#16051=DIRECTION('center_axis',(0.,0.,-1.));
#16052=DIRECTION('ref_axis',(-1.,0.,0.));
#16053=DIRECTION('center_axis',(0.,1.,0.));
#16054=DIRECTION('ref_axis',(1.,0.,0.));
#16055=DIRECTION('',(-1.,0.,0.));
#16056=DIRECTION('',(0.,0.,-1.));
#16057=DIRECTION('',(1.,0.,0.));
#16058=DIRECTION('',(0.,0.,-1.));
#16059=DIRECTION('center_axis',(-1.,0.,0.));
#16060=DIRECTION('ref_axis',(0.,1.,0.));
#16061=DIRECTION('',(0.,-1.,0.));
#16062=DIRECTION('',(0.,1.,0.));
#16063=DIRECTION('',(0.,0.,-1.));
#16064=DIRECTION('center_axis',(0.,-1.,0.));
#16065=DIRECTION('ref_axis',(-1.,0.,0.));
#16066=DIRECTION('',(1.,0.,0.));
#16067=DIRECTION('',(-1.,0.,0.));
#16068=DIRECTION('',(0.,0.,-1.));
#16069=DIRECTION('center_axis',(1.,0.,0.));
#16070=DIRECTION('ref_axis',(0.,-1.,0.));
#16071=DIRECTION('',(0.,1.,0.));
#16072=DIRECTION('',(0.,-1.,0.));
#16073=DIRECTION('center_axis',(0.,0.,1.));
#16074=DIRECTION('ref_axis',(-1.,0.,0.));
#16075=DIRECTION('center_axis',(0.,0.,-1.));
#16076=DIRECTION('ref_axis',(-1.,0.,0.));
#16077=DIRECTION('center_axis',(0.,1.,0.));
#16078=DIRECTION('ref_axis',(1.,0.,0.));
#16079=DIRECTION('',(-1.,0.,0.));
#16080=DIRECTION('',(0.,0.,-1.));
#16081=DIRECTION('',(1.,0.,0.));
#16082=DIRECTION('',(0.,0.,-1.));
#16083=DIRECTION('center_axis',(-1.,0.,0.));
#16084=DIRECTION('ref_axis',(0.,1.,0.));
#16085=DIRECTION('',(0.,-1.,0.));
#16086=DIRECTION('',(0.,1.,0.));
#16087=DIRECTION('',(0.,0.,-1.));
#16088=DIRECTION('center_axis',(0.,-1.,0.));
#16089=DIRECTION('ref_axis',(-1.,0.,0.));
#16090=DIRECTION('',(1.,0.,0.));
#16091=DIRECTION('',(-1.,0.,0.));
#16092=DIRECTION('',(0.,0.,-1.));
#16093=DIRECTION('center_axis',(1.,0.,0.));
#16094=DIRECTION('ref_axis',(0.,-1.,0.));
#16095=DIRECTION('',(0.,1.,0.));
#16096=DIRECTION('',(0.,-1.,0.));
#16097=DIRECTION('center_axis',(0.,0.,1.));
#16098=DIRECTION('ref_axis',(-1.,0.,0.));
#16099=DIRECTION('center_axis',(0.,0.,-1.));
#16100=DIRECTION('ref_axis',(-1.,0.,0.));
#16101=DIRECTION('center_axis',(0.,1.,0.));
#16102=DIRECTION('ref_axis',(1.,0.,0.));
#16103=DIRECTION('',(-1.,0.,0.));
#16104=DIRECTION('',(0.,0.,-1.));
#16105=DIRECTION('',(1.,0.,0.));
#16106=DIRECTION('',(0.,0.,-1.));
#16107=DIRECTION('center_axis',(-1.,0.,0.));
#16108=DIRECTION('ref_axis',(0.,1.,0.));
#16109=DIRECTION('',(0.,-1.,0.));
#16110=DIRECTION('',(0.,1.,0.));
#16111=DIRECTION('',(0.,0.,-1.));
#16112=DIRECTION('center_axis',(0.,-1.,0.));
#16113=DIRECTION('ref_axis',(-1.,0.,0.));
#16114=DIRECTION('',(1.,0.,0.));
#16115=DIRECTION('',(-1.,0.,0.));
#16116=DIRECTION('',(0.,0.,-1.));
#16117=DIRECTION('center_axis',(1.,0.,0.));
#16118=DIRECTION('ref_axis',(0.,-1.,0.));
#16119=DIRECTION('',(0.,1.,0.));
#16120=DIRECTION('',(0.,-1.,0.));
#16121=DIRECTION('center_axis',(0.,0.,1.));
#16122=DIRECTION('ref_axis',(-1.,0.,0.));
#16123=DIRECTION('center_axis',(0.,0.,-1.));
#16124=DIRECTION('ref_axis',(-1.,0.,0.));
#16125=DIRECTION('center_axis',(1.,0.,0.));
#16126=DIRECTION('ref_axis',(0.,-1.,0.));
#16127=DIRECTION('',(0.,-1.,0.));
#16128=DIRECTION('',(0.,0.,-1.));
#16129=DIRECTION('',(0.,-1.,0.));
#16130=DIRECTION('',(0.,0.,-1.));
#16131=DIRECTION('center_axis',(0.,1.,0.));
#16132=DIRECTION('ref_axis',(1.,0.,0.));
#16133=DIRECTION('',(1.,0.,0.));
#16134=DIRECTION('',(1.,0.,0.));
#16135=DIRECTION('',(0.,0.,-1.));
#16136=DIRECTION('center_axis',(-1.,0.,0.));
#16137=DIRECTION('ref_axis',(0.,1.,0.));
#16138=DIRECTION('',(0.,1.,0.));
#16139=DIRECTION('',(0.,1.,0.));
#16140=DIRECTION('',(0.,0.,-1.));
#16141=DIRECTION('center_axis',(0.,-1.,0.));
#16142=DIRECTION('ref_axis',(-1.,0.,0.));
#16143=DIRECTION('',(-1.,0.,0.));
#16144=DIRECTION('',(-1.,0.,0.));
#16145=DIRECTION('center_axis',(0.,0.,1.));
#16146=DIRECTION('ref_axis',(-1.,0.,0.));
#16147=DIRECTION('center_axis',(0.,0.,-1.));
#16148=DIRECTION('ref_axis',(-1.,0.,0.));
#16149=DIRECTION('center_axis',(1.,0.,0.));
#16150=DIRECTION('ref_axis',(0.,-1.,0.));
#16151=DIRECTION('',(0.,-1.,0.));
#16152=DIRECTION('',(0.,0.,-1.));
#16153=DIRECTION('',(0.,-1.,0.));
#16154=DIRECTION('',(0.,0.,-1.));
#16155=DIRECTION('center_axis',(0.,1.,0.));
#16156=DIRECTION('ref_axis',(1.,0.,0.));
#16157=DIRECTION('',(1.,0.,0.));
#16158=DIRECTION('',(1.,0.,0.));
#16159=DIRECTION('',(0.,0.,-1.));
#16160=DIRECTION('center_axis',(-1.,0.,0.));
#16161=DIRECTION('ref_axis',(0.,1.,0.));
#16162=DIRECTION('',(0.,1.,0.));
#16163=DIRECTION('',(0.,1.,0.));
#16164=DIRECTION('',(0.,0.,-1.));
#16165=DIRECTION('center_axis',(0.,-1.,0.));
#16166=DIRECTION('ref_axis',(-1.,0.,0.));
#16167=DIRECTION('',(-1.,0.,0.));
#16168=DIRECTION('',(-1.,0.,0.));
#16169=DIRECTION('center_axis',(0.,0.,1.));
#16170=DIRECTION('ref_axis',(-1.,0.,0.));
#16171=DIRECTION('center_axis',(0.,0.,-1.));
#16172=DIRECTION('ref_axis',(-1.,0.,0.));
#16173=DIRECTION('center_axis',(0.,1.,0.));
#16174=DIRECTION('ref_axis',(1.,0.,0.));
#16175=DIRECTION('',(-1.,0.,0.));
#16176=DIRECTION('',(0.,0.,-1.));
#16177=DIRECTION('',(1.,0.,0.));
#16178=DIRECTION('',(0.,0.,-1.));
#16179=DIRECTION('center_axis',(-1.,0.,0.));
#16180=DIRECTION('ref_axis',(0.,1.,0.));
#16181=DIRECTION('',(0.,-1.,0.));
#16182=DIRECTION('',(0.,1.,0.));
#16183=DIRECTION('',(0.,0.,-1.));
#16184=DIRECTION('center_axis',(0.,-1.,0.));
#16185=DIRECTION('ref_axis',(-1.,0.,0.));
#16186=DIRECTION('',(1.,0.,0.));
#16187=DIRECTION('',(-1.,0.,0.));
#16188=DIRECTION('',(0.,0.,-1.));
#16189=DIRECTION('center_axis',(1.,0.,0.));
#16190=DIRECTION('ref_axis',(0.,-1.,0.));
#16191=DIRECTION('',(0.,1.,0.));
#16192=DIRECTION('',(0.,-1.,0.));
#16193=DIRECTION('center_axis',(0.,0.,1.));
#16194=DIRECTION('ref_axis',(-1.,0.,0.));
#16195=DIRECTION('center_axis',(0.,0.,-1.));
#16196=DIRECTION('ref_axis',(-1.,0.,0.));
#16197=DIRECTION('center_axis',(1.,0.,0.));
#16198=DIRECTION('ref_axis',(0.,-1.,0.));
#16199=DIRECTION('',(0.,-1.,0.));
#16200=DIRECTION('',(0.,0.,-1.));
#16201=DIRECTION('',(0.,-1.,0.));
#16202=DIRECTION('',(0.,0.,-1.));
#16203=DIRECTION('center_axis',(0.,1.,0.));
#16204=DIRECTION('ref_axis',(1.,0.,0.));
#16205=DIRECTION('',(1.,0.,0.));
#16206=DIRECTION('',(1.,0.,0.));
#16207=DIRECTION('',(0.,0.,-1.));
#16208=DIRECTION('center_axis',(-1.,0.,0.));
#16209=DIRECTION('ref_axis',(0.,1.,0.));
#16210=DIRECTION('',(0.,1.,0.));
#16211=DIRECTION('',(0.,1.,0.));
#16212=DIRECTION('',(0.,0.,-1.));
#16213=DIRECTION('center_axis',(0.,-1.,0.));
#16214=DIRECTION('ref_axis',(-1.,0.,0.));
#16215=DIRECTION('',(-1.,0.,0.));
#16216=DIRECTION('',(-1.,0.,0.));
#16217=DIRECTION('center_axis',(0.,0.,1.));
#16218=DIRECTION('ref_axis',(-1.,0.,0.));
#16219=DIRECTION('center_axis',(0.,0.,-1.));
#16220=DIRECTION('ref_axis',(-1.,0.,0.));
#16221=DIRECTION('center_axis',(0.,1.,0.));
#16222=DIRECTION('ref_axis',(1.,0.,0.));
#16223=DIRECTION('',(-1.,0.,0.));
#16224=DIRECTION('',(0.,0.,-1.));
#16225=DIRECTION('',(1.,0.,0.));
#16226=DIRECTION('',(0.,0.,-1.));
#16227=DIRECTION('center_axis',(-1.,0.,0.));
#16228=DIRECTION('ref_axis',(0.,1.,0.));
#16229=DIRECTION('',(0.,-1.,0.));
#16230=DIRECTION('',(0.,1.,0.));
#16231=DIRECTION('',(0.,0.,-1.));
#16232=DIRECTION('center_axis',(0.,-1.,0.));
#16233=DIRECTION('ref_axis',(-1.,0.,0.));
#16234=DIRECTION('',(1.,0.,0.));
#16235=DIRECTION('',(-1.,0.,0.));
#16236=DIRECTION('',(0.,0.,-1.));
#16237=DIRECTION('center_axis',(1.,0.,0.));
#16238=DIRECTION('ref_axis',(0.,-1.,0.));
#16239=DIRECTION('',(0.,1.,0.));
#16240=DIRECTION('',(0.,-1.,0.));
#16241=DIRECTION('center_axis',(0.,0.,1.));
#16242=DIRECTION('ref_axis',(-1.,0.,0.));
#16243=DIRECTION('center_axis',(0.,0.,-1.));
#16244=DIRECTION('ref_axis',(-1.,0.,0.));
#16245=DIRECTION('center_axis',(1.,0.,0.));
#16246=DIRECTION('ref_axis',(0.,-1.,0.));
#16247=DIRECTION('',(0.,-1.,0.));
#16248=DIRECTION('',(0.,0.,-1.));
#16249=DIRECTION('',(0.,-1.,0.));
#16250=DIRECTION('',(0.,0.,-1.));
#16251=DIRECTION('center_axis',(0.,1.,0.));
#16252=DIRECTION('ref_axis',(1.,0.,0.));
#16253=DIRECTION('',(1.,0.,0.));
#16254=DIRECTION('',(1.,0.,0.));
#16255=DIRECTION('',(0.,0.,-1.));
#16256=DIRECTION('center_axis',(-1.,0.,0.));
#16257=DIRECTION('ref_axis',(0.,1.,0.));
#16258=DIRECTION('',(0.,1.,0.));
#16259=DIRECTION('',(0.,1.,0.));
#16260=DIRECTION('',(0.,0.,-1.));
#16261=DIRECTION('center_axis',(0.,-1.,0.));
#16262=DIRECTION('ref_axis',(-1.,0.,0.));
#16263=DIRECTION('',(-1.,0.,0.));
#16264=DIRECTION('',(-1.,0.,0.));
#16265=DIRECTION('center_axis',(0.,0.,1.));
#16266=DIRECTION('ref_axis',(-1.,0.,0.));
#16267=DIRECTION('center_axis',(0.,0.,-1.));
#16268=DIRECTION('ref_axis',(-1.,0.,0.));
#16269=DIRECTION('center_axis',(0.,1.,0.));
#16270=DIRECTION('ref_axis',(1.,0.,0.));
#16271=DIRECTION('',(-1.,0.,0.));
#16272=DIRECTION('',(0.,0.,-1.));
#16273=DIRECTION('',(1.,0.,0.));
#16274=DIRECTION('',(0.,0.,-1.));
#16275=DIRECTION('center_axis',(-1.,0.,0.));
#16276=DIRECTION('ref_axis',(0.,1.,0.));
#16277=DIRECTION('',(0.,-1.,0.));
#16278=DIRECTION('',(0.,1.,0.));
#16279=DIRECTION('',(0.,0.,-1.));
#16280=DIRECTION('center_axis',(0.,-1.,0.));
#16281=DIRECTION('ref_axis',(-1.,0.,0.));
#16282=DIRECTION('',(1.,0.,0.));
#16283=DIRECTION('',(-1.,0.,0.));
#16284=DIRECTION('',(0.,0.,-1.));
#16285=DIRECTION('center_axis',(1.,0.,0.));
#16286=DIRECTION('ref_axis',(0.,-1.,0.));
#16287=DIRECTION('',(0.,1.,0.));
#16288=DIRECTION('',(0.,-1.,0.));
#16289=DIRECTION('center_axis',(0.,0.,1.));
#16290=DIRECTION('ref_axis',(-1.,0.,0.));
#16291=DIRECTION('center_axis',(0.,0.,-1.));
#16292=DIRECTION('ref_axis',(-1.,0.,0.));
#16293=DIRECTION('center_axis',(1.,0.,0.));
#16294=DIRECTION('ref_axis',(0.,-1.,0.));
#16295=DIRECTION('',(0.,-1.,0.));
#16296=DIRECTION('',(0.,0.,-1.));
#16297=DIRECTION('',(0.,-1.,0.));
#16298=DIRECTION('',(0.,0.,-1.));
#16299=DIRECTION('center_axis',(0.,1.,0.));
#16300=DIRECTION('ref_axis',(1.,0.,0.));
#16301=DIRECTION('',(1.,0.,0.));
#16302=DIRECTION('',(1.,0.,0.));
#16303=DIRECTION('',(0.,0.,-1.));
#16304=DIRECTION('center_axis',(-1.,0.,0.));
#16305=DIRECTION('ref_axis',(0.,1.,0.));
#16306=DIRECTION('',(0.,1.,0.));
#16307=DIRECTION('',(0.,1.,0.));
#16308=DIRECTION('',(0.,0.,-1.));
#16309=DIRECTION('center_axis',(0.,-1.,0.));
#16310=DIRECTION('ref_axis',(-1.,0.,0.));
#16311=DIRECTION('',(-1.,0.,0.));
#16312=DIRECTION('',(-1.,0.,0.));
#16313=DIRECTION('center_axis',(0.,0.,1.));
#16314=DIRECTION('ref_axis',(-1.,0.,0.));
#16315=DIRECTION('center_axis',(0.,0.,-1.));
#16316=DIRECTION('ref_axis',(-1.,0.,0.));
#16317=DIRECTION('center_axis',(1.,0.,0.));
#16318=DIRECTION('ref_axis',(0.,-1.,0.));
#16319=DIRECTION('',(0.,-1.,0.));
#16320=DIRECTION('',(0.,0.,-1.));
#16321=DIRECTION('',(0.,-1.,0.));
#16322=DIRECTION('',(0.,0.,-1.));
#16323=DIRECTION('center_axis',(0.,1.,0.));
#16324=DIRECTION('ref_axis',(1.,0.,0.));
#16325=DIRECTION('',(1.,0.,0.));
#16326=DIRECTION('',(1.,0.,0.));
#16327=DIRECTION('',(0.,0.,-1.));
#16328=DIRECTION('center_axis',(-1.,0.,0.));
#16329=DIRECTION('ref_axis',(0.,1.,0.));
#16330=DIRECTION('',(0.,1.,0.));
#16331=DIRECTION('',(0.,1.,0.));
#16332=DIRECTION('',(0.,0.,-1.));
#16333=DIRECTION('center_axis',(0.,-1.,0.));
#16334=DIRECTION('ref_axis',(-1.,0.,0.));
#16335=DIRECTION('',(-1.,0.,0.));
#16336=DIRECTION('',(-1.,0.,0.));
#16337=DIRECTION('center_axis',(0.,0.,1.));
#16338=DIRECTION('ref_axis',(-1.,0.,0.));
#16339=DIRECTION('center_axis',(0.,0.,-1.));
#16340=DIRECTION('ref_axis',(-1.,0.,0.));
#16341=DIRECTION('center_axis',(0.,1.,0.));
#16342=DIRECTION('ref_axis',(1.,0.,0.));
#16343=DIRECTION('',(-1.,0.,0.));
#16344=DIRECTION('',(0.,0.,-1.));
#16345=DIRECTION('',(1.,0.,0.));
#16346=DIRECTION('',(0.,0.,-1.));
#16347=DIRECTION('center_axis',(-1.,0.,0.));
#16348=DIRECTION('ref_axis',(0.,1.,0.));
#16349=DIRECTION('',(0.,-1.,0.));
#16350=DIRECTION('',(0.,1.,0.));
#16351=DIRECTION('',(0.,0.,-1.));
#16352=DIRECTION('center_axis',(0.,-1.,0.));
#16353=DIRECTION('ref_axis',(-1.,0.,0.));
#16354=DIRECTION('',(1.,0.,0.));
#16355=DIRECTION('',(-1.,0.,0.));
#16356=DIRECTION('',(0.,0.,-1.));
#16357=DIRECTION('center_axis',(1.,0.,0.));
#16358=DIRECTION('ref_axis',(0.,-1.,0.));
#16359=DIRECTION('',(0.,1.,0.));
#16360=DIRECTION('',(0.,-1.,0.));
#16361=DIRECTION('center_axis',(0.,0.,1.));
#16362=DIRECTION('ref_axis',(-1.,0.,0.));
#16363=DIRECTION('center_axis',(0.,0.,-1.));
#16364=DIRECTION('ref_axis',(-1.,0.,0.));
#16365=DIRECTION('center_axis',(1.,0.,0.));
#16366=DIRECTION('ref_axis',(0.,-1.,0.));
#16367=DIRECTION('',(0.,-1.,0.));
#16368=DIRECTION('',(0.,0.,-1.));
#16369=DIRECTION('',(0.,-1.,0.));
#16370=DIRECTION('',(0.,0.,-1.));
#16371=DIRECTION('center_axis',(0.,1.,0.));
#16372=DIRECTION('ref_axis',(1.,0.,0.));
#16373=DIRECTION('',(1.,0.,0.));
#16374=DIRECTION('',(1.,0.,0.));
#16375=DIRECTION('',(0.,0.,-1.));
#16376=DIRECTION('center_axis',(-1.,0.,0.));
#16377=DIRECTION('ref_axis',(0.,1.,0.));
#16378=DIRECTION('',(0.,1.,0.));
#16379=DIRECTION('',(0.,1.,0.));
#16380=DIRECTION('',(0.,0.,-1.));
#16381=DIRECTION('center_axis',(0.,-1.,0.));
#16382=DIRECTION('ref_axis',(-1.,0.,0.));
#16383=DIRECTION('',(-1.,0.,0.));
#16384=DIRECTION('',(-1.,0.,0.));
#16385=DIRECTION('center_axis',(0.,0.,1.));
#16386=DIRECTION('ref_axis',(-1.,0.,0.));
#16387=DIRECTION('center_axis',(0.,0.,-1.));
#16388=DIRECTION('ref_axis',(-1.,0.,0.));
#16389=DIRECTION('center_axis',(1.,0.,0.));
#16390=DIRECTION('ref_axis',(0.,-1.,0.));
#16391=DIRECTION('',(0.,-1.,0.));
#16392=DIRECTION('',(0.,0.,-1.));
#16393=DIRECTION('',(0.,-1.,0.));
#16394=DIRECTION('',(0.,0.,-1.));
#16395=DIRECTION('center_axis',(0.,1.,0.));
#16396=DIRECTION('ref_axis',(1.,0.,0.));
#16397=DIRECTION('',(1.,0.,0.));
#16398=DIRECTION('',(1.,0.,0.));
#16399=DIRECTION('',(0.,0.,-1.));
#16400=DIRECTION('center_axis',(-1.,0.,0.));
#16401=DIRECTION('ref_axis',(0.,1.,0.));
#16402=DIRECTION('',(0.,1.,0.));
#16403=DIRECTION('',(0.,1.,0.));
#16404=DIRECTION('',(0.,0.,-1.));
#16405=DIRECTION('center_axis',(0.,-1.,0.));
#16406=DIRECTION('ref_axis',(-1.,0.,0.));
#16407=DIRECTION('',(-1.,0.,0.));
#16408=DIRECTION('',(-1.,0.,0.));
#16409=DIRECTION('center_axis',(0.,0.,1.));
#16410=DIRECTION('ref_axis',(-1.,0.,0.));
#16411=DIRECTION('center_axis',(0.,0.,-1.));
#16412=DIRECTION('ref_axis',(-1.,0.,0.));
#16413=DIRECTION('center_axis',(0.,1.,0.));
#16414=DIRECTION('ref_axis',(1.,0.,0.));
#16415=DIRECTION('',(-1.,0.,0.));
#16416=DIRECTION('',(0.,0.,-1.));
#16417=DIRECTION('',(1.,0.,0.));
#16418=DIRECTION('',(0.,0.,-1.));
#16419=DIRECTION('center_axis',(-1.,0.,0.));
#16420=DIRECTION('ref_axis',(0.,1.,0.));
#16421=DIRECTION('',(0.,-1.,0.));
#16422=DIRECTION('',(0.,1.,0.));
#16423=DIRECTION('',(0.,0.,-1.));
#16424=DIRECTION('center_axis',(0.,-1.,0.));
#16425=DIRECTION('ref_axis',(-1.,0.,0.));
#16426=DIRECTION('',(1.,0.,0.));
#16427=DIRECTION('',(-1.,0.,0.));
#16428=DIRECTION('',(0.,0.,-1.));
#16429=DIRECTION('center_axis',(1.,0.,0.));
#16430=DIRECTION('ref_axis',(0.,-1.,0.));
#16431=DIRECTION('',(0.,1.,0.));
#16432=DIRECTION('',(0.,-1.,0.));
#16433=DIRECTION('center_axis',(0.,0.,1.));
#16434=DIRECTION('ref_axis',(-1.,0.,0.));
#16435=DIRECTION('center_axis',(0.,0.,-1.));
#16436=DIRECTION('ref_axis',(-1.,0.,0.));
#16437=DIRECTION('center_axis',(0.,1.,0.));
#16438=DIRECTION('ref_axis',(1.,0.,0.));
#16439=DIRECTION('',(-1.,0.,0.));
#16440=DIRECTION('',(0.,0.,-1.));
#16441=DIRECTION('',(1.,0.,0.));
#16442=DIRECTION('',(0.,0.,-1.));
#16443=DIRECTION('center_axis',(-1.,0.,0.));
#16444=DIRECTION('ref_axis',(0.,1.,0.));
#16445=DIRECTION('',(0.,-1.,0.));
#16446=DIRECTION('',(0.,1.,0.));
#16447=DIRECTION('',(0.,0.,-1.));
#16448=DIRECTION('center_axis',(0.,-1.,0.));
#16449=DIRECTION('ref_axis',(-1.,0.,0.));
#16450=DIRECTION('',(1.,0.,0.));
#16451=DIRECTION('',(-1.,0.,0.));
#16452=DIRECTION('',(0.,0.,-1.));
#16453=DIRECTION('center_axis',(1.,0.,0.));
#16454=DIRECTION('ref_axis',(0.,-1.,0.));
#16455=DIRECTION('',(0.,1.,0.));
#16456=DIRECTION('',(0.,-1.,0.));
#16457=DIRECTION('center_axis',(0.,0.,1.));
#16458=DIRECTION('ref_axis',(-1.,0.,0.));
#16459=DIRECTION('center_axis',(0.,0.,-1.));
#16460=DIRECTION('ref_axis',(-1.,0.,0.));
#16461=DIRECTION('center_axis',(1.,0.,0.));
#16462=DIRECTION('ref_axis',(0.,-1.,0.));
#16463=DIRECTION('',(0.,-1.,0.));
#16464=DIRECTION('',(0.,0.,-1.));
#16465=DIRECTION('',(0.,-1.,0.));
#16466=DIRECTION('',(0.,0.,-1.));
#16467=DIRECTION('center_axis',(0.,1.,0.));
#16468=DIRECTION('ref_axis',(1.,0.,0.));
#16469=DIRECTION('',(1.,0.,0.));
#16470=DIRECTION('',(1.,0.,0.));
#16471=DIRECTION('',(0.,0.,-1.));
#16472=DIRECTION('center_axis',(-1.,0.,0.));
#16473=DIRECTION('ref_axis',(0.,1.,0.));
#16474=DIRECTION('',(0.,1.,0.));
#16475=DIRECTION('',(0.,1.,0.));
#16476=DIRECTION('',(0.,0.,-1.));
#16477=DIRECTION('center_axis',(0.,-1.,0.));
#16478=DIRECTION('ref_axis',(-1.,0.,0.));
#16479=DIRECTION('',(-1.,0.,0.));
#16480=DIRECTION('',(-1.,0.,0.));
#16481=DIRECTION('center_axis',(0.,0.,1.));
#16482=DIRECTION('ref_axis',(-1.,0.,0.));
#16483=DIRECTION('center_axis',(0.,0.,-1.));
#16484=DIRECTION('ref_axis',(-1.,0.,0.));
#16485=DIRECTION('center_axis',(1.,0.,0.));
#16486=DIRECTION('ref_axis',(0.,-1.,0.));
#16487=DIRECTION('',(0.,-1.,0.));
#16488=DIRECTION('',(0.,0.,-1.));
#16489=DIRECTION('',(0.,-1.,0.));
#16490=DIRECTION('',(0.,0.,-1.));
#16491=DIRECTION('center_axis',(0.,1.,0.));
#16492=DIRECTION('ref_axis',(1.,0.,0.));
#16493=DIRECTION('',(1.,0.,0.));
#16494=DIRECTION('',(1.,0.,0.));
#16495=DIRECTION('',(0.,0.,-1.));
#16496=DIRECTION('center_axis',(-1.,0.,0.));
#16497=DIRECTION('ref_axis',(0.,1.,0.));
#16498=DIRECTION('',(0.,1.,0.));
#16499=DIRECTION('',(0.,1.,0.));
#16500=DIRECTION('',(0.,0.,-1.));
#16501=DIRECTION('center_axis',(0.,-1.,0.));
#16502=DIRECTION('ref_axis',(-1.,0.,0.));
#16503=DIRECTION('',(-1.,0.,0.));
#16504=DIRECTION('',(-1.,0.,0.));
#16505=DIRECTION('center_axis',(0.,0.,1.));
#16506=DIRECTION('ref_axis',(-1.,0.,0.));
#16507=DIRECTION('center_axis',(0.,0.,-1.));
#16508=DIRECTION('ref_axis',(-1.,0.,0.));
#16509=DIRECTION('center_axis',(0.,1.,0.));
#16510=DIRECTION('ref_axis',(1.,0.,0.));
#16511=DIRECTION('',(-1.,0.,0.));
#16512=DIRECTION('',(0.,0.,-1.));
#16513=DIRECTION('',(1.,0.,0.));
#16514=DIRECTION('',(0.,0.,-1.));
#16515=DIRECTION('center_axis',(-1.,0.,0.));
#16516=DIRECTION('ref_axis',(0.,1.,0.));
#16517=DIRECTION('',(0.,-1.,0.));
#16518=DIRECTION('',(0.,1.,0.));
#16519=DIRECTION('',(0.,0.,-1.));
#16520=DIRECTION('center_axis',(0.,-1.,0.));
#16521=DIRECTION('ref_axis',(-1.,0.,0.));
#16522=DIRECTION('',(1.,0.,0.));
#16523=DIRECTION('',(-1.,0.,0.));
#16524=DIRECTION('',(0.,0.,-1.));
#16525=DIRECTION('center_axis',(1.,0.,0.));
#16526=DIRECTION('ref_axis',(0.,-1.,0.));
#16527=DIRECTION('',(0.,1.,0.));
#16528=DIRECTION('',(0.,-1.,0.));
#16529=DIRECTION('center_axis',(0.,0.,1.));
#16530=DIRECTION('ref_axis',(-1.,0.,0.));
#16531=DIRECTION('center_axis',(0.,0.,-1.));
#16532=DIRECTION('ref_axis',(-1.,0.,0.));
#16533=DIRECTION('center_axis',(0.,1.,0.));
#16534=DIRECTION('ref_axis',(1.,0.,0.));
#16535=DIRECTION('',(-1.,0.,0.));
#16536=DIRECTION('',(0.,0.,-1.));
#16537=DIRECTION('',(1.,0.,0.));
#16538=DIRECTION('',(0.,0.,-1.));
#16539=DIRECTION('center_axis',(-1.,0.,0.));
#16540=DIRECTION('ref_axis',(0.,1.,0.));
#16541=DIRECTION('',(0.,-1.,0.));
#16542=DIRECTION('',(0.,1.,0.));
#16543=DIRECTION('',(0.,0.,-1.));
#16544=DIRECTION('center_axis',(0.,-1.,0.));
#16545=DIRECTION('ref_axis',(-1.,0.,0.));
#16546=DIRECTION('',(1.,0.,0.));
#16547=DIRECTION('',(-1.,0.,0.));
#16548=DIRECTION('',(0.,0.,-1.));
#16549=DIRECTION('center_axis',(1.,0.,0.));
#16550=DIRECTION('ref_axis',(0.,-1.,0.));
#16551=DIRECTION('',(0.,1.,0.));
#16552=DIRECTION('',(0.,-1.,0.));
#16553=DIRECTION('center_axis',(0.,0.,1.));
#16554=DIRECTION('ref_axis',(-1.,0.,0.));
#16555=DIRECTION('center_axis',(0.,0.,-1.));
#16556=DIRECTION('ref_axis',(-1.,0.,0.));
#16557=DIRECTION('center_axis',(1.,0.,0.));
#16558=DIRECTION('ref_axis',(0.,-1.,0.));
#16559=DIRECTION('',(0.,-1.,0.));
#16560=DIRECTION('',(0.,0.,-1.));
#16561=DIRECTION('',(0.,-1.,0.));
#16562=DIRECTION('',(0.,0.,-1.));
#16563=DIRECTION('center_axis',(0.,1.,0.));
#16564=DIRECTION('ref_axis',(1.,0.,0.));
#16565=DIRECTION('',(1.,0.,0.));
#16566=DIRECTION('',(1.,0.,0.));
#16567=DIRECTION('',(0.,0.,-1.));
#16568=DIRECTION('center_axis',(-1.,0.,0.));
#16569=DIRECTION('ref_axis',(0.,1.,0.));
#16570=DIRECTION('',(0.,1.,0.));
#16571=DIRECTION('',(0.,1.,0.));
#16572=DIRECTION('',(0.,0.,-1.));
#16573=DIRECTION('center_axis',(0.,-1.,0.));
#16574=DIRECTION('ref_axis',(-1.,0.,0.));
#16575=DIRECTION('',(-1.,0.,0.));
#16576=DIRECTION('',(-1.,0.,0.));
#16577=DIRECTION('center_axis',(0.,0.,1.));
#16578=DIRECTION('ref_axis',(-1.,0.,0.));
#16579=DIRECTION('center_axis',(0.,0.,-1.));
#16580=DIRECTION('ref_axis',(-1.,0.,0.));
#16581=DIRECTION('center_axis',(1.,0.,0.));
#16582=DIRECTION('ref_axis',(0.,-1.,0.));
#16583=DIRECTION('',(0.,-1.,0.));
#16584=DIRECTION('',(0.,0.,-1.));
#16585=DIRECTION('',(0.,-1.,0.));
#16586=DIRECTION('',(0.,0.,-1.));
#16587=DIRECTION('center_axis',(0.,1.,0.));
#16588=DIRECTION('ref_axis',(1.,0.,0.));
#16589=DIRECTION('',(1.,0.,0.));
#16590=DIRECTION('',(1.,0.,0.));
#16591=DIRECTION('',(0.,0.,-1.));
#16592=DIRECTION('center_axis',(-1.,0.,0.));
#16593=DIRECTION('ref_axis',(0.,1.,0.));
#16594=DIRECTION('',(0.,1.,0.));
#16595=DIRECTION('',(0.,1.,0.));
#16596=DIRECTION('',(0.,0.,-1.));
#16597=DIRECTION('center_axis',(0.,-1.,0.));
#16598=DIRECTION('ref_axis',(-1.,0.,0.));
#16599=DIRECTION('',(-1.,0.,0.));
#16600=DIRECTION('',(-1.,0.,0.));
#16601=DIRECTION('center_axis',(0.,0.,1.));
#16602=DIRECTION('ref_axis',(-1.,0.,0.));
#16603=DIRECTION('center_axis',(0.,0.,-1.));
#16604=DIRECTION('ref_axis',(-1.,0.,0.));
#16605=DIRECTION('center_axis',(0.,1.,0.));
#16606=DIRECTION('ref_axis',(1.,0.,0.));
#16607=DIRECTION('',(-1.,0.,0.));
#16608=DIRECTION('',(0.,0.,-1.));
#16609=DIRECTION('',(1.,0.,0.));
#16610=DIRECTION('',(0.,0.,-1.));
#16611=DIRECTION('center_axis',(-1.,0.,0.));
#16612=DIRECTION('ref_axis',(0.,1.,0.));
#16613=DIRECTION('',(0.,-1.,0.));
#16614=DIRECTION('',(0.,1.,0.));
#16615=DIRECTION('',(0.,0.,-1.));
#16616=DIRECTION('center_axis',(0.,-1.,0.));
#16617=DIRECTION('ref_axis',(-1.,0.,0.));
#16618=DIRECTION('',(1.,0.,0.));
#16619=DIRECTION('',(-1.,0.,0.));
#16620=DIRECTION('',(0.,0.,-1.));
#16621=DIRECTION('center_axis',(1.,0.,0.));
#16622=DIRECTION('ref_axis',(0.,-1.,0.));
#16623=DIRECTION('',(0.,1.,0.));
#16624=DIRECTION('',(0.,-1.,0.));
#16625=DIRECTION('center_axis',(0.,0.,1.));
#16626=DIRECTION('ref_axis',(-1.,0.,0.));
#16627=DIRECTION('center_axis',(0.,0.,-1.));
#16628=DIRECTION('ref_axis',(-1.,0.,0.));
#16629=DIRECTION('center_axis',(0.,1.,0.));
#16630=DIRECTION('ref_axis',(1.,0.,0.));
#16631=DIRECTION('',(-1.,0.,0.));
#16632=DIRECTION('',(0.,0.,-1.));
#16633=DIRECTION('',(1.,0.,0.));
#16634=DIRECTION('',(0.,0.,-1.));
#16635=DIRECTION('center_axis',(-1.,0.,0.));
#16636=DIRECTION('ref_axis',(0.,1.,0.));
#16637=DIRECTION('',(0.,-1.,0.));
#16638=DIRECTION('',(0.,1.,0.));
#16639=DIRECTION('',(0.,0.,-1.));
#16640=DIRECTION('center_axis',(0.,-1.,0.));
#16641=DIRECTION('ref_axis',(-1.,0.,0.));
#16642=DIRECTION('',(1.,0.,0.));
#16643=DIRECTION('',(-1.,0.,0.));
#16644=DIRECTION('',(0.,0.,-1.));
#16645=DIRECTION('center_axis',(1.,0.,0.));
#16646=DIRECTION('ref_axis',(0.,-1.,0.));
#16647=DIRECTION('',(0.,1.,0.));
#16648=DIRECTION('',(0.,-1.,0.));
#16649=DIRECTION('center_axis',(0.,0.,1.));
#16650=DIRECTION('ref_axis',(-1.,0.,0.));
#16651=DIRECTION('center_axis',(0.,0.,-1.));
#16652=DIRECTION('ref_axis',(-1.,0.,0.));
#16653=DIRECTION('center_axis',(1.,0.,0.));
#16654=DIRECTION('ref_axis',(0.,-1.,0.));
#16655=DIRECTION('',(0.,-1.,0.));
#16656=DIRECTION('',(0.,0.,-1.));
#16657=DIRECTION('',(0.,-1.,0.));
#16658=DIRECTION('',(0.,0.,-1.));
#16659=DIRECTION('center_axis',(0.,-1.,0.));
#16660=DIRECTION('ref_axis',(-1.,0.,0.));
#16661=DIRECTION('',(-1.,0.,0.));
#16662=DIRECTION('',(0.,0.,-1.));
#16663=DIRECTION('',(-1.,0.,0.));
#16664=DIRECTION('center_axis',(-1.,0.,0.));
#16665=DIRECTION('ref_axis',(0.,1.,0.));
#16666=DIRECTION('',(0.,1.,0.));
#16667=DIRECTION('',(0.,0.,-1.));
#16668=DIRECTION('',(0.,1.,0.));
#16669=DIRECTION('center_axis',(0.,1.,0.));
#16670=DIRECTION('ref_axis',(1.,0.,0.));
#16671=DIRECTION('',(1.,0.,0.));
#16672=DIRECTION('',(1.,0.,0.));
#16673=DIRECTION('center_axis',(0.,0.,-1.));
#16674=DIRECTION('ref_axis',(1.,0.,0.));
#16675=DIRECTION('center_axis',(0.,0.,1.));
#16676=DIRECTION('ref_axis',(1.,0.,0.));
#16677=DIRECTION('center_axis',(0.,-1.,0.));
#16678=DIRECTION('ref_axis',(-1.,0.,0.));
#16679=DIRECTION('',(1.,0.,0.));
#16680=DIRECTION('',(0.,0.,-1.));
#16681=DIRECTION('',(-1.,0.,0.));
#16682=DIRECTION('',(0.,0.,-1.));
#16683=DIRECTION('center_axis',(-1.,0.,0.));
#16684=DIRECTION('ref_axis',(0.,1.,0.));
#16685=DIRECTION('',(0.,-1.,0.));
#16686=DIRECTION('',(0.,0.,-1.));
#16687=DIRECTION('',(0.,1.,0.));
#16688=DIRECTION('center_axis',(0.,1.,0.));
#16689=DIRECTION('ref_axis',(1.,0.,0.));
#16690=DIRECTION('',(-1.,0.,0.));
#16691=DIRECTION('',(0.,0.,-1.));
#16692=DIRECTION('',(1.,0.,0.));
#16693=DIRECTION('center_axis',(1.,0.,0.));
#16694=DIRECTION('ref_axis',(0.,-1.,0.));
#16695=DIRECTION('',(0.,1.,0.));
#16696=DIRECTION('',(0.,-1.,0.));
#16697=DIRECTION('center_axis',(0.,0.,-1.));
#16698=DIRECTION('ref_axis',(1.,0.,0.));
#16699=DIRECTION('center_axis',(0.,0.,1.));
#16700=DIRECTION('ref_axis',(1.,0.,0.));
#16701=DIRECTION('center_axis',(1.,0.,0.));
#16702=DIRECTION('ref_axis',(0.,-1.,0.));
#16703=DIRECTION('',(0.,-1.,0.));
#16704=DIRECTION('',(0.,0.,-1.));
#16705=DIRECTION('',(0.,-1.,0.));
#16706=DIRECTION('',(0.,0.,-1.));
#16707=DIRECTION('center_axis',(0.,-1.,0.));
#16708=DIRECTION('ref_axis',(-1.,0.,0.));
#16709=DIRECTION('',(-1.,0.,0.));
#16710=DIRECTION('',(0.,0.,-1.));
#16711=DIRECTION('',(-1.,0.,0.));
#16712=DIRECTION('center_axis',(-1.,0.,0.));
#16713=DIRECTION('ref_axis',(0.,1.,0.));
#16714=DIRECTION('',(0.,1.,0.));
#16715=DIRECTION('',(0.,0.,-1.));
#16716=DIRECTION('',(0.,1.,0.));
#16717=DIRECTION('center_axis',(0.,1.,0.));
#16718=DIRECTION('ref_axis',(1.,0.,0.));
#16719=DIRECTION('',(1.,0.,0.));
#16720=DIRECTION('',(1.,0.,0.));
#16721=DIRECTION('center_axis',(0.,0.,-1.));
#16722=DIRECTION('ref_axis',(1.,0.,0.));
#16723=DIRECTION('center_axis',(0.,0.,1.));
#16724=DIRECTION('ref_axis',(1.,0.,0.));
#16725=DIRECTION('center_axis',(0.,-1.,0.));
#16726=DIRECTION('ref_axis',(-1.,0.,0.));
#16727=DIRECTION('',(1.,0.,0.));
#16728=DIRECTION('',(0.,0.,-1.));
#16729=DIRECTION('',(-1.,0.,0.));
#16730=DIRECTION('',(0.,0.,-1.));
#16731=DIRECTION('center_axis',(-1.,0.,0.));
#16732=DIRECTION('ref_axis',(0.,1.,0.));
#16733=DIRECTION('',(0.,-1.,0.));
#16734=DIRECTION('',(0.,0.,-1.));
#16735=DIRECTION('',(0.,1.,0.));
#16736=DIRECTION('center_axis',(0.,1.,0.));
#16737=DIRECTION('ref_axis',(1.,0.,0.));
#16738=DIRECTION('',(-1.,0.,0.));
#16739=DIRECTION('',(0.,0.,-1.));
#16740=DIRECTION('',(1.,0.,0.));
#16741=DIRECTION('center_axis',(1.,0.,0.));
#16742=DIRECTION('ref_axis',(0.,-1.,0.));
#16743=DIRECTION('',(0.,1.,0.));
#16744=DIRECTION('',(0.,-1.,0.));
#16745=DIRECTION('center_axis',(0.,0.,-1.));
#16746=DIRECTION('ref_axis',(1.,0.,0.));
#16747=DIRECTION('center_axis',(0.,0.,1.));
#16748=DIRECTION('ref_axis',(1.,0.,0.));
#16749=DIRECTION('center_axis',(1.,0.,0.));
#16750=DIRECTION('ref_axis',(0.,-1.,0.));
#16751=DIRECTION('',(0.,-1.,0.));
#16752=DIRECTION('',(0.,0.,-1.));
#16753=DIRECTION('',(0.,-1.,0.));
#16754=DIRECTION('',(0.,0.,-1.));
#16755=DIRECTION('center_axis',(0.,-1.,0.));
#16756=DIRECTION('ref_axis',(-1.,0.,0.));
#16757=DIRECTION('',(-1.,0.,0.));
#16758=DIRECTION('',(0.,0.,-1.));
#16759=DIRECTION('',(-1.,0.,0.));
#16760=DIRECTION('center_axis',(-1.,0.,0.));
#16761=DIRECTION('ref_axis',(0.,1.,0.));
#16762=DIRECTION('',(0.,1.,0.));
#16763=DIRECTION('',(0.,0.,-1.));
#16764=DIRECTION('',(0.,1.,0.));
#16765=DIRECTION('center_axis',(0.,1.,0.));
#16766=DIRECTION('ref_axis',(1.,0.,0.));
#16767=DIRECTION('',(1.,0.,0.));
#16768=DIRECTION('',(1.,0.,0.));
#16769=DIRECTION('center_axis',(0.,0.,-1.));
#16770=DIRECTION('ref_axis',(1.,0.,0.));
#16771=DIRECTION('center_axis',(0.,0.,1.));
#16772=DIRECTION('ref_axis',(1.,0.,0.));
#16773=DIRECTION('center_axis',(1.,0.,0.));
#16774=DIRECTION('ref_axis',(0.,-1.,0.));
#16775=DIRECTION('',(0.,-1.,0.));
#16776=DIRECTION('',(0.,0.,-1.));
#16777=DIRECTION('',(0.,-1.,0.));
#16778=DIRECTION('',(0.,0.,-1.));
#16779=DIRECTION('center_axis',(0.,-1.,0.));
#16780=DIRECTION('ref_axis',(-1.,0.,0.));
#16781=DIRECTION('',(-1.,0.,0.));
#16782=DIRECTION('',(0.,0.,-1.));
#16783=DIRECTION('',(-1.,0.,0.));
#16784=DIRECTION('center_axis',(-1.,0.,0.));
#16785=DIRECTION('ref_axis',(0.,1.,0.));
#16786=DIRECTION('',(0.,1.,0.));
#16787=DIRECTION('',(0.,0.,-1.));
#16788=DIRECTION('',(0.,1.,0.));
#16789=DIRECTION('center_axis',(0.,1.,0.));
#16790=DIRECTION('ref_axis',(1.,0.,0.));
#16791=DIRECTION('',(1.,0.,0.));
#16792=DIRECTION('',(1.,0.,0.));
#16793=DIRECTION('center_axis',(0.,0.,-1.));
#16794=DIRECTION('ref_axis',(1.,0.,0.));
#16795=DIRECTION('center_axis',(0.,0.,1.));
#16796=DIRECTION('ref_axis',(1.,0.,0.));
#16797=DIRECTION('center_axis',(0.,-1.,0.));
#16798=DIRECTION('ref_axis',(-1.,0.,0.));
#16799=DIRECTION('',(1.,0.,0.));
#16800=DIRECTION('',(0.,0.,-1.));
#16801=DIRECTION('',(-1.,0.,0.));
#16802=DIRECTION('',(0.,0.,-1.));
#16803=DIRECTION('center_axis',(-1.,0.,0.));
#16804=DIRECTION('ref_axis',(0.,1.,0.));
#16805=DIRECTION('',(0.,-1.,0.));
#16806=DIRECTION('',(0.,0.,-1.));
#16807=DIRECTION('',(0.,1.,0.));
#16808=DIRECTION('center_axis',(0.,1.,0.));
#16809=DIRECTION('ref_axis',(1.,0.,0.));
#16810=DIRECTION('',(-1.,0.,0.));
#16811=DIRECTION('',(0.,0.,-1.));
#16812=DIRECTION('',(1.,0.,0.));
#16813=DIRECTION('center_axis',(1.,0.,0.));
#16814=DIRECTION('ref_axis',(0.,-1.,0.));
#16815=DIRECTION('',(0.,1.,0.));
#16816=DIRECTION('',(0.,-1.,0.));
#16817=DIRECTION('center_axis',(0.,0.,-1.));
#16818=DIRECTION('ref_axis',(1.,0.,0.));
#16819=DIRECTION('center_axis',(0.,0.,1.));
#16820=DIRECTION('ref_axis',(1.,0.,0.));
#16821=DIRECTION('center_axis',(0.,-1.,0.));
#16822=DIRECTION('ref_axis',(-1.,0.,0.));
#16823=DIRECTION('',(1.,0.,0.));
#16824=DIRECTION('',(0.,0.,-1.));
#16825=DIRECTION('',(-1.,0.,0.));
#16826=DIRECTION('',(0.,0.,-1.));
#16827=DIRECTION('center_axis',(-1.,0.,0.));
#16828=DIRECTION('ref_axis',(0.,1.,0.));
#16829=DIRECTION('',(0.,-1.,0.));
#16830=DIRECTION('',(0.,0.,-1.));
#16831=DIRECTION('',(0.,1.,0.));
#16832=DIRECTION('center_axis',(0.,1.,0.));
#16833=DIRECTION('ref_axis',(1.,0.,0.));
#16834=DIRECTION('',(-1.,0.,0.));
#16835=DIRECTION('',(0.,0.,-1.));
#16836=DIRECTION('',(1.,0.,0.));
#16837=DIRECTION('center_axis',(1.,0.,0.));
#16838=DIRECTION('ref_axis',(0.,-1.,0.));
#16839=DIRECTION('',(0.,1.,0.));
#16840=DIRECTION('',(0.,-1.,0.));
#16841=DIRECTION('center_axis',(0.,0.,-1.));
#16842=DIRECTION('ref_axis',(1.,0.,0.));
#16843=DIRECTION('center_axis',(0.,0.,1.));
#16844=DIRECTION('ref_axis',(1.,0.,0.));
#16845=DIRECTION('center_axis',(1.,0.,0.));
#16846=DIRECTION('ref_axis',(0.,-1.,0.));
#16847=DIRECTION('',(0.,-1.,0.));
#16848=DIRECTION('',(0.,0.,-1.));
#16849=DIRECTION('',(0.,-1.,0.));
#16850=DIRECTION('',(0.,0.,-1.));
#16851=DIRECTION('center_axis',(0.,-1.,0.));
#16852=DIRECTION('ref_axis',(-1.,0.,0.));
#16853=DIRECTION('',(-1.,0.,0.));
#16854=DIRECTION('',(0.,0.,-1.));
#16855=DIRECTION('',(-1.,0.,0.));
#16856=DIRECTION('center_axis',(-1.,0.,0.));
#16857=DIRECTION('ref_axis',(0.,1.,0.));
#16858=DIRECTION('',(0.,1.,0.));
#16859=DIRECTION('',(0.,0.,-1.));
#16860=DIRECTION('',(0.,1.,0.));
#16861=DIRECTION('center_axis',(0.,1.,0.));
#16862=DIRECTION('ref_axis',(1.,0.,0.));
#16863=DIRECTION('',(1.,0.,0.));
#16864=DIRECTION('',(1.,0.,0.));
#16865=DIRECTION('center_axis',(0.,0.,-1.));
#16866=DIRECTION('ref_axis',(1.,0.,0.));
#16867=DIRECTION('center_axis',(0.,0.,1.));
#16868=DIRECTION('ref_axis',(1.,0.,0.));
#16869=DIRECTION('center_axis',(0.,-1.,0.));
#16870=DIRECTION('ref_axis',(-1.,0.,0.));
#16871=DIRECTION('',(1.,0.,0.));
#16872=DIRECTION('',(0.,0.,-1.));
#16873=DIRECTION('',(-1.,0.,0.));
#16874=DIRECTION('',(0.,0.,-1.));
#16875=DIRECTION('center_axis',(-1.,0.,0.));
#16876=DIRECTION('ref_axis',(0.,1.,0.));
#16877=DIRECTION('',(0.,-1.,0.));
#16878=DIRECTION('',(0.,0.,-1.));
#16879=DIRECTION('',(0.,1.,0.));
#16880=DIRECTION('center_axis',(0.,1.,0.));
#16881=DIRECTION('ref_axis',(1.,0.,0.));
#16882=DIRECTION('',(-1.,0.,0.));
#16883=DIRECTION('',(0.,0.,-1.));
#16884=DIRECTION('',(1.,0.,0.));
#16885=DIRECTION('center_axis',(1.,0.,0.));
#16886=DIRECTION('ref_axis',(0.,-1.,0.));
#16887=DIRECTION('',(0.,1.,0.));
#16888=DIRECTION('',(0.,-1.,0.));
#16889=DIRECTION('center_axis',(0.,0.,-1.));
#16890=DIRECTION('ref_axis',(1.,0.,0.));
#16891=DIRECTION('center_axis',(0.,0.,1.));
#16892=DIRECTION('ref_axis',(1.,0.,0.));
#16893=DIRECTION('center_axis',(1.,0.,0.));
#16894=DIRECTION('ref_axis',(0.,-1.,0.));
#16895=DIRECTION('',(0.,-1.,0.));
#16896=DIRECTION('',(0.,0.,-1.));
#16897=DIRECTION('',(0.,-1.,0.));
#16898=DIRECTION('',(0.,0.,-1.));
#16899=DIRECTION('center_axis',(0.,-1.,0.));
#16900=DIRECTION('ref_axis',(-1.,0.,0.));
#16901=DIRECTION('',(-1.,0.,0.));
#16902=DIRECTION('',(0.,0.,-1.));
#16903=DIRECTION('',(-1.,0.,0.));
#16904=DIRECTION('center_axis',(-1.,0.,0.));
#16905=DIRECTION('ref_axis',(0.,1.,0.));
#16906=DIRECTION('',(0.,1.,0.));
#16907=DIRECTION('',(0.,0.,-1.));
#16908=DIRECTION('',(0.,1.,0.));
#16909=DIRECTION('center_axis',(0.,1.,0.));
#16910=DIRECTION('ref_axis',(1.,0.,0.));
#16911=DIRECTION('',(1.,0.,0.));
#16912=DIRECTION('',(1.,0.,0.));
#16913=DIRECTION('center_axis',(0.,0.,-1.));
#16914=DIRECTION('ref_axis',(1.,0.,0.));
#16915=DIRECTION('center_axis',(0.,0.,1.));
#16916=DIRECTION('ref_axis',(1.,0.,0.));
#16917=DIRECTION('center_axis',(0.,-1.,0.));
#16918=DIRECTION('ref_axis',(-1.,0.,0.));
#16919=DIRECTION('',(1.,0.,0.));
#16920=DIRECTION('',(0.,0.,-1.));
#16921=DIRECTION('',(-1.,0.,0.));
#16922=DIRECTION('',(0.,0.,-1.));
#16923=DIRECTION('center_axis',(-1.,0.,0.));
#16924=DIRECTION('ref_axis',(0.,1.,0.));
#16925=DIRECTION('',(0.,-1.,0.));
#16926=DIRECTION('',(0.,0.,-1.));
#16927=DIRECTION('',(0.,1.,0.));
#16928=DIRECTION('center_axis',(0.,1.,0.));
#16929=DIRECTION('ref_axis',(1.,0.,0.));
#16930=DIRECTION('',(-1.,0.,0.));
#16931=DIRECTION('',(0.,0.,-1.));
#16932=DIRECTION('',(1.,0.,0.));
#16933=DIRECTION('center_axis',(1.,0.,0.));
#16934=DIRECTION('ref_axis',(0.,-1.,0.));
#16935=DIRECTION('',(0.,1.,0.));
#16936=DIRECTION('',(0.,-1.,0.));
#16937=DIRECTION('center_axis',(0.,0.,-1.));
#16938=DIRECTION('ref_axis',(1.,0.,0.));
#16939=DIRECTION('center_axis',(0.,0.,1.));
#16940=DIRECTION('ref_axis',(1.,0.,0.));
#16941=DIRECTION('center_axis',(1.,0.,0.));
#16942=DIRECTION('ref_axis',(0.,-1.,0.));
#16943=DIRECTION('',(0.,-1.,0.));
#16944=DIRECTION('',(0.,0.,-1.));
#16945=DIRECTION('',(0.,-1.,0.));
#16946=DIRECTION('',(0.,0.,-1.));
#16947=DIRECTION('center_axis',(0.,-1.,0.));
#16948=DIRECTION('ref_axis',(-1.,0.,0.));
#16949=DIRECTION('',(-1.,0.,0.));
#16950=DIRECTION('',(0.,0.,-1.));
#16951=DIRECTION('',(-1.,0.,0.));
#16952=DIRECTION('center_axis',(-1.,0.,0.));
#16953=DIRECTION('ref_axis',(0.,1.,0.));
#16954=DIRECTION('',(0.,1.,0.));
#16955=DIRECTION('',(0.,0.,-1.));
#16956=DIRECTION('',(0.,1.,0.));
#16957=DIRECTION('center_axis',(0.,1.,0.));
#16958=DIRECTION('ref_axis',(1.,0.,0.));
#16959=DIRECTION('',(1.,0.,0.));
#16960=DIRECTION('',(1.,0.,0.));
#16961=DIRECTION('center_axis',(0.,0.,-1.));
#16962=DIRECTION('ref_axis',(1.,0.,0.));
#16963=DIRECTION('center_axis',(0.,0.,1.));
#16964=DIRECTION('ref_axis',(1.,0.,0.));
#16965=DIRECTION('center_axis',(0.,-1.,0.));
#16966=DIRECTION('ref_axis',(-1.,0.,0.));
#16967=DIRECTION('',(1.,0.,0.));
#16968=DIRECTION('',(0.,0.,-1.));
#16969=DIRECTION('',(-1.,0.,0.));
#16970=DIRECTION('',(0.,0.,-1.));
#16971=DIRECTION('center_axis',(-1.,0.,0.));
#16972=DIRECTION('ref_axis',(0.,1.,0.));
#16973=DIRECTION('',(0.,-1.,0.));
#16974=DIRECTION('',(0.,0.,-1.));
#16975=DIRECTION('',(0.,1.,0.));
#16976=DIRECTION('center_axis',(0.,1.,0.));
#16977=DIRECTION('ref_axis',(1.,0.,0.));
#16978=DIRECTION('',(-1.,0.,0.));
#16979=DIRECTION('',(0.,0.,-1.));
#16980=DIRECTION('',(1.,0.,0.));
#16981=DIRECTION('center_axis',(1.,0.,0.));
#16982=DIRECTION('ref_axis',(0.,-1.,0.));
#16983=DIRECTION('',(0.,1.,0.));
#16984=DIRECTION('',(0.,-1.,0.));
#16985=DIRECTION('center_axis',(0.,0.,-1.));
#16986=DIRECTION('ref_axis',(1.,0.,0.));
#16987=DIRECTION('center_axis',(0.,0.,1.));
#16988=DIRECTION('ref_axis',(1.,0.,0.));
#16989=DIRECTION('center_axis',(0.,-1.,0.));
#16990=DIRECTION('ref_axis',(-1.,0.,0.));
#16991=DIRECTION('',(1.,0.,0.));
#16992=DIRECTION('',(0.,0.,-1.));
#16993=DIRECTION('',(-1.,0.,0.));
#16994=DIRECTION('',(0.,0.,-1.));
#16995=DIRECTION('center_axis',(-1.,0.,0.));
#16996=DIRECTION('ref_axis',(0.,1.,0.));
#16997=DIRECTION('',(0.,-1.,0.));
#16998=DIRECTION('',(0.,0.,-1.));
#16999=DIRECTION('',(0.,1.,0.));
#17000=DIRECTION('center_axis',(0.,1.,0.));
#17001=DIRECTION('ref_axis',(1.,0.,0.));
#17002=DIRECTION('',(-1.,0.,0.));
#17003=DIRECTION('',(0.,0.,-1.));
#17004=DIRECTION('',(1.,0.,0.));
#17005=DIRECTION('center_axis',(1.,0.,0.));
#17006=DIRECTION('ref_axis',(0.,-1.,0.));
#17007=DIRECTION('',(0.,1.,0.));
#17008=DIRECTION('',(0.,-1.,0.));
#17009=DIRECTION('center_axis',(0.,0.,-1.));
#17010=DIRECTION('ref_axis',(1.,0.,0.));
#17011=DIRECTION('center_axis',(0.,0.,1.));
#17012=DIRECTION('ref_axis',(1.,0.,0.));
#17013=DIRECTION('center_axis',(1.,0.,0.));
#17014=DIRECTION('ref_axis',(0.,-1.,0.));
#17015=DIRECTION('',(0.,-1.,0.));
#17016=DIRECTION('',(0.,0.,-1.));
#17017=DIRECTION('',(0.,-1.,0.));
#17018=DIRECTION('',(0.,0.,-1.));
#17019=DIRECTION('center_axis',(0.,-1.,0.));
#17020=DIRECTION('ref_axis',(-1.,0.,0.));
#17021=DIRECTION('',(-1.,0.,0.));
#17022=DIRECTION('',(0.,0.,-1.));
#17023=DIRECTION('',(-1.,0.,0.));
#17024=DIRECTION('center_axis',(-1.,0.,0.));
#17025=DIRECTION('ref_axis',(0.,1.,0.));
#17026=DIRECTION('',(0.,1.,0.));
#17027=DIRECTION('',(0.,0.,-1.));
#17028=DIRECTION('',(0.,1.,0.));
#17029=DIRECTION('center_axis',(0.,1.,0.));
#17030=DIRECTION('ref_axis',(1.,0.,0.));
#17031=DIRECTION('',(1.,0.,0.));
#17032=DIRECTION('',(1.,0.,0.));
#17033=DIRECTION('center_axis',(0.,0.,-1.));
#17034=DIRECTION('ref_axis',(1.,0.,0.));
#17035=DIRECTION('center_axis',(0.,0.,1.));
#17036=DIRECTION('ref_axis',(1.,0.,0.));
#17037=DIRECTION('center_axis',(1.,0.,0.));
#17038=DIRECTION('ref_axis',(0.,-1.,0.));
#17039=DIRECTION('',(0.,-1.,0.));
#17040=DIRECTION('',(0.,0.,-1.));
#17041=DIRECTION('',(0.,-1.,0.));
#17042=DIRECTION('',(0.,0.,-1.));
#17043=DIRECTION('center_axis',(0.,-1.,0.));
#17044=DIRECTION('ref_axis',(-1.,0.,0.));
#17045=DIRECTION('',(-1.,0.,0.));
#17046=DIRECTION('',(0.,0.,-1.));
#17047=DIRECTION('',(-1.,0.,0.));
#17048=DIRECTION('center_axis',(-1.,0.,0.));
#17049=DIRECTION('ref_axis',(0.,1.,0.));
#17050=DIRECTION('',(0.,1.,0.));
#17051=DIRECTION('',(0.,0.,-1.));
#17052=DIRECTION('',(0.,1.,0.));
#17053=DIRECTION('center_axis',(0.,1.,0.));
#17054=DIRECTION('ref_axis',(1.,0.,0.));
#17055=DIRECTION('',(1.,0.,0.));
#17056=DIRECTION('',(1.,0.,0.));
#17057=DIRECTION('center_axis',(0.,0.,-1.));
#17058=DIRECTION('ref_axis',(1.,0.,0.));
#17059=DIRECTION('center_axis',(0.,0.,1.));
#17060=DIRECTION('ref_axis',(1.,0.,0.));
#17061=DIRECTION('center_axis',(1.,0.,0.));
#17062=DIRECTION('ref_axis',(0.,-1.,0.));
#17063=DIRECTION('',(0.,-1.,0.));
#17064=DIRECTION('',(0.,0.,-1.));
#17065=DIRECTION('',(0.,-1.,0.));
#17066=DIRECTION('',(0.,0.,-1.));
#17067=DIRECTION('center_axis',(0.,-1.,0.));
#17068=DIRECTION('ref_axis',(-1.,0.,0.));
#17069=DIRECTION('',(-1.,0.,0.));
#17070=DIRECTION('',(0.,0.,-1.));
#17071=DIRECTION('',(-1.,0.,0.));
#17072=DIRECTION('center_axis',(-1.,0.,0.));
#17073=DIRECTION('ref_axis',(0.,1.,0.));
#17074=DIRECTION('',(0.,1.,0.));
#17075=DIRECTION('',(0.,0.,-1.));
#17076=DIRECTION('',(0.,1.,0.));
#17077=DIRECTION('center_axis',(0.,1.,0.));
#17078=DIRECTION('ref_axis',(1.,0.,0.));
#17079=DIRECTION('',(1.,0.,0.));
#17080=DIRECTION('',(1.,0.,0.));
#17081=DIRECTION('center_axis',(0.,0.,-1.));
#17082=DIRECTION('ref_axis',(1.,0.,0.));
#17083=DIRECTION('center_axis',(0.,0.,1.));
#17084=DIRECTION('ref_axis',(1.,0.,0.));
#17085=DIRECTION('center_axis',(0.,-1.,0.));
#17086=DIRECTION('ref_axis',(-1.,0.,0.));
#17087=DIRECTION('',(1.,0.,0.));
#17088=DIRECTION('',(0.,0.,-1.));
#17089=DIRECTION('',(-1.,0.,0.));
#17090=DIRECTION('',(0.,0.,-1.));
#17091=DIRECTION('center_axis',(-1.,0.,0.));
#17092=DIRECTION('ref_axis',(0.,1.,0.));
#17093=DIRECTION('',(0.,-1.,0.));
#17094=DIRECTION('',(0.,0.,-1.));
#17095=DIRECTION('',(0.,1.,0.));
#17096=DIRECTION('center_axis',(0.,1.,0.));
#17097=DIRECTION('ref_axis',(1.,0.,0.));
#17098=DIRECTION('',(-1.,0.,0.));
#17099=DIRECTION('',(0.,0.,-1.));
#17100=DIRECTION('',(1.,0.,0.));
#17101=DIRECTION('center_axis',(1.,0.,0.));
#17102=DIRECTION('ref_axis',(0.,-1.,0.));
#17103=DIRECTION('',(0.,1.,0.));
#17104=DIRECTION('',(0.,-1.,0.));
#17105=DIRECTION('center_axis',(0.,0.,-1.));
#17106=DIRECTION('ref_axis',(1.,0.,0.));
#17107=DIRECTION('center_axis',(0.,0.,1.));
#17108=DIRECTION('ref_axis',(1.,0.,0.));
#17109=DIRECTION('center_axis',(0.,-1.,0.));
#17110=DIRECTION('ref_axis',(-1.,0.,0.));
#17111=DIRECTION('',(1.,0.,0.));
#17112=DIRECTION('',(0.,0.,-1.));
#17113=DIRECTION('',(-1.,0.,0.));
#17114=DIRECTION('',(0.,0.,-1.));
#17115=DIRECTION('center_axis',(-1.,0.,0.));
#17116=DIRECTION('ref_axis',(0.,1.,0.));
#17117=DIRECTION('',(0.,-1.,0.));
#17118=DIRECTION('',(0.,0.,-1.));
#17119=DIRECTION('',(0.,1.,0.));
#17120=DIRECTION('center_axis',(0.,1.,0.));
#17121=DIRECTION('ref_axis',(1.,0.,0.));
#17122=DIRECTION('',(-1.,0.,0.));
#17123=DIRECTION('',(0.,0.,-1.));
#17124=DIRECTION('',(1.,0.,0.));
#17125=DIRECTION('center_axis',(1.,0.,0.));
#17126=DIRECTION('ref_axis',(0.,-1.,0.));
#17127=DIRECTION('',(0.,1.,0.));
#17128=DIRECTION('',(0.,-1.,0.));
#17129=DIRECTION('center_axis',(0.,0.,-1.));
#17130=DIRECTION('ref_axis',(1.,0.,0.));
#17131=DIRECTION('center_axis',(0.,0.,1.));
#17132=DIRECTION('ref_axis',(1.,0.,0.));
#17133=DIRECTION('center_axis',(0.,-1.,0.));
#17134=DIRECTION('ref_axis',(-1.,0.,0.));
#17135=DIRECTION('',(1.,0.,0.));
#17136=DIRECTION('',(0.,0.,-1.));
#17137=DIRECTION('',(-1.,0.,0.));
#17138=DIRECTION('',(0.,0.,-1.));
#17139=DIRECTION('center_axis',(-1.,0.,0.));
#17140=DIRECTION('ref_axis',(0.,1.,0.));
#17141=DIRECTION('',(0.,-1.,0.));
#17142=DIRECTION('',(0.,0.,-1.));
#17143=DIRECTION('',(0.,1.,0.));
#17144=DIRECTION('center_axis',(0.,1.,0.));
#17145=DIRECTION('ref_axis',(1.,0.,0.));
#17146=DIRECTION('',(-1.,0.,0.));
#17147=DIRECTION('',(0.,0.,-1.));
#17148=DIRECTION('',(1.,0.,0.));
#17149=DIRECTION('center_axis',(1.,0.,0.));
#17150=DIRECTION('ref_axis',(0.,-1.,0.));
#17151=DIRECTION('',(0.,1.,0.));
#17152=DIRECTION('',(0.,-1.,0.));
#17153=DIRECTION('center_axis',(0.,0.,-1.));
#17154=DIRECTION('ref_axis',(1.,0.,0.));
#17155=DIRECTION('center_axis',(0.,0.,1.));
#17156=DIRECTION('ref_axis',(1.,0.,0.));
#17157=DIRECTION('center_axis',(0.,-1.,0.));
#17158=DIRECTION('ref_axis',(-1.,0.,0.));
#17159=DIRECTION('',(1.,0.,0.));
#17160=DIRECTION('',(0.,0.,-1.));
#17161=DIRECTION('',(-1.,0.,0.));
#17162=DIRECTION('',(0.,0.,-1.));
#17163=DIRECTION('center_axis',(-1.,0.,0.));
#17164=DIRECTION('ref_axis',(0.,1.,0.));
#17165=DIRECTION('',(0.,-1.,0.));
#17166=DIRECTION('',(0.,0.,-1.));
#17167=DIRECTION('',(0.,1.,0.));
#17168=DIRECTION('center_axis',(0.,1.,0.));
#17169=DIRECTION('ref_axis',(1.,0.,0.));
#17170=DIRECTION('',(-1.,0.,0.));
#17171=DIRECTION('',(0.,0.,-1.));
#17172=DIRECTION('',(1.,0.,0.));
#17173=DIRECTION('center_axis',(1.,0.,0.));
#17174=DIRECTION('ref_axis',(0.,-1.,0.));
#17175=DIRECTION('',(0.,1.,0.));
#17176=DIRECTION('',(0.,-1.,0.));
#17177=DIRECTION('center_axis',(0.,0.,-1.));
#17178=DIRECTION('ref_axis',(1.,0.,0.));
#17179=DIRECTION('center_axis',(0.,0.,1.));
#17180=DIRECTION('ref_axis',(1.,0.,0.));
#17181=DIRECTION('center_axis',(1.,0.,0.));
#17182=DIRECTION('ref_axis',(0.,-1.,0.));
#17183=DIRECTION('',(0.,-1.,0.));
#17184=DIRECTION('',(0.,0.,-1.));
#17185=DIRECTION('',(0.,-1.,0.));
#17186=DIRECTION('',(0.,0.,-1.));
#17187=DIRECTION('center_axis',(0.,-1.,0.));
#17188=DIRECTION('ref_axis',(-1.,0.,0.));
#17189=DIRECTION('',(-1.,0.,0.));
#17190=DIRECTION('',(0.,0.,-1.));
#17191=DIRECTION('',(-1.,0.,0.));
#17192=DIRECTION('center_axis',(-1.,0.,0.));
#17193=DIRECTION('ref_axis',(0.,1.,0.));
#17194=DIRECTION('',(0.,1.,0.));
#17195=DIRECTION('',(0.,0.,-1.));
#17196=DIRECTION('',(0.,1.,0.));
#17197=DIRECTION('center_axis',(0.,1.,0.));
#17198=DIRECTION('ref_axis',(1.,0.,0.));
#17199=DIRECTION('',(1.,0.,0.));
#17200=DIRECTION('',(1.,0.,0.));
#17201=DIRECTION('center_axis',(0.,0.,-1.));
#17202=DIRECTION('ref_axis',(1.,0.,0.));
#17203=DIRECTION('center_axis',(0.,0.,1.));
#17204=DIRECTION('ref_axis',(1.,0.,0.));
#17205=DIRECTION('center_axis',(1.,0.,0.));
#17206=DIRECTION('ref_axis',(0.,-1.,0.));
#17207=DIRECTION('',(0.,-1.,0.));
#17208=DIRECTION('',(0.,0.,-1.));
#17209=DIRECTION('',(0.,-1.,0.));
#17210=DIRECTION('',(0.,0.,-1.));
#17211=DIRECTION('center_axis',(0.,-1.,0.));
#17212=DIRECTION('ref_axis',(-1.,0.,0.));
#17213=DIRECTION('',(-1.,0.,0.));
#17214=DIRECTION('',(0.,0.,-1.));
#17215=DIRECTION('',(-1.,0.,0.));
#17216=DIRECTION('center_axis',(-1.,0.,0.));
#17217=DIRECTION('ref_axis',(0.,1.,0.));
#17218=DIRECTION('',(0.,1.,0.));
#17219=DIRECTION('',(0.,0.,-1.));
#17220=DIRECTION('',(0.,1.,0.));
#17221=DIRECTION('center_axis',(0.,1.,0.));
#17222=DIRECTION('ref_axis',(1.,0.,0.));
#17223=DIRECTION('',(1.,0.,0.));
#17224=DIRECTION('',(1.,0.,0.));
#17225=DIRECTION('center_axis',(0.,0.,-1.));
#17226=DIRECTION('ref_axis',(1.,0.,0.));
#17227=DIRECTION('center_axis',(0.,0.,1.));
#17228=DIRECTION('ref_axis',(1.,0.,0.));
#17229=DIRECTION('center_axis',(0.,-1.,0.));
#17230=DIRECTION('ref_axis',(-1.,0.,0.));
#17231=DIRECTION('',(1.,0.,0.));
#17232=DIRECTION('',(0.,0.,-1.));
#17233=DIRECTION('',(-1.,0.,0.));
#17234=DIRECTION('',(0.,0.,-1.));
#17235=DIRECTION('center_axis',(-1.,0.,0.));
#17236=DIRECTION('ref_axis',(0.,1.,0.));
#17237=DIRECTION('',(0.,-1.,0.));
#17238=DIRECTION('',(0.,0.,-1.));
#17239=DIRECTION('',(0.,1.,0.));
#17240=DIRECTION('center_axis',(0.,1.,0.));
#17241=DIRECTION('ref_axis',(1.,0.,0.));
#17242=DIRECTION('',(-1.,0.,0.));
#17243=DIRECTION('',(0.,0.,-1.));
#17244=DIRECTION('',(1.,0.,0.));
#17245=DIRECTION('center_axis',(1.,0.,0.));
#17246=DIRECTION('ref_axis',(0.,-1.,0.));
#17247=DIRECTION('',(0.,1.,0.));
#17248=DIRECTION('',(0.,-1.,0.));
#17249=DIRECTION('center_axis',(0.,0.,-1.));
#17250=DIRECTION('ref_axis',(1.,0.,0.));
#17251=DIRECTION('center_axis',(0.,0.,1.));
#17252=DIRECTION('ref_axis',(1.,0.,0.));
#17253=DIRECTION('center_axis',(1.,0.,0.));
#17254=DIRECTION('ref_axis',(0.,-1.,0.));
#17255=DIRECTION('',(0.,-1.,0.));
#17256=DIRECTION('',(0.,0.,-1.));
#17257=DIRECTION('',(0.,-1.,0.));
#17258=DIRECTION('',(0.,0.,-1.));
#17259=DIRECTION('center_axis',(0.,-1.,0.));
#17260=DIRECTION('ref_axis',(-1.,0.,0.));
#17261=DIRECTION('',(-1.,0.,0.));
#17262=DIRECTION('',(0.,0.,-1.));
#17263=DIRECTION('',(-1.,0.,0.));
#17264=DIRECTION('center_axis',(-1.,0.,0.));
#17265=DIRECTION('ref_axis',(0.,1.,0.));
#17266=DIRECTION('',(0.,1.,0.));
#17267=DIRECTION('',(0.,0.,-1.));
#17268=DIRECTION('',(0.,1.,0.));
#17269=DIRECTION('center_axis',(0.,1.,0.));
#17270=DIRECTION('ref_axis',(1.,0.,0.));
#17271=DIRECTION('',(1.,0.,0.));
#17272=DIRECTION('',(1.,0.,0.));
#17273=DIRECTION('center_axis',(0.,0.,-1.));
#17274=DIRECTION('ref_axis',(1.,0.,0.));
#17275=DIRECTION('center_axis',(0.,0.,1.));
#17276=DIRECTION('ref_axis',(1.,0.,0.));
#17277=DIRECTION('center_axis',(0.,-1.,0.));
#17278=DIRECTION('ref_axis',(-1.,0.,0.));
#17279=DIRECTION('',(1.,0.,0.));
#17280=DIRECTION('',(0.,0.,-1.));
#17281=DIRECTION('',(-1.,0.,0.));
#17282=DIRECTION('',(0.,0.,-1.));
#17283=DIRECTION('center_axis',(-1.,0.,0.));
#17284=DIRECTION('ref_axis',(0.,1.,0.));
#17285=DIRECTION('',(0.,-1.,0.));
#17286=DIRECTION('',(0.,0.,-1.));
#17287=DIRECTION('',(0.,1.,0.));
#17288=DIRECTION('center_axis',(0.,1.,0.));
#17289=DIRECTION('ref_axis',(1.,0.,0.));
#17290=DIRECTION('',(-1.,0.,0.));
#17291=DIRECTION('',(0.,0.,-1.));
#17292=DIRECTION('',(1.,0.,0.));
#17293=DIRECTION('center_axis',(1.,0.,0.));
#17294=DIRECTION('ref_axis',(0.,-1.,0.));
#17295=DIRECTION('',(0.,1.,0.));
#17296=DIRECTION('',(0.,-1.,0.));
#17297=DIRECTION('center_axis',(0.,0.,-1.));
#17298=DIRECTION('ref_axis',(1.,0.,0.));
#17299=DIRECTION('center_axis',(0.,0.,1.));
#17300=DIRECTION('ref_axis',(1.,0.,0.));
#17301=DIRECTION('center_axis',(1.,0.,0.));
#17302=DIRECTION('ref_axis',(0.,-1.,0.));
#17303=DIRECTION('',(0.,-1.,0.));
#17304=DIRECTION('',(0.,0.,-1.));
#17305=DIRECTION('',(0.,-1.,0.));
#17306=DIRECTION('',(0.,0.,-1.));
#17307=DIRECTION('center_axis',(0.,-1.,0.));
#17308=DIRECTION('ref_axis',(-1.,0.,0.));
#17309=DIRECTION('',(-1.,0.,0.));
#17310=DIRECTION('',(0.,0.,-1.));
#17311=DIRECTION('',(-1.,0.,0.));
#17312=DIRECTION('center_axis',(-1.,0.,0.));
#17313=DIRECTION('ref_axis',(0.,1.,0.));
#17314=DIRECTION('',(0.,1.,0.));
#17315=DIRECTION('',(0.,0.,-1.));
#17316=DIRECTION('',(0.,1.,0.));
#17317=DIRECTION('center_axis',(0.,1.,0.));
#17318=DIRECTION('ref_axis',(1.,0.,0.));
#17319=DIRECTION('',(1.,0.,0.));
#17320=DIRECTION('',(1.,0.,0.));
#17321=DIRECTION('center_axis',(0.,0.,-1.));
#17322=DIRECTION('ref_axis',(1.,0.,0.));
#17323=DIRECTION('center_axis',(0.,0.,1.));
#17324=DIRECTION('ref_axis',(1.,0.,0.));
#17325=DIRECTION('center_axis',(0.,-1.,0.));
#17326=DIRECTION('ref_axis',(-1.,0.,0.));
#17327=DIRECTION('',(1.,0.,0.));
#17328=DIRECTION('',(0.,0.,-1.));
#17329=DIRECTION('',(-1.,0.,0.));
#17330=DIRECTION('',(0.,0.,-1.));
#17331=DIRECTION('center_axis',(-1.,0.,0.));
#17332=DIRECTION('ref_axis',(0.,1.,0.));
#17333=DIRECTION('',(0.,-1.,0.));
#17334=DIRECTION('',(0.,0.,-1.));
#17335=DIRECTION('',(0.,1.,0.));
#17336=DIRECTION('center_axis',(0.,1.,0.));
#17337=DIRECTION('ref_axis',(1.,0.,0.));
#17338=DIRECTION('',(-1.,0.,0.));
#17339=DIRECTION('',(0.,0.,-1.));
#17340=DIRECTION('',(1.,0.,0.));
#17341=DIRECTION('center_axis',(1.,0.,0.));
#17342=DIRECTION('ref_axis',(0.,-1.,0.));
#17343=DIRECTION('',(0.,1.,0.));
#17344=DIRECTION('',(0.,-1.,0.));
#17345=DIRECTION('center_axis',(0.,0.,-1.));
#17346=DIRECTION('ref_axis',(1.,0.,0.));
#17347=DIRECTION('center_axis',(0.,0.,1.));
#17348=DIRECTION('ref_axis',(1.,0.,0.));
#17349=DIRECTION('center_axis',(1.,0.,0.));
#17350=DIRECTION('ref_axis',(0.,-1.,0.));
#17351=DIRECTION('',(0.,-1.,0.));
#17352=DIRECTION('',(0.,0.,-1.));
#17353=DIRECTION('',(0.,-1.,0.));
#17354=DIRECTION('',(0.,0.,-1.));
#17355=DIRECTION('center_axis',(0.,-1.,0.));
#17356=DIRECTION('ref_axis',(-1.,0.,0.));
#17357=DIRECTION('',(-1.,0.,0.));
#17358=DIRECTION('',(0.,0.,-1.));
#17359=DIRECTION('',(-1.,0.,0.));
#17360=DIRECTION('center_axis',(-1.,0.,0.));
#17361=DIRECTION('ref_axis',(0.,1.,0.));
#17362=DIRECTION('',(0.,1.,0.));
#17363=DIRECTION('',(0.,0.,-1.));
#17364=DIRECTION('',(0.,1.,0.));
#17365=DIRECTION('center_axis',(0.,1.,0.));
#17366=DIRECTION('ref_axis',(1.,0.,0.));
#17367=DIRECTION('',(1.,0.,0.));
#17368=DIRECTION('',(1.,0.,0.));
#17369=DIRECTION('center_axis',(0.,0.,-1.));
#17370=DIRECTION('ref_axis',(1.,0.,0.));
#17371=DIRECTION('center_axis',(0.,0.,1.));
#17372=DIRECTION('ref_axis',(1.,0.,0.));
#17373=DIRECTION('center_axis',(1.,0.,0.));
#17374=DIRECTION('ref_axis',(0.,-1.,0.));
#17375=DIRECTION('',(0.,-1.,0.));
#17376=DIRECTION('',(0.,0.,-1.));
#17377=DIRECTION('',(0.,-1.,0.));
#17378=DIRECTION('',(0.,0.,-1.));
#17379=DIRECTION('center_axis',(0.,-1.,0.));
#17380=DIRECTION('ref_axis',(-1.,0.,0.));
#17381=DIRECTION('',(-1.,0.,0.));
#17382=DIRECTION('',(0.,0.,-1.));
#17383=DIRECTION('',(-1.,0.,0.));
#17384=DIRECTION('center_axis',(-1.,0.,0.));
#17385=DIRECTION('ref_axis',(0.,1.,0.));
#17386=DIRECTION('',(0.,1.,0.));
#17387=DIRECTION('',(0.,0.,-1.));
#17388=DIRECTION('',(0.,1.,0.));
#17389=DIRECTION('center_axis',(0.,1.,0.));
#17390=DIRECTION('ref_axis',(1.,0.,0.));
#17391=DIRECTION('',(1.,0.,0.));
#17392=DIRECTION('',(1.,0.,0.));
#17393=DIRECTION('center_axis',(0.,0.,-1.));
#17394=DIRECTION('ref_axis',(1.,0.,0.));
#17395=DIRECTION('center_axis',(0.,0.,1.));
#17396=DIRECTION('ref_axis',(1.,0.,0.));
#17397=DIRECTION('center_axis',(0.,-1.,0.));
#17398=DIRECTION('ref_axis',(-1.,0.,0.));
#17399=DIRECTION('',(1.,0.,0.));
#17400=DIRECTION('',(0.,0.,-1.));
#17401=DIRECTION('',(-1.,0.,0.));
#17402=DIRECTION('',(0.,0.,-1.));
#17403=DIRECTION('center_axis',(-1.,0.,0.));
#17404=DIRECTION('ref_axis',(0.,1.,0.));
#17405=DIRECTION('',(0.,-1.,0.));
#17406=DIRECTION('',(0.,0.,-1.));
#17407=DIRECTION('',(0.,1.,0.));
#17408=DIRECTION('center_axis',(0.,1.,0.));
#17409=DIRECTION('ref_axis',(1.,0.,0.));
#17410=DIRECTION('',(-1.,0.,0.));
#17411=DIRECTION('',(0.,0.,-1.));
#17412=DIRECTION('',(1.,0.,0.));
#17413=DIRECTION('center_axis',(1.,0.,0.));
#17414=DIRECTION('ref_axis',(0.,-1.,0.));
#17415=DIRECTION('',(0.,1.,0.));
#17416=DIRECTION('',(0.,-1.,0.));
#17417=DIRECTION('center_axis',(0.,0.,-1.));
#17418=DIRECTION('ref_axis',(1.,0.,0.));
#17419=DIRECTION('center_axis',(0.,0.,1.));
#17420=DIRECTION('ref_axis',(1.,0.,0.));
#17421=DIRECTION('center_axis',(1.,0.,0.));
#17422=DIRECTION('ref_axis',(0.,-1.,0.));
#17423=DIRECTION('',(0.,-1.,0.));
#17424=DIRECTION('',(0.,0.,-1.));
#17425=DIRECTION('',(0.,-1.,0.));
#17426=DIRECTION('',(0.,0.,-1.));
#17427=DIRECTION('center_axis',(0.,-1.,0.));
#17428=DIRECTION('ref_axis',(-1.,0.,0.));
#17429=DIRECTION('',(-1.,0.,0.));
#17430=DIRECTION('',(0.,0.,-1.));
#17431=DIRECTION('',(-1.,0.,0.));
#17432=DIRECTION('center_axis',(-1.,0.,0.));
#17433=DIRECTION('ref_axis',(0.,1.,0.));
#17434=DIRECTION('',(0.,1.,0.));
#17435=DIRECTION('',(0.,0.,-1.));
#17436=DIRECTION('',(0.,1.,0.));
#17437=DIRECTION('center_axis',(0.,1.,0.));
#17438=DIRECTION('ref_axis',(1.,0.,0.));
#17439=DIRECTION('',(1.,0.,0.));
#17440=DIRECTION('',(1.,0.,0.));
#17441=DIRECTION('center_axis',(0.,0.,-1.));
#17442=DIRECTION('ref_axis',(1.,0.,0.));
#17443=DIRECTION('center_axis',(0.,0.,1.));
#17444=DIRECTION('ref_axis',(1.,0.,0.));
#17445=DIRECTION('center_axis',(1.,0.,0.));
#17446=DIRECTION('ref_axis',(0.,-1.,0.));
#17447=DIRECTION('',(0.,-1.,0.));
#17448=DIRECTION('',(0.,0.,-1.));
#17449=DIRECTION('',(0.,-1.,0.));
#17450=DIRECTION('',(0.,0.,-1.));
#17451=DIRECTION('center_axis',(0.,-1.,0.));
#17452=DIRECTION('ref_axis',(-1.,0.,0.));
#17453=DIRECTION('',(-1.,0.,0.));
#17454=DIRECTION('',(0.,0.,-1.));
#17455=DIRECTION('',(-1.,0.,0.));
#17456=DIRECTION('center_axis',(-1.,0.,0.));
#17457=DIRECTION('ref_axis',(0.,1.,0.));
#17458=DIRECTION('',(0.,1.,0.));
#17459=DIRECTION('',(0.,0.,-1.));
#17460=DIRECTION('',(0.,1.,0.));
#17461=DIRECTION('center_axis',(0.,1.,0.));
#17462=DIRECTION('ref_axis',(1.,0.,0.));
#17463=DIRECTION('',(1.,0.,0.));
#17464=DIRECTION('',(1.,0.,0.));
#17465=DIRECTION('center_axis',(0.,0.,-1.));
#17466=DIRECTION('ref_axis',(1.,0.,0.));
#17467=DIRECTION('center_axis',(0.,0.,1.));
#17468=DIRECTION('ref_axis',(1.,0.,0.));
#17469=DIRECTION('center_axis',(0.,-1.,0.));
#17470=DIRECTION('ref_axis',(-1.,0.,0.));
#17471=DIRECTION('',(1.,0.,0.));
#17472=DIRECTION('',(0.,0.,-1.));
#17473=DIRECTION('',(-1.,0.,0.));
#17474=DIRECTION('',(0.,0.,-1.));
#17475=DIRECTION('center_axis',(-1.,0.,0.));
#17476=DIRECTION('ref_axis',(0.,1.,0.));
#17477=DIRECTION('',(0.,-1.,0.));
#17478=DIRECTION('',(0.,0.,-1.));
#17479=DIRECTION('',(0.,1.,0.));
#17480=DIRECTION('center_axis',(0.,1.,0.));
#17481=DIRECTION('ref_axis',(1.,0.,0.));
#17482=DIRECTION('',(-1.,0.,0.));
#17483=DIRECTION('',(0.,0.,-1.));
#17484=DIRECTION('',(1.,0.,0.));
#17485=DIRECTION('center_axis',(1.,0.,0.));
#17486=DIRECTION('ref_axis',(0.,-1.,0.));
#17487=DIRECTION('',(0.,1.,0.));
#17488=DIRECTION('',(0.,-1.,0.));
#17489=DIRECTION('center_axis',(0.,0.,-1.));
#17490=DIRECTION('ref_axis',(1.,0.,0.));
#17491=DIRECTION('center_axis',(0.,0.,1.));
#17492=DIRECTION('ref_axis',(1.,0.,0.));
#17493=DIRECTION('center_axis',(0.,-1.,0.));
#17494=DIRECTION('ref_axis',(-1.,0.,0.));
#17495=DIRECTION('',(1.,0.,0.));
#17496=DIRECTION('',(0.,0.,-1.));
#17497=DIRECTION('',(-1.,0.,0.));
#17498=DIRECTION('',(0.,0.,-1.));
#17499=DIRECTION('center_axis',(-1.,0.,0.));
#17500=DIRECTION('ref_axis',(0.,1.,0.));
#17501=DIRECTION('',(0.,-1.,0.));
#17502=DIRECTION('',(0.,0.,-1.));
#17503=DIRECTION('',(0.,1.,0.));
#17504=DIRECTION('center_axis',(0.,1.,0.));
#17505=DIRECTION('ref_axis',(1.,0.,0.));
#17506=DIRECTION('',(-1.,0.,0.));
#17507=DIRECTION('',(0.,0.,-1.));
#17508=DIRECTION('',(1.,0.,0.));
#17509=DIRECTION('center_axis',(1.,0.,0.));
#17510=DIRECTION('ref_axis',(0.,-1.,0.));
#17511=DIRECTION('',(0.,1.,0.));
#17512=DIRECTION('',(0.,-1.,0.));
#17513=DIRECTION('center_axis',(0.,0.,-1.));
#17514=DIRECTION('ref_axis',(1.,0.,0.));
#17515=DIRECTION('center_axis',(0.,0.,1.));
#17516=DIRECTION('ref_axis',(1.,0.,0.));
#17517=DIRECTION('center_axis',(1.,0.,0.));
#17518=DIRECTION('ref_axis',(0.,-1.,0.));
#17519=DIRECTION('',(0.,-1.,0.));
#17520=DIRECTION('',(0.,0.,-1.));
#17521=DIRECTION('',(0.,-1.,0.));
#17522=DIRECTION('',(0.,0.,-1.));
#17523=DIRECTION('center_axis',(0.,-1.,0.));
#17524=DIRECTION('ref_axis',(-1.,0.,0.));
#17525=DIRECTION('',(-1.,0.,0.));
#17526=DIRECTION('',(0.,0.,-1.));
#17527=DIRECTION('',(-1.,0.,0.));
#17528=DIRECTION('center_axis',(-1.,0.,0.));
#17529=DIRECTION('ref_axis',(0.,1.,0.));
#17530=DIRECTION('',(0.,1.,0.));
#17531=DIRECTION('',(0.,0.,-1.));
#17532=DIRECTION('',(0.,1.,0.));
#17533=DIRECTION('center_axis',(0.,1.,0.));
#17534=DIRECTION('ref_axis',(1.,0.,0.));
#17535=DIRECTION('',(1.,0.,0.));
#17536=DIRECTION('',(1.,0.,0.));
#17537=DIRECTION('center_axis',(0.,0.,-1.));
#17538=DIRECTION('ref_axis',(1.,0.,0.));
#17539=DIRECTION('center_axis',(0.,0.,1.));
#17540=DIRECTION('ref_axis',(1.,0.,0.));
#17541=DIRECTION('center_axis',(1.,0.,0.));
#17542=DIRECTION('ref_axis',(0.,-1.,0.));
#17543=DIRECTION('',(0.,-1.,0.));
#17544=DIRECTION('',(0.,0.,-1.));
#17545=DIRECTION('',(0.,-1.,0.));
#17546=DIRECTION('',(0.,0.,-1.));
#17547=DIRECTION('center_axis',(0.,-1.,0.));
#17548=DIRECTION('ref_axis',(-1.,0.,0.));
#17549=DIRECTION('',(-1.,0.,0.));
#17550=DIRECTION('',(0.,0.,-1.));
#17551=DIRECTION('',(-1.,0.,0.));
#17552=DIRECTION('center_axis',(-1.,0.,0.));
#17553=DIRECTION('ref_axis',(0.,1.,0.));
#17554=DIRECTION('',(0.,1.,0.));
#17555=DIRECTION('',(0.,0.,-1.));
#17556=DIRECTION('',(0.,1.,0.));
#17557=DIRECTION('center_axis',(0.,1.,0.));
#17558=DIRECTION('ref_axis',(1.,0.,0.));
#17559=DIRECTION('',(1.,0.,0.));
#17560=DIRECTION('',(1.,0.,0.));
#17561=DIRECTION('center_axis',(0.,0.,-1.));
#17562=DIRECTION('ref_axis',(1.,0.,0.));
#17563=DIRECTION('center_axis',(0.,0.,1.));
#17564=DIRECTION('ref_axis',(1.,0.,0.));
#17565=DIRECTION('center_axis',(0.,-1.,0.));
#17566=DIRECTION('ref_axis',(-1.,0.,0.));
#17567=DIRECTION('',(1.,0.,0.));
#17568=DIRECTION('',(0.,0.,-1.));
#17569=DIRECTION('',(-1.,0.,0.));
#17570=DIRECTION('',(0.,0.,-1.));
#17571=DIRECTION('center_axis',(-1.,0.,0.));
#17572=DIRECTION('ref_axis',(0.,1.,0.));
#17573=DIRECTION('',(0.,-1.,0.));
#17574=DIRECTION('',(0.,0.,-1.));
#17575=DIRECTION('',(0.,1.,0.));
#17576=DIRECTION('center_axis',(0.,1.,0.));
#17577=DIRECTION('ref_axis',(1.,0.,0.));
#17578=DIRECTION('',(-1.,0.,0.));
#17579=DIRECTION('',(0.,0.,-1.));
#17580=DIRECTION('',(1.,0.,0.));
#17581=DIRECTION('center_axis',(1.,0.,0.));
#17582=DIRECTION('ref_axis',(0.,-1.,0.));
#17583=DIRECTION('',(0.,1.,0.));
#17584=DIRECTION('',(0.,-1.,0.));
#17585=DIRECTION('center_axis',(0.,0.,-1.));
#17586=DIRECTION('ref_axis',(1.,0.,0.));
#17587=DIRECTION('center_axis',(0.,0.,1.));
#17588=DIRECTION('ref_axis',(1.,0.,0.));
#17589=DIRECTION('center_axis',(0.,-1.,0.));
#17590=DIRECTION('ref_axis',(-1.,0.,0.));
#17591=DIRECTION('',(1.,0.,0.));
#17592=DIRECTION('',(0.,0.,-1.));
#17593=DIRECTION('',(-1.,0.,0.));
#17594=DIRECTION('',(0.,0.,-1.));
#17595=DIRECTION('center_axis',(-1.,0.,0.));
#17596=DIRECTION('ref_axis',(0.,1.,0.));
#17597=DIRECTION('',(0.,-1.,0.));
#17598=DIRECTION('',(0.,0.,-1.));
#17599=DIRECTION('',(0.,1.,0.));
#17600=DIRECTION('center_axis',(0.,1.,0.));
#17601=DIRECTION('ref_axis',(1.,0.,0.));
#17602=DIRECTION('',(-1.,0.,0.));
#17603=DIRECTION('',(0.,0.,-1.));
#17604=DIRECTION('',(1.,0.,0.));
#17605=DIRECTION('center_axis',(1.,0.,0.));
#17606=DIRECTION('ref_axis',(0.,-1.,0.));
#17607=DIRECTION('',(0.,1.,0.));
#17608=DIRECTION('',(0.,-1.,0.));
#17609=DIRECTION('center_axis',(0.,0.,-1.));
#17610=DIRECTION('ref_axis',(1.,0.,0.));
#17611=DIRECTION('center_axis',(0.,0.,1.));
#17612=DIRECTION('ref_axis',(1.,0.,0.));
#17613=DIRECTION('center_axis',(1.,0.,0.));
#17614=DIRECTION('ref_axis',(0.,-1.,0.));
#17615=DIRECTION('',(0.,-1.,0.));
#17616=DIRECTION('',(0.,0.,-1.));
#17617=DIRECTION('',(0.,-1.,0.));
#17618=DIRECTION('',(0.,0.,-1.));
#17619=DIRECTION('center_axis',(0.,-1.,0.));
#17620=DIRECTION('ref_axis',(-1.,0.,0.));
#17621=DIRECTION('',(-1.,0.,0.));
#17622=DIRECTION('',(0.,0.,-1.));
#17623=DIRECTION('',(-1.,0.,0.));
#17624=DIRECTION('center_axis',(-1.,0.,0.));
#17625=DIRECTION('ref_axis',(0.,1.,0.));
#17626=DIRECTION('',(0.,1.,0.));
#17627=DIRECTION('',(0.,0.,-1.));
#17628=DIRECTION('',(0.,1.,0.));
#17629=DIRECTION('center_axis',(0.,1.,0.));
#17630=DIRECTION('ref_axis',(1.,0.,0.));
#17631=DIRECTION('',(1.,0.,0.));
#17632=DIRECTION('',(1.,0.,0.));
#17633=DIRECTION('center_axis',(0.,0.,-1.));
#17634=DIRECTION('ref_axis',(1.,0.,0.));
#17635=DIRECTION('center_axis',(0.,0.,1.));
#17636=DIRECTION('ref_axis',(1.,0.,0.));
#17637=DIRECTION('center_axis',(1.,0.,0.));
#17638=DIRECTION('ref_axis',(0.,-1.,0.));
#17639=DIRECTION('',(0.,-1.,0.));
#17640=DIRECTION('',(0.,0.,-1.));
#17641=DIRECTION('',(0.,-1.,0.));
#17642=DIRECTION('',(0.,0.,-1.));
#17643=DIRECTION('center_axis',(0.,-1.,0.));
#17644=DIRECTION('ref_axis',(-1.,0.,0.));
#17645=DIRECTION('',(-1.,0.,0.));
#17646=DIRECTION('',(0.,0.,-1.));
#17647=DIRECTION('',(-1.,0.,0.));
#17648=DIRECTION('center_axis',(-1.,0.,0.));
#17649=DIRECTION('ref_axis',(0.,1.,0.));
#17650=DIRECTION('',(0.,1.,0.));
#17651=DIRECTION('',(0.,0.,-1.));
#17652=DIRECTION('',(0.,1.,0.));
#17653=DIRECTION('center_axis',(0.,1.,0.));
#17654=DIRECTION('ref_axis',(1.,0.,0.));
#17655=DIRECTION('',(1.,0.,0.));
#17656=DIRECTION('',(1.,0.,0.));
#17657=DIRECTION('center_axis',(0.,0.,-1.));
#17658=DIRECTION('ref_axis',(1.,0.,0.));
#17659=DIRECTION('center_axis',(0.,0.,1.));
#17660=DIRECTION('ref_axis',(1.,0.,0.));
#17661=DIRECTION('center_axis',(0.,-1.,0.));
#17662=DIRECTION('ref_axis',(-1.,0.,0.));
#17663=DIRECTION('',(1.,0.,0.));
#17664=DIRECTION('',(0.,0.,-1.));
#17665=DIRECTION('',(-1.,0.,0.));
#17666=DIRECTION('',(0.,0.,-1.));
#17667=DIRECTION('center_axis',(-1.,0.,0.));
#17668=DIRECTION('ref_axis',(0.,1.,0.));
#17669=DIRECTION('',(0.,-1.,0.));
#17670=DIRECTION('',(0.,0.,-1.));
#17671=DIRECTION('',(0.,1.,0.));
#17672=DIRECTION('center_axis',(0.,1.,0.));
#17673=DIRECTION('ref_axis',(1.,0.,0.));
#17674=DIRECTION('',(-1.,0.,0.));
#17675=DIRECTION('',(0.,0.,-1.));
#17676=DIRECTION('',(1.,0.,0.));
#17677=DIRECTION('center_axis',(1.,0.,0.));
#17678=DIRECTION('ref_axis',(0.,-1.,0.));
#17679=DIRECTION('',(0.,1.,0.));
#17680=DIRECTION('',(0.,-1.,0.));
#17681=DIRECTION('center_axis',(0.,0.,-1.));
#17682=DIRECTION('ref_axis',(1.,0.,0.));
#17683=DIRECTION('center_axis',(0.,0.,1.));
#17684=DIRECTION('ref_axis',(1.,0.,0.));
#17685=DIRECTION('center_axis',(0.,-1.,0.));
#17686=DIRECTION('ref_axis',(-1.,0.,0.));
#17687=DIRECTION('',(1.,0.,0.));
#17688=DIRECTION('',(0.,0.,-1.));
#17689=DIRECTION('',(-1.,0.,0.));
#17690=DIRECTION('',(0.,0.,-1.));
#17691=DIRECTION('center_axis',(-1.,0.,0.));
#17692=DIRECTION('ref_axis',(0.,1.,0.));
#17693=DIRECTION('',(0.,-1.,0.));
#17694=DIRECTION('',(0.,0.,-1.));
#17695=DIRECTION('',(0.,1.,0.));
#17696=DIRECTION('center_axis',(0.,1.,0.));
#17697=DIRECTION('ref_axis',(1.,0.,0.));
#17698=DIRECTION('',(-1.,0.,0.));
#17699=DIRECTION('',(0.,0.,-1.));
#17700=DIRECTION('',(1.,0.,0.));
#17701=DIRECTION('center_axis',(1.,0.,0.));
#17702=DIRECTION('ref_axis',(0.,-1.,0.));
#17703=DIRECTION('',(0.,1.,0.));
#17704=DIRECTION('',(0.,-1.,0.));
#17705=DIRECTION('center_axis',(0.,0.,-1.));
#17706=DIRECTION('ref_axis',(1.,0.,0.));
#17707=DIRECTION('center_axis',(0.,0.,1.));
#17708=DIRECTION('ref_axis',(1.,0.,0.));
#17709=CARTESIAN_POINT('',(0.,0.,0.));
#17710=CARTESIAN_POINT('Origin',(11.1381823957498,9.99999999999908,2.1));
#17711=CARTESIAN_POINT('',(11.1381823957498,9.99999999999908,2.1));
#17712=CARTESIAN_POINT('',(11.1381823957498,9.49999999999908,2.1));
#17713=CARTESIAN_POINT('',(11.1381823957498,4.99999999999908,2.1));
#17714=CARTESIAN_POINT('',(11.1381823957498,9.99999999999908,1.6));
#17715=CARTESIAN_POINT('',(11.1381823957498,9.99999999999908,2.1));
#17716=CARTESIAN_POINT('',(11.1381823957498,9.49999999999908,1.6));
#17717=CARTESIAN_POINT('',(11.1381823957498,9.99999999999908,1.6));
#17718=CARTESIAN_POINT('',(11.1381823957498,9.49999999999908,2.1));
#17719=CARTESIAN_POINT('Origin',(1.13818241065092,9.99999999999908,2.1));
#17720=CARTESIAN_POINT('',(1.13818241065092,9.99999999999908,2.1));
#17721=CARTESIAN_POINT('',(0.56909120532576,9.99999999999908,2.1));
#17722=CARTESIAN_POINT('',(1.13818241065092,9.99999999999908,1.6));
#17723=CARTESIAN_POINT('',(1.13818241065092,9.99999999999908,2.1));
#17724=CARTESIAN_POINT('',(1.13818241065092,9.99999999999908,1.6));
#17725=CARTESIAN_POINT('Origin',(1.13818241065092,9.49999999999908,2.1));
#17726=CARTESIAN_POINT('',(1.13818241065092,9.49999999999908,2.1));
#17727=CARTESIAN_POINT('',(1.13818241065092,4.74999999999908,2.1));
#17728=CARTESIAN_POINT('',(1.13818241065092,9.49999999999908,1.6));
#17729=CARTESIAN_POINT('',(1.13818241065092,9.49999999999908,2.1));
#17730=CARTESIAN_POINT('',(1.13818241065092,9.49999999999908,1.6));
#17731=CARTESIAN_POINT('Origin',(11.1381823957498,9.49999999999908,2.1));
#17732=CARTESIAN_POINT('',(5.56909119787518,9.49999999999908,2.1));
#17733=CARTESIAN_POINT('',(11.1381823957498,9.49999999999908,1.6));
#17734=CARTESIAN_POINT('Origin',(6.13818240320034,9.74999999999908,1.6));
#17735=CARTESIAN_POINT('Origin',(1.13818241065092,5.99999999999908,2.1));
#17736=CARTESIAN_POINT('',(1.13818241065092,5.99999999999908,2.1));
#17737=CARTESIAN_POINT('',(11.1381823957498,5.99999999999908,2.1));
#17738=CARTESIAN_POINT('',(0.56909120532576,5.99999999999908,2.1));
#17739=CARTESIAN_POINT('',(1.13818241065092,5.99999999999908,1.6));
#17740=CARTESIAN_POINT('',(1.13818241065092,5.99999999999908,2.1));
#17741=CARTESIAN_POINT('',(11.1381823957498,5.99999999999908,1.6));
#17742=CARTESIAN_POINT('',(11.1381823957498,5.99999999999908,1.6));
#17743=CARTESIAN_POINT('',(11.1381823957498,5.99999999999908,2.1));
#17744=CARTESIAN_POINT('Origin',(1.13818241065092,5.49999999999908,2.1));
#17745=CARTESIAN_POINT('',(1.13818241065092,5.49999999999908,2.1));
#17746=CARTESIAN_POINT('',(1.13818241065092,2.74999999999908,2.1));
#17747=CARTESIAN_POINT('',(1.13818241065092,5.49999999999908,1.6));
#17748=CARTESIAN_POINT('',(1.13818241065092,5.49999999999908,2.1));
#17749=CARTESIAN_POINT('',(1.13818241065092,5.99999999999908,1.6));
#17750=CARTESIAN_POINT('Origin',(11.1381823957498,5.49999999999908,2.1));
#17751=CARTESIAN_POINT('',(11.1381823957498,5.49999999999908,2.1));
#17752=CARTESIAN_POINT('',(5.56909119787518,5.49999999999908,2.1));
#17753=CARTESIAN_POINT('',(11.1381823957498,5.49999999999908,1.6));
#17754=CARTESIAN_POINT('',(11.1381823957498,5.49999999999908,2.1));
#17755=CARTESIAN_POINT('',(1.13818241065092,5.49999999999908,1.6));
#17756=CARTESIAN_POINT('Origin',(11.1381823957498,5.99999999999908,2.1));
#17757=CARTESIAN_POINT('',(11.1381823957498,2.99999999999908,2.1));
#17758=CARTESIAN_POINT('',(11.1381823957498,5.49999999999908,1.6));
#17759=CARTESIAN_POINT('Origin',(6.13818240320034,5.74999999999908,1.6));
#17760=CARTESIAN_POINT('Origin',(1.13818241065092,4.99999999999908,2.1));
#17761=CARTESIAN_POINT('',(1.13818241065092,4.99999999999908,2.1));
#17762=CARTESIAN_POINT('',(11.1381823957498,4.99999999999908,2.1));
#17763=CARTESIAN_POINT('',(0.56909120532576,4.99999999999908,2.1));
#17764=CARTESIAN_POINT('',(1.13818241065092,4.99999999999908,1.6));
#17765=CARTESIAN_POINT('',(1.13818241065092,4.99999999999908,2.1));
#17766=CARTESIAN_POINT('',(11.1381823957498,4.99999999999908,1.6));
#17767=CARTESIAN_POINT('',(11.1381823957498,4.99999999999908,1.6));
#17768=CARTESIAN_POINT('',(11.1381823957498,4.99999999999908,2.1));
#17769=CARTESIAN_POINT('Origin',(1.13818241065092,4.49999999999908,2.1));
#17770=CARTESIAN_POINT('',(1.13818241065092,4.49999999999908,2.1));
#17771=CARTESIAN_POINT('',(1.13818241065092,2.24999999999908,2.1));
#17772=CARTESIAN_POINT('',(1.13818241065092,4.49999999999908,1.6));
#17773=CARTESIAN_POINT('',(1.13818241065092,4.49999999999908,2.1));
#17774=CARTESIAN_POINT('',(1.13818241065092,4.99999999999908,1.6));
#17775=CARTESIAN_POINT('Origin',(11.1381823957498,4.49999999999908,2.1));
#17776=CARTESIAN_POINT('',(11.1381823957498,4.49999999999908,2.1));
#17777=CARTESIAN_POINT('',(5.56909119787518,4.49999999999908,2.1));
#17778=CARTESIAN_POINT('',(11.1381823957498,4.49999999999908,1.6));
#17779=CARTESIAN_POINT('',(11.1381823957498,4.49999999999908,2.1));
#17780=CARTESIAN_POINT('',(1.13818241065092,4.49999999999908,1.6));
#17781=CARTESIAN_POINT('Origin',(11.1381823957498,4.99999999999908,2.1));
#17782=CARTESIAN_POINT('',(11.1381823957498,2.49999999999908,2.1));
#17783=CARTESIAN_POINT('',(11.1381823957498,4.49999999999908,1.6));
#17784=CARTESIAN_POINT('Origin',(6.13818240320034,4.74999999999908,1.6));
#17785=CARTESIAN_POINT('Origin',(11.1381823957498,2.99999999999908,2.1));
#17786=CARTESIAN_POINT('',(11.1381823957498,2.99999999999908,2.1));
#17787=CARTESIAN_POINT('',(11.1381823957498,2.49999999999908,2.1));
#17788=CARTESIAN_POINT('',(11.1381823957498,1.49999999999908,2.1));
#17789=CARTESIAN_POINT('',(11.1381823957498,2.99999999999908,1.6));
#17790=CARTESIAN_POINT('',(11.1381823957498,2.99999999999908,2.1));
#17791=CARTESIAN_POINT('',(11.1381823957498,2.49999999999908,1.6));
#17792=CARTESIAN_POINT('',(11.1381823957498,2.99999999999908,1.6));
#17793=CARTESIAN_POINT('',(11.1381823957498,2.49999999999908,2.1));
#17794=CARTESIAN_POINT('Origin',(1.13818241065092,2.99999999999908,2.1));
#17795=CARTESIAN_POINT('',(1.13818241065092,2.99999999999908,2.1));
#17796=CARTESIAN_POINT('',(0.56909120532576,2.99999999999908,2.1));
#17797=CARTESIAN_POINT('',(1.13818241065092,2.99999999999908,1.6));
#17798=CARTESIAN_POINT('',(1.13818241065092,2.99999999999908,2.1));
#17799=CARTESIAN_POINT('',(1.13818241065092,2.99999999999908,1.6));
#17800=CARTESIAN_POINT('Origin',(1.13818241065092,2.49999999999908,2.1));
#17801=CARTESIAN_POINT('',(1.13818241065092,2.49999999999908,2.1));
#17802=CARTESIAN_POINT('',(1.13818241065092,1.24999999999908,2.1));
#17803=CARTESIAN_POINT('',(1.13818241065092,2.49999999999908,1.6));
#17804=CARTESIAN_POINT('',(1.13818241065092,2.49999999999908,2.1));
#17805=CARTESIAN_POINT('',(1.13818241065092,2.49999999999908,1.6));
#17806=CARTESIAN_POINT('Origin',(11.1381823957498,2.49999999999908,2.1));
#17807=CARTESIAN_POINT('',(5.56909119787518,2.49999999999908,2.1));
#17808=CARTESIAN_POINT('',(11.1381823957498,2.49999999999908,1.6));
#17809=CARTESIAN_POINT('Origin',(6.13818240320034,2.74999999999908,1.6));
#17810=CARTESIAN_POINT('Origin',(11.1381823957498,3.99999999999908,2.1));
#17811=CARTESIAN_POINT('',(11.1381823957498,3.99999999999908,2.1));
#17812=CARTESIAN_POINT('',(11.1381823957498,3.49999999999908,2.1));
#17813=CARTESIAN_POINT('',(11.1381823957498,1.99999999999908,2.1));
#17814=CARTESIAN_POINT('',(11.1381823957498,3.99999999999908,1.6));
#17815=CARTESIAN_POINT('',(11.1381823957498,3.99999999999908,2.1));
#17816=CARTESIAN_POINT('',(11.1381823957498,3.49999999999908,1.6));
#17817=CARTESIAN_POINT('',(11.1381823957498,3.99999999999908,1.6));
#17818=CARTESIAN_POINT('',(11.1381823957498,3.49999999999908,2.1));
#17819=CARTESIAN_POINT('Origin',(1.13818241065092,3.99999999999908,2.1));
#17820=CARTESIAN_POINT('',(1.13818241065092,3.99999999999908,2.1));
#17821=CARTESIAN_POINT('',(0.56909120532576,3.99999999999908,2.1));
#17822=CARTESIAN_POINT('',(1.13818241065092,3.99999999999908,1.6));
#17823=CARTESIAN_POINT('',(1.13818241065092,3.99999999999908,2.1));
#17824=CARTESIAN_POINT('',(1.13818241065092,3.99999999999908,1.6));
#17825=CARTESIAN_POINT('Origin',(1.13818241065092,3.49999999999908,2.1));
#17826=CARTESIAN_POINT('',(1.13818241065092,3.49999999999908,2.1));
#17827=CARTESIAN_POINT('',(1.13818241065092,1.74999999999908,2.1));
#17828=CARTESIAN_POINT('',(1.13818241065092,3.49999999999908,1.6));
#17829=CARTESIAN_POINT('',(1.13818241065092,3.49999999999908,2.1));
#17830=CARTESIAN_POINT('',(1.13818241065092,3.49999999999908,1.6));
#17831=CARTESIAN_POINT('Origin',(11.1381823957498,3.49999999999908,2.1));
#17832=CARTESIAN_POINT('',(5.56909119787518,3.49999999999908,2.1));
#17833=CARTESIAN_POINT('',(11.1381823957498,3.49999999999908,1.6));
#17834=CARTESIAN_POINT('Origin',(6.13818240320034,3.74999999999908,1.6));
#17835=CARTESIAN_POINT('Origin',(11.1381823957498,15.9999999999991,2.1));
#17836=CARTESIAN_POINT('',(11.1381823957498,15.9999999999991,2.1));
#17837=CARTESIAN_POINT('',(11.1381823957498,15.4999999999991,2.1));
#17838=CARTESIAN_POINT('',(11.1381823957498,7.99999999999908,2.1));
#17839=CARTESIAN_POINT('',(11.1381823957498,15.9999999999991,1.6));
#17840=CARTESIAN_POINT('',(11.1381823957498,15.9999999999991,2.1));
#17841=CARTESIAN_POINT('',(11.1381823957498,15.4999999999991,1.6));
#17842=CARTESIAN_POINT('',(11.1381823957498,15.9999999999991,1.6));
#17843=CARTESIAN_POINT('',(11.1381823957498,15.4999999999991,2.1));
#17844=CARTESIAN_POINT('Origin',(1.13818241065092,15.9999999999991,2.1));
#17845=CARTESIAN_POINT('',(1.13818241065092,15.9999999999991,2.1));
#17846=CARTESIAN_POINT('',(0.56909120532576,15.9999999999991,2.1));
#17847=CARTESIAN_POINT('',(1.13818241065092,15.9999999999991,1.6));
#17848=CARTESIAN_POINT('',(1.13818241065092,15.9999999999991,2.1));
#17849=CARTESIAN_POINT('',(1.13818241065092,15.9999999999991,1.6));
#17850=CARTESIAN_POINT('Origin',(1.13818241065092,15.4999999999991,2.1));
#17851=CARTESIAN_POINT('',(1.13818241065092,15.4999999999991,2.1));
#17852=CARTESIAN_POINT('',(1.13818241065092,7.74999999999908,2.1));
#17853=CARTESIAN_POINT('',(1.13818241065092,15.4999999999991,1.6));
#17854=CARTESIAN_POINT('',(1.13818241065092,15.4999999999991,2.1));
#17855=CARTESIAN_POINT('',(1.13818241065092,15.4999999999991,1.6));
#17856=CARTESIAN_POINT('Origin',(11.1381823957498,15.4999999999991,2.1));
#17857=CARTESIAN_POINT('',(5.56909119787518,15.4999999999991,2.1));
#17858=CARTESIAN_POINT('',(11.1381823957498,15.4999999999991,1.6));
#17859=CARTESIAN_POINT('Origin',(6.13818240320034,15.7499999999991,1.6));
#17860=CARTESIAN_POINT('Origin',(11.1381823957498,14.9999999999991,2.1));
#17861=CARTESIAN_POINT('',(11.1381823957498,14.9999999999991,2.1));
#17862=CARTESIAN_POINT('',(11.1381823957498,14.4999999999991,2.1));
#17863=CARTESIAN_POINT('',(11.1381823957498,7.49999999999908,2.1));
#17864=CARTESIAN_POINT('',(11.1381823957498,14.9999999999991,1.6));
#17865=CARTESIAN_POINT('',(11.1381823957498,14.9999999999991,2.1));
#17866=CARTESIAN_POINT('',(11.1381823957498,14.4999999999991,1.6));
#17867=CARTESIAN_POINT('',(11.1381823957498,14.9999999999991,1.6));
#17868=CARTESIAN_POINT('',(11.1381823957498,14.4999999999991,2.1));
#17869=CARTESIAN_POINT('Origin',(1.13818241065092,14.9999999999991,2.1));
#17870=CARTESIAN_POINT('',(1.13818241065092,14.9999999999991,2.1));
#17871=CARTESIAN_POINT('',(0.56909120532576,14.9999999999991,2.1));
#17872=CARTESIAN_POINT('',(1.13818241065092,14.9999999999991,1.6));
#17873=CARTESIAN_POINT('',(1.13818241065092,14.9999999999991,2.1));
#17874=CARTESIAN_POINT('',(1.13818241065092,14.9999999999991,1.6));
#17875=CARTESIAN_POINT('Origin',(1.13818241065092,14.4999999999991,2.1));
#17876=CARTESIAN_POINT('',(1.13818241065092,14.4999999999991,2.1));
#17877=CARTESIAN_POINT('',(1.13818241065092,7.24999999999908,2.1));
#17878=CARTESIAN_POINT('',(1.13818241065092,14.4999999999991,1.6));
#17879=CARTESIAN_POINT('',(1.13818241065092,14.4999999999991,2.1));
#17880=CARTESIAN_POINT('',(1.13818241065092,14.4999999999991,1.6));
#17881=CARTESIAN_POINT('Origin',(11.1381823957498,14.4999999999991,2.1));
#17882=CARTESIAN_POINT('',(5.56909119787518,14.4999999999991,2.1));
#17883=CARTESIAN_POINT('',(11.1381823957498,14.4999999999991,1.6));
#17884=CARTESIAN_POINT('Origin',(6.13818240320034,14.7499999999991,1.6));
#17885=CARTESIAN_POINT('Origin',(1.13818241065092,11.9999999999991,2.1));
#17886=CARTESIAN_POINT('',(1.13818241065092,11.9999999999991,2.1));
#17887=CARTESIAN_POINT('',(11.1381823957498,11.9999999999991,2.1));
#17888=CARTESIAN_POINT('',(0.56909120532576,11.9999999999991,2.1));
#17889=CARTESIAN_POINT('',(1.13818241065092,11.9999999999991,1.6));
#17890=CARTESIAN_POINT('',(1.13818241065092,11.9999999999991,2.1));
#17891=CARTESIAN_POINT('',(11.1381823957498,11.9999999999991,1.6));
#17892=CARTESIAN_POINT('',(11.1381823957498,11.9999999999991,1.6));
#17893=CARTESIAN_POINT('',(11.1381823957498,11.9999999999991,2.1));
#17894=CARTESIAN_POINT('Origin',(1.13818241065092,11.4999999999991,2.1));
#17895=CARTESIAN_POINT('',(1.13818241065092,11.4999999999991,2.1));
#17896=CARTESIAN_POINT('',(1.13818241065092,5.74999999999908,2.1));
#17897=CARTESIAN_POINT('',(1.13818241065092,11.4999999999991,1.6));
#17898=CARTESIAN_POINT('',(1.13818241065092,11.4999999999991,2.1));
#17899=CARTESIAN_POINT('',(1.13818241065092,11.9999999999991,1.6));
#17900=CARTESIAN_POINT('Origin',(11.1381823957498,11.4999999999991,2.1));
#17901=CARTESIAN_POINT('',(11.1381823957498,11.4999999999991,2.1));
#17902=CARTESIAN_POINT('',(5.56909119787518,11.4999999999991,2.1));
#17903=CARTESIAN_POINT('',(11.1381823957498,11.4999999999991,1.6));
#17904=CARTESIAN_POINT('',(11.1381823957498,11.4999999999991,2.1));
#17905=CARTESIAN_POINT('',(1.13818241065092,11.4999999999991,1.6));
#17906=CARTESIAN_POINT('Origin',(11.1381823957498,11.9999999999991,2.1));
#17907=CARTESIAN_POINT('',(11.1381823957498,5.99999999999908,2.1));
#17908=CARTESIAN_POINT('',(11.1381823957498,11.4999999999991,1.6));
#17909=CARTESIAN_POINT('Origin',(6.13818240320034,11.7499999999991,1.6));
#17910=CARTESIAN_POINT('Origin',(1.13818241065092,16.9999999999991,2.1));
#17911=CARTESIAN_POINT('',(1.13818241065092,16.9999999999991,2.1));
#17912=CARTESIAN_POINT('',(11.1381823957498,16.9999999999991,2.1));
#17913=CARTESIAN_POINT('',(0.56909120532576,16.9999999999991,2.1));
#17914=CARTESIAN_POINT('',(1.13818241065092,16.9999999999991,1.6));
#17915=CARTESIAN_POINT('',(1.13818241065092,16.9999999999991,2.1));
#17916=CARTESIAN_POINT('',(11.1381823957498,16.9999999999991,1.6));
#17917=CARTESIAN_POINT('',(11.1381823957498,16.9999999999991,1.6));
#17918=CARTESIAN_POINT('',(11.1381823957498,16.9999999999991,2.1));
#17919=CARTESIAN_POINT('Origin',(1.13818241065092,16.4999999999991,2.1));
#17920=CARTESIAN_POINT('',(1.13818241065092,16.4999999999991,2.1));
#17921=CARTESIAN_POINT('',(1.13818241065092,8.24999999999908,2.1));
#17922=CARTESIAN_POINT('',(1.13818241065092,16.4999999999991,1.6));
#17923=CARTESIAN_POINT('',(1.13818241065092,16.4999999999991,2.1));
#17924=CARTESIAN_POINT('',(1.13818241065092,16.9999999999991,1.6));
#17925=CARTESIAN_POINT('Origin',(11.1381823957498,16.4999999999991,2.1));
#17926=CARTESIAN_POINT('',(11.1381823957498,16.4999999999991,2.1));
#17927=CARTESIAN_POINT('',(5.56909119787518,16.4999999999991,2.1));
#17928=CARTESIAN_POINT('',(11.1381823957498,16.4999999999991,1.6));
#17929=CARTESIAN_POINT('',(11.1381823957498,16.4999999999991,2.1));
#17930=CARTESIAN_POINT('',(1.13818241065092,16.4999999999991,1.6));
#17931=CARTESIAN_POINT('Origin',(11.1381823957498,16.9999999999991,2.1));
#17932=CARTESIAN_POINT('',(11.1381823957498,8.49999999999908,2.1));
#17933=CARTESIAN_POINT('',(11.1381823957498,16.4999999999991,1.6));
#17934=CARTESIAN_POINT('Origin',(6.13818240320034,16.7499999999991,1.6));
#17935=CARTESIAN_POINT('Origin',(1.13818241065092,17.9999999999991,2.1));
#17936=CARTESIAN_POINT('',(1.13818241065092,17.9999999999991,2.1));
#17937=CARTESIAN_POINT('',(11.1381823957498,17.9999999999991,2.1));
#17938=CARTESIAN_POINT('',(0.56909120532576,17.9999999999991,2.1));
#17939=CARTESIAN_POINT('',(1.13818241065092,17.9999999999991,1.6));
#17940=CARTESIAN_POINT('',(1.13818241065092,17.9999999999991,2.1));
#17941=CARTESIAN_POINT('',(11.1381823957498,17.9999999999991,1.6));
#17942=CARTESIAN_POINT('',(11.1381823957498,17.9999999999991,1.6));
#17943=CARTESIAN_POINT('',(11.1381823957498,17.9999999999991,2.1));
#17944=CARTESIAN_POINT('Origin',(1.13818241065092,17.4999999999991,2.1));
#17945=CARTESIAN_POINT('',(1.13818241065092,17.4999999999991,2.1));
#17946=CARTESIAN_POINT('',(1.13818241065092,8.74999999999908,2.1));
#17947=CARTESIAN_POINT('',(1.13818241065092,17.4999999999991,1.6));
#17948=CARTESIAN_POINT('',(1.13818241065092,17.4999999999991,2.1));
#17949=CARTESIAN_POINT('',(1.13818241065092,17.9999999999991,1.6));
#17950=CARTESIAN_POINT('Origin',(11.1381823957498,17.4999999999991,2.1));
#17951=CARTESIAN_POINT('',(11.1381823957498,17.4999999999991,2.1));
#17952=CARTESIAN_POINT('',(5.56909119787518,17.4999999999991,2.1));
#17953=CARTESIAN_POINT('',(11.1381823957498,17.4999999999991,1.6));
#17954=CARTESIAN_POINT('',(11.1381823957498,17.4999999999991,2.1));
#17955=CARTESIAN_POINT('',(1.13818241065092,17.4999999999991,1.6));
#17956=CARTESIAN_POINT('Origin',(11.1381823957498,17.9999999999991,2.1));
#17957=CARTESIAN_POINT('',(11.1381823957498,8.99999999999908,2.1));
#17958=CARTESIAN_POINT('',(11.1381823957498,17.4999999999991,1.6));
#17959=CARTESIAN_POINT('Origin',(6.13818240320034,17.7499999999991,1.6));
#17960=CARTESIAN_POINT('Origin',(1.13818241065092,10.9999999999991,2.1));
#17961=CARTESIAN_POINT('',(1.13818241065092,10.9999999999991,2.1));
#17962=CARTESIAN_POINT('',(11.1381823957498,10.9999999999991,2.1));
#17963=CARTESIAN_POINT('',(0.56909120532576,10.9999999999991,2.1));
#17964=CARTESIAN_POINT('',(1.13818241065092,10.9999999999991,1.6));
#17965=CARTESIAN_POINT('',(1.13818241065092,10.9999999999991,2.1));
#17966=CARTESIAN_POINT('',(11.1381823957498,10.9999999999991,1.6));
#17967=CARTESIAN_POINT('',(11.1381823957498,10.9999999999991,1.6));
#17968=CARTESIAN_POINT('',(11.1381823957498,10.9999999999991,2.1));
#17969=CARTESIAN_POINT('Origin',(1.13818241065092,10.4999999999991,2.1));
#17970=CARTESIAN_POINT('',(1.13818241065092,10.4999999999991,2.1));
#17971=CARTESIAN_POINT('',(1.13818241065092,5.24999999999908,2.1));
#17972=CARTESIAN_POINT('',(1.13818241065092,10.4999999999991,1.6));
#17973=CARTESIAN_POINT('',(1.13818241065092,10.4999999999991,2.1));
#17974=CARTESIAN_POINT('',(1.13818241065092,10.9999999999991,1.6));
#17975=CARTESIAN_POINT('Origin',(11.1381823957498,10.4999999999991,2.1));
#17976=CARTESIAN_POINT('',(11.1381823957498,10.4999999999991,2.1));
#17977=CARTESIAN_POINT('',(5.56909119787518,10.4999999999991,2.1));
#17978=CARTESIAN_POINT('',(11.1381823957498,10.4999999999991,1.6));
#17979=CARTESIAN_POINT('',(11.1381823957498,10.4999999999991,2.1));
#17980=CARTESIAN_POINT('',(1.13818241065092,10.4999999999991,1.6));
#17981=CARTESIAN_POINT('Origin',(11.1381823957498,10.9999999999991,2.1));
#17982=CARTESIAN_POINT('',(11.1381823957498,5.49999999999908,2.1));
#17983=CARTESIAN_POINT('',(11.1381823957498,10.4999999999991,1.6));
#17984=CARTESIAN_POINT('Origin',(6.13818240320034,10.7499999999991,1.6));
#17985=CARTESIAN_POINT('Origin',(11.1381823957498,8.99999999999908,2.1));
#17986=CARTESIAN_POINT('',(11.1381823957498,8.99999999999908,2.1));
#17987=CARTESIAN_POINT('',(11.1381823957498,8.49999999999908,2.1));
#17988=CARTESIAN_POINT('',(11.1381823957498,4.49999999999908,2.1));
#17989=CARTESIAN_POINT('',(11.1381823957498,8.99999999999908,1.6));
#17990=CARTESIAN_POINT('',(11.1381823957498,8.99999999999908,2.1));
#17991=CARTESIAN_POINT('',(11.1381823957498,8.49999999999908,1.6));
#17992=CARTESIAN_POINT('',(11.1381823957498,8.99999999999908,1.6));
#17993=CARTESIAN_POINT('',(11.1381823957498,8.49999999999908,2.1));
#17994=CARTESIAN_POINT('Origin',(1.13818241065092,8.99999999999908,2.1));
#17995=CARTESIAN_POINT('',(1.13818241065092,8.99999999999908,2.1));
#17996=CARTESIAN_POINT('',(0.56909120532576,8.99999999999908,2.1));
#17997=CARTESIAN_POINT('',(1.13818241065092,8.99999999999908,1.6));
#17998=CARTESIAN_POINT('',(1.13818241065092,8.99999999999908,2.1));
#17999=CARTESIAN_POINT('',(1.13818241065092,8.99999999999908,1.6));
#18000=CARTESIAN_POINT('Origin',(1.13818241065092,8.49999999999908,2.1));
#18001=CARTESIAN_POINT('',(1.13818241065092,8.49999999999908,2.1));
#18002=CARTESIAN_POINT('',(1.13818241065092,4.24999999999908,2.1));
#18003=CARTESIAN_POINT('',(1.13818241065092,8.49999999999908,1.6));
#18004=CARTESIAN_POINT('',(1.13818241065092,8.49999999999908,2.1));
#18005=CARTESIAN_POINT('',(1.13818241065092,8.49999999999908,1.6));
#18006=CARTESIAN_POINT('Origin',(11.1381823957498,8.49999999999908,2.1));
#18007=CARTESIAN_POINT('',(5.56909119787518,8.49999999999908,2.1));
#18008=CARTESIAN_POINT('',(11.1381823957498,8.49999999999908,1.6));
#18009=CARTESIAN_POINT('Origin',(6.13818240320034,8.74999999999908,1.6));
#18010=CARTESIAN_POINT('Origin',(-1.13818241065092,17.9999999999991,2.1));
#18011=CARTESIAN_POINT('',(-11.1381823957498,17.9999999999991,2.1));
#18012=CARTESIAN_POINT('',(-1.13818241065092,17.9999999999991,2.1));
#18013=CARTESIAN_POINT('',(-0.569091205325161,17.9999999999991,2.1));
#18014=CARTESIAN_POINT('',(-11.1381823957498,17.9999999999991,1.6));
#18015=CARTESIAN_POINT('',(-11.1381823957498,17.9999999999991,2.1));
#18016=CARTESIAN_POINT('',(-1.13818241065092,17.9999999999991,1.6));
#18017=CARTESIAN_POINT('',(-11.1381823957498,17.9999999999991,1.6));
#18018=CARTESIAN_POINT('',(-1.13818241065092,17.9999999999991,2.1));
#18019=CARTESIAN_POINT('Origin',(-1.13818241065092,17.4999999999991,2.1));
#18020=CARTESIAN_POINT('',(-1.13818241065092,17.4999999999991,2.1));
#18021=CARTESIAN_POINT('',(-1.13818241065092,8.74999999999908,2.1));
#18022=CARTESIAN_POINT('',(-1.13818241065092,17.4999999999991,1.6));
#18023=CARTESIAN_POINT('',(-1.13818241065092,17.9999999999991,1.6));
#18024=CARTESIAN_POINT('',(-1.13818241065092,17.4999999999991,2.1));
#18025=CARTESIAN_POINT('Origin',(-11.1381823957498,17.4999999999991,2.1));
#18026=CARTESIAN_POINT('',(-11.1381823957498,17.4999999999991,2.1));
#18027=CARTESIAN_POINT('',(-5.56909119787458,17.4999999999991,2.1));
#18028=CARTESIAN_POINT('',(-11.1381823957498,17.4999999999991,1.6));
#18029=CARTESIAN_POINT('',(-1.13818241065092,17.4999999999991,1.6));
#18030=CARTESIAN_POINT('',(-11.1381823957498,17.4999999999991,2.1));
#18031=CARTESIAN_POINT('Origin',(-11.1381823957498,17.9999999999991,2.1));
#18032=CARTESIAN_POINT('',(-11.1381823957498,8.99999999999908,2.1));
#18033=CARTESIAN_POINT('',(-11.1381823957498,17.4999999999991,1.6));
#18034=CARTESIAN_POINT('Origin',(-6.13818240320034,17.7499999999991,1.6));
#18035=CARTESIAN_POINT('Origin',(-1.13818241065092,16.9999999999991,2.1));
#18036=CARTESIAN_POINT('',(-11.1381823957498,16.9999999999991,2.1));
#18037=CARTESIAN_POINT('',(-1.13818241065092,16.9999999999991,2.1));
#18038=CARTESIAN_POINT('',(-0.569091205325161,16.9999999999991,2.1));
#18039=CARTESIAN_POINT('',(-11.1381823957498,16.9999999999991,1.6));
#18040=CARTESIAN_POINT('',(-11.1381823957498,16.9999999999991,2.1));
#18041=CARTESIAN_POINT('',(-1.13818241065092,16.9999999999991,1.6));
#18042=CARTESIAN_POINT('',(-11.1381823957498,16.9999999999991,1.6));
#18043=CARTESIAN_POINT('',(-1.13818241065092,16.9999999999991,2.1));
#18044=CARTESIAN_POINT('Origin',(-1.13818241065092,16.4999999999991,2.1));
#18045=CARTESIAN_POINT('',(-1.13818241065092,16.4999999999991,2.1));
#18046=CARTESIAN_POINT('',(-1.13818241065092,8.24999999999908,2.1));
#18047=CARTESIAN_POINT('',(-1.13818241065092,16.4999999999991,1.6));
#18048=CARTESIAN_POINT('',(-1.13818241065092,16.9999999999991,1.6));
#18049=CARTESIAN_POINT('',(-1.13818241065092,16.4999999999991,2.1));
#18050=CARTESIAN_POINT('Origin',(-11.1381823957498,16.4999999999991,2.1));
#18051=CARTESIAN_POINT('',(-11.1381823957498,16.4999999999991,2.1));
#18052=CARTESIAN_POINT('',(-5.56909119787458,16.4999999999991,2.1));
#18053=CARTESIAN_POINT('',(-11.1381823957498,16.4999999999991,1.6));
#18054=CARTESIAN_POINT('',(-1.13818241065092,16.4999999999991,1.6));
#18055=CARTESIAN_POINT('',(-11.1381823957498,16.4999999999991,2.1));
#18056=CARTESIAN_POINT('Origin',(-11.1381823957498,16.9999999999991,2.1));
#18057=CARTESIAN_POINT('',(-11.1381823957498,8.49999999999908,2.1));
#18058=CARTESIAN_POINT('',(-11.1381823957498,16.4999999999991,1.6));
#18059=CARTESIAN_POINT('Origin',(-6.13818240320034,16.7499999999991,1.6));
#18060=CARTESIAN_POINT('Origin',(-11.1381823957498,14.9999999999991,2.1));
#18061=CARTESIAN_POINT('',(-11.1381823957498,14.4999999999991,2.1));
#18062=CARTESIAN_POINT('',(-11.1381823957498,14.9999999999991,2.1));
#18063=CARTESIAN_POINT('',(-11.1381823957498,7.49999999999908,2.1));
#18064=CARTESIAN_POINT('',(-11.1381823957498,14.4999999999991,1.6));
#18065=CARTESIAN_POINT('',(-11.1381823957498,14.4999999999991,2.1));
#18066=CARTESIAN_POINT('',(-11.1381823957498,14.9999999999991,1.6));
#18067=CARTESIAN_POINT('',(-11.1381823957498,14.9999999999991,1.6));
#18068=CARTESIAN_POINT('',(-11.1381823957498,14.9999999999991,2.1));
#18069=CARTESIAN_POINT('Origin',(-1.13818241065092,14.9999999999991,2.1));
#18070=CARTESIAN_POINT('',(-1.13818241065092,14.9999999999991,2.1));
#18071=CARTESIAN_POINT('',(-0.569091205325161,14.9999999999991,2.1));
#18072=CARTESIAN_POINT('',(-1.13818241065092,14.9999999999991,1.6));
#18073=CARTESIAN_POINT('',(-1.13818241065092,14.9999999999991,1.6));
#18074=CARTESIAN_POINT('',(-1.13818241065092,14.9999999999991,2.1));
#18075=CARTESIAN_POINT('Origin',(-1.13818241065092,14.4999999999991,2.1));
#18076=CARTESIAN_POINT('',(-1.13818241065092,14.4999999999991,2.1));
#18077=CARTESIAN_POINT('',(-1.13818241065092,7.24999999999908,2.1));
#18078=CARTESIAN_POINT('',(-1.13818241065092,14.4999999999991,1.6));
#18079=CARTESIAN_POINT('',(-1.13818241065092,14.4999999999991,1.6));
#18080=CARTESIAN_POINT('',(-1.13818241065092,14.4999999999991,2.1));
#18081=CARTESIAN_POINT('Origin',(-11.1381823957498,14.4999999999991,2.1));
#18082=CARTESIAN_POINT('',(-5.56909119787458,14.4999999999991,2.1));
#18083=CARTESIAN_POINT('',(-11.1381823957498,14.4999999999991,1.6));
#18084=CARTESIAN_POINT('Origin',(-6.13818240320034,14.7499999999991,1.6));
#18085=CARTESIAN_POINT('Origin',(-11.1381823957498,15.9999999999991,2.1));
#18086=CARTESIAN_POINT('',(-11.1381823957498,15.4999999999991,2.1));
#18087=CARTESIAN_POINT('',(-11.1381823957498,15.9999999999991,2.1));
#18088=CARTESIAN_POINT('',(-11.1381823957498,7.99999999999908,2.1));
#18089=CARTESIAN_POINT('',(-11.1381823957498,15.4999999999991,1.6));
#18090=CARTESIAN_POINT('',(-11.1381823957498,15.4999999999991,2.1));
#18091=CARTESIAN_POINT('',(-11.1381823957498,15.9999999999991,1.6));
#18092=CARTESIAN_POINT('',(-11.1381823957498,15.9999999999991,1.6));
#18093=CARTESIAN_POINT('',(-11.1381823957498,15.9999999999991,2.1));
#18094=CARTESIAN_POINT('Origin',(-1.13818241065092,15.9999999999991,2.1));
#18095=CARTESIAN_POINT('',(-1.13818241065092,15.9999999999991,2.1));
#18096=CARTESIAN_POINT('',(-0.569091205325161,15.9999999999991,2.1));
#18097=CARTESIAN_POINT('',(-1.13818241065092,15.9999999999991,1.6));
#18098=CARTESIAN_POINT('',(-1.13818241065092,15.9999999999991,1.6));
#18099=CARTESIAN_POINT('',(-1.13818241065092,15.9999999999991,2.1));
#18100=CARTESIAN_POINT('Origin',(-1.13818241065092,15.4999999999991,2.1));
#18101=CARTESIAN_POINT('',(-1.13818241065092,15.4999999999991,2.1));
#18102=CARTESIAN_POINT('',(-1.13818241065092,7.74999999999908,2.1));
#18103=CARTESIAN_POINT('',(-1.13818241065092,15.4999999999991,1.6));
#18104=CARTESIAN_POINT('',(-1.13818241065092,15.4999999999991,1.6));
#18105=CARTESIAN_POINT('',(-1.13818241065092,15.4999999999991,2.1));
#18106=CARTESIAN_POINT('Origin',(-11.1381823957498,15.4999999999991,2.1));
#18107=CARTESIAN_POINT('',(-5.56909119787458,15.4999999999991,2.1));
#18108=CARTESIAN_POINT('',(-11.1381823957498,15.4999999999991,1.6));
#18109=CARTESIAN_POINT('Origin',(-6.13818240320034,15.7499999999991,1.6));
#18110=CARTESIAN_POINT('Origin',(-1.13818241065092,11.9999999999991,2.1));
#18111=CARTESIAN_POINT('',(-11.1381823957498,11.9999999999991,2.1));
#18112=CARTESIAN_POINT('',(-1.13818241065092,11.9999999999991,2.1));
#18113=CARTESIAN_POINT('',(-0.569091205325161,11.9999999999991,2.1));
#18114=CARTESIAN_POINT('',(-11.1381823957498,11.9999999999991,1.6));
#18115=CARTESIAN_POINT('',(-11.1381823957498,11.9999999999991,2.1));
#18116=CARTESIAN_POINT('',(-1.13818241065092,11.9999999999991,1.6));
#18117=CARTESIAN_POINT('',(-11.1381823957498,11.9999999999991,1.6));
#18118=CARTESIAN_POINT('',(-1.13818241065092,11.9999999999991,2.1));
#18119=CARTESIAN_POINT('Origin',(-1.13818241065092,11.4999999999991,2.1));
#18120=CARTESIAN_POINT('',(-1.13818241065092,11.4999999999991,2.1));
#18121=CARTESIAN_POINT('',(-1.13818241065092,5.74999999999908,2.1));
#18122=CARTESIAN_POINT('',(-1.13818241065092,11.4999999999991,1.6));
#18123=CARTESIAN_POINT('',(-1.13818241065092,11.9999999999991,1.6));
#18124=CARTESIAN_POINT('',(-1.13818241065092,11.4999999999991,2.1));
#18125=CARTESIAN_POINT('Origin',(-11.1381823957498,11.4999999999991,2.1));
#18126=CARTESIAN_POINT('',(-11.1381823957498,11.4999999999991,2.1));
#18127=CARTESIAN_POINT('',(-5.56909119787458,11.4999999999991,2.1));
#18128=CARTESIAN_POINT('',(-11.1381823957498,11.4999999999991,1.6));
#18129=CARTESIAN_POINT('',(-1.13818241065092,11.4999999999991,1.6));
#18130=CARTESIAN_POINT('',(-11.1381823957498,11.4999999999991,2.1));
#18131=CARTESIAN_POINT('Origin',(-11.1381823957498,11.9999999999991,2.1));
#18132=CARTESIAN_POINT('',(-11.1381823957498,5.99999999999908,2.1));
#18133=CARTESIAN_POINT('',(-11.1381823957498,11.4999999999991,1.6));
#18134=CARTESIAN_POINT('Origin',(-6.13818240320034,11.7499999999991,1.6));
#18135=CARTESIAN_POINT('Origin',(-1.13818241065092,-18.0000000000009,2.1));
#18136=CARTESIAN_POINT('',(-11.1381823957498,-18.0000000000009,2.1));
#18137=CARTESIAN_POINT('',(-1.13818241065092,-18.0000000000009,2.1));
#18138=CARTESIAN_POINT('',(-0.569091205325161,-18.0000000000009,2.1));
#18139=CARTESIAN_POINT('',(-11.1381823957498,-18.0000000000009,1.6));
#18140=CARTESIAN_POINT('',(-11.1381823957498,-18.0000000000009,2.1));
#18141=CARTESIAN_POINT('',(-1.13818241065092,-18.0000000000009,1.6));
#18142=CARTESIAN_POINT('',(-11.1381823957498,-18.0000000000009,1.6));
#18143=CARTESIAN_POINT('',(-1.13818241065092,-18.0000000000009,2.1));
#18144=CARTESIAN_POINT('Origin',(-1.13818241065092,-18.5000000000009,2.1));
#18145=CARTESIAN_POINT('',(-1.13818241065092,-18.5000000000009,2.1));
#18146=CARTESIAN_POINT('',(-1.13818241065092,-9.25000000000093,2.1));
#18147=CARTESIAN_POINT('',(-1.13818241065092,-18.5000000000009,1.6));
#18148=CARTESIAN_POINT('',(-1.13818241065092,-18.0000000000009,1.6));
#18149=CARTESIAN_POINT('',(-1.13818241065092,-18.5000000000009,2.1));
#18150=CARTESIAN_POINT('Origin',(-11.1381823957498,-18.5000000000009,2.1));
#18151=CARTESIAN_POINT('',(-11.1381823957498,-18.5000000000009,2.1));
#18152=CARTESIAN_POINT('',(-5.56909119787458,-18.5000000000009,2.1));
#18153=CARTESIAN_POINT('',(-11.1381823957498,-18.5000000000009,1.6));
#18154=CARTESIAN_POINT('',(-1.13818241065092,-18.5000000000009,1.6));
#18155=CARTESIAN_POINT('',(-11.1381823957498,-18.5000000000009,2.1));
#18156=CARTESIAN_POINT('Origin',(-11.1381823957498,-18.0000000000009,2.1));
#18157=CARTESIAN_POINT('',(-11.1381823957498,-9.00000000000093,2.1));
#18158=CARTESIAN_POINT('',(-11.1381823957498,-18.5000000000009,1.6));
#18159=CARTESIAN_POINT('Origin',(-6.13818240320034,-18.2500000000009,1.6));
#18160=CARTESIAN_POINT('Origin',(-11.1381823957498,-21.0000000000009,2.1));
#18161=CARTESIAN_POINT('',(-11.1381823957498,-21.5000000000009,2.1));
#18162=CARTESIAN_POINT('',(-11.1381823957498,-21.0000000000009,2.1));
#18163=CARTESIAN_POINT('',(-11.1381823957498,-10.5000000000009,2.1));
#18164=CARTESIAN_POINT('',(-11.1381823957498,-21.5000000000009,1.6));
#18165=CARTESIAN_POINT('',(-11.1381823957498,-21.5000000000009,2.1));
#18166=CARTESIAN_POINT('',(-11.1381823957498,-21.0000000000009,1.6));
#18167=CARTESIAN_POINT('',(-11.1381823957498,-21.0000000000009,1.6));
#18168=CARTESIAN_POINT('',(-11.1381823957498,-21.0000000000009,2.1));
#18169=CARTESIAN_POINT('Origin',(-1.13818241065092,-21.0000000000009,2.1));
#18170=CARTESIAN_POINT('',(-1.13818241065092,-21.0000000000009,2.1));
#18171=CARTESIAN_POINT('',(-0.569091205325161,-21.0000000000009,2.1));
#18172=CARTESIAN_POINT('',(-1.13818241065092,-21.0000000000009,1.6));
#18173=CARTESIAN_POINT('',(-1.13818241065092,-21.0000000000009,1.6));
#18174=CARTESIAN_POINT('',(-1.13818241065092,-21.0000000000009,2.1));
#18175=CARTESIAN_POINT('Origin',(-1.13818241065092,-21.5000000000009,2.1));
#18176=CARTESIAN_POINT('',(-1.13818241065092,-21.5000000000009,2.1));
#18177=CARTESIAN_POINT('',(-1.13818241065092,-10.7500000000009,2.1));
#18178=CARTESIAN_POINT('',(-1.13818241065092,-21.5000000000009,1.6));
#18179=CARTESIAN_POINT('',(-1.13818241065092,-21.5000000000009,1.6));
#18180=CARTESIAN_POINT('',(-1.13818241065092,-21.5000000000009,2.1));
#18181=CARTESIAN_POINT('Origin',(-11.1381823957498,-21.5000000000009,2.1));
#18182=CARTESIAN_POINT('',(-5.56909119787458,-21.5000000000009,2.1));
#18183=CARTESIAN_POINT('',(-11.1381823957498,-21.5000000000009,1.6));
#18184=CARTESIAN_POINT('Origin',(-6.13818240320034,-21.2500000000009,1.6));
#18185=CARTESIAN_POINT('Origin',(-1.13818241065092,10.9999999999991,2.1));
#18186=CARTESIAN_POINT('',(-11.1381823957498,10.9999999999991,2.1));
#18187=CARTESIAN_POINT('',(-1.13818241065092,10.9999999999991,2.1));
#18188=CARTESIAN_POINT('',(-0.569091205325161,10.9999999999991,2.1));
#18189=CARTESIAN_POINT('',(-11.1381823957498,10.9999999999991,1.6));
#18190=CARTESIAN_POINT('',(-11.1381823957498,10.9999999999991,2.1));
#18191=CARTESIAN_POINT('',(-1.13818241065092,10.9999999999991,1.6));
#18192=CARTESIAN_POINT('',(-11.1381823957498,10.9999999999991,1.6));
#18193=CARTESIAN_POINT('',(-1.13818241065092,10.9999999999991,2.1));
#18194=CARTESIAN_POINT('Origin',(-1.13818241065092,10.4999999999991,2.1));
#18195=CARTESIAN_POINT('',(-1.13818241065092,10.4999999999991,2.1));
#18196=CARTESIAN_POINT('',(-1.13818241065092,5.24999999999908,2.1));
#18197=CARTESIAN_POINT('',(-1.13818241065092,10.4999999999991,1.6));
#18198=CARTESIAN_POINT('',(-1.13818241065092,10.9999999999991,1.6));
#18199=CARTESIAN_POINT('',(-1.13818241065092,10.4999999999991,2.1));
#18200=CARTESIAN_POINT('Origin',(-11.1381823957498,10.4999999999991,2.1));
#18201=CARTESIAN_POINT('',(-11.1381823957498,10.4999999999991,2.1));
#18202=CARTESIAN_POINT('',(-5.56909119787458,10.4999999999991,2.1));
#18203=CARTESIAN_POINT('',(-11.1381823957498,10.4999999999991,1.6));
#18204=CARTESIAN_POINT('',(-1.13818241065092,10.4999999999991,1.6));
#18205=CARTESIAN_POINT('',(-11.1381823957498,10.4999999999991,2.1));
#18206=CARTESIAN_POINT('Origin',(-11.1381823957498,10.9999999999991,2.1));
#18207=CARTESIAN_POINT('',(-11.1381823957498,5.49999999999908,2.1));
#18208=CARTESIAN_POINT('',(-11.1381823957498,10.4999999999991,1.6));
#18209=CARTESIAN_POINT('Origin',(-6.13818240320034,10.7499999999991,1.6));
#18210=CARTESIAN_POINT('Origin',(-11.1381823957498,-3.00000000000092,2.1));
#18211=CARTESIAN_POINT('',(-11.1381823957498,-3.50000000000092,2.1));
#18212=CARTESIAN_POINT('',(-11.1381823957498,-3.00000000000092,2.1));
#18213=CARTESIAN_POINT('',(-11.1381823957498,-1.50000000000092,2.1));
#18214=CARTESIAN_POINT('',(-11.1381823957498,-3.50000000000092,1.6));
#18215=CARTESIAN_POINT('',(-11.1381823957498,-3.50000000000092,2.1));
#18216=CARTESIAN_POINT('',(-11.1381823957498,-3.00000000000092,1.6));
#18217=CARTESIAN_POINT('',(-11.1381823957498,-3.00000000000092,1.6));
#18218=CARTESIAN_POINT('',(-11.1381823957498,-3.00000000000092,2.1));
#18219=CARTESIAN_POINT('Origin',(-1.13818241065092,-3.00000000000092,2.1));
#18220=CARTESIAN_POINT('',(-1.13818241065092,-3.00000000000092,2.1));
#18221=CARTESIAN_POINT('',(-0.569091205325161,-3.00000000000092,2.1));
#18222=CARTESIAN_POINT('',(-1.13818241065092,-3.00000000000092,1.6));
#18223=CARTESIAN_POINT('',(-1.13818241065092,-3.00000000000092,1.6));
#18224=CARTESIAN_POINT('',(-1.13818241065092,-3.00000000000092,2.1));
#18225=CARTESIAN_POINT('Origin',(-1.13818241065092,-3.50000000000092,2.1));
#18226=CARTESIAN_POINT('',(-1.13818241065092,-3.50000000000092,2.1));
#18227=CARTESIAN_POINT('',(-1.13818241065092,-1.75000000000092,2.1));
#18228=CARTESIAN_POINT('',(-1.13818241065092,-3.50000000000092,1.6));
#18229=CARTESIAN_POINT('',(-1.13818241065092,-3.50000000000092,1.6));
#18230=CARTESIAN_POINT('',(-1.13818241065092,-3.50000000000092,2.1));
#18231=CARTESIAN_POINT('Origin',(-11.1381823957498,-3.50000000000092,2.1));
#18232=CARTESIAN_POINT('',(-5.56909119787458,-3.50000000000092,2.1));
#18233=CARTESIAN_POINT('',(-11.1381823957498,-3.50000000000092,1.6));
#18234=CARTESIAN_POINT('Origin',(-6.13818240320034,-3.25000000000092,1.6));
#18235=CARTESIAN_POINT('Origin',(-11.1381823957498,-2.00000000000092,2.1));
#18236=CARTESIAN_POINT('',(-11.1381823957498,-2.50000000000092,2.1));
#18237=CARTESIAN_POINT('',(-11.1381823957498,-2.00000000000092,2.1));
#18238=CARTESIAN_POINT('',(-11.1381823957498,-1.00000000000092,2.1));
#18239=CARTESIAN_POINT('',(-11.1381823957498,-2.50000000000092,1.6));
#18240=CARTESIAN_POINT('',(-11.1381823957498,-2.50000000000092,2.1));
#18241=CARTESIAN_POINT('',(-11.1381823957498,-2.00000000000092,1.6));
#18242=CARTESIAN_POINT('',(-11.1381823957498,-2.00000000000092,1.6));
#18243=CARTESIAN_POINT('',(-11.1381823957498,-2.00000000000092,2.1));
#18244=CARTESIAN_POINT('Origin',(-1.13818241065092,-2.00000000000092,2.1));
#18245=CARTESIAN_POINT('',(-1.13818241065092,-2.00000000000092,2.1));
#18246=CARTESIAN_POINT('',(-0.569091205325161,-2.00000000000092,2.1));
#18247=CARTESIAN_POINT('',(-1.13818241065092,-2.00000000000092,1.6));
#18248=CARTESIAN_POINT('',(-1.13818241065092,-2.00000000000092,1.6));
#18249=CARTESIAN_POINT('',(-1.13818241065092,-2.00000000000092,2.1));
#18250=CARTESIAN_POINT('Origin',(-1.13818241065092,-2.50000000000092,2.1));
#18251=CARTESIAN_POINT('',(-1.13818241065092,-2.50000000000092,2.1));
#18252=CARTESIAN_POINT('',(-1.13818241065092,-1.25000000000092,2.1));
#18253=CARTESIAN_POINT('',(-1.13818241065092,-2.50000000000092,1.6));
#18254=CARTESIAN_POINT('',(-1.13818241065092,-2.50000000000092,1.6));
#18255=CARTESIAN_POINT('',(-1.13818241065092,-2.50000000000092,2.1));
#18256=CARTESIAN_POINT('Origin',(-11.1381823957498,-2.50000000000092,2.1));
#18257=CARTESIAN_POINT('',(-5.56909119787458,-2.50000000000092,2.1));
#18258=CARTESIAN_POINT('',(-11.1381823957498,-2.50000000000092,1.6));
#18259=CARTESIAN_POINT('Origin',(-6.13818240320034,-2.25000000000092,1.6));
#18260=CARTESIAN_POINT('Origin',(1.13818241065092,-9.2370555648813E-13,
2.1));
#18261=CARTESIAN_POINT('',(1.13818241065092,-9.2370555648813E-13,2.1));
#18262=CARTESIAN_POINT('',(11.1381823957498,-9.2370555648813E-13,2.1));
#18263=CARTESIAN_POINT('',(0.56909120532576,-9.2370555648813E-13,2.1));
#18264=CARTESIAN_POINT('',(1.13818241065092,-9.2370555648813E-13,1.6));
#18265=CARTESIAN_POINT('',(1.13818241065092,-9.2370555648813E-13,2.1));
#18266=CARTESIAN_POINT('',(11.1381823957498,-9.2370555648813E-13,1.6));
#18267=CARTESIAN_POINT('',(11.1381823957498,-9.2370555648813E-13,1.6));
#18268=CARTESIAN_POINT('',(11.1381823957498,-9.2370555648813E-13,2.1));
#18269=CARTESIAN_POINT('Origin',(1.13818241065092,-0.500000000000924,2.1));
#18270=CARTESIAN_POINT('',(1.13818241065092,-0.500000000000924,2.1));
#18271=CARTESIAN_POINT('',(1.13818241065092,-0.250000000000924,2.1));
#18272=CARTESIAN_POINT('',(1.13818241065092,-0.500000000000924,1.6));
#18273=CARTESIAN_POINT('',(1.13818241065092,-0.500000000000924,2.1));
#18274=CARTESIAN_POINT('',(1.13818241065092,-9.2370555648813E-13,1.6));
#18275=CARTESIAN_POINT('Origin',(11.1381823957498,-0.500000000000924,2.1));
#18276=CARTESIAN_POINT('',(11.1381823957498,-0.500000000000924,2.1));
#18277=CARTESIAN_POINT('',(5.56909119787518,-0.500000000000924,2.1));
#18278=CARTESIAN_POINT('',(11.1381823957498,-0.500000000000924,1.6));
#18279=CARTESIAN_POINT('',(11.1381823957498,-0.500000000000924,2.1));
#18280=CARTESIAN_POINT('',(1.13818241065092,-0.500000000000924,1.6));
#18281=CARTESIAN_POINT('Origin',(11.1381823957498,-9.2370555648813E-13,
2.1));
#18282=CARTESIAN_POINT('',(11.1381823957498,-9.2370555648813E-13,2.1));
#18283=CARTESIAN_POINT('',(11.1381823957498,-0.500000000000924,1.6));
#18284=CARTESIAN_POINT('Origin',(6.13818240320034,-0.250000000000924,1.6));
#18285=CARTESIAN_POINT('Origin',(11.1381823957498,-3.00000000000092,2.1));
#18286=CARTESIAN_POINT('',(11.1381823957498,-3.00000000000092,2.1));
#18287=CARTESIAN_POINT('',(11.1381823957498,-3.50000000000092,2.1));
#18288=CARTESIAN_POINT('',(11.1381823957498,-1.50000000000092,2.1));
#18289=CARTESIAN_POINT('',(11.1381823957498,-3.00000000000092,1.6));
#18290=CARTESIAN_POINT('',(11.1381823957498,-3.00000000000092,2.1));
#18291=CARTESIAN_POINT('',(11.1381823957498,-3.50000000000092,1.6));
#18292=CARTESIAN_POINT('',(11.1381823957498,-3.00000000000092,1.6));
#18293=CARTESIAN_POINT('',(11.1381823957498,-3.50000000000092,2.1));
#18294=CARTESIAN_POINT('Origin',(1.13818241065092,-3.00000000000092,2.1));
#18295=CARTESIAN_POINT('',(1.13818241065092,-3.00000000000092,2.1));
#18296=CARTESIAN_POINT('',(0.56909120532576,-3.00000000000092,2.1));
#18297=CARTESIAN_POINT('',(1.13818241065092,-3.00000000000092,1.6));
#18298=CARTESIAN_POINT('',(1.13818241065092,-3.00000000000092,2.1));
#18299=CARTESIAN_POINT('',(1.13818241065092,-3.00000000000092,1.6));
#18300=CARTESIAN_POINT('Origin',(1.13818241065092,-3.50000000000092,2.1));
#18301=CARTESIAN_POINT('',(1.13818241065092,-3.50000000000092,2.1));
#18302=CARTESIAN_POINT('',(1.13818241065092,-1.75000000000092,2.1));
#18303=CARTESIAN_POINT('',(1.13818241065092,-3.50000000000092,1.6));
#18304=CARTESIAN_POINT('',(1.13818241065092,-3.50000000000092,2.1));
#18305=CARTESIAN_POINT('',(1.13818241065092,-3.50000000000092,1.6));
#18306=CARTESIAN_POINT('Origin',(11.1381823957498,-3.50000000000092,2.1));
#18307=CARTESIAN_POINT('',(5.56909119787518,-3.50000000000092,2.1));
#18308=CARTESIAN_POINT('',(11.1381823957498,-3.50000000000092,1.6));
#18309=CARTESIAN_POINT('Origin',(6.13818240320034,-3.25000000000092,1.6));
#18310=CARTESIAN_POINT('Origin',(1.13818241065092,-18.0000000000009,2.1));
#18311=CARTESIAN_POINT('',(1.13818241065092,-18.0000000000009,2.1));
#18312=CARTESIAN_POINT('',(11.1381823957498,-18.0000000000009,2.1));
#18313=CARTESIAN_POINT('',(0.56909120532576,-18.0000000000009,2.1));
#18314=CARTESIAN_POINT('',(1.13818241065092,-18.0000000000009,1.6));
#18315=CARTESIAN_POINT('',(1.13818241065092,-18.0000000000009,2.1));
#18316=CARTESIAN_POINT('',(11.1381823957498,-18.0000000000009,1.6));
#18317=CARTESIAN_POINT('',(11.1381823957498,-18.0000000000009,1.6));
#18318=CARTESIAN_POINT('',(11.1381823957498,-18.0000000000009,2.1));
#18319=CARTESIAN_POINT('Origin',(1.13818241065092,-18.5000000000009,2.1));
#18320=CARTESIAN_POINT('',(1.13818241065092,-18.5000000000009,2.1));
#18321=CARTESIAN_POINT('',(1.13818241065092,-9.25000000000093,2.1));
#18322=CARTESIAN_POINT('',(1.13818241065092,-18.5000000000009,1.6));
#18323=CARTESIAN_POINT('',(1.13818241065092,-18.5000000000009,2.1));
#18324=CARTESIAN_POINT('',(1.13818241065092,-18.0000000000009,1.6));
#18325=CARTESIAN_POINT('Origin',(11.1381823957498,-18.5000000000009,2.1));
#18326=CARTESIAN_POINT('',(11.1381823957498,-18.5000000000009,2.1));
#18327=CARTESIAN_POINT('',(5.56909119787518,-18.5000000000009,2.1));
#18328=CARTESIAN_POINT('',(11.1381823957498,-18.5000000000009,1.6));
#18329=CARTESIAN_POINT('',(11.1381823957498,-18.5000000000009,2.1));
#18330=CARTESIAN_POINT('',(1.13818241065092,-18.5000000000009,1.6));
#18331=CARTESIAN_POINT('Origin',(11.1381823957498,-18.0000000000009,2.1));
#18332=CARTESIAN_POINT('',(11.1381823957498,-9.00000000000093,2.1));
#18333=CARTESIAN_POINT('',(11.1381823957498,-18.5000000000009,1.6));
#18334=CARTESIAN_POINT('Origin',(6.13818240320034,-18.2500000000009,1.6));
#18335=CARTESIAN_POINT('Origin',(11.1381823957498,-21.0000000000009,2.1));
#18336=CARTESIAN_POINT('',(11.1381823957498,-21.0000000000009,2.1));
#18337=CARTESIAN_POINT('',(11.1381823957498,-21.5000000000009,2.1));
#18338=CARTESIAN_POINT('',(11.1381823957498,-10.5000000000009,2.1));
#18339=CARTESIAN_POINT('',(11.1381823957498,-21.0000000000009,1.6));
#18340=CARTESIAN_POINT('',(11.1381823957498,-21.0000000000009,2.1));
#18341=CARTESIAN_POINT('',(11.1381823957498,-21.5000000000009,1.6));
#18342=CARTESIAN_POINT('',(11.1381823957498,-21.0000000000009,1.6));
#18343=CARTESIAN_POINT('',(11.1381823957498,-21.5000000000009,2.1));
#18344=CARTESIAN_POINT('Origin',(1.13818241065092,-21.0000000000009,2.1));
#18345=CARTESIAN_POINT('',(1.13818241065092,-21.0000000000009,2.1));
#18346=CARTESIAN_POINT('',(0.56909120532576,-21.0000000000009,2.1));
#18347=CARTESIAN_POINT('',(1.13818241065092,-21.0000000000009,1.6));
#18348=CARTESIAN_POINT('',(1.13818241065092,-21.0000000000009,2.1));
#18349=CARTESIAN_POINT('',(1.13818241065092,-21.0000000000009,1.6));
#18350=CARTESIAN_POINT('Origin',(1.13818241065092,-21.5000000000009,2.1));
#18351=CARTESIAN_POINT('',(1.13818241065092,-21.5000000000009,2.1));
#18352=CARTESIAN_POINT('',(1.13818241065092,-10.7500000000009,2.1));
#18353=CARTESIAN_POINT('',(1.13818241065092,-21.5000000000009,1.6));
#18354=CARTESIAN_POINT('',(1.13818241065092,-21.5000000000009,2.1));
#18355=CARTESIAN_POINT('',(1.13818241065092,-21.5000000000009,1.6));
#18356=CARTESIAN_POINT('Origin',(11.1381823957498,-21.5000000000009,2.1));
#18357=CARTESIAN_POINT('',(5.56909119787518,-21.5000000000009,2.1));
#18358=CARTESIAN_POINT('',(11.1381823957498,-21.5000000000009,1.6));
#18359=CARTESIAN_POINT('Origin',(6.13818240320034,-21.2500000000009,1.6));
#18360=CARTESIAN_POINT('Origin',(1.13818241065092,-19.0000000000009,2.1));
#18361=CARTESIAN_POINT('',(1.13818241065092,-19.0000000000009,2.1));
#18362=CARTESIAN_POINT('',(11.1381823957498,-19.0000000000009,2.1));
#18363=CARTESIAN_POINT('',(0.56909120532576,-19.0000000000009,2.1));
#18364=CARTESIAN_POINT('',(1.13818241065092,-19.0000000000009,1.6));
#18365=CARTESIAN_POINT('',(1.13818241065092,-19.0000000000009,2.1));
#18366=CARTESIAN_POINT('',(11.1381823957498,-19.0000000000009,1.6));
#18367=CARTESIAN_POINT('',(11.1381823957498,-19.0000000000009,1.6));
#18368=CARTESIAN_POINT('',(11.1381823957498,-19.0000000000009,2.1));
#18369=CARTESIAN_POINT('Origin',(1.13818241065092,-19.5000000000009,2.1));
#18370=CARTESIAN_POINT('',(1.13818241065092,-19.5000000000009,2.1));
#18371=CARTESIAN_POINT('',(1.13818241065092,-9.75000000000092,2.1));
#18372=CARTESIAN_POINT('',(1.13818241065092,-19.5000000000009,1.6));
#18373=CARTESIAN_POINT('',(1.13818241065092,-19.5000000000009,2.1));
#18374=CARTESIAN_POINT('',(1.13818241065092,-19.0000000000009,1.6));
#18375=CARTESIAN_POINT('Origin',(11.1381823957498,-19.5000000000009,2.1));
#18376=CARTESIAN_POINT('',(11.1381823957498,-19.5000000000009,2.1));
#18377=CARTESIAN_POINT('',(5.56909119787518,-19.5000000000009,2.1));
#18378=CARTESIAN_POINT('',(11.1381823957498,-19.5000000000009,1.6));
#18379=CARTESIAN_POINT('',(11.1381823957498,-19.5000000000009,2.1));
#18380=CARTESIAN_POINT('',(1.13818241065092,-19.5000000000009,1.6));
#18381=CARTESIAN_POINT('Origin',(11.1381823957498,-19.0000000000009,2.1));
#18382=CARTESIAN_POINT('',(11.1381823957498,-9.50000000000093,2.1));
#18383=CARTESIAN_POINT('',(11.1381823957498,-19.5000000000009,1.6));
#18384=CARTESIAN_POINT('Origin',(6.13818240320034,-19.2500000000009,1.6));
#18385=CARTESIAN_POINT('Origin',(11.1381823957498,-20.0000000000009,2.1));
#18386=CARTESIAN_POINT('',(11.1381823957498,-20.0000000000009,2.1));
#18387=CARTESIAN_POINT('',(11.1381823957498,-20.5000000000009,2.1));
#18388=CARTESIAN_POINT('',(11.1381823957498,-10.0000000000009,2.1));
#18389=CARTESIAN_POINT('',(11.1381823957498,-20.0000000000009,1.6));
#18390=CARTESIAN_POINT('',(11.1381823957498,-20.0000000000009,2.1));
#18391=CARTESIAN_POINT('',(11.1381823957498,-20.5000000000009,1.6));
#18392=CARTESIAN_POINT('',(11.1381823957498,-20.0000000000009,1.6));
#18393=CARTESIAN_POINT('',(11.1381823957498,-20.5000000000009,2.1));
#18394=CARTESIAN_POINT('Origin',(1.13818241065092,-20.0000000000009,2.1));
#18395=CARTESIAN_POINT('',(1.13818241065092,-20.0000000000009,2.1));
#18396=CARTESIAN_POINT('',(0.56909120532576,-20.0000000000009,2.1));
#18397=CARTESIAN_POINT('',(1.13818241065092,-20.0000000000009,1.6));
#18398=CARTESIAN_POINT('',(1.13818241065092,-20.0000000000009,2.1));
#18399=CARTESIAN_POINT('',(1.13818241065092,-20.0000000000009,1.6));
#18400=CARTESIAN_POINT('Origin',(1.13818241065092,-20.5000000000009,2.1));
#18401=CARTESIAN_POINT('',(1.13818241065092,-20.5000000000009,2.1));
#18402=CARTESIAN_POINT('',(1.13818241065092,-10.2500000000009,2.1));
#18403=CARTESIAN_POINT('',(1.13818241065092,-20.5000000000009,1.6));
#18404=CARTESIAN_POINT('',(1.13818241065092,-20.5000000000009,2.1));
#18405=CARTESIAN_POINT('',(1.13818241065092,-20.5000000000009,1.6));
#18406=CARTESIAN_POINT('Origin',(11.1381823957498,-20.5000000000009,2.1));
#18407=CARTESIAN_POINT('',(5.56909119787518,-20.5000000000009,2.1));
#18408=CARTESIAN_POINT('',(11.1381823957498,-20.5000000000009,1.6));
#18409=CARTESIAN_POINT('Origin',(6.13818240320034,-20.2500000000009,1.6));
#18410=CARTESIAN_POINT('Origin',(1.13818241065092,-13.0000000000009,2.1));
#18411=CARTESIAN_POINT('',(1.13818241065092,-13.0000000000009,2.1));
#18412=CARTESIAN_POINT('',(11.1381823957498,-13.0000000000009,2.1));
#18413=CARTESIAN_POINT('',(0.56909120532576,-13.0000000000009,2.1));
#18414=CARTESIAN_POINT('',(1.13818241065092,-13.0000000000009,1.6));
#18415=CARTESIAN_POINT('',(1.13818241065092,-13.0000000000009,2.1));
#18416=CARTESIAN_POINT('',(11.1381823957498,-13.0000000000009,1.6));
#18417=CARTESIAN_POINT('',(11.1381823957498,-13.0000000000009,1.6));
#18418=CARTESIAN_POINT('',(11.1381823957498,-13.0000000000009,2.1));
#18419=CARTESIAN_POINT('Origin',(1.13818241065092,-13.5000000000009,2.1));
#18420=CARTESIAN_POINT('',(1.13818241065092,-13.5000000000009,2.1));
#18421=CARTESIAN_POINT('',(1.13818241065092,-6.75000000000092,2.1));
#18422=CARTESIAN_POINT('',(1.13818241065092,-13.5000000000009,1.6));
#18423=CARTESIAN_POINT('',(1.13818241065092,-13.5000000000009,2.1));
#18424=CARTESIAN_POINT('',(1.13818241065092,-13.0000000000009,1.6));
#18425=CARTESIAN_POINT('Origin',(11.1381823957498,-13.5000000000009,2.1));
#18426=CARTESIAN_POINT('',(11.1381823957498,-13.5000000000009,2.1));
#18427=CARTESIAN_POINT('',(5.56909119787518,-13.5000000000009,2.1));
#18428=CARTESIAN_POINT('',(11.1381823957498,-13.5000000000009,1.6));
#18429=CARTESIAN_POINT('',(11.1381823957498,-13.5000000000009,2.1));
#18430=CARTESIAN_POINT('',(1.13818241065092,-13.5000000000009,1.6));
#18431=CARTESIAN_POINT('Origin',(11.1381823957498,-13.0000000000009,2.1));
#18432=CARTESIAN_POINT('',(11.1381823957498,-6.50000000000093,2.1));
#18433=CARTESIAN_POINT('',(11.1381823957498,-13.5000000000009,1.6));
#18434=CARTESIAN_POINT('Origin',(6.13818240320034,-13.2500000000009,1.6));
#18435=CARTESIAN_POINT('Origin',(11.1381823957498,-15.0000000000009,2.1));
#18436=CARTESIAN_POINT('',(11.1381823957498,-15.0000000000009,2.1));
#18437=CARTESIAN_POINT('',(11.1381823957498,-15.5000000000009,2.1));
#18438=CARTESIAN_POINT('',(11.1381823957498,-7.50000000000092,2.1));
#18439=CARTESIAN_POINT('',(11.1381823957498,-15.0000000000009,1.6));
#18440=CARTESIAN_POINT('',(11.1381823957498,-15.0000000000009,2.1));
#18441=CARTESIAN_POINT('',(11.1381823957498,-15.5000000000009,1.6));
#18442=CARTESIAN_POINT('',(11.1381823957498,-15.0000000000009,1.6));
#18443=CARTESIAN_POINT('',(11.1381823957498,-15.5000000000009,2.1));
#18444=CARTESIAN_POINT('Origin',(1.13818241065092,-15.0000000000009,2.1));
#18445=CARTESIAN_POINT('',(1.13818241065092,-15.0000000000009,2.1));
#18446=CARTESIAN_POINT('',(0.56909120532576,-15.0000000000009,2.1));
#18447=CARTESIAN_POINT('',(1.13818241065092,-15.0000000000009,1.6));
#18448=CARTESIAN_POINT('',(1.13818241065092,-15.0000000000009,2.1));
#18449=CARTESIAN_POINT('',(1.13818241065092,-15.0000000000009,1.6));
#18450=CARTESIAN_POINT('Origin',(1.13818241065092,-15.5000000000009,2.1));
#18451=CARTESIAN_POINT('',(1.13818241065092,-15.5000000000009,2.1));
#18452=CARTESIAN_POINT('',(1.13818241065092,-7.75000000000093,2.1));
#18453=CARTESIAN_POINT('',(1.13818241065092,-15.5000000000009,1.6));
#18454=CARTESIAN_POINT('',(1.13818241065092,-15.5000000000009,2.1));
#18455=CARTESIAN_POINT('',(1.13818241065092,-15.5000000000009,1.6));
#18456=CARTESIAN_POINT('Origin',(11.1381823957498,-15.5000000000009,2.1));
#18457=CARTESIAN_POINT('',(5.56909119787518,-15.5000000000009,2.1));
#18458=CARTESIAN_POINT('',(11.1381823957498,-15.5000000000009,1.6));
#18459=CARTESIAN_POINT('Origin',(6.13818240320034,-15.2500000000009,1.6));
#18460=CARTESIAN_POINT('Origin',(1.13818241065092,-12.0000000000009,2.1));
#18461=CARTESIAN_POINT('',(1.13818241065092,-12.0000000000009,2.1));
#18462=CARTESIAN_POINT('',(11.1381823957498,-12.0000000000009,2.1));
#18463=CARTESIAN_POINT('',(0.56909120532576,-12.0000000000009,2.1));
#18464=CARTESIAN_POINT('',(1.13818241065092,-12.0000000000009,1.6));
#18465=CARTESIAN_POINT('',(1.13818241065092,-12.0000000000009,2.1));
#18466=CARTESIAN_POINT('',(11.1381823957498,-12.0000000000009,1.6));
#18467=CARTESIAN_POINT('',(11.1381823957498,-12.0000000000009,1.6));
#18468=CARTESIAN_POINT('',(11.1381823957498,-12.0000000000009,2.1));
#18469=CARTESIAN_POINT('Origin',(1.13818241065092,-12.5000000000009,2.1));
#18470=CARTESIAN_POINT('',(1.13818241065092,-12.5000000000009,2.1));
#18471=CARTESIAN_POINT('',(1.13818241065092,-6.25000000000092,2.1));
#18472=CARTESIAN_POINT('',(1.13818241065092,-12.5000000000009,1.6));
#18473=CARTESIAN_POINT('',(1.13818241065092,-12.5000000000009,2.1));
#18474=CARTESIAN_POINT('',(1.13818241065092,-12.0000000000009,1.6));
#18475=CARTESIAN_POINT('Origin',(11.1381823957498,-12.5000000000009,2.1));
#18476=CARTESIAN_POINT('',(11.1381823957498,-12.5000000000009,2.1));
#18477=CARTESIAN_POINT('',(5.56909119787518,-12.5000000000009,2.1));
#18478=CARTESIAN_POINT('',(11.1381823957498,-12.5000000000009,1.6));
#18479=CARTESIAN_POINT('',(11.1381823957498,-12.5000000000009,2.1));
#18480=CARTESIAN_POINT('',(1.13818241065092,-12.5000000000009,1.6));
#18481=CARTESIAN_POINT('Origin',(11.1381823957498,-12.0000000000009,2.1));
#18482=CARTESIAN_POINT('',(11.1381823957498,-6.00000000000092,2.1));
#18483=CARTESIAN_POINT('',(11.1381823957498,-12.5000000000009,1.6));
#18484=CARTESIAN_POINT('Origin',(6.13818240320034,-12.2500000000009,1.6));
#18485=CARTESIAN_POINT('Origin',(11.1381823957498,-14.0000000000009,2.1));
#18486=CARTESIAN_POINT('',(11.1381823957498,-14.0000000000009,2.1));
#18487=CARTESIAN_POINT('',(11.1381823957498,-14.5000000000009,2.1));
#18488=CARTESIAN_POINT('',(11.1381823957498,-7.00000000000092,2.1));
#18489=CARTESIAN_POINT('',(11.1381823957498,-14.0000000000009,1.6));
#18490=CARTESIAN_POINT('',(11.1381823957498,-14.0000000000009,2.1));
#18491=CARTESIAN_POINT('',(11.1381823957498,-14.5000000000009,1.6));
#18492=CARTESIAN_POINT('',(11.1381823957498,-14.0000000000009,1.6));
#18493=CARTESIAN_POINT('',(11.1381823957498,-14.5000000000009,2.1));
#18494=CARTESIAN_POINT('Origin',(1.13818241065092,-14.0000000000009,2.1));
#18495=CARTESIAN_POINT('',(1.13818241065092,-14.0000000000009,2.1));
#18496=CARTESIAN_POINT('',(0.56909120532576,-14.0000000000009,2.1));
#18497=CARTESIAN_POINT('',(1.13818241065092,-14.0000000000009,1.6));
#18498=CARTESIAN_POINT('',(1.13818241065092,-14.0000000000009,2.1));
#18499=CARTESIAN_POINT('',(1.13818241065092,-14.0000000000009,1.6));
#18500=CARTESIAN_POINT('Origin',(1.13818241065092,-14.5000000000009,2.1));
#18501=CARTESIAN_POINT('',(1.13818241065092,-14.5000000000009,2.1));
#18502=CARTESIAN_POINT('',(1.13818241065092,-7.25000000000092,2.1));
#18503=CARTESIAN_POINT('',(1.13818241065092,-14.5000000000009,1.6));
#18504=CARTESIAN_POINT('',(1.13818241065092,-14.5000000000009,2.1));
#18505=CARTESIAN_POINT('',(1.13818241065092,-14.5000000000009,1.6));
#18506=CARTESIAN_POINT('Origin',(11.1381823957498,-14.5000000000009,2.1));
#18507=CARTESIAN_POINT('',(5.56909119787518,-14.5000000000009,2.1));
#18508=CARTESIAN_POINT('',(11.1381823957498,-14.5000000000009,1.6));
#18509=CARTESIAN_POINT('Origin',(6.13818240320034,-14.2500000000009,1.6));
#18510=CARTESIAN_POINT('Origin',(1.13818241065092,-7.00000000000092,2.1));
#18511=CARTESIAN_POINT('',(1.13818241065092,-7.00000000000092,2.1));
#18512=CARTESIAN_POINT('',(11.1381823957498,-7.00000000000092,2.1));
#18513=CARTESIAN_POINT('',(0.56909120532576,-7.00000000000092,2.1));
#18514=CARTESIAN_POINT('',(1.13818241065092,-7.00000000000092,1.6));
#18515=CARTESIAN_POINT('',(1.13818241065092,-7.00000000000092,2.1));
#18516=CARTESIAN_POINT('',(11.1381823957498,-7.00000000000092,1.6));
#18517=CARTESIAN_POINT('',(11.1381823957498,-7.00000000000092,1.6));
#18518=CARTESIAN_POINT('',(11.1381823957498,-7.00000000000092,2.1));
#18519=CARTESIAN_POINT('Origin',(1.13818241065092,-7.50000000000092,2.1));
#18520=CARTESIAN_POINT('',(1.13818241065092,-7.50000000000092,2.1));
#18521=CARTESIAN_POINT('',(1.13818241065092,-3.75000000000092,2.1));
#18522=CARTESIAN_POINT('',(1.13818241065092,-7.50000000000092,1.6));
#18523=CARTESIAN_POINT('',(1.13818241065092,-7.50000000000092,2.1));
#18524=CARTESIAN_POINT('',(1.13818241065092,-7.00000000000092,1.6));
#18525=CARTESIAN_POINT('Origin',(11.1381823957498,-7.50000000000092,2.1));
#18526=CARTESIAN_POINT('',(11.1381823957498,-7.50000000000092,2.1));
#18527=CARTESIAN_POINT('',(5.56909119787518,-7.50000000000092,2.1));
#18528=CARTESIAN_POINT('',(11.1381823957498,-7.50000000000092,1.6));
#18529=CARTESIAN_POINT('',(11.1381823957498,-7.50000000000092,2.1));
#18530=CARTESIAN_POINT('',(1.13818241065092,-7.50000000000092,1.6));
#18531=CARTESIAN_POINT('Origin',(11.1381823957498,-7.00000000000092,2.1));
#18532=CARTESIAN_POINT('',(11.1381823957498,-3.50000000000092,2.1));
#18533=CARTESIAN_POINT('',(11.1381823957498,-7.50000000000092,1.6));
#18534=CARTESIAN_POINT('Origin',(6.13818240320034,-7.25000000000092,1.6));
#18535=CARTESIAN_POINT('Origin',(11.1381823957498,-9.00000000000093,2.1));
#18536=CARTESIAN_POINT('',(11.1381823957498,-9.00000000000093,2.1));
#18537=CARTESIAN_POINT('',(11.1381823957498,-9.50000000000092,2.1));
#18538=CARTESIAN_POINT('',(11.1381823957498,-4.50000000000092,2.1));
#18539=CARTESIAN_POINT('',(11.1381823957498,-9.00000000000093,1.6));
#18540=CARTESIAN_POINT('',(11.1381823957498,-9.00000000000093,2.1));
#18541=CARTESIAN_POINT('',(11.1381823957498,-9.50000000000092,1.6));
#18542=CARTESIAN_POINT('',(11.1381823957498,-9.00000000000093,1.6));
#18543=CARTESIAN_POINT('',(11.1381823957498,-9.50000000000092,2.1));
#18544=CARTESIAN_POINT('Origin',(1.13818241065092,-9.00000000000093,2.1));
#18545=CARTESIAN_POINT('',(1.13818241065092,-9.00000000000093,2.1));
#18546=CARTESIAN_POINT('',(0.56909120532576,-9.00000000000093,2.1));
#18547=CARTESIAN_POINT('',(1.13818241065092,-9.00000000000093,1.6));
#18548=CARTESIAN_POINT('',(1.13818241065092,-9.00000000000093,2.1));
#18549=CARTESIAN_POINT('',(1.13818241065092,-9.00000000000093,1.6));
#18550=CARTESIAN_POINT('Origin',(1.13818241065092,-9.50000000000092,2.1));
#18551=CARTESIAN_POINT('',(1.13818241065092,-9.50000000000092,2.1));
#18552=CARTESIAN_POINT('',(1.13818241065092,-4.75000000000092,2.1));
#18553=CARTESIAN_POINT('',(1.13818241065092,-9.50000000000092,1.6));
#18554=CARTESIAN_POINT('',(1.13818241065092,-9.50000000000092,2.1));
#18555=CARTESIAN_POINT('',(1.13818241065092,-9.50000000000092,1.6));
#18556=CARTESIAN_POINT('Origin',(11.1381823957498,-9.50000000000092,2.1));
#18557=CARTESIAN_POINT('',(5.56909119787518,-9.50000000000092,2.1));
#18558=CARTESIAN_POINT('',(11.1381823957498,-9.50000000000092,1.6));
#18559=CARTESIAN_POINT('Origin',(6.13818240320034,-9.25000000000092,1.6));
#18560=CARTESIAN_POINT('Origin',(11.1381823957498,-8.00000000000092,2.1));
#18561=CARTESIAN_POINT('',(11.1381823957498,-8.00000000000092,2.1));
#18562=CARTESIAN_POINT('',(11.1381823957498,-8.50000000000092,2.1));
#18563=CARTESIAN_POINT('',(11.1381823957498,-4.00000000000092,2.1));
#18564=CARTESIAN_POINT('',(11.1381823957498,-8.00000000000092,1.6));
#18565=CARTESIAN_POINT('',(11.1381823957498,-8.00000000000092,2.1));
#18566=CARTESIAN_POINT('',(11.1381823957498,-8.50000000000092,1.6));
#18567=CARTESIAN_POINT('',(11.1381823957498,-8.00000000000092,1.6));
#18568=CARTESIAN_POINT('',(11.1381823957498,-8.50000000000092,2.1));
#18569=CARTESIAN_POINT('Origin',(1.13818241065092,-8.00000000000092,2.1));
#18570=CARTESIAN_POINT('',(1.13818241065092,-8.00000000000092,2.1));
#18571=CARTESIAN_POINT('',(0.56909120532576,-8.00000000000092,2.1));
#18572=CARTESIAN_POINT('',(1.13818241065092,-8.00000000000092,1.6));
#18573=CARTESIAN_POINT('',(1.13818241065092,-8.00000000000092,2.1));
#18574=CARTESIAN_POINT('',(1.13818241065092,-8.00000000000092,1.6));
#18575=CARTESIAN_POINT('Origin',(1.13818241065092,-8.50000000000092,2.1));
#18576=CARTESIAN_POINT('',(1.13818241065092,-8.50000000000092,2.1));
#18577=CARTESIAN_POINT('',(1.13818241065092,-4.25000000000092,2.1));
#18578=CARTESIAN_POINT('',(1.13818241065092,-8.50000000000092,1.6));
#18579=CARTESIAN_POINT('',(1.13818241065092,-8.50000000000092,2.1));
#18580=CARTESIAN_POINT('',(1.13818241065092,-8.50000000000092,1.6));
#18581=CARTESIAN_POINT('Origin',(11.1381823957498,-8.50000000000092,2.1));
#18582=CARTESIAN_POINT('',(5.56909119787518,-8.50000000000092,2.1));
#18583=CARTESIAN_POINT('',(11.1381823957498,-8.50000000000092,1.6));
#18584=CARTESIAN_POINT('Origin',(6.13818240320034,-8.25000000000092,1.6));
#18585=CARTESIAN_POINT('Origin',(1.13818241065092,-6.00000000000092,2.1));
#18586=CARTESIAN_POINT('',(1.13818241065092,-6.00000000000092,2.1));
#18587=CARTESIAN_POINT('',(11.1381823957498,-6.00000000000092,2.1));
#18588=CARTESIAN_POINT('',(0.56909120532576,-6.00000000000092,2.1));
#18589=CARTESIAN_POINT('',(1.13818241065092,-6.00000000000092,1.6));
#18590=CARTESIAN_POINT('',(1.13818241065092,-6.00000000000092,2.1));
#18591=CARTESIAN_POINT('',(11.1381823957498,-6.00000000000092,1.6));
#18592=CARTESIAN_POINT('',(11.1381823957498,-6.00000000000092,1.6));
#18593=CARTESIAN_POINT('',(11.1381823957498,-6.00000000000092,2.1));
#18594=CARTESIAN_POINT('Origin',(1.13818241065092,-6.50000000000093,2.1));
#18595=CARTESIAN_POINT('',(1.13818241065092,-6.50000000000093,2.1));
#18596=CARTESIAN_POINT('',(1.13818241065092,-3.25000000000092,2.1));
#18597=CARTESIAN_POINT('',(1.13818241065092,-6.50000000000093,1.6));
#18598=CARTESIAN_POINT('',(1.13818241065092,-6.50000000000093,2.1));
#18599=CARTESIAN_POINT('',(1.13818241065092,-6.00000000000092,1.6));
#18600=CARTESIAN_POINT('Origin',(11.1381823957498,-6.50000000000093,2.1));
#18601=CARTESIAN_POINT('',(11.1381823957498,-6.50000000000093,2.1));
#18602=CARTESIAN_POINT('',(5.56909119787518,-6.50000000000093,2.1));
#18603=CARTESIAN_POINT('',(11.1381823957498,-6.50000000000093,1.6));
#18604=CARTESIAN_POINT('',(11.1381823957498,-6.50000000000093,2.1));
#18605=CARTESIAN_POINT('',(1.13818241065092,-6.50000000000093,1.6));
#18606=CARTESIAN_POINT('Origin',(11.1381823957498,-6.00000000000092,2.1));
#18607=CARTESIAN_POINT('',(11.1381823957498,-3.00000000000092,2.1));
#18608=CARTESIAN_POINT('',(11.1381823957498,-6.50000000000093,1.6));
#18609=CARTESIAN_POINT('Origin',(6.13818240320034,-6.25000000000092,1.6));
#18610=CARTESIAN_POINT('Origin',(-1.13818241065092,5.99999999999908,2.1));
#18611=CARTESIAN_POINT('',(-11.1381823957498,5.99999999999908,2.1));
#18612=CARTESIAN_POINT('',(-1.13818241065092,5.99999999999908,2.1));
#18613=CARTESIAN_POINT('',(-0.569091205325161,5.99999999999908,2.1));
#18614=CARTESIAN_POINT('',(-11.1381823957498,5.99999999999908,1.6));
#18615=CARTESIAN_POINT('',(-11.1381823957498,5.99999999999908,2.1));
#18616=CARTESIAN_POINT('',(-1.13818241065092,5.99999999999908,1.6));
#18617=CARTESIAN_POINT('',(-11.1381823957498,5.99999999999908,1.6));
#18618=CARTESIAN_POINT('',(-1.13818241065092,5.99999999999908,2.1));
#18619=CARTESIAN_POINT('Origin',(-1.13818241065092,5.49999999999908,2.1));
#18620=CARTESIAN_POINT('',(-1.13818241065092,5.49999999999908,2.1));
#18621=CARTESIAN_POINT('',(-1.13818241065092,2.74999999999908,2.1));
#18622=CARTESIAN_POINT('',(-1.13818241065092,5.49999999999908,1.6));
#18623=CARTESIAN_POINT('',(-1.13818241065092,5.99999999999908,1.6));
#18624=CARTESIAN_POINT('',(-1.13818241065092,5.49999999999908,2.1));
#18625=CARTESIAN_POINT('Origin',(-11.1381823957498,5.49999999999908,2.1));
#18626=CARTESIAN_POINT('',(-11.1381823957498,5.49999999999908,2.1));
#18627=CARTESIAN_POINT('',(-5.56909119787458,5.49999999999908,2.1));
#18628=CARTESIAN_POINT('',(-11.1381823957498,5.49999999999908,1.6));
#18629=CARTESIAN_POINT('',(-1.13818241065092,5.49999999999908,1.6));
#18630=CARTESIAN_POINT('',(-11.1381823957498,5.49999999999908,2.1));
#18631=CARTESIAN_POINT('Origin',(-11.1381823957498,5.99999999999908,2.1));
#18632=CARTESIAN_POINT('',(-11.1381823957498,2.99999999999908,2.1));
#18633=CARTESIAN_POINT('',(-11.1381823957498,5.49999999999908,1.6));
#18634=CARTESIAN_POINT('Origin',(-6.13818240320034,5.74999999999908,1.6));
#18635=CARTESIAN_POINT('Origin',(-1.13818241065092,4.99999999999908,2.1));
#18636=CARTESIAN_POINT('',(-11.1381823957498,4.99999999999908,2.1));
#18637=CARTESIAN_POINT('',(-1.13818241065092,4.99999999999908,2.1));
#18638=CARTESIAN_POINT('',(-0.569091205325161,4.99999999999908,2.1));
#18639=CARTESIAN_POINT('',(-11.1381823957498,4.99999999999908,1.6));
#18640=CARTESIAN_POINT('',(-11.1381823957498,4.99999999999908,2.1));
#18641=CARTESIAN_POINT('',(-1.13818241065092,4.99999999999908,1.6));
#18642=CARTESIAN_POINT('',(-11.1381823957498,4.99999999999908,1.6));
#18643=CARTESIAN_POINT('',(-1.13818241065092,4.99999999999908,2.1));
#18644=CARTESIAN_POINT('Origin',(-1.13818241065092,4.49999999999908,2.1));
#18645=CARTESIAN_POINT('',(-1.13818241065092,4.49999999999908,2.1));
#18646=CARTESIAN_POINT('',(-1.13818241065092,2.24999999999908,2.1));
#18647=CARTESIAN_POINT('',(-1.13818241065092,4.49999999999908,1.6));
#18648=CARTESIAN_POINT('',(-1.13818241065092,4.99999999999908,1.6));
#18649=CARTESIAN_POINT('',(-1.13818241065092,4.49999999999908,2.1));
#18650=CARTESIAN_POINT('Origin',(-11.1381823957498,4.49999999999908,2.1));
#18651=CARTESIAN_POINT('',(-11.1381823957498,4.49999999999908,2.1));
#18652=CARTESIAN_POINT('',(-5.56909119787458,4.49999999999908,2.1));
#18653=CARTESIAN_POINT('',(-11.1381823957498,4.49999999999908,1.6));
#18654=CARTESIAN_POINT('',(-1.13818241065092,4.49999999999908,1.6));
#18655=CARTESIAN_POINT('',(-11.1381823957498,4.49999999999908,2.1));
#18656=CARTESIAN_POINT('Origin',(-11.1381823957498,4.99999999999908,2.1));
#18657=CARTESIAN_POINT('',(-11.1381823957498,2.49999999999908,2.1));
#18658=CARTESIAN_POINT('',(-11.1381823957498,4.49999999999908,1.6));
#18659=CARTESIAN_POINT('Origin',(-6.13818240320034,4.74999999999908,1.6));
#18660=CARTESIAN_POINT('Origin',(-11.1381823957498,2.99999999999908,2.1));
#18661=CARTESIAN_POINT('',(-11.1381823957498,2.49999999999908,2.1));
#18662=CARTESIAN_POINT('',(-11.1381823957498,2.99999999999908,2.1));
#18663=CARTESIAN_POINT('',(-11.1381823957498,1.49999999999908,2.1));
#18664=CARTESIAN_POINT('',(-11.1381823957498,2.49999999999908,1.6));
#18665=CARTESIAN_POINT('',(-11.1381823957498,2.49999999999908,2.1));
#18666=CARTESIAN_POINT('',(-11.1381823957498,2.99999999999908,1.6));
#18667=CARTESIAN_POINT('',(-11.1381823957498,2.99999999999908,1.6));
#18668=CARTESIAN_POINT('',(-11.1381823957498,2.99999999999908,2.1));
#18669=CARTESIAN_POINT('Origin',(-1.13818241065092,2.99999999999908,2.1));
#18670=CARTESIAN_POINT('',(-1.13818241065092,2.99999999999908,2.1));
#18671=CARTESIAN_POINT('',(-0.569091205325161,2.99999999999908,2.1));
#18672=CARTESIAN_POINT('',(-1.13818241065092,2.99999999999908,1.6));
#18673=CARTESIAN_POINT('',(-1.13818241065092,2.99999999999908,1.6));
#18674=CARTESIAN_POINT('',(-1.13818241065092,2.99999999999908,2.1));
#18675=CARTESIAN_POINT('Origin',(-1.13818241065092,2.49999999999908,2.1));
#18676=CARTESIAN_POINT('',(-1.13818241065092,2.49999999999908,2.1));
#18677=CARTESIAN_POINT('',(-1.13818241065092,1.24999999999908,2.1));
#18678=CARTESIAN_POINT('',(-1.13818241065092,2.49999999999908,1.6));
#18679=CARTESIAN_POINT('',(-1.13818241065092,2.49999999999908,1.6));
#18680=CARTESIAN_POINT('',(-1.13818241065092,2.49999999999908,2.1));
#18681=CARTESIAN_POINT('Origin',(-11.1381823957498,2.49999999999908,2.1));
#18682=CARTESIAN_POINT('',(-5.56909119787458,2.49999999999908,2.1));
#18683=CARTESIAN_POINT('',(-11.1381823957498,2.49999999999908,1.6));
#18684=CARTESIAN_POINT('Origin',(-6.13818240320034,2.74999999999908,1.6));
#18685=CARTESIAN_POINT('Origin',(-11.1381823957498,3.99999999999908,2.1));
#18686=CARTESIAN_POINT('',(-11.1381823957498,3.49999999999908,2.1));
#18687=CARTESIAN_POINT('',(-11.1381823957498,3.99999999999908,2.1));
#18688=CARTESIAN_POINT('',(-11.1381823957498,1.99999999999908,2.1));
#18689=CARTESIAN_POINT('',(-11.1381823957498,3.49999999999908,1.6));
#18690=CARTESIAN_POINT('',(-11.1381823957498,3.49999999999908,2.1));
#18691=CARTESIAN_POINT('',(-11.1381823957498,3.99999999999908,1.6));
#18692=CARTESIAN_POINT('',(-11.1381823957498,3.99999999999908,1.6));
#18693=CARTESIAN_POINT('',(-11.1381823957498,3.99999999999908,2.1));
#18694=CARTESIAN_POINT('Origin',(-1.13818241065092,3.99999999999908,2.1));
#18695=CARTESIAN_POINT('',(-1.13818241065092,3.99999999999908,2.1));
#18696=CARTESIAN_POINT('',(-0.569091205325161,3.99999999999908,2.1));
#18697=CARTESIAN_POINT('',(-1.13818241065092,3.99999999999908,1.6));
#18698=CARTESIAN_POINT('',(-1.13818241065092,3.99999999999908,1.6));
#18699=CARTESIAN_POINT('',(-1.13818241065092,3.99999999999908,2.1));
#18700=CARTESIAN_POINT('Origin',(-1.13818241065092,3.49999999999908,2.1));
#18701=CARTESIAN_POINT('',(-1.13818241065092,3.49999999999908,2.1));
#18702=CARTESIAN_POINT('',(-1.13818241065092,1.74999999999908,2.1));
#18703=CARTESIAN_POINT('',(-1.13818241065092,3.49999999999908,1.6));
#18704=CARTESIAN_POINT('',(-1.13818241065092,3.49999999999908,1.6));
#18705=CARTESIAN_POINT('',(-1.13818241065092,3.49999999999908,2.1));
#18706=CARTESIAN_POINT('Origin',(-11.1381823957498,3.49999999999908,2.1));
#18707=CARTESIAN_POINT('',(-5.56909119787458,3.49999999999908,2.1));
#18708=CARTESIAN_POINT('',(-11.1381823957498,3.49999999999908,1.6));
#18709=CARTESIAN_POINT('Origin',(-6.13818240320034,3.74999999999908,1.6));
#18710=CARTESIAN_POINT('Origin',(-11.1381823957498,8.99999999999908,2.1));
#18711=CARTESIAN_POINT('',(-11.1381823957498,8.49999999999908,2.1));
#18712=CARTESIAN_POINT('',(-11.1381823957498,8.99999999999908,2.1));
#18713=CARTESIAN_POINT('',(-11.1381823957498,4.49999999999908,2.1));
#18714=CARTESIAN_POINT('',(-11.1381823957498,8.49999999999908,1.6));
#18715=CARTESIAN_POINT('',(-11.1381823957498,8.49999999999908,2.1));
#18716=CARTESIAN_POINT('',(-11.1381823957498,8.99999999999908,1.6));
#18717=CARTESIAN_POINT('',(-11.1381823957498,8.99999999999908,1.6));
#18718=CARTESIAN_POINT('',(-11.1381823957498,8.99999999999908,2.1));
#18719=CARTESIAN_POINT('Origin',(-1.13818241065092,8.99999999999908,2.1));
#18720=CARTESIAN_POINT('',(-1.13818241065092,8.99999999999908,2.1));
#18721=CARTESIAN_POINT('',(-0.569091205325161,8.99999999999908,2.1));
#18722=CARTESIAN_POINT('',(-1.13818241065092,8.99999999999908,1.6));
#18723=CARTESIAN_POINT('',(-1.13818241065092,8.99999999999908,1.6));
#18724=CARTESIAN_POINT('',(-1.13818241065092,8.99999999999908,2.1));
#18725=CARTESIAN_POINT('Origin',(-1.13818241065092,8.49999999999908,2.1));
#18726=CARTESIAN_POINT('',(-1.13818241065092,8.49999999999908,2.1));
#18727=CARTESIAN_POINT('',(-1.13818241065092,4.24999999999908,2.1));
#18728=CARTESIAN_POINT('',(-1.13818241065092,8.49999999999908,1.6));
#18729=CARTESIAN_POINT('',(-1.13818241065092,8.49999999999908,1.6));
#18730=CARTESIAN_POINT('',(-1.13818241065092,8.49999999999908,2.1));
#18731=CARTESIAN_POINT('Origin',(-11.1381823957498,8.49999999999908,2.1));
#18732=CARTESIAN_POINT('',(-5.56909119787458,8.49999999999908,2.1));
#18733=CARTESIAN_POINT('',(-11.1381823957498,8.49999999999908,1.6));
#18734=CARTESIAN_POINT('Origin',(-6.13818240320034,8.74999999999908,1.6));
#18735=CARTESIAN_POINT('Origin',(-11.1381823957498,9.99999999999908,2.1));
#18736=CARTESIAN_POINT('',(-11.1381823957498,9.49999999999908,2.1));
#18737=CARTESIAN_POINT('',(-11.1381823957498,9.99999999999908,2.1));
#18738=CARTESIAN_POINT('',(-11.1381823957498,4.99999999999908,2.1));
#18739=CARTESIAN_POINT('',(-11.1381823957498,9.49999999999908,1.6));
#18740=CARTESIAN_POINT('',(-11.1381823957498,9.49999999999908,2.1));
#18741=CARTESIAN_POINT('',(-11.1381823957498,9.99999999999908,1.6));
#18742=CARTESIAN_POINT('',(-11.1381823957498,9.99999999999908,1.6));
#18743=CARTESIAN_POINT('',(-11.1381823957498,9.99999999999908,2.1));
#18744=CARTESIAN_POINT('Origin',(-1.13818241065092,9.99999999999908,2.1));
#18745=CARTESIAN_POINT('',(-1.13818241065092,9.99999999999908,2.1));
#18746=CARTESIAN_POINT('',(-0.569091205325161,9.99999999999908,2.1));
#18747=CARTESIAN_POINT('',(-1.13818241065092,9.99999999999908,1.6));
#18748=CARTESIAN_POINT('',(-1.13818241065092,9.99999999999908,1.6));
#18749=CARTESIAN_POINT('',(-1.13818241065092,9.99999999999908,2.1));
#18750=CARTESIAN_POINT('Origin',(-1.13818241065092,9.49999999999908,2.1));
#18751=CARTESIAN_POINT('',(-1.13818241065092,9.49999999999908,2.1));
#18752=CARTESIAN_POINT('',(-1.13818241065092,4.74999999999908,2.1));
#18753=CARTESIAN_POINT('',(-1.13818241065092,9.49999999999908,1.6));
#18754=CARTESIAN_POINT('',(-1.13818241065092,9.49999999999908,1.6));
#18755=CARTESIAN_POINT('',(-1.13818241065092,9.49999999999908,2.1));
#18756=CARTESIAN_POINT('Origin',(-11.1381823957498,9.49999999999908,2.1));
#18757=CARTESIAN_POINT('',(-5.56909119787458,9.49999999999908,2.1));
#18758=CARTESIAN_POINT('',(-11.1381823957498,9.49999999999908,1.6));
#18759=CARTESIAN_POINT('Origin',(-6.13818240320034,9.74999999999908,1.6));
#18760=CARTESIAN_POINT('Origin',(-1.13818241065092,-1.00000000000092,2.1));
#18761=CARTESIAN_POINT('',(-11.1381823957498,-1.00000000000092,2.1));
#18762=CARTESIAN_POINT('',(-1.13818241065092,-1.00000000000092,2.1));
#18763=CARTESIAN_POINT('',(-0.569091205325161,-1.00000000000092,2.1));
#18764=CARTESIAN_POINT('',(-11.1381823957498,-1.00000000000092,1.6));
#18765=CARTESIAN_POINT('',(-11.1381823957498,-1.00000000000092,2.1));
#18766=CARTESIAN_POINT('',(-1.13818241065092,-1.00000000000092,1.6));
#18767=CARTESIAN_POINT('',(-11.1381823957498,-1.00000000000092,1.6));
#18768=CARTESIAN_POINT('',(-1.13818241065092,-1.00000000000092,2.1));
#18769=CARTESIAN_POINT('Origin',(-1.13818241065092,-1.50000000000092,2.1));
#18770=CARTESIAN_POINT('',(-1.13818241065092,-1.50000000000092,2.1));
#18771=CARTESIAN_POINT('',(-1.13818241065092,-0.750000000000924,2.1));
#18772=CARTESIAN_POINT('',(-1.13818241065092,-1.50000000000092,1.6));
#18773=CARTESIAN_POINT('',(-1.13818241065092,-1.00000000000092,1.6));
#18774=CARTESIAN_POINT('',(-1.13818241065092,-1.50000000000092,2.1));
#18775=CARTESIAN_POINT('Origin',(-11.1381823957498,-1.50000000000092,2.1));
#18776=CARTESIAN_POINT('',(-11.1381823957498,-1.50000000000092,2.1));
#18777=CARTESIAN_POINT('',(-5.56909119787458,-1.50000000000092,2.1));
#18778=CARTESIAN_POINT('',(-11.1381823957498,-1.50000000000092,1.6));
#18779=CARTESIAN_POINT('',(-1.13818241065092,-1.50000000000092,1.6));
#18780=CARTESIAN_POINT('',(-11.1381823957498,-1.50000000000092,2.1));
#18781=CARTESIAN_POINT('Origin',(-11.1381823957498,-1.00000000000092,2.1));
#18782=CARTESIAN_POINT('',(-11.1381823957498,-0.500000000000924,2.1));
#18783=CARTESIAN_POINT('',(-11.1381823957498,-1.50000000000092,1.6));
#18784=CARTESIAN_POINT('Origin',(-6.13818240320034,-1.25000000000092,1.6));
#18785=CARTESIAN_POINT('Origin',(-1.13818241065092,-6.00000000000092,2.1));
#18786=CARTESIAN_POINT('',(-11.1381823957498,-6.00000000000092,2.1));
#18787=CARTESIAN_POINT('',(-1.13818241065092,-6.00000000000092,2.1));
#18788=CARTESIAN_POINT('',(-0.569091205325161,-6.00000000000092,2.1));
#18789=CARTESIAN_POINT('',(-11.1381823957498,-6.00000000000092,1.6));
#18790=CARTESIAN_POINT('',(-11.1381823957498,-6.00000000000092,2.1));
#18791=CARTESIAN_POINT('',(-1.13818241065092,-6.00000000000092,1.6));
#18792=CARTESIAN_POINT('',(-11.1381823957498,-6.00000000000092,1.6));
#18793=CARTESIAN_POINT('',(-1.13818241065092,-6.00000000000092,2.1));
#18794=CARTESIAN_POINT('Origin',(-1.13818241065092,-6.50000000000093,2.1));
#18795=CARTESIAN_POINT('',(-1.13818241065092,-6.50000000000093,2.1));
#18796=CARTESIAN_POINT('',(-1.13818241065092,-3.25000000000092,2.1));
#18797=CARTESIAN_POINT('',(-1.13818241065092,-6.50000000000093,1.6));
#18798=CARTESIAN_POINT('',(-1.13818241065092,-6.00000000000092,1.6));
#18799=CARTESIAN_POINT('',(-1.13818241065092,-6.50000000000093,2.1));
#18800=CARTESIAN_POINT('Origin',(-11.1381823957498,-6.50000000000093,2.1));
#18801=CARTESIAN_POINT('',(-11.1381823957498,-6.50000000000093,2.1));
#18802=CARTESIAN_POINT('',(-5.56909119787458,-6.50000000000093,2.1));
#18803=CARTESIAN_POINT('',(-11.1381823957498,-6.50000000000093,1.6));
#18804=CARTESIAN_POINT('',(-1.13818241065092,-6.50000000000093,1.6));
#18805=CARTESIAN_POINT('',(-11.1381823957498,-6.50000000000093,2.1));
#18806=CARTESIAN_POINT('Origin',(-11.1381823957498,-6.00000000000092,2.1));
#18807=CARTESIAN_POINT('',(-11.1381823957498,-3.00000000000092,2.1));
#18808=CARTESIAN_POINT('',(-11.1381823957498,-6.50000000000093,1.6));
#18809=CARTESIAN_POINT('Origin',(-6.13818240320034,-6.25000000000092,1.6));
#18810=CARTESIAN_POINT('Origin',(-1.13818241065092,-9.2370555648813E-13,
2.1));
#18811=CARTESIAN_POINT('',(-11.1381823957498,-9.2370555648813E-13,2.1));
#18812=CARTESIAN_POINT('',(-1.13818241065092,-9.2370555648813E-13,2.1));
#18813=CARTESIAN_POINT('',(-0.569091205325161,-9.2370555648813E-13,2.1));
#18814=CARTESIAN_POINT('',(-11.1381823957498,-9.2370555648813E-13,1.6));
#18815=CARTESIAN_POINT('',(-11.1381823957498,-9.2370555648813E-13,2.1));
#18816=CARTESIAN_POINT('',(-1.13818241065092,-9.2370555648813E-13,1.6));
#18817=CARTESIAN_POINT('',(-11.1381823957498,-9.2370555648813E-13,1.6));
#18818=CARTESIAN_POINT('',(-1.13818241065092,-9.2370555648813E-13,2.1));
#18819=CARTESIAN_POINT('Origin',(-1.13818241065092,-0.500000000000924,2.1));
#18820=CARTESIAN_POINT('',(-1.13818241065092,-0.500000000000924,2.1));
#18821=CARTESIAN_POINT('',(-1.13818241065092,-0.250000000000924,2.1));
#18822=CARTESIAN_POINT('',(-1.13818241065092,-0.500000000000924,1.6));
#18823=CARTESIAN_POINT('',(-1.13818241065092,-9.2370555648813E-13,1.6));
#18824=CARTESIAN_POINT('',(-1.13818241065092,-0.500000000000924,2.1));
#18825=CARTESIAN_POINT('Origin',(-11.1381823957498,-0.500000000000924,2.1));
#18826=CARTESIAN_POINT('',(-11.1381823957498,-0.500000000000924,2.1));
#18827=CARTESIAN_POINT('',(-5.56909119787458,-0.500000000000924,2.1));
#18828=CARTESIAN_POINT('',(-11.1381823957498,-0.500000000000924,1.6));
#18829=CARTESIAN_POINT('',(-1.13818241065092,-0.500000000000924,1.6));
#18830=CARTESIAN_POINT('',(-11.1381823957498,-0.500000000000924,2.1));
#18831=CARTESIAN_POINT('Origin',(-11.1381823957498,-9.2370555648813E-13,
2.1));
#18832=CARTESIAN_POINT('',(-11.1381823957498,-9.2370555648813E-13,2.1));
#18833=CARTESIAN_POINT('',(-11.1381823957498,-0.500000000000924,1.6));
#18834=CARTESIAN_POINT('Origin',(-6.13818240320034,-0.250000000000924,1.6));
#18835=CARTESIAN_POINT('Origin',(-1.13818241065092,-19.0000000000009,2.1));
#18836=CARTESIAN_POINT('',(-11.1381823957498,-19.0000000000009,2.1));
#18837=CARTESIAN_POINT('',(-1.13818241065092,-19.0000000000009,2.1));
#18838=CARTESIAN_POINT('',(-0.569091205325161,-19.0000000000009,2.1));
#18839=CARTESIAN_POINT('',(-11.1381823957498,-19.0000000000009,1.6));
#18840=CARTESIAN_POINT('',(-11.1381823957498,-19.0000000000009,2.1));
#18841=CARTESIAN_POINT('',(-1.13818241065092,-19.0000000000009,1.6));
#18842=CARTESIAN_POINT('',(-11.1381823957498,-19.0000000000009,1.6));
#18843=CARTESIAN_POINT('',(-1.13818241065092,-19.0000000000009,2.1));
#18844=CARTESIAN_POINT('Origin',(-1.13818241065092,-19.5000000000009,2.1));
#18845=CARTESIAN_POINT('',(-1.13818241065092,-19.5000000000009,2.1));
#18846=CARTESIAN_POINT('',(-1.13818241065092,-9.75000000000092,2.1));
#18847=CARTESIAN_POINT('',(-1.13818241065092,-19.5000000000009,1.6));
#18848=CARTESIAN_POINT('',(-1.13818241065092,-19.0000000000009,1.6));
#18849=CARTESIAN_POINT('',(-1.13818241065092,-19.5000000000009,2.1));
#18850=CARTESIAN_POINT('Origin',(-11.1381823957498,-19.5000000000009,2.1));
#18851=CARTESIAN_POINT('',(-11.1381823957498,-19.5000000000009,2.1));
#18852=CARTESIAN_POINT('',(-5.56909119787458,-19.5000000000009,2.1));
#18853=CARTESIAN_POINT('',(-11.1381823957498,-19.5000000000009,1.6));
#18854=CARTESIAN_POINT('',(-1.13818241065092,-19.5000000000009,1.6));
#18855=CARTESIAN_POINT('',(-11.1381823957498,-19.5000000000009,2.1));
#18856=CARTESIAN_POINT('Origin',(-11.1381823957498,-19.0000000000009,2.1));
#18857=CARTESIAN_POINT('',(-11.1381823957498,-9.50000000000093,2.1));
#18858=CARTESIAN_POINT('',(-11.1381823957498,-19.5000000000009,1.6));
#18859=CARTESIAN_POINT('Origin',(-6.13818240320034,-19.2500000000009,1.6));
#18860=CARTESIAN_POINT('Origin',(-11.1381823957498,-8.00000000000092,2.1));
#18861=CARTESIAN_POINT('',(-11.1381823957498,-8.50000000000092,2.1));
#18862=CARTESIAN_POINT('',(-11.1381823957498,-8.00000000000092,2.1));
#18863=CARTESIAN_POINT('',(-11.1381823957498,-4.00000000000092,2.1));
#18864=CARTESIAN_POINT('',(-11.1381823957498,-8.50000000000092,1.6));
#18865=CARTESIAN_POINT('',(-11.1381823957498,-8.50000000000092,2.1));
#18866=CARTESIAN_POINT('',(-11.1381823957498,-8.00000000000092,1.6));
#18867=CARTESIAN_POINT('',(-11.1381823957498,-8.00000000000092,1.6));
#18868=CARTESIAN_POINT('',(-11.1381823957498,-8.00000000000092,2.1));
#18869=CARTESIAN_POINT('Origin',(-1.13818241065092,-8.00000000000092,2.1));
#18870=CARTESIAN_POINT('',(-1.13818241065092,-8.00000000000092,2.1));
#18871=CARTESIAN_POINT('',(-0.569091205325161,-8.00000000000092,2.1));
#18872=CARTESIAN_POINT('',(-1.13818241065092,-8.00000000000092,1.6));
#18873=CARTESIAN_POINT('',(-1.13818241065092,-8.00000000000092,1.6));
#18874=CARTESIAN_POINT('',(-1.13818241065092,-8.00000000000092,2.1));
#18875=CARTESIAN_POINT('Origin',(-1.13818241065092,-8.50000000000092,2.1));
#18876=CARTESIAN_POINT('',(-1.13818241065092,-8.50000000000092,2.1));
#18877=CARTESIAN_POINT('',(-1.13818241065092,-4.25000000000092,2.1));
#18878=CARTESIAN_POINT('',(-1.13818241065092,-8.50000000000092,1.6));
#18879=CARTESIAN_POINT('',(-1.13818241065092,-8.50000000000092,1.6));
#18880=CARTESIAN_POINT('',(-1.13818241065092,-8.50000000000092,2.1));
#18881=CARTESIAN_POINT('Origin',(-11.1381823957498,-8.50000000000092,2.1));
#18882=CARTESIAN_POINT('',(-5.56909119787458,-8.50000000000092,2.1));
#18883=CARTESIAN_POINT('',(-11.1381823957498,-8.50000000000092,1.6));
#18884=CARTESIAN_POINT('Origin',(-6.13818240320034,-8.25000000000092,1.6));
#18885=CARTESIAN_POINT('Origin',(-11.1381823957498,-14.0000000000009,2.1));
#18886=CARTESIAN_POINT('',(-11.1381823957498,-14.5000000000009,2.1));
#18887=CARTESIAN_POINT('',(-11.1381823957498,-14.0000000000009,2.1));
#18888=CARTESIAN_POINT('',(-11.1381823957498,-7.00000000000092,2.1));
#18889=CARTESIAN_POINT('',(-11.1381823957498,-14.5000000000009,1.6));
#18890=CARTESIAN_POINT('',(-11.1381823957498,-14.5000000000009,2.1));
#18891=CARTESIAN_POINT('',(-11.1381823957498,-14.0000000000009,1.6));
#18892=CARTESIAN_POINT('',(-11.1381823957498,-14.0000000000009,1.6));
#18893=CARTESIAN_POINT('',(-11.1381823957498,-14.0000000000009,2.1));
#18894=CARTESIAN_POINT('Origin',(-1.13818241065092,-14.0000000000009,2.1));
#18895=CARTESIAN_POINT('',(-1.13818241065092,-14.0000000000009,2.1));
#18896=CARTESIAN_POINT('',(-0.569091205325161,-14.0000000000009,2.1));
#18897=CARTESIAN_POINT('',(-1.13818241065092,-14.0000000000009,1.6));
#18898=CARTESIAN_POINT('',(-1.13818241065092,-14.0000000000009,1.6));
#18899=CARTESIAN_POINT('',(-1.13818241065092,-14.0000000000009,2.1));
#18900=CARTESIAN_POINT('Origin',(-1.13818241065092,-14.5000000000009,2.1));
#18901=CARTESIAN_POINT('',(-1.13818241065092,-14.5000000000009,2.1));
#18902=CARTESIAN_POINT('',(-1.13818241065092,-7.25000000000092,2.1));
#18903=CARTESIAN_POINT('',(-1.13818241065092,-14.5000000000009,1.6));
#18904=CARTESIAN_POINT('',(-1.13818241065092,-14.5000000000009,1.6));
#18905=CARTESIAN_POINT('',(-1.13818241065092,-14.5000000000009,2.1));
#18906=CARTESIAN_POINT('Origin',(-11.1381823957498,-14.5000000000009,2.1));
#18907=CARTESIAN_POINT('',(-5.56909119787458,-14.5000000000009,2.1));
#18908=CARTESIAN_POINT('',(-11.1381823957498,-14.5000000000009,1.6));
#18909=CARTESIAN_POINT('Origin',(-6.13818240320034,-14.2500000000009,1.6));
#18910=CARTESIAN_POINT('Origin',(-11.1381823957498,-9.00000000000093,2.1));
#18911=CARTESIAN_POINT('',(-11.1381823957498,-9.50000000000092,2.1));
#18912=CARTESIAN_POINT('',(-11.1381823957498,-9.00000000000093,2.1));
#18913=CARTESIAN_POINT('',(-11.1381823957498,-4.50000000000092,2.1));
#18914=CARTESIAN_POINT('',(-11.1381823957498,-9.50000000000092,1.6));
#18915=CARTESIAN_POINT('',(-11.1381823957498,-9.50000000000092,2.1));
#18916=CARTESIAN_POINT('',(-11.1381823957498,-9.00000000000093,1.6));
#18917=CARTESIAN_POINT('',(-11.1381823957498,-9.00000000000093,1.6));
#18918=CARTESIAN_POINT('',(-11.1381823957498,-9.00000000000093,2.1));
#18919=CARTESIAN_POINT('Origin',(-1.13818241065092,-9.00000000000093,2.1));
#18920=CARTESIAN_POINT('',(-1.13818241065092,-9.00000000000093,2.1));
#18921=CARTESIAN_POINT('',(-0.569091205325161,-9.00000000000093,2.1));
#18922=CARTESIAN_POINT('',(-1.13818241065092,-9.00000000000093,1.6));
#18923=CARTESIAN_POINT('',(-1.13818241065092,-9.00000000000093,1.6));
#18924=CARTESIAN_POINT('',(-1.13818241065092,-9.00000000000093,2.1));
#18925=CARTESIAN_POINT('Origin',(-1.13818241065092,-9.50000000000092,2.1));
#18926=CARTESIAN_POINT('',(-1.13818241065092,-9.50000000000092,2.1));
#18927=CARTESIAN_POINT('',(-1.13818241065092,-4.75000000000092,2.1));
#18928=CARTESIAN_POINT('',(-1.13818241065092,-9.50000000000092,1.6));
#18929=CARTESIAN_POINT('',(-1.13818241065092,-9.50000000000092,1.6));
#18930=CARTESIAN_POINT('',(-1.13818241065092,-9.50000000000092,2.1));
#18931=CARTESIAN_POINT('Origin',(-11.1381823957498,-9.50000000000092,2.1));
#18932=CARTESIAN_POINT('',(-5.56909119787458,-9.50000000000092,2.1));
#18933=CARTESIAN_POINT('',(-11.1381823957498,-9.50000000000092,1.6));
#18934=CARTESIAN_POINT('Origin',(-6.13818240320034,-9.25000000000092,1.6));
#18935=CARTESIAN_POINT('Origin',(-1.13818241065092,-12.0000000000009,2.1));
#18936=CARTESIAN_POINT('',(-11.1381823957498,-12.0000000000009,2.1));
#18937=CARTESIAN_POINT('',(-1.13818241065092,-12.0000000000009,2.1));
#18938=CARTESIAN_POINT('',(-0.569091205325161,-12.0000000000009,2.1));
#18939=CARTESIAN_POINT('',(-11.1381823957498,-12.0000000000009,1.6));
#18940=CARTESIAN_POINT('',(-11.1381823957498,-12.0000000000009,2.1));
#18941=CARTESIAN_POINT('',(-1.13818241065092,-12.0000000000009,1.6));
#18942=CARTESIAN_POINT('',(-11.1381823957498,-12.0000000000009,1.6));
#18943=CARTESIAN_POINT('',(-1.13818241065092,-12.0000000000009,2.1));
#18944=CARTESIAN_POINT('Origin',(-1.13818241065092,-12.5000000000009,2.1));
#18945=CARTESIAN_POINT('',(-1.13818241065092,-12.5000000000009,2.1));
#18946=CARTESIAN_POINT('',(-1.13818241065092,-6.25000000000092,2.1));
#18947=CARTESIAN_POINT('',(-1.13818241065092,-12.5000000000009,1.6));
#18948=CARTESIAN_POINT('',(-1.13818241065092,-12.0000000000009,1.6));
#18949=CARTESIAN_POINT('',(-1.13818241065092,-12.5000000000009,2.1));
#18950=CARTESIAN_POINT('Origin',(-11.1381823957498,-12.5000000000009,2.1));
#18951=CARTESIAN_POINT('',(-11.1381823957498,-12.5000000000009,2.1));
#18952=CARTESIAN_POINT('',(-5.56909119787458,-12.5000000000009,2.1));
#18953=CARTESIAN_POINT('',(-11.1381823957498,-12.5000000000009,1.6));
#18954=CARTESIAN_POINT('',(-1.13818241065092,-12.5000000000009,1.6));
#18955=CARTESIAN_POINT('',(-11.1381823957498,-12.5000000000009,2.1));
#18956=CARTESIAN_POINT('Origin',(-11.1381823957498,-12.0000000000009,2.1));
#18957=CARTESIAN_POINT('',(-11.1381823957498,-6.00000000000092,2.1));
#18958=CARTESIAN_POINT('',(-11.1381823957498,-12.5000000000009,1.6));
#18959=CARTESIAN_POINT('Origin',(-6.13818240320034,-12.2500000000009,1.6));
#18960=CARTESIAN_POINT('Origin',(-1.13818241065092,-13.0000000000009,2.1));
#18961=CARTESIAN_POINT('',(-11.1381823957498,-13.0000000000009,2.1));
#18962=CARTESIAN_POINT('',(-1.13818241065092,-13.0000000000009,2.1));
#18963=CARTESIAN_POINT('',(-0.569091205325161,-13.0000000000009,2.1));
#18964=CARTESIAN_POINT('',(-11.1381823957498,-13.0000000000009,1.6));
#18965=CARTESIAN_POINT('',(-11.1381823957498,-13.0000000000009,2.1));
#18966=CARTESIAN_POINT('',(-1.13818241065092,-13.0000000000009,1.6));
#18967=CARTESIAN_POINT('',(-11.1381823957498,-13.0000000000009,1.6));
#18968=CARTESIAN_POINT('',(-1.13818241065092,-13.0000000000009,2.1));
#18969=CARTESIAN_POINT('Origin',(-1.13818241065092,-13.5000000000009,2.1));
#18970=CARTESIAN_POINT('',(-1.13818241065092,-13.5000000000009,2.1));
#18971=CARTESIAN_POINT('',(-1.13818241065092,-6.75000000000092,2.1));
#18972=CARTESIAN_POINT('',(-1.13818241065092,-13.5000000000009,1.6));
#18973=CARTESIAN_POINT('',(-1.13818241065092,-13.0000000000009,1.6));
#18974=CARTESIAN_POINT('',(-1.13818241065092,-13.5000000000009,2.1));
#18975=CARTESIAN_POINT('Origin',(-11.1381823957498,-13.5000000000009,2.1));
#18976=CARTESIAN_POINT('',(-11.1381823957498,-13.5000000000009,2.1));
#18977=CARTESIAN_POINT('',(-5.56909119787458,-13.5000000000009,2.1));
#18978=CARTESIAN_POINT('',(-11.1381823957498,-13.5000000000009,1.6));
#18979=CARTESIAN_POINT('',(-1.13818241065092,-13.5000000000009,1.6));
#18980=CARTESIAN_POINT('',(-11.1381823957498,-13.5000000000009,2.1));
#18981=CARTESIAN_POINT('Origin',(-11.1381823957498,-13.0000000000009,2.1));
#18982=CARTESIAN_POINT('',(-11.1381823957498,-6.50000000000093,2.1));
#18983=CARTESIAN_POINT('',(-11.1381823957498,-13.5000000000009,1.6));
#18984=CARTESIAN_POINT('Origin',(-6.13818240320034,-13.2500000000009,1.6));
#18985=CARTESIAN_POINT('Origin',(-1.13818241065092,-7.00000000000092,2.1));
#18986=CARTESIAN_POINT('',(-11.1381823957498,-7.00000000000092,2.1));
#18987=CARTESIAN_POINT('',(-1.13818241065092,-7.00000000000092,2.1));
#18988=CARTESIAN_POINT('',(-0.569091205325161,-7.00000000000092,2.1));
#18989=CARTESIAN_POINT('',(-11.1381823957498,-7.00000000000092,1.6));
#18990=CARTESIAN_POINT('',(-11.1381823957498,-7.00000000000092,2.1));
#18991=CARTESIAN_POINT('',(-1.13818241065092,-7.00000000000092,1.6));
#18992=CARTESIAN_POINT('',(-11.1381823957498,-7.00000000000092,1.6));
#18993=CARTESIAN_POINT('',(-1.13818241065092,-7.00000000000092,2.1));
#18994=CARTESIAN_POINT('Origin',(-1.13818241065092,-7.50000000000092,2.1));
#18995=CARTESIAN_POINT('',(-1.13818241065092,-7.50000000000092,2.1));
#18996=CARTESIAN_POINT('',(-1.13818241065092,-3.75000000000092,2.1));
#18997=CARTESIAN_POINT('',(-1.13818241065092,-7.50000000000092,1.6));
#18998=CARTESIAN_POINT('',(-1.13818241065092,-7.00000000000092,1.6));
#18999=CARTESIAN_POINT('',(-1.13818241065092,-7.50000000000092,2.1));
#19000=CARTESIAN_POINT('Origin',(-11.1381823957498,-7.50000000000092,2.1));
#19001=CARTESIAN_POINT('',(-11.1381823957498,-7.50000000000092,2.1));
#19002=CARTESIAN_POINT('',(-5.56909119787458,-7.50000000000092,2.1));
#19003=CARTESIAN_POINT('',(-11.1381823957498,-7.50000000000092,1.6));
#19004=CARTESIAN_POINT('',(-1.13818241065092,-7.50000000000092,1.6));
#19005=CARTESIAN_POINT('',(-11.1381823957498,-7.50000000000092,2.1));
#19006=CARTESIAN_POINT('Origin',(-11.1381823957498,-7.00000000000092,2.1));
#19007=CARTESIAN_POINT('',(-11.1381823957498,-3.50000000000092,2.1));
#19008=CARTESIAN_POINT('',(-11.1381823957498,-7.50000000000092,1.6));
#19009=CARTESIAN_POINT('Origin',(-6.13818240320034,-7.25000000000092,1.6));
#19010=CARTESIAN_POINT('Origin',(-11.1381823957498,-15.0000000000009,2.1));
#19011=CARTESIAN_POINT('',(-11.1381823957498,-15.5000000000009,2.1));
#19012=CARTESIAN_POINT('',(-11.1381823957498,-15.0000000000009,2.1));
#19013=CARTESIAN_POINT('',(-11.1381823957498,-7.50000000000092,2.1));
#19014=CARTESIAN_POINT('',(-11.1381823957498,-15.5000000000009,1.6));
#19015=CARTESIAN_POINT('',(-11.1381823957498,-15.5000000000009,2.1));
#19016=CARTESIAN_POINT('',(-11.1381823957498,-15.0000000000009,1.6));
#19017=CARTESIAN_POINT('',(-11.1381823957498,-15.0000000000009,1.6));
#19018=CARTESIAN_POINT('',(-11.1381823957498,-15.0000000000009,2.1));
#19019=CARTESIAN_POINT('Origin',(-1.13818241065092,-15.0000000000009,2.1));
#19020=CARTESIAN_POINT('',(-1.13818241065092,-15.0000000000009,2.1));
#19021=CARTESIAN_POINT('',(-0.569091205325161,-15.0000000000009,2.1));
#19022=CARTESIAN_POINT('',(-1.13818241065092,-15.0000000000009,1.6));
#19023=CARTESIAN_POINT('',(-1.13818241065092,-15.0000000000009,1.6));
#19024=CARTESIAN_POINT('',(-1.13818241065092,-15.0000000000009,2.1));
#19025=CARTESIAN_POINT('Origin',(-1.13818241065092,-15.5000000000009,2.1));
#19026=CARTESIAN_POINT('',(-1.13818241065092,-15.5000000000009,2.1));
#19027=CARTESIAN_POINT('',(-1.13818241065092,-7.75000000000093,2.1));
#19028=CARTESIAN_POINT('',(-1.13818241065092,-15.5000000000009,1.6));
#19029=CARTESIAN_POINT('',(-1.13818241065092,-15.5000000000009,1.6));
#19030=CARTESIAN_POINT('',(-1.13818241065092,-15.5000000000009,2.1));
#19031=CARTESIAN_POINT('Origin',(-11.1381823957498,-15.5000000000009,2.1));
#19032=CARTESIAN_POINT('',(-5.56909119787458,-15.5000000000009,2.1));
#19033=CARTESIAN_POINT('',(-11.1381823957498,-15.5000000000009,1.6));
#19034=CARTESIAN_POINT('Origin',(-6.13818240320034,-15.2500000000009,1.6));
#19035=CARTESIAN_POINT('Origin',(-11.1381823957498,-20.0000000000009,2.1));
#19036=CARTESIAN_POINT('',(-11.1381823957498,-20.5000000000009,2.1));
#19037=CARTESIAN_POINT('',(-11.1381823957498,-20.0000000000009,2.1));
#19038=CARTESIAN_POINT('',(-11.1381823957498,-10.0000000000009,2.1));
#19039=CARTESIAN_POINT('',(-11.1381823957498,-20.5000000000009,1.6));
#19040=CARTESIAN_POINT('',(-11.1381823957498,-20.5000000000009,2.1));
#19041=CARTESIAN_POINT('',(-11.1381823957498,-20.0000000000009,1.6));
#19042=CARTESIAN_POINT('',(-11.1381823957498,-20.0000000000009,1.6));
#19043=CARTESIAN_POINT('',(-11.1381823957498,-20.0000000000009,2.1));
#19044=CARTESIAN_POINT('Origin',(-1.13818241065092,-20.0000000000009,2.1));
#19045=CARTESIAN_POINT('',(-1.13818241065092,-20.0000000000009,2.1));
#19046=CARTESIAN_POINT('',(-0.569091205325161,-20.0000000000009,2.1));
#19047=CARTESIAN_POINT('',(-1.13818241065092,-20.0000000000009,1.6));
#19048=CARTESIAN_POINT('',(-1.13818241065092,-20.0000000000009,1.6));
#19049=CARTESIAN_POINT('',(-1.13818241065092,-20.0000000000009,2.1));
#19050=CARTESIAN_POINT('Origin',(-1.13818241065092,-20.5000000000009,2.1));
#19051=CARTESIAN_POINT('',(-1.13818241065092,-20.5000000000009,2.1));
#19052=CARTESIAN_POINT('',(-1.13818241065092,-10.2500000000009,2.1));
#19053=CARTESIAN_POINT('',(-1.13818241065092,-20.5000000000009,1.6));
#19054=CARTESIAN_POINT('',(-1.13818241065092,-20.5000000000009,1.6));
#19055=CARTESIAN_POINT('',(-1.13818241065092,-20.5000000000009,2.1));
#19056=CARTESIAN_POINT('Origin',(-11.1381823957498,-20.5000000000009,2.1));
#19057=CARTESIAN_POINT('',(-5.56909119787458,-20.5000000000009,2.1));
#19058=CARTESIAN_POINT('',(-11.1381823957498,-20.5000000000009,1.6));
#19059=CARTESIAN_POINT('Origin',(-6.13818240320034,-20.2500000000009,1.6));
#19060=CARTESIAN_POINT('Origin',(1.13818241065092,-1.00000000000092,2.1));
#19061=CARTESIAN_POINT('',(1.13818241065092,-1.00000000000092,2.1));
#19062=CARTESIAN_POINT('',(11.1381823957498,-1.00000000000092,2.1));
#19063=CARTESIAN_POINT('',(0.56909120532576,-1.00000000000092,2.1));
#19064=CARTESIAN_POINT('',(1.13818241065092,-1.00000000000092,1.6));
#19065=CARTESIAN_POINT('',(1.13818241065092,-1.00000000000092,2.1));
#19066=CARTESIAN_POINT('',(11.1381823957498,-1.00000000000092,1.6));
#19067=CARTESIAN_POINT('',(11.1381823957498,-1.00000000000092,1.6));
#19068=CARTESIAN_POINT('',(11.1381823957498,-1.00000000000092,2.1));
#19069=CARTESIAN_POINT('Origin',(1.13818241065092,-1.50000000000092,2.1));
#19070=CARTESIAN_POINT('',(1.13818241065092,-1.50000000000092,2.1));
#19071=CARTESIAN_POINT('',(1.13818241065092,-0.750000000000924,2.1));
#19072=CARTESIAN_POINT('',(1.13818241065092,-1.50000000000092,1.6));
#19073=CARTESIAN_POINT('',(1.13818241065092,-1.50000000000092,2.1));
#19074=CARTESIAN_POINT('',(1.13818241065092,-1.00000000000092,1.6));
#19075=CARTESIAN_POINT('Origin',(11.1381823957498,-1.50000000000092,2.1));
#19076=CARTESIAN_POINT('',(11.1381823957498,-1.50000000000092,2.1));
#19077=CARTESIAN_POINT('',(5.56909119787518,-1.50000000000092,2.1));
#19078=CARTESIAN_POINT('',(11.1381823957498,-1.50000000000092,1.6));
#19079=CARTESIAN_POINT('',(11.1381823957498,-1.50000000000092,2.1));
#19080=CARTESIAN_POINT('',(1.13818241065092,-1.50000000000092,1.6));
#19081=CARTESIAN_POINT('Origin',(11.1381823957498,-1.00000000000092,2.1));
#19082=CARTESIAN_POINT('',(11.1381823957498,-0.500000000000924,2.1));
#19083=CARTESIAN_POINT('',(11.1381823957498,-1.50000000000092,1.6));
#19084=CARTESIAN_POINT('Origin',(6.13818240320034,-1.25000000000092,1.6));
#19085=CARTESIAN_POINT('Origin',(11.1381823957498,-2.00000000000092,2.1));
#19086=CARTESIAN_POINT('',(11.1381823957498,-2.00000000000092,2.1));
#19087=CARTESIAN_POINT('',(11.1381823957498,-2.50000000000092,2.1));
#19088=CARTESIAN_POINT('',(11.1381823957498,-1.00000000000092,2.1));
#19089=CARTESIAN_POINT('',(11.1381823957498,-2.00000000000092,1.6));
#19090=CARTESIAN_POINT('',(11.1381823957498,-2.00000000000092,2.1));
#19091=CARTESIAN_POINT('',(11.1381823957498,-2.50000000000092,1.6));
#19092=CARTESIAN_POINT('',(11.1381823957498,-2.00000000000092,1.6));
#19093=CARTESIAN_POINT('',(11.1381823957498,-2.50000000000092,2.1));
#19094=CARTESIAN_POINT('Origin',(1.13818241065092,-2.00000000000092,2.1));
#19095=CARTESIAN_POINT('',(1.13818241065092,-2.00000000000092,2.1));
#19096=CARTESIAN_POINT('',(0.56909120532576,-2.00000000000092,2.1));
#19097=CARTESIAN_POINT('',(1.13818241065092,-2.00000000000092,1.6));
#19098=CARTESIAN_POINT('',(1.13818241065092,-2.00000000000092,2.1));
#19099=CARTESIAN_POINT('',(1.13818241065092,-2.00000000000092,1.6));
#19100=CARTESIAN_POINT('Origin',(1.13818241065092,-2.50000000000092,2.1));
#19101=CARTESIAN_POINT('',(1.13818241065092,-2.50000000000092,2.1));
#19102=CARTESIAN_POINT('',(1.13818241065092,-1.25000000000092,2.1));
#19103=CARTESIAN_POINT('',(1.13818241065092,-2.50000000000092,1.6));
#19104=CARTESIAN_POINT('',(1.13818241065092,-2.50000000000092,2.1));
#19105=CARTESIAN_POINT('',(1.13818241065092,-2.50000000000092,1.6));
#19106=CARTESIAN_POINT('Origin',(11.1381823957498,-2.50000000000092,2.1));
#19107=CARTESIAN_POINT('',(5.56909119787518,-2.50000000000092,2.1));
#19108=CARTESIAN_POINT('',(11.1381823957498,-2.50000000000092,1.6));
#19109=CARTESIAN_POINT('Origin',(6.13818240320034,-2.25000000000092,1.6));
#19110=CARTESIAN_POINT('Origin',(15.0000000000006,23.6381823957482,-0.9));
#19111=CARTESIAN_POINT('',(-12.1381823957486,23.6381823957482,2.1));
#19112=CARTESIAN_POINT('',(12.1381823957498,23.6381823957482,2.1));
#19113=CARTESIAN_POINT('',(15.0000000000006,23.6381823957482,2.1));
#19114=CARTESIAN_POINT('',(15.0000000000006,26.4999999999991,0.));
#19115=CARTESIAN_POINT('Origin',(12.1381823957498,23.6381823957482,-0.9));
#19116=CARTESIAN_POINT('',(-14.9999999999994,26.4999999999991,0.));
#19117=CARTESIAN_POINT('',(15.0000000000006,26.4999999999991,0.));
#19118=CARTESIAN_POINT('Origin',(-12.1381823957486,23.6381823957482,-0.9));
#19119=CARTESIAN_POINT('Origin',(12.1381823957498,-26.5000000000009,-0.9));
#19120=CARTESIAN_POINT('',(12.1381823957498,-23.6381823957501,2.1));
#19121=CARTESIAN_POINT('',(12.1381823957498,-26.5000000000009,2.1));
#19122=CARTESIAN_POINT('',(15.0000000000006,-26.5000000000009,0.));
#19123=CARTESIAN_POINT('Origin',(12.1381823957498,-23.6381823957501,-0.9));
#19124=CARTESIAN_POINT('',(15.0000000000006,-26.5000000000009,0.));
#19125=CARTESIAN_POINT('Origin',(-14.9999999999994,-23.6381823957501,-0.9));
#19126=CARTESIAN_POINT('',(-12.1381823957486,-23.6381823957501,2.1));
#19127=CARTESIAN_POINT('',(-14.9999999999994,-23.6381823957501,2.1));
#19128=CARTESIAN_POINT('',(-14.9999999999994,-26.5000000000009,0.));
#19129=CARTESIAN_POINT('Origin',(-12.1381823957486,-23.6381823957501,-0.9));
#19130=CARTESIAN_POINT('',(-14.9999999999994,-26.5000000000009,0.));
#19131=CARTESIAN_POINT('Origin',(-12.1381823957486,26.4999999999991,-0.9));
#19132=CARTESIAN_POINT('',(-14.9999999999994,26.4999999999991,0.));
#19133=CARTESIAN_POINT('',(-12.1381823957486,26.4999999999991,2.1));
#19134=CARTESIAN_POINT('Origin',(5.99520433297585E-13,-9.2370555648813E-13,
2.1));
#19135=CARTESIAN_POINT('Origin',(5.99520433297585E-13,-9.2370555648813E-13,
0.));
#19136=CARTESIAN_POINT('Origin',(11.1381823957498,-2.00000000000092,2.1));
#19137=CARTESIAN_POINT('',(11.1381823957498,-2.00000000000092,2.1));
#19138=CARTESIAN_POINT('',(11.1381823957498,-2.50000000000092,2.1));
#19139=CARTESIAN_POINT('',(11.1381823957498,-2.00000000000092,2.1));
#19140=CARTESIAN_POINT('',(11.1381823957498,-2.50000000000092,1.6));
#19141=CARTESIAN_POINT('',(11.1381823957498,-2.50000000000092,2.1));
#19142=CARTESIAN_POINT('',(11.1381823957498,-2.00000000000092,1.6));
#19143=CARTESIAN_POINT('',(11.1381823957498,-2.00000000000092,1.6));
#19144=CARTESIAN_POINT('',(11.1381823957498,-2.00000000000092,2.1));
#19145=CARTESIAN_POINT('Origin',(1.13818241065092,-2.00000000000092,2.1));
#19146=CARTESIAN_POINT('',(1.13818241065092,-2.00000000000092,2.1));
#19147=CARTESIAN_POINT('',(1.13818241065092,-2.00000000000092,2.1));
#19148=CARTESIAN_POINT('',(1.13818241065092,-2.00000000000092,1.6));
#19149=CARTESIAN_POINT('',(1.13818241065092,-2.00000000000092,1.6));
#19150=CARTESIAN_POINT('',(1.13818241065092,-2.00000000000092,2.1));
#19151=CARTESIAN_POINT('Origin',(1.13818241065092,-2.50000000000092,2.1));
#19152=CARTESIAN_POINT('',(1.13818241065092,-2.50000000000092,2.1));
#19153=CARTESIAN_POINT('',(1.13818241065092,-2.50000000000092,2.1));
#19154=CARTESIAN_POINT('',(1.13818241065092,-2.50000000000092,1.6));
#19155=CARTESIAN_POINT('',(1.13818241065092,-2.50000000000092,1.6));
#19156=CARTESIAN_POINT('',(1.13818241065092,-2.50000000000092,2.1));
#19157=CARTESIAN_POINT('Origin',(11.1381823957498,-2.50000000000092,2.1));
#19158=CARTESIAN_POINT('',(11.1381823957498,-2.50000000000092,2.1));
#19159=CARTESIAN_POINT('',(11.1381823957498,-2.50000000000092,1.6));
#19160=CARTESIAN_POINT('Origin',(6.13818240320034,-2.25000000000092,2.1));
#19161=CARTESIAN_POINT('Origin',(6.13818240320034,-2.25000000000092,1.6));
#19162=CARTESIAN_POINT('Origin',(1.13818241065092,-1.00000000000092,2.1));
#19163=CARTESIAN_POINT('',(11.1381823957498,-1.00000000000092,2.1));
#19164=CARTESIAN_POINT('',(1.13818241065092,-1.00000000000092,2.1));
#19165=CARTESIAN_POINT('',(11.1381823957498,-1.00000000000092,2.1));
#19166=CARTESIAN_POINT('',(11.1381823957498,-1.00000000000092,1.6));
#19167=CARTESIAN_POINT('',(11.1381823957498,-1.00000000000092,2.1));
#19168=CARTESIAN_POINT('',(1.13818241065092,-1.00000000000092,1.6));
#19169=CARTESIAN_POINT('',(11.1381823957498,-1.00000000000092,1.6));
#19170=CARTESIAN_POINT('',(1.13818241065092,-1.00000000000092,2.1));
#19171=CARTESIAN_POINT('Origin',(1.13818241065092,-1.50000000000092,2.1));
#19172=CARTESIAN_POINT('',(1.13818241065092,-1.50000000000092,2.1));
#19173=CARTESIAN_POINT('',(1.13818241065092,-1.00000000000092,2.1));
#19174=CARTESIAN_POINT('',(1.13818241065092,-1.50000000000092,1.6));
#19175=CARTESIAN_POINT('',(1.13818241065092,-1.00000000000092,1.6));
#19176=CARTESIAN_POINT('',(1.13818241065092,-1.50000000000092,2.1));
#19177=CARTESIAN_POINT('Origin',(11.1381823957498,-1.50000000000092,2.1));
#19178=CARTESIAN_POINT('',(11.1381823957498,-1.50000000000092,2.1));
#19179=CARTESIAN_POINT('',(1.13818241065092,-1.50000000000092,2.1));
#19180=CARTESIAN_POINT('',(11.1381823957498,-1.50000000000092,1.6));
#19181=CARTESIAN_POINT('',(1.13818241065092,-1.50000000000092,1.6));
#19182=CARTESIAN_POINT('',(11.1381823957498,-1.50000000000092,2.1));
#19183=CARTESIAN_POINT('Origin',(11.1381823957498,-1.00000000000092,2.1));
#19184=CARTESIAN_POINT('',(11.1381823957498,-1.50000000000092,2.1));
#19185=CARTESIAN_POINT('',(11.1381823957498,-1.50000000000092,1.6));
#19186=CARTESIAN_POINT('Origin',(6.13818240320034,-1.25000000000092,2.1));
#19187=CARTESIAN_POINT('Origin',(6.13818240320034,-1.25000000000092,1.6));
#19188=CARTESIAN_POINT('Origin',(11.1381823957498,-3.00000000000092,2.1));
#19189=CARTESIAN_POINT('',(11.1381823957498,-3.00000000000092,2.1));
#19190=CARTESIAN_POINT('',(11.1381823957498,-3.50000000000092,2.1));
#19191=CARTESIAN_POINT('',(11.1381823957498,-3.00000000000092,2.1));
#19192=CARTESIAN_POINT('',(11.1381823957498,-3.50000000000092,1.6));
#19193=CARTESIAN_POINT('',(11.1381823957498,-3.50000000000092,2.1));
#19194=CARTESIAN_POINT('',(11.1381823957498,-3.00000000000092,1.6));
#19195=CARTESIAN_POINT('',(11.1381823957498,-3.00000000000092,1.6));
#19196=CARTESIAN_POINT('',(11.1381823957498,-3.00000000000092,2.1));
#19197=CARTESIAN_POINT('Origin',(1.13818241065092,-3.00000000000092,2.1));
#19198=CARTESIAN_POINT('',(1.13818241065092,-3.00000000000092,2.1));
#19199=CARTESIAN_POINT('',(1.13818241065092,-3.00000000000092,2.1));
#19200=CARTESIAN_POINT('',(1.13818241065092,-3.00000000000092,1.6));
#19201=CARTESIAN_POINT('',(1.13818241065092,-3.00000000000092,1.6));
#19202=CARTESIAN_POINT('',(1.13818241065092,-3.00000000000092,2.1));
#19203=CARTESIAN_POINT('Origin',(1.13818241065092,-3.50000000000092,2.1));
#19204=CARTESIAN_POINT('',(1.13818241065092,-3.50000000000092,2.1));
#19205=CARTESIAN_POINT('',(1.13818241065092,-3.50000000000092,2.1));
#19206=CARTESIAN_POINT('',(1.13818241065092,-3.50000000000092,1.6));
#19207=CARTESIAN_POINT('',(1.13818241065092,-3.50000000000092,1.6));
#19208=CARTESIAN_POINT('',(1.13818241065092,-3.50000000000092,2.1));
#19209=CARTESIAN_POINT('Origin',(11.1381823957498,-3.50000000000092,2.1));
#19210=CARTESIAN_POINT('',(11.1381823957498,-3.50000000000092,2.1));
#19211=CARTESIAN_POINT('',(11.1381823957498,-3.50000000000092,1.6));
#19212=CARTESIAN_POINT('Origin',(6.13818240320034,-3.25000000000092,2.1));
#19213=CARTESIAN_POINT('Origin',(6.13818240320034,-3.25000000000092,1.6));
#19214=CARTESIAN_POINT('Origin',(1.13818241065092,-9.2370555648813E-13,
2.1));
#19215=CARTESIAN_POINT('',(11.1381823957498,-9.2370555648813E-13,2.1));
#19216=CARTESIAN_POINT('',(1.13818241065092,-9.2370555648813E-13,2.1));
#19217=CARTESIAN_POINT('',(11.1381823957498,-9.2370555648813E-13,2.1));
#19218=CARTESIAN_POINT('',(11.1381823957498,-9.2370555648813E-13,1.6));
#19219=CARTESIAN_POINT('',(11.1381823957498,-9.2370555648813E-13,2.1));
#19220=CARTESIAN_POINT('',(1.13818241065092,-9.2370555648813E-13,1.6));
#19221=CARTESIAN_POINT('',(11.1381823957498,-9.2370555648813E-13,1.6));
#19222=CARTESIAN_POINT('',(1.13818241065092,-9.2370555648813E-13,2.1));
#19223=CARTESIAN_POINT('Origin',(1.13818241065092,-0.500000000000924,2.1));
#19224=CARTESIAN_POINT('',(1.13818241065092,-0.500000000000924,2.1));
#19225=CARTESIAN_POINT('',(1.13818241065092,-9.2370555648813E-13,2.1));
#19226=CARTESIAN_POINT('',(1.13818241065092,-0.500000000000924,1.6));
#19227=CARTESIAN_POINT('',(1.13818241065092,-9.2370555648813E-13,1.6));
#19228=CARTESIAN_POINT('',(1.13818241065092,-0.500000000000924,2.1));
#19229=CARTESIAN_POINT('Origin',(11.1381823957498,-0.500000000000924,2.1));
#19230=CARTESIAN_POINT('',(11.1381823957498,-0.500000000000924,2.1));
#19231=CARTESIAN_POINT('',(1.13818241065092,-0.500000000000924,2.1));
#19232=CARTESIAN_POINT('',(11.1381823957498,-0.500000000000924,1.6));
#19233=CARTESIAN_POINT('',(1.13818241065092,-0.500000000000924,1.6));
#19234=CARTESIAN_POINT('',(11.1381823957498,-0.500000000000924,2.1));
#19235=CARTESIAN_POINT('Origin',(11.1381823957498,-9.2370555648813E-13,
2.1));
#19236=CARTESIAN_POINT('',(11.1381823957498,-0.500000000000924,2.1));
#19237=CARTESIAN_POINT('',(11.1381823957498,-0.500000000000924,1.6));
#19238=CARTESIAN_POINT('Origin',(6.13818240320034,-0.250000000000924,2.1));
#19239=CARTESIAN_POINT('Origin',(6.13818240320034,-0.250000000000924,1.6));
#19240=CARTESIAN_POINT('Origin',(11.1381823957498,-8.00000000000092,2.1));
#19241=CARTESIAN_POINT('',(11.1381823957498,-8.00000000000092,2.1));
#19242=CARTESIAN_POINT('',(11.1381823957498,-8.50000000000092,2.1));
#19243=CARTESIAN_POINT('',(11.1381823957498,-8.00000000000092,2.1));
#19244=CARTESIAN_POINT('',(11.1381823957498,-8.50000000000092,1.6));
#19245=CARTESIAN_POINT('',(11.1381823957498,-8.50000000000092,2.1));
#19246=CARTESIAN_POINT('',(11.1381823957498,-8.00000000000092,1.6));
#19247=CARTESIAN_POINT('',(11.1381823957498,-8.00000000000092,1.6));
#19248=CARTESIAN_POINT('',(11.1381823957498,-8.00000000000092,2.1));
#19249=CARTESIAN_POINT('Origin',(1.13818241065092,-8.00000000000092,2.1));
#19250=CARTESIAN_POINT('',(1.13818241065092,-8.00000000000092,2.1));
#19251=CARTESIAN_POINT('',(1.13818241065092,-8.00000000000092,2.1));
#19252=CARTESIAN_POINT('',(1.13818241065092,-8.00000000000092,1.6));
#19253=CARTESIAN_POINT('',(1.13818241065092,-8.00000000000092,1.6));
#19254=CARTESIAN_POINT('',(1.13818241065092,-8.00000000000092,2.1));
#19255=CARTESIAN_POINT('Origin',(1.13818241065092,-8.50000000000092,2.1));
#19256=CARTESIAN_POINT('',(1.13818241065092,-8.50000000000092,2.1));
#19257=CARTESIAN_POINT('',(1.13818241065092,-8.50000000000092,2.1));
#19258=CARTESIAN_POINT('',(1.13818241065092,-8.50000000000092,1.6));
#19259=CARTESIAN_POINT('',(1.13818241065092,-8.50000000000092,1.6));
#19260=CARTESIAN_POINT('',(1.13818241065092,-8.50000000000092,2.1));
#19261=CARTESIAN_POINT('Origin',(11.1381823957498,-8.50000000000092,2.1));
#19262=CARTESIAN_POINT('',(11.1381823957498,-8.50000000000092,2.1));
#19263=CARTESIAN_POINT('',(11.1381823957498,-8.50000000000092,1.6));
#19264=CARTESIAN_POINT('Origin',(6.13818240320034,-8.25000000000092,2.1));
#19265=CARTESIAN_POINT('Origin',(6.13818240320034,-8.25000000000092,1.6));
#19266=CARTESIAN_POINT('Origin',(11.1381823957498,-9.00000000000093,2.1));
#19267=CARTESIAN_POINT('',(11.1381823957498,-9.00000000000093,2.1));
#19268=CARTESIAN_POINT('',(11.1381823957498,-9.50000000000092,2.1));
#19269=CARTESIAN_POINT('',(11.1381823957498,-9.00000000000093,2.1));
#19270=CARTESIAN_POINT('',(11.1381823957498,-9.50000000000092,1.6));
#19271=CARTESIAN_POINT('',(11.1381823957498,-9.50000000000092,2.1));
#19272=CARTESIAN_POINT('',(11.1381823957498,-9.00000000000093,1.6));
#19273=CARTESIAN_POINT('',(11.1381823957498,-9.00000000000093,1.6));
#19274=CARTESIAN_POINT('',(11.1381823957498,-9.00000000000093,2.1));
#19275=CARTESIAN_POINT('Origin',(1.13818241065092,-9.00000000000093,2.1));
#19276=CARTESIAN_POINT('',(1.13818241065092,-9.00000000000093,2.1));
#19277=CARTESIAN_POINT('',(1.13818241065092,-9.00000000000093,2.1));
#19278=CARTESIAN_POINT('',(1.13818241065092,-9.00000000000093,1.6));
#19279=CARTESIAN_POINT('',(1.13818241065092,-9.00000000000093,1.6));
#19280=CARTESIAN_POINT('',(1.13818241065092,-9.00000000000093,2.1));
#19281=CARTESIAN_POINT('Origin',(1.13818241065092,-9.50000000000092,2.1));
#19282=CARTESIAN_POINT('',(1.13818241065092,-9.50000000000092,2.1));
#19283=CARTESIAN_POINT('',(1.13818241065092,-9.50000000000092,2.1));
#19284=CARTESIAN_POINT('',(1.13818241065092,-9.50000000000092,1.6));
#19285=CARTESIAN_POINT('',(1.13818241065092,-9.50000000000092,1.6));
#19286=CARTESIAN_POINT('',(1.13818241065092,-9.50000000000092,2.1));
#19287=CARTESIAN_POINT('Origin',(11.1381823957498,-9.50000000000092,2.1));
#19288=CARTESIAN_POINT('',(11.1381823957498,-9.50000000000092,2.1));
#19289=CARTESIAN_POINT('',(11.1381823957498,-9.50000000000092,1.6));
#19290=CARTESIAN_POINT('Origin',(6.13818240320034,-9.25000000000092,2.1));
#19291=CARTESIAN_POINT('Origin',(6.13818240320034,-9.25000000000092,1.6));
#19292=CARTESIAN_POINT('Origin',(1.13818241065092,-7.00000000000092,2.1));
#19293=CARTESIAN_POINT('',(11.1381823957498,-7.00000000000092,2.1));
#19294=CARTESIAN_POINT('',(1.13818241065092,-7.00000000000092,2.1));
#19295=CARTESIAN_POINT('',(11.1381823957498,-7.00000000000092,2.1));
#19296=CARTESIAN_POINT('',(11.1381823957498,-7.00000000000092,1.6));
#19297=CARTESIAN_POINT('',(11.1381823957498,-7.00000000000092,2.1));
#19298=CARTESIAN_POINT('',(1.13818241065092,-7.00000000000092,1.6));
#19299=CARTESIAN_POINT('',(11.1381823957498,-7.00000000000092,1.6));
#19300=CARTESIAN_POINT('',(1.13818241065092,-7.00000000000092,2.1));
#19301=CARTESIAN_POINT('Origin',(1.13818241065092,-7.50000000000092,2.1));
#19302=CARTESIAN_POINT('',(1.13818241065092,-7.50000000000092,2.1));
#19303=CARTESIAN_POINT('',(1.13818241065092,-7.00000000000092,2.1));
#19304=CARTESIAN_POINT('',(1.13818241065092,-7.50000000000092,1.6));
#19305=CARTESIAN_POINT('',(1.13818241065092,-7.00000000000092,1.6));
#19306=CARTESIAN_POINT('',(1.13818241065092,-7.50000000000092,2.1));
#19307=CARTESIAN_POINT('Origin',(11.1381823957498,-7.50000000000092,2.1));
#19308=CARTESIAN_POINT('',(11.1381823957498,-7.50000000000092,2.1));
#19309=CARTESIAN_POINT('',(1.13818241065092,-7.50000000000092,2.1));
#19310=CARTESIAN_POINT('',(11.1381823957498,-7.50000000000092,1.6));
#19311=CARTESIAN_POINT('',(1.13818241065092,-7.50000000000092,1.6));
#19312=CARTESIAN_POINT('',(11.1381823957498,-7.50000000000092,2.1));
#19313=CARTESIAN_POINT('Origin',(11.1381823957498,-7.00000000000092,2.1));
#19314=CARTESIAN_POINT('',(11.1381823957498,-7.50000000000092,2.1));
#19315=CARTESIAN_POINT('',(11.1381823957498,-7.50000000000092,1.6));
#19316=CARTESIAN_POINT('Origin',(6.13818240320034,-7.25000000000092,2.1));
#19317=CARTESIAN_POINT('Origin',(6.13818240320034,-7.25000000000092,1.6));
#19318=CARTESIAN_POINT('Origin',(1.13818241065092,-6.00000000000092,2.1));
#19319=CARTESIAN_POINT('',(11.1381823957498,-6.00000000000092,2.1));
#19320=CARTESIAN_POINT('',(1.13818241065092,-6.00000000000092,2.1));
#19321=CARTESIAN_POINT('',(11.1381823957498,-6.00000000000092,2.1));
#19322=CARTESIAN_POINT('',(11.1381823957498,-6.00000000000092,1.6));
#19323=CARTESIAN_POINT('',(11.1381823957498,-6.00000000000092,2.1));
#19324=CARTESIAN_POINT('',(1.13818241065092,-6.00000000000092,1.6));
#19325=CARTESIAN_POINT('',(11.1381823957498,-6.00000000000092,1.6));
#19326=CARTESIAN_POINT('',(1.13818241065092,-6.00000000000092,2.1));
#19327=CARTESIAN_POINT('Origin',(1.13818241065092,-6.50000000000093,2.1));
#19328=CARTESIAN_POINT('',(1.13818241065092,-6.50000000000093,2.1));
#19329=CARTESIAN_POINT('',(1.13818241065092,-6.00000000000092,2.1));
#19330=CARTESIAN_POINT('',(1.13818241065092,-6.50000000000093,1.6));
#19331=CARTESIAN_POINT('',(1.13818241065092,-6.00000000000092,1.6));
#19332=CARTESIAN_POINT('',(1.13818241065092,-6.50000000000093,2.1));
#19333=CARTESIAN_POINT('Origin',(11.1381823957498,-6.50000000000093,2.1));
#19334=CARTESIAN_POINT('',(11.1381823957498,-6.50000000000093,2.1));
#19335=CARTESIAN_POINT('',(1.13818241065092,-6.50000000000093,2.1));
#19336=CARTESIAN_POINT('',(11.1381823957498,-6.50000000000093,1.6));
#19337=CARTESIAN_POINT('',(1.13818241065092,-6.50000000000093,1.6));
#19338=CARTESIAN_POINT('',(11.1381823957498,-6.50000000000093,2.1));
#19339=CARTESIAN_POINT('Origin',(11.1381823957498,-6.00000000000092,2.1));
#19340=CARTESIAN_POINT('',(11.1381823957498,-6.50000000000093,2.1));
#19341=CARTESIAN_POINT('',(11.1381823957498,-6.50000000000093,1.6));
#19342=CARTESIAN_POINT('Origin',(6.13818240320034,-6.25000000000092,2.1));
#19343=CARTESIAN_POINT('Origin',(6.13818240320034,-6.25000000000092,1.6));
#19344=CARTESIAN_POINT('Origin',(11.1381823957498,-14.0000000000009,2.1));
#19345=CARTESIAN_POINT('',(11.1381823957498,-14.0000000000009,2.1));
#19346=CARTESIAN_POINT('',(11.1381823957498,-14.5000000000009,2.1));
#19347=CARTESIAN_POINT('',(11.1381823957498,-14.0000000000009,2.1));
#19348=CARTESIAN_POINT('',(11.1381823957498,-14.5000000000009,1.6));
#19349=CARTESIAN_POINT('',(11.1381823957498,-14.5000000000009,2.1));
#19350=CARTESIAN_POINT('',(11.1381823957498,-14.0000000000009,1.6));
#19351=CARTESIAN_POINT('',(11.1381823957498,-14.0000000000009,1.6));
#19352=CARTESIAN_POINT('',(11.1381823957498,-14.0000000000009,2.1));
#19353=CARTESIAN_POINT('Origin',(1.13818241065092,-14.0000000000009,2.1));
#19354=CARTESIAN_POINT('',(1.13818241065092,-14.0000000000009,2.1));
#19355=CARTESIAN_POINT('',(1.13818241065092,-14.0000000000009,2.1));
#19356=CARTESIAN_POINT('',(1.13818241065092,-14.0000000000009,1.6));
#19357=CARTESIAN_POINT('',(1.13818241065092,-14.0000000000009,1.6));
#19358=CARTESIAN_POINT('',(1.13818241065092,-14.0000000000009,2.1));
#19359=CARTESIAN_POINT('Origin',(1.13818241065092,-14.5000000000009,2.1));
#19360=CARTESIAN_POINT('',(1.13818241065092,-14.5000000000009,2.1));
#19361=CARTESIAN_POINT('',(1.13818241065092,-14.5000000000009,2.1));
#19362=CARTESIAN_POINT('',(1.13818241065092,-14.5000000000009,1.6));
#19363=CARTESIAN_POINT('',(1.13818241065092,-14.5000000000009,1.6));
#19364=CARTESIAN_POINT('',(1.13818241065092,-14.5000000000009,2.1));
#19365=CARTESIAN_POINT('Origin',(11.1381823957498,-14.5000000000009,2.1));
#19366=CARTESIAN_POINT('',(11.1381823957498,-14.5000000000009,2.1));
#19367=CARTESIAN_POINT('',(11.1381823957498,-14.5000000000009,1.6));
#19368=CARTESIAN_POINT('Origin',(6.13818240320034,-14.2500000000009,2.1));
#19369=CARTESIAN_POINT('Origin',(6.13818240320034,-14.2500000000009,1.6));
#19370=CARTESIAN_POINT('Origin',(1.13818241065092,-12.0000000000009,2.1));
#19371=CARTESIAN_POINT('',(11.1381823957498,-12.0000000000009,2.1));
#19372=CARTESIAN_POINT('',(1.13818241065092,-12.0000000000009,2.1));
#19373=CARTESIAN_POINT('',(11.1381823957498,-12.0000000000009,2.1));
#19374=CARTESIAN_POINT('',(11.1381823957498,-12.0000000000009,1.6));
#19375=CARTESIAN_POINT('',(11.1381823957498,-12.0000000000009,2.1));
#19376=CARTESIAN_POINT('',(1.13818241065092,-12.0000000000009,1.6));
#19377=CARTESIAN_POINT('',(11.1381823957498,-12.0000000000009,1.6));
#19378=CARTESIAN_POINT('',(1.13818241065092,-12.0000000000009,2.1));
#19379=CARTESIAN_POINT('Origin',(1.13818241065092,-12.5000000000009,2.1));
#19380=CARTESIAN_POINT('',(1.13818241065092,-12.5000000000009,2.1));
#19381=CARTESIAN_POINT('',(1.13818241065092,-12.0000000000009,2.1));
#19382=CARTESIAN_POINT('',(1.13818241065092,-12.5000000000009,1.6));
#19383=CARTESIAN_POINT('',(1.13818241065092,-12.0000000000009,1.6));
#19384=CARTESIAN_POINT('',(1.13818241065092,-12.5000000000009,2.1));
#19385=CARTESIAN_POINT('Origin',(11.1381823957498,-12.5000000000009,2.1));
#19386=CARTESIAN_POINT('',(11.1381823957498,-12.5000000000009,2.1));
#19387=CARTESIAN_POINT('',(1.13818241065092,-12.5000000000009,2.1));
#19388=CARTESIAN_POINT('',(11.1381823957498,-12.5000000000009,1.6));
#19389=CARTESIAN_POINT('',(1.13818241065092,-12.5000000000009,1.6));
#19390=CARTESIAN_POINT('',(11.1381823957498,-12.5000000000009,2.1));
#19391=CARTESIAN_POINT('Origin',(11.1381823957498,-12.0000000000009,2.1));
#19392=CARTESIAN_POINT('',(11.1381823957498,-12.5000000000009,2.1));
#19393=CARTESIAN_POINT('',(11.1381823957498,-12.5000000000009,1.6));
#19394=CARTESIAN_POINT('Origin',(6.13818240320034,-12.2500000000009,2.1));
#19395=CARTESIAN_POINT('Origin',(6.13818240320034,-12.2500000000009,1.6));
#19396=CARTESIAN_POINT('Origin',(11.1381823957498,-15.0000000000009,2.1));
#19397=CARTESIAN_POINT('',(11.1381823957498,-15.0000000000009,2.1));
#19398=CARTESIAN_POINT('',(11.1381823957498,-15.5000000000009,2.1));
#19399=CARTESIAN_POINT('',(11.1381823957498,-15.0000000000009,2.1));
#19400=CARTESIAN_POINT('',(11.1381823957498,-15.5000000000009,1.6));
#19401=CARTESIAN_POINT('',(11.1381823957498,-15.5000000000009,2.1));
#19402=CARTESIAN_POINT('',(11.1381823957498,-15.0000000000009,1.6));
#19403=CARTESIAN_POINT('',(11.1381823957498,-15.0000000000009,1.6));
#19404=CARTESIAN_POINT('',(11.1381823957498,-15.0000000000009,2.1));
#19405=CARTESIAN_POINT('Origin',(1.13818241065092,-15.0000000000009,2.1));
#19406=CARTESIAN_POINT('',(1.13818241065092,-15.0000000000009,2.1));
#19407=CARTESIAN_POINT('',(1.13818241065092,-15.0000000000009,2.1));
#19408=CARTESIAN_POINT('',(1.13818241065092,-15.0000000000009,1.6));
#19409=CARTESIAN_POINT('',(1.13818241065092,-15.0000000000009,1.6));
#19410=CARTESIAN_POINT('',(1.13818241065092,-15.0000000000009,2.1));
#19411=CARTESIAN_POINT('Origin',(1.13818241065092,-15.5000000000009,2.1));
#19412=CARTESIAN_POINT('',(1.13818241065092,-15.5000000000009,2.1));
#19413=CARTESIAN_POINT('',(1.13818241065092,-15.5000000000009,2.1));
#19414=CARTESIAN_POINT('',(1.13818241065092,-15.5000000000009,1.6));
#19415=CARTESIAN_POINT('',(1.13818241065092,-15.5000000000009,1.6));
#19416=CARTESIAN_POINT('',(1.13818241065092,-15.5000000000009,2.1));
#19417=CARTESIAN_POINT('Origin',(11.1381823957498,-15.5000000000009,2.1));
#19418=CARTESIAN_POINT('',(11.1381823957498,-15.5000000000009,2.1));
#19419=CARTESIAN_POINT('',(11.1381823957498,-15.5000000000009,1.6));
#19420=CARTESIAN_POINT('Origin',(6.13818240320034,-15.2500000000009,2.1));
#19421=CARTESIAN_POINT('Origin',(6.13818240320034,-15.2500000000009,1.6));
#19422=CARTESIAN_POINT('Origin',(1.13818241065092,-13.0000000000009,2.1));
#19423=CARTESIAN_POINT('',(11.1381823957498,-13.0000000000009,2.1));
#19424=CARTESIAN_POINT('',(1.13818241065092,-13.0000000000009,2.1));
#19425=CARTESIAN_POINT('',(11.1381823957498,-13.0000000000009,2.1));
#19426=CARTESIAN_POINT('',(11.1381823957498,-13.0000000000009,1.6));
#19427=CARTESIAN_POINT('',(11.1381823957498,-13.0000000000009,2.1));
#19428=CARTESIAN_POINT('',(1.13818241065092,-13.0000000000009,1.6));
#19429=CARTESIAN_POINT('',(11.1381823957498,-13.0000000000009,1.6));
#19430=CARTESIAN_POINT('',(1.13818241065092,-13.0000000000009,2.1));
#19431=CARTESIAN_POINT('Origin',(1.13818241065092,-13.5000000000009,2.1));
#19432=CARTESIAN_POINT('',(1.13818241065092,-13.5000000000009,2.1));
#19433=CARTESIAN_POINT('',(1.13818241065092,-13.0000000000009,2.1));
#19434=CARTESIAN_POINT('',(1.13818241065092,-13.5000000000009,1.6));
#19435=CARTESIAN_POINT('',(1.13818241065092,-13.0000000000009,1.6));
#19436=CARTESIAN_POINT('',(1.13818241065092,-13.5000000000009,2.1));
#19437=CARTESIAN_POINT('Origin',(11.1381823957498,-13.5000000000009,2.1));
#19438=CARTESIAN_POINT('',(11.1381823957498,-13.5000000000009,2.1));
#19439=CARTESIAN_POINT('',(1.13818241065092,-13.5000000000009,2.1));
#19440=CARTESIAN_POINT('',(11.1381823957498,-13.5000000000009,1.6));
#19441=CARTESIAN_POINT('',(1.13818241065092,-13.5000000000009,1.6));
#19442=CARTESIAN_POINT('',(11.1381823957498,-13.5000000000009,2.1));
#19443=CARTESIAN_POINT('Origin',(11.1381823957498,-13.0000000000009,2.1));
#19444=CARTESIAN_POINT('',(11.1381823957498,-13.5000000000009,2.1));
#19445=CARTESIAN_POINT('',(11.1381823957498,-13.5000000000009,1.6));
#19446=CARTESIAN_POINT('Origin',(6.13818240320034,-13.2500000000009,2.1));
#19447=CARTESIAN_POINT('Origin',(6.13818240320034,-13.2500000000009,1.6));
#19448=CARTESIAN_POINT('Origin',(11.1381823957498,-20.0000000000009,2.1));
#19449=CARTESIAN_POINT('',(11.1381823957498,-20.0000000000009,2.1));
#19450=CARTESIAN_POINT('',(11.1381823957498,-20.5000000000009,2.1));
#19451=CARTESIAN_POINT('',(11.1381823957498,-20.0000000000009,2.1));
#19452=CARTESIAN_POINT('',(11.1381823957498,-20.5000000000009,1.6));
#19453=CARTESIAN_POINT('',(11.1381823957498,-20.5000000000009,2.1));
#19454=CARTESIAN_POINT('',(11.1381823957498,-20.0000000000009,1.6));
#19455=CARTESIAN_POINT('',(11.1381823957498,-20.0000000000009,1.6));
#19456=CARTESIAN_POINT('',(11.1381823957498,-20.0000000000009,2.1));
#19457=CARTESIAN_POINT('Origin',(1.13818241065092,-20.0000000000009,2.1));
#19458=CARTESIAN_POINT('',(1.13818241065092,-20.0000000000009,2.1));
#19459=CARTESIAN_POINT('',(1.13818241065092,-20.0000000000009,2.1));
#19460=CARTESIAN_POINT('',(1.13818241065092,-20.0000000000009,1.6));
#19461=CARTESIAN_POINT('',(1.13818241065092,-20.0000000000009,1.6));
#19462=CARTESIAN_POINT('',(1.13818241065092,-20.0000000000009,2.1));
#19463=CARTESIAN_POINT('Origin',(1.13818241065092,-20.5000000000009,2.1));
#19464=CARTESIAN_POINT('',(1.13818241065092,-20.5000000000009,2.1));
#19465=CARTESIAN_POINT('',(1.13818241065092,-20.5000000000009,2.1));
#19466=CARTESIAN_POINT('',(1.13818241065092,-20.5000000000009,1.6));
#19467=CARTESIAN_POINT('',(1.13818241065092,-20.5000000000009,1.6));
#19468=CARTESIAN_POINT('',(1.13818241065092,-20.5000000000009,2.1));
#19469=CARTESIAN_POINT('Origin',(11.1381823957498,-20.5000000000009,2.1));
#19470=CARTESIAN_POINT('',(11.1381823957498,-20.5000000000009,2.1));
#19471=CARTESIAN_POINT('',(11.1381823957498,-20.5000000000009,1.6));
#19472=CARTESIAN_POINT('Origin',(6.13818240320034,-20.2500000000009,2.1));
#19473=CARTESIAN_POINT('Origin',(6.13818240320034,-20.2500000000009,1.6));
#19474=CARTESIAN_POINT('Origin',(1.13818241065092,-19.0000000000009,2.1));
#19475=CARTESIAN_POINT('',(11.1381823957498,-19.0000000000009,2.1));
#19476=CARTESIAN_POINT('',(1.13818241065092,-19.0000000000009,2.1));
#19477=CARTESIAN_POINT('',(11.1381823957498,-19.0000000000009,2.1));
#19478=CARTESIAN_POINT('',(11.1381823957498,-19.0000000000009,1.6));
#19479=CARTESIAN_POINT('',(11.1381823957498,-19.0000000000009,2.1));
#19480=CARTESIAN_POINT('',(1.13818241065092,-19.0000000000009,1.6));
#19481=CARTESIAN_POINT('',(11.1381823957498,-19.0000000000009,1.6));
#19482=CARTESIAN_POINT('',(1.13818241065092,-19.0000000000009,2.1));
#19483=CARTESIAN_POINT('Origin',(1.13818241065092,-19.5000000000009,2.1));
#19484=CARTESIAN_POINT('',(1.13818241065092,-19.5000000000009,2.1));
#19485=CARTESIAN_POINT('',(1.13818241065092,-19.0000000000009,2.1));
#19486=CARTESIAN_POINT('',(1.13818241065092,-19.5000000000009,1.6));
#19487=CARTESIAN_POINT('',(1.13818241065092,-19.0000000000009,1.6));
#19488=CARTESIAN_POINT('',(1.13818241065092,-19.5000000000009,2.1));
#19489=CARTESIAN_POINT('Origin',(11.1381823957498,-19.5000000000009,2.1));
#19490=CARTESIAN_POINT('',(11.1381823957498,-19.5000000000009,2.1));
#19491=CARTESIAN_POINT('',(1.13818241065092,-19.5000000000009,2.1));
#19492=CARTESIAN_POINT('',(11.1381823957498,-19.5000000000009,1.6));
#19493=CARTESIAN_POINT('',(1.13818241065092,-19.5000000000009,1.6));
#19494=CARTESIAN_POINT('',(11.1381823957498,-19.5000000000009,2.1));
#19495=CARTESIAN_POINT('Origin',(11.1381823957498,-19.0000000000009,2.1));
#19496=CARTESIAN_POINT('',(11.1381823957498,-19.5000000000009,2.1));
#19497=CARTESIAN_POINT('',(11.1381823957498,-19.5000000000009,1.6));
#19498=CARTESIAN_POINT('Origin',(6.13818240320034,-19.2500000000009,2.1));
#19499=CARTESIAN_POINT('Origin',(6.13818240320034,-19.2500000000009,1.6));
#19500=CARTESIAN_POINT('Origin',(1.13818241065092,-18.0000000000009,2.1));
#19501=CARTESIAN_POINT('',(11.1381823957498,-18.0000000000009,2.1));
#19502=CARTESIAN_POINT('',(1.13818241065092,-18.0000000000009,2.1));
#19503=CARTESIAN_POINT('',(11.1381823957498,-18.0000000000009,2.1));
#19504=CARTESIAN_POINT('',(11.1381823957498,-18.0000000000009,1.6));
#19505=CARTESIAN_POINT('',(11.1381823957498,-18.0000000000009,2.1));
#19506=CARTESIAN_POINT('',(1.13818241065092,-18.0000000000009,1.6));
#19507=CARTESIAN_POINT('',(11.1381823957498,-18.0000000000009,1.6));
#19508=CARTESIAN_POINT('',(1.13818241065092,-18.0000000000009,2.1));
#19509=CARTESIAN_POINT('Origin',(1.13818241065092,-18.5000000000009,2.1));
#19510=CARTESIAN_POINT('',(1.13818241065092,-18.5000000000009,2.1));
#19511=CARTESIAN_POINT('',(1.13818241065092,-18.0000000000009,2.1));
#19512=CARTESIAN_POINT('',(1.13818241065092,-18.5000000000009,1.6));
#19513=CARTESIAN_POINT('',(1.13818241065092,-18.0000000000009,1.6));
#19514=CARTESIAN_POINT('',(1.13818241065092,-18.5000000000009,2.1));
#19515=CARTESIAN_POINT('Origin',(11.1381823957498,-18.5000000000009,2.1));
#19516=CARTESIAN_POINT('',(11.1381823957498,-18.5000000000009,2.1));
#19517=CARTESIAN_POINT('',(1.13818241065092,-18.5000000000009,2.1));
#19518=CARTESIAN_POINT('',(11.1381823957498,-18.5000000000009,1.6));
#19519=CARTESIAN_POINT('',(1.13818241065092,-18.5000000000009,1.6));
#19520=CARTESIAN_POINT('',(11.1381823957498,-18.5000000000009,2.1));
#19521=CARTESIAN_POINT('Origin',(11.1381823957498,-18.0000000000009,2.1));
#19522=CARTESIAN_POINT('',(11.1381823957498,-18.5000000000009,2.1));
#19523=CARTESIAN_POINT('',(11.1381823957498,-18.5000000000009,1.6));
#19524=CARTESIAN_POINT('Origin',(6.13818240320034,-18.2500000000009,2.1));
#19525=CARTESIAN_POINT('Origin',(6.13818240320034,-18.2500000000009,1.6));
#19526=CARTESIAN_POINT('Origin',(11.1381823957498,-21.0000000000009,2.1));
#19527=CARTESIAN_POINT('',(11.1381823957498,-21.0000000000009,2.1));
#19528=CARTESIAN_POINT('',(11.1381823957498,-21.5000000000009,2.1));
#19529=CARTESIAN_POINT('',(11.1381823957498,-21.0000000000009,2.1));
#19530=CARTESIAN_POINT('',(11.1381823957498,-21.5000000000009,1.6));
#19531=CARTESIAN_POINT('',(11.1381823957498,-21.5000000000009,2.1));
#19532=CARTESIAN_POINT('',(11.1381823957498,-21.0000000000009,1.6));
#19533=CARTESIAN_POINT('',(11.1381823957498,-21.0000000000009,1.6));
#19534=CARTESIAN_POINT('',(11.1381823957498,-21.0000000000009,2.1));
#19535=CARTESIAN_POINT('Origin',(1.13818241065092,-21.0000000000009,2.1));
#19536=CARTESIAN_POINT('',(1.13818241065092,-21.0000000000009,2.1));
#19537=CARTESIAN_POINT('',(1.13818241065092,-21.0000000000009,2.1));
#19538=CARTESIAN_POINT('',(1.13818241065092,-21.0000000000009,1.6));
#19539=CARTESIAN_POINT('',(1.13818241065092,-21.0000000000009,1.6));
#19540=CARTESIAN_POINT('',(1.13818241065092,-21.0000000000009,2.1));
#19541=CARTESIAN_POINT('Origin',(1.13818241065092,-21.5000000000009,2.1));
#19542=CARTESIAN_POINT('',(1.13818241065092,-21.5000000000009,2.1));
#19543=CARTESIAN_POINT('',(1.13818241065092,-21.5000000000009,2.1));
#19544=CARTESIAN_POINT('',(1.13818241065092,-21.5000000000009,1.6));
#19545=CARTESIAN_POINT('',(1.13818241065092,-21.5000000000009,1.6));
#19546=CARTESIAN_POINT('',(1.13818241065092,-21.5000000000009,2.1));
#19547=CARTESIAN_POINT('Origin',(11.1381823957498,-21.5000000000009,2.1));
#19548=CARTESIAN_POINT('',(11.1381823957498,-21.5000000000009,2.1));
#19549=CARTESIAN_POINT('',(11.1381823957498,-21.5000000000009,1.6));
#19550=CARTESIAN_POINT('Origin',(6.13818240320034,-21.2500000000009,2.1));
#19551=CARTESIAN_POINT('Origin',(6.13818240320034,-21.2500000000009,1.6));
#19552=CARTESIAN_POINT('Origin',(11.1381823957498,-2.00000000000092,2.1));
#19553=CARTESIAN_POINT('',(11.1381823957498,-2.00000000000092,2.1));
#19554=CARTESIAN_POINT('',(11.1381823957498,-2.50000000000092,2.1));
#19555=CARTESIAN_POINT('',(11.1381823957498,-2.00000000000092,2.1));
#19556=CARTESIAN_POINT('',(11.1381823957498,-2.50000000000092,1.6));
#19557=CARTESIAN_POINT('',(11.1381823957498,-2.50000000000092,2.1));
#19558=CARTESIAN_POINT('',(11.1381823957498,-2.00000000000092,1.6));
#19559=CARTESIAN_POINT('',(11.1381823957498,-2.00000000000092,1.6));
#19560=CARTESIAN_POINT('',(11.1381823957498,-2.00000000000092,2.1));
#19561=CARTESIAN_POINT('Origin',(1.13818241065092,-2.00000000000092,2.1));
#19562=CARTESIAN_POINT('',(1.13818241065092,-2.00000000000092,2.1));
#19563=CARTESIAN_POINT('',(1.13818241065092,-2.00000000000092,2.1));
#19564=CARTESIAN_POINT('',(1.13818241065092,-2.00000000000092,1.6));
#19565=CARTESIAN_POINT('',(1.13818241065092,-2.00000000000092,1.6));
#19566=CARTESIAN_POINT('',(1.13818241065092,-2.00000000000092,2.1));
#19567=CARTESIAN_POINT('Origin',(1.13818241065092,-2.50000000000092,2.1));
#19568=CARTESIAN_POINT('',(1.13818241065092,-2.50000000000092,2.1));
#19569=CARTESIAN_POINT('',(1.13818241065092,-2.50000000000092,2.1));
#19570=CARTESIAN_POINT('',(1.13818241065092,-2.50000000000092,1.6));
#19571=CARTESIAN_POINT('',(1.13818241065092,-2.50000000000092,1.6));
#19572=CARTESIAN_POINT('',(1.13818241065092,-2.50000000000092,2.1));
#19573=CARTESIAN_POINT('Origin',(11.1381823957498,-2.50000000000092,2.1));
#19574=CARTESIAN_POINT('',(11.1381823957498,-2.50000000000092,2.1));
#19575=CARTESIAN_POINT('',(11.1381823957498,-2.50000000000092,1.6));
#19576=CARTESIAN_POINT('Origin',(6.13818240320034,-2.25000000000092,2.1));
#19577=CARTESIAN_POINT('Origin',(6.13818240320034,-2.25000000000092,1.6));
#19578=CARTESIAN_POINT('Origin',(11.1381823957498,-3.00000000000092,2.1));
#19579=CARTESIAN_POINT('',(11.1381823957498,-3.00000000000092,2.1));
#19580=CARTESIAN_POINT('',(11.1381823957498,-3.50000000000092,2.1));
#19581=CARTESIAN_POINT('',(11.1381823957498,-3.00000000000092,2.1));
#19582=CARTESIAN_POINT('',(11.1381823957498,-3.50000000000092,1.6));
#19583=CARTESIAN_POINT('',(11.1381823957498,-3.50000000000092,2.1));
#19584=CARTESIAN_POINT('',(11.1381823957498,-3.00000000000092,1.6));
#19585=CARTESIAN_POINT('',(11.1381823957498,-3.00000000000092,1.6));
#19586=CARTESIAN_POINT('',(11.1381823957498,-3.00000000000092,2.1));
#19587=CARTESIAN_POINT('Origin',(1.13818241065092,-3.00000000000092,2.1));
#19588=CARTESIAN_POINT('',(1.13818241065092,-3.00000000000092,2.1));
#19589=CARTESIAN_POINT('',(1.13818241065092,-3.00000000000092,2.1));
#19590=CARTESIAN_POINT('',(1.13818241065092,-3.00000000000092,1.6));
#19591=CARTESIAN_POINT('',(1.13818241065092,-3.00000000000092,1.6));
#19592=CARTESIAN_POINT('',(1.13818241065092,-3.00000000000092,2.1));
#19593=CARTESIAN_POINT('Origin',(1.13818241065092,-3.50000000000092,2.1));
#19594=CARTESIAN_POINT('',(1.13818241065092,-3.50000000000092,2.1));
#19595=CARTESIAN_POINT('',(1.13818241065092,-3.50000000000092,2.1));
#19596=CARTESIAN_POINT('',(1.13818241065092,-3.50000000000092,1.6));
#19597=CARTESIAN_POINT('',(1.13818241065092,-3.50000000000092,1.6));
#19598=CARTESIAN_POINT('',(1.13818241065092,-3.50000000000092,2.1));
#19599=CARTESIAN_POINT('Origin',(11.1381823957498,-3.50000000000092,2.1));
#19600=CARTESIAN_POINT('',(11.1381823957498,-3.50000000000092,2.1));
#19601=CARTESIAN_POINT('',(11.1381823957498,-3.50000000000092,1.6));
#19602=CARTESIAN_POINT('Origin',(6.13818240320034,-3.25000000000092,2.1));
#19603=CARTESIAN_POINT('Origin',(6.13818240320034,-3.25000000000092,1.6));
#19604=CARTESIAN_POINT('Origin',(1.13818241065092,-1.00000000000092,2.1));
#19605=CARTESIAN_POINT('',(11.1381823957498,-1.00000000000092,2.1));
#19606=CARTESIAN_POINT('',(1.13818241065092,-1.00000000000092,2.1));
#19607=CARTESIAN_POINT('',(11.1381823957498,-1.00000000000092,2.1));
#19608=CARTESIAN_POINT('',(11.1381823957498,-1.00000000000092,1.6));
#19609=CARTESIAN_POINT('',(11.1381823957498,-1.00000000000092,2.1));
#19610=CARTESIAN_POINT('',(1.13818241065092,-1.00000000000092,1.6));
#19611=CARTESIAN_POINT('',(11.1381823957498,-1.00000000000092,1.6));
#19612=CARTESIAN_POINT('',(1.13818241065092,-1.00000000000092,2.1));
#19613=CARTESIAN_POINT('Origin',(1.13818241065092,-1.50000000000092,2.1));
#19614=CARTESIAN_POINT('',(1.13818241065092,-1.50000000000092,2.1));
#19615=CARTESIAN_POINT('',(1.13818241065092,-1.00000000000092,2.1));
#19616=CARTESIAN_POINT('',(1.13818241065092,-1.50000000000092,1.6));
#19617=CARTESIAN_POINT('',(1.13818241065092,-1.00000000000092,1.6));
#19618=CARTESIAN_POINT('',(1.13818241065092,-1.50000000000092,2.1));
#19619=CARTESIAN_POINT('Origin',(11.1381823957498,-1.50000000000092,2.1));
#19620=CARTESIAN_POINT('',(11.1381823957498,-1.50000000000092,2.1));
#19621=CARTESIAN_POINT('',(1.13818241065092,-1.50000000000092,2.1));
#19622=CARTESIAN_POINT('',(11.1381823957498,-1.50000000000092,1.6));
#19623=CARTESIAN_POINT('',(1.13818241065092,-1.50000000000092,1.6));
#19624=CARTESIAN_POINT('',(11.1381823957498,-1.50000000000092,2.1));
#19625=CARTESIAN_POINT('Origin',(11.1381823957498,-1.00000000000092,2.1));
#19626=CARTESIAN_POINT('',(11.1381823957498,-1.50000000000092,2.1));
#19627=CARTESIAN_POINT('',(11.1381823957498,-1.50000000000092,1.6));
#19628=CARTESIAN_POINT('Origin',(6.13818240320034,-1.25000000000092,2.1));
#19629=CARTESIAN_POINT('Origin',(6.13818240320034,-1.25000000000092,1.6));
#19630=CARTESIAN_POINT('Origin',(1.13818241065092,-6.00000000000092,2.1));
#19631=CARTESIAN_POINT('',(11.1381823957498,-6.00000000000092,2.1));
#19632=CARTESIAN_POINT('',(1.13818241065092,-6.00000000000092,2.1));
#19633=CARTESIAN_POINT('',(11.1381823957498,-6.00000000000092,2.1));
#19634=CARTESIAN_POINT('',(11.1381823957498,-6.00000000000092,1.6));
#19635=CARTESIAN_POINT('',(11.1381823957498,-6.00000000000092,2.1));
#19636=CARTESIAN_POINT('',(1.13818241065092,-6.00000000000092,1.6));
#19637=CARTESIAN_POINT('',(11.1381823957498,-6.00000000000092,1.6));
#19638=CARTESIAN_POINT('',(1.13818241065092,-6.00000000000092,2.1));
#19639=CARTESIAN_POINT('Origin',(1.13818241065092,-6.50000000000093,2.1));
#19640=CARTESIAN_POINT('',(1.13818241065092,-6.50000000000093,2.1));
#19641=CARTESIAN_POINT('',(1.13818241065092,-6.00000000000092,2.1));
#19642=CARTESIAN_POINT('',(1.13818241065092,-6.50000000000093,1.6));
#19643=CARTESIAN_POINT('',(1.13818241065092,-6.00000000000092,1.6));
#19644=CARTESIAN_POINT('',(1.13818241065092,-6.50000000000093,2.1));
#19645=CARTESIAN_POINT('Origin',(11.1381823957498,-6.50000000000093,2.1));
#19646=CARTESIAN_POINT('',(11.1381823957498,-6.50000000000093,2.1));
#19647=CARTESIAN_POINT('',(1.13818241065092,-6.50000000000093,2.1));
#19648=CARTESIAN_POINT('',(11.1381823957498,-6.50000000000093,1.6));
#19649=CARTESIAN_POINT('',(1.13818241065092,-6.50000000000093,1.6));
#19650=CARTESIAN_POINT('',(11.1381823957498,-6.50000000000093,2.1));
#19651=CARTESIAN_POINT('Origin',(11.1381823957498,-6.00000000000092,2.1));
#19652=CARTESIAN_POINT('',(11.1381823957498,-6.50000000000093,2.1));
#19653=CARTESIAN_POINT('',(11.1381823957498,-6.50000000000093,1.6));
#19654=CARTESIAN_POINT('Origin',(6.13818240320034,-6.25000000000092,2.1));
#19655=CARTESIAN_POINT('Origin',(6.13818240320034,-6.25000000000092,1.6));
#19656=CARTESIAN_POINT('Origin',(1.13818241065092,-9.2370555648813E-13,
2.1));
#19657=CARTESIAN_POINT('',(11.1381823957498,-9.2370555648813E-13,2.1));
#19658=CARTESIAN_POINT('',(1.13818241065092,-9.2370555648813E-13,2.1));
#19659=CARTESIAN_POINT('',(11.1381823957498,-9.2370555648813E-13,2.1));
#19660=CARTESIAN_POINT('',(11.1381823957498,-9.2370555648813E-13,1.6));
#19661=CARTESIAN_POINT('',(11.1381823957498,-9.2370555648813E-13,2.1));
#19662=CARTESIAN_POINT('',(1.13818241065092,-9.2370555648813E-13,1.6));
#19663=CARTESIAN_POINT('',(11.1381823957498,-9.2370555648813E-13,1.6));
#19664=CARTESIAN_POINT('',(1.13818241065092,-9.2370555648813E-13,2.1));
#19665=CARTESIAN_POINT('Origin',(1.13818241065092,-0.500000000000924,2.1));
#19666=CARTESIAN_POINT('',(1.13818241065092,-0.500000000000924,2.1));
#19667=CARTESIAN_POINT('',(1.13818241065092,-9.2370555648813E-13,2.1));
#19668=CARTESIAN_POINT('',(1.13818241065092,-0.500000000000924,1.6));
#19669=CARTESIAN_POINT('',(1.13818241065092,-9.2370555648813E-13,1.6));
#19670=CARTESIAN_POINT('',(1.13818241065092,-0.500000000000924,2.1));
#19671=CARTESIAN_POINT('Origin',(11.1381823957498,-0.500000000000924,2.1));
#19672=CARTESIAN_POINT('',(11.1381823957498,-0.500000000000924,2.1));
#19673=CARTESIAN_POINT('',(1.13818241065092,-0.500000000000924,2.1));
#19674=CARTESIAN_POINT('',(11.1381823957498,-0.500000000000924,1.6));
#19675=CARTESIAN_POINT('',(1.13818241065092,-0.500000000000924,1.6));
#19676=CARTESIAN_POINT('',(11.1381823957498,-0.500000000000924,2.1));
#19677=CARTESIAN_POINT('Origin',(11.1381823957498,-9.2370555648813E-13,
2.1));
#19678=CARTESIAN_POINT('',(11.1381823957498,-0.500000000000924,2.1));
#19679=CARTESIAN_POINT('',(11.1381823957498,-0.500000000000924,1.6));
#19680=CARTESIAN_POINT('Origin',(6.13818240320034,-0.250000000000924,2.1));
#19681=CARTESIAN_POINT('Origin',(6.13818240320034,-0.250000000000924,1.6));
#19682=CARTESIAN_POINT('Origin',(1.13818241065092,-13.0000000000009,2.1));
#19683=CARTESIAN_POINT('',(11.1381823957498,-13.0000000000009,2.1));
#19684=CARTESIAN_POINT('',(1.13818241065092,-13.0000000000009,2.1));
#19685=CARTESIAN_POINT('',(11.1381823957498,-13.0000000000009,2.1));
#19686=CARTESIAN_POINT('',(11.1381823957498,-13.0000000000009,1.6));
#19687=CARTESIAN_POINT('',(11.1381823957498,-13.0000000000009,2.1));
#19688=CARTESIAN_POINT('',(1.13818241065092,-13.0000000000009,1.6));
#19689=CARTESIAN_POINT('',(11.1381823957498,-13.0000000000009,1.6));
#19690=CARTESIAN_POINT('',(1.13818241065092,-13.0000000000009,2.1));
#19691=CARTESIAN_POINT('Origin',(1.13818241065092,-13.5000000000009,2.1));
#19692=CARTESIAN_POINT('',(1.13818241065092,-13.5000000000009,2.1));
#19693=CARTESIAN_POINT('',(1.13818241065092,-13.0000000000009,2.1));
#19694=CARTESIAN_POINT('',(1.13818241065092,-13.5000000000009,1.6));
#19695=CARTESIAN_POINT('',(1.13818241065092,-13.0000000000009,1.6));
#19696=CARTESIAN_POINT('',(1.13818241065092,-13.5000000000009,2.1));
#19697=CARTESIAN_POINT('Origin',(11.1381823957498,-13.5000000000009,2.1));
#19698=CARTESIAN_POINT('',(11.1381823957498,-13.5000000000009,2.1));
#19699=CARTESIAN_POINT('',(1.13818241065092,-13.5000000000009,2.1));
#19700=CARTESIAN_POINT('',(11.1381823957498,-13.5000000000009,1.6));
#19701=CARTESIAN_POINT('',(1.13818241065092,-13.5000000000009,1.6));
#19702=CARTESIAN_POINT('',(11.1381823957498,-13.5000000000009,2.1));
#19703=CARTESIAN_POINT('Origin',(11.1381823957498,-13.0000000000009,2.1));
#19704=CARTESIAN_POINT('',(11.1381823957498,-13.5000000000009,2.1));
#19705=CARTESIAN_POINT('',(11.1381823957498,-13.5000000000009,1.6));
#19706=CARTESIAN_POINT('Origin',(6.13818240320034,-13.2500000000009,2.1));
#19707=CARTESIAN_POINT('Origin',(6.13818240320034,-13.2500000000009,1.6));
#19708=CARTESIAN_POINT('Origin',(11.1381823957498,-8.00000000000092,2.1));
#19709=CARTESIAN_POINT('',(11.1381823957498,-8.00000000000092,2.1));
#19710=CARTESIAN_POINT('',(11.1381823957498,-8.50000000000092,2.1));
#19711=CARTESIAN_POINT('',(11.1381823957498,-8.00000000000092,2.1));
#19712=CARTESIAN_POINT('',(11.1381823957498,-8.50000000000092,1.6));
#19713=CARTESIAN_POINT('',(11.1381823957498,-8.50000000000092,2.1));
#19714=CARTESIAN_POINT('',(11.1381823957498,-8.00000000000092,1.6));
#19715=CARTESIAN_POINT('',(11.1381823957498,-8.00000000000092,1.6));
#19716=CARTESIAN_POINT('',(11.1381823957498,-8.00000000000092,2.1));
#19717=CARTESIAN_POINT('Origin',(1.13818241065092,-8.00000000000092,2.1));
#19718=CARTESIAN_POINT('',(1.13818241065092,-8.00000000000092,2.1));
#19719=CARTESIAN_POINT('',(1.13818241065092,-8.00000000000092,2.1));
#19720=CARTESIAN_POINT('',(1.13818241065092,-8.00000000000092,1.6));
#19721=CARTESIAN_POINT('',(1.13818241065092,-8.00000000000092,1.6));
#19722=CARTESIAN_POINT('',(1.13818241065092,-8.00000000000092,2.1));
#19723=CARTESIAN_POINT('Origin',(1.13818241065092,-8.50000000000092,2.1));
#19724=CARTESIAN_POINT('',(1.13818241065092,-8.50000000000092,2.1));
#19725=CARTESIAN_POINT('',(1.13818241065092,-8.50000000000092,2.1));
#19726=CARTESIAN_POINT('',(1.13818241065092,-8.50000000000092,1.6));
#19727=CARTESIAN_POINT('',(1.13818241065092,-8.50000000000092,1.6));
#19728=CARTESIAN_POINT('',(1.13818241065092,-8.50000000000092,2.1));
#19729=CARTESIAN_POINT('Origin',(11.1381823957498,-8.50000000000092,2.1));
#19730=CARTESIAN_POINT('',(11.1381823957498,-8.50000000000092,2.1));
#19731=CARTESIAN_POINT('',(11.1381823957498,-8.50000000000092,1.6));
#19732=CARTESIAN_POINT('Origin',(6.13818240320034,-8.25000000000092,2.1));
#19733=CARTESIAN_POINT('Origin',(6.13818240320034,-8.25000000000092,1.6));
#19734=CARTESIAN_POINT('Origin',(11.1381823957498,-9.00000000000093,2.1));
#19735=CARTESIAN_POINT('',(11.1381823957498,-9.00000000000093,2.1));
#19736=CARTESIAN_POINT('',(11.1381823957498,-9.50000000000092,2.1));
#19737=CARTESIAN_POINT('',(11.1381823957498,-9.00000000000093,2.1));
#19738=CARTESIAN_POINT('',(11.1381823957498,-9.50000000000092,1.6));
#19739=CARTESIAN_POINT('',(11.1381823957498,-9.50000000000092,2.1));
#19740=CARTESIAN_POINT('',(11.1381823957498,-9.00000000000093,1.6));
#19741=CARTESIAN_POINT('',(11.1381823957498,-9.00000000000093,1.6));
#19742=CARTESIAN_POINT('',(11.1381823957498,-9.00000000000093,2.1));
#19743=CARTESIAN_POINT('Origin',(1.13818241065092,-9.00000000000093,2.1));
#19744=CARTESIAN_POINT('',(1.13818241065092,-9.00000000000093,2.1));
#19745=CARTESIAN_POINT('',(1.13818241065092,-9.00000000000093,2.1));
#19746=CARTESIAN_POINT('',(1.13818241065092,-9.00000000000093,1.6));
#19747=CARTESIAN_POINT('',(1.13818241065092,-9.00000000000093,1.6));
#19748=CARTESIAN_POINT('',(1.13818241065092,-9.00000000000093,2.1));
#19749=CARTESIAN_POINT('Origin',(1.13818241065092,-9.50000000000092,2.1));
#19750=CARTESIAN_POINT('',(1.13818241065092,-9.50000000000092,2.1));
#19751=CARTESIAN_POINT('',(1.13818241065092,-9.50000000000092,2.1));
#19752=CARTESIAN_POINT('',(1.13818241065092,-9.50000000000092,1.6));
#19753=CARTESIAN_POINT('',(1.13818241065092,-9.50000000000092,1.6));
#19754=CARTESIAN_POINT('',(1.13818241065092,-9.50000000000092,2.1));
#19755=CARTESIAN_POINT('Origin',(11.1381823957498,-9.50000000000092,2.1));
#19756=CARTESIAN_POINT('',(11.1381823957498,-9.50000000000092,2.1));
#19757=CARTESIAN_POINT('',(11.1381823957498,-9.50000000000092,1.6));
#19758=CARTESIAN_POINT('Origin',(6.13818240320034,-9.25000000000092,2.1));
#19759=CARTESIAN_POINT('Origin',(6.13818240320034,-9.25000000000092,1.6));
#19760=CARTESIAN_POINT('Origin',(1.13818241065092,-7.00000000000092,2.1));
#19761=CARTESIAN_POINT('',(11.1381823957498,-7.00000000000092,2.1));
#19762=CARTESIAN_POINT('',(1.13818241065092,-7.00000000000092,2.1));
#19763=CARTESIAN_POINT('',(11.1381823957498,-7.00000000000092,2.1));
#19764=CARTESIAN_POINT('',(11.1381823957498,-7.00000000000092,1.6));
#19765=CARTESIAN_POINT('',(11.1381823957498,-7.00000000000092,2.1));
#19766=CARTESIAN_POINT('',(1.13818241065092,-7.00000000000092,1.6));
#19767=CARTESIAN_POINT('',(11.1381823957498,-7.00000000000092,1.6));
#19768=CARTESIAN_POINT('',(1.13818241065092,-7.00000000000092,2.1));
#19769=CARTESIAN_POINT('Origin',(1.13818241065092,-7.50000000000092,2.1));
#19770=CARTESIAN_POINT('',(1.13818241065092,-7.50000000000092,2.1));
#19771=CARTESIAN_POINT('',(1.13818241065092,-7.00000000000092,2.1));
#19772=CARTESIAN_POINT('',(1.13818241065092,-7.50000000000092,1.6));
#19773=CARTESIAN_POINT('',(1.13818241065092,-7.00000000000092,1.6));
#19774=CARTESIAN_POINT('',(1.13818241065092,-7.50000000000092,2.1));
#19775=CARTESIAN_POINT('Origin',(11.1381823957498,-7.50000000000092,2.1));
#19776=CARTESIAN_POINT('',(11.1381823957498,-7.50000000000092,2.1));
#19777=CARTESIAN_POINT('',(1.13818241065092,-7.50000000000092,2.1));
#19778=CARTESIAN_POINT('',(11.1381823957498,-7.50000000000092,1.6));
#19779=CARTESIAN_POINT('',(1.13818241065092,-7.50000000000092,1.6));
#19780=CARTESIAN_POINT('',(11.1381823957498,-7.50000000000092,2.1));
#19781=CARTESIAN_POINT('Origin',(11.1381823957498,-7.00000000000092,2.1));
#19782=CARTESIAN_POINT('',(11.1381823957498,-7.50000000000092,2.1));
#19783=CARTESIAN_POINT('',(11.1381823957498,-7.50000000000092,1.6));
#19784=CARTESIAN_POINT('Origin',(6.13818240320034,-7.25000000000092,2.1));
#19785=CARTESIAN_POINT('Origin',(6.13818240320034,-7.25000000000092,1.6));
#19786=CARTESIAN_POINT('Origin',(11.1381823957498,-14.0000000000009,2.1));
#19787=CARTESIAN_POINT('',(11.1381823957498,-14.0000000000009,2.1));
#19788=CARTESIAN_POINT('',(11.1381823957498,-14.5000000000009,2.1));
#19789=CARTESIAN_POINT('',(11.1381823957498,-14.0000000000009,2.1));
#19790=CARTESIAN_POINT('',(11.1381823957498,-14.5000000000009,1.6));
#19791=CARTESIAN_POINT('',(11.1381823957498,-14.5000000000009,2.1));
#19792=CARTESIAN_POINT('',(11.1381823957498,-14.0000000000009,1.6));
#19793=CARTESIAN_POINT('',(11.1381823957498,-14.0000000000009,1.6));
#19794=CARTESIAN_POINT('',(11.1381823957498,-14.0000000000009,2.1));
#19795=CARTESIAN_POINT('Origin',(1.13818241065092,-14.0000000000009,2.1));
#19796=CARTESIAN_POINT('',(1.13818241065092,-14.0000000000009,2.1));
#19797=CARTESIAN_POINT('',(1.13818241065092,-14.0000000000009,2.1));
#19798=CARTESIAN_POINT('',(1.13818241065092,-14.0000000000009,1.6));
#19799=CARTESIAN_POINT('',(1.13818241065092,-14.0000000000009,1.6));
#19800=CARTESIAN_POINT('',(1.13818241065092,-14.0000000000009,2.1));
#19801=CARTESIAN_POINT('Origin',(1.13818241065092,-14.5000000000009,2.1));
#19802=CARTESIAN_POINT('',(1.13818241065092,-14.5000000000009,2.1));
#19803=CARTESIAN_POINT('',(1.13818241065092,-14.5000000000009,2.1));
#19804=CARTESIAN_POINT('',(1.13818241065092,-14.5000000000009,1.6));
#19805=CARTESIAN_POINT('',(1.13818241065092,-14.5000000000009,1.6));
#19806=CARTESIAN_POINT('',(1.13818241065092,-14.5000000000009,2.1));
#19807=CARTESIAN_POINT('Origin',(11.1381823957498,-14.5000000000009,2.1));
#19808=CARTESIAN_POINT('',(11.1381823957498,-14.5000000000009,2.1));
#19809=CARTESIAN_POINT('',(11.1381823957498,-14.5000000000009,1.6));
#19810=CARTESIAN_POINT('Origin',(6.13818240320034,-14.2500000000009,2.1));
#19811=CARTESIAN_POINT('Origin',(6.13818240320034,-14.2500000000009,1.6));
#19812=CARTESIAN_POINT('Origin',(1.13818241065092,-12.0000000000009,2.1));
#19813=CARTESIAN_POINT('',(11.1381823957498,-12.0000000000009,2.1));
#19814=CARTESIAN_POINT('',(1.13818241065092,-12.0000000000009,2.1));
#19815=CARTESIAN_POINT('',(11.1381823957498,-12.0000000000009,2.1));
#19816=CARTESIAN_POINT('',(11.1381823957498,-12.0000000000009,1.6));
#19817=CARTESIAN_POINT('',(11.1381823957498,-12.0000000000009,2.1));
#19818=CARTESIAN_POINT('',(1.13818241065092,-12.0000000000009,1.6));
#19819=CARTESIAN_POINT('',(11.1381823957498,-12.0000000000009,1.6));
#19820=CARTESIAN_POINT('',(1.13818241065092,-12.0000000000009,2.1));
#19821=CARTESIAN_POINT('Origin',(1.13818241065092,-12.5000000000009,2.1));
#19822=CARTESIAN_POINT('',(1.13818241065092,-12.5000000000009,2.1));
#19823=CARTESIAN_POINT('',(1.13818241065092,-12.0000000000009,2.1));
#19824=CARTESIAN_POINT('',(1.13818241065092,-12.5000000000009,1.6));
#19825=CARTESIAN_POINT('',(1.13818241065092,-12.0000000000009,1.6));
#19826=CARTESIAN_POINT('',(1.13818241065092,-12.5000000000009,2.1));
#19827=CARTESIAN_POINT('Origin',(11.1381823957498,-12.5000000000009,2.1));
#19828=CARTESIAN_POINT('',(11.1381823957498,-12.5000000000009,2.1));
#19829=CARTESIAN_POINT('',(1.13818241065092,-12.5000000000009,2.1));
#19830=CARTESIAN_POINT('',(11.1381823957498,-12.5000000000009,1.6));
#19831=CARTESIAN_POINT('',(1.13818241065092,-12.5000000000009,1.6));
#19832=CARTESIAN_POINT('',(11.1381823957498,-12.5000000000009,2.1));
#19833=CARTESIAN_POINT('Origin',(11.1381823957498,-12.0000000000009,2.1));
#19834=CARTESIAN_POINT('',(11.1381823957498,-12.5000000000009,2.1));
#19835=CARTESIAN_POINT('',(11.1381823957498,-12.5000000000009,1.6));
#19836=CARTESIAN_POINT('Origin',(6.13818240320034,-12.2500000000009,2.1));
#19837=CARTESIAN_POINT('Origin',(6.13818240320034,-12.2500000000009,1.6));
#19838=CARTESIAN_POINT('Origin',(11.1381823957498,-15.0000000000009,2.1));
#19839=CARTESIAN_POINT('',(11.1381823957498,-15.0000000000009,2.1));
#19840=CARTESIAN_POINT('',(11.1381823957498,-15.5000000000009,2.1));
#19841=CARTESIAN_POINT('',(11.1381823957498,-15.0000000000009,2.1));
#19842=CARTESIAN_POINT('',(11.1381823957498,-15.5000000000009,1.6));
#19843=CARTESIAN_POINT('',(11.1381823957498,-15.5000000000009,2.1));
#19844=CARTESIAN_POINT('',(11.1381823957498,-15.0000000000009,1.6));
#19845=CARTESIAN_POINT('',(11.1381823957498,-15.0000000000009,1.6));
#19846=CARTESIAN_POINT('',(11.1381823957498,-15.0000000000009,2.1));
#19847=CARTESIAN_POINT('Origin',(1.13818241065092,-15.0000000000009,2.1));
#19848=CARTESIAN_POINT('',(1.13818241065092,-15.0000000000009,2.1));
#19849=CARTESIAN_POINT('',(1.13818241065092,-15.0000000000009,2.1));
#19850=CARTESIAN_POINT('',(1.13818241065092,-15.0000000000009,1.6));
#19851=CARTESIAN_POINT('',(1.13818241065092,-15.0000000000009,1.6));
#19852=CARTESIAN_POINT('',(1.13818241065092,-15.0000000000009,2.1));
#19853=CARTESIAN_POINT('Origin',(1.13818241065092,-15.5000000000009,2.1));
#19854=CARTESIAN_POINT('',(1.13818241065092,-15.5000000000009,2.1));
#19855=CARTESIAN_POINT('',(1.13818241065092,-15.5000000000009,2.1));
#19856=CARTESIAN_POINT('',(1.13818241065092,-15.5000000000009,1.6));
#19857=CARTESIAN_POINT('',(1.13818241065092,-15.5000000000009,1.6));
#19858=CARTESIAN_POINT('',(1.13818241065092,-15.5000000000009,2.1));
#19859=CARTESIAN_POINT('Origin',(11.1381823957498,-15.5000000000009,2.1));
#19860=CARTESIAN_POINT('',(11.1381823957498,-15.5000000000009,2.1));
#19861=CARTESIAN_POINT('',(11.1381823957498,-15.5000000000009,1.6));
#19862=CARTESIAN_POINT('Origin',(6.13818240320034,-15.2500000000009,2.1));
#19863=CARTESIAN_POINT('Origin',(6.13818240320034,-15.2500000000009,1.6));
#19864=CARTESIAN_POINT('Origin',(1.13818241065092,-19.0000000000009,2.1));
#19865=CARTESIAN_POINT('',(11.1381823957498,-19.0000000000009,2.1));
#19866=CARTESIAN_POINT('',(1.13818241065092,-19.0000000000009,2.1));
#19867=CARTESIAN_POINT('',(11.1381823957498,-19.0000000000009,2.1));
#19868=CARTESIAN_POINT('',(11.1381823957498,-19.0000000000009,1.6));
#19869=CARTESIAN_POINT('',(11.1381823957498,-19.0000000000009,2.1));
#19870=CARTESIAN_POINT('',(1.13818241065092,-19.0000000000009,1.6));
#19871=CARTESIAN_POINT('',(11.1381823957498,-19.0000000000009,1.6));
#19872=CARTESIAN_POINT('',(1.13818241065092,-19.0000000000009,2.1));
#19873=CARTESIAN_POINT('Origin',(1.13818241065092,-19.5000000000009,2.1));
#19874=CARTESIAN_POINT('',(1.13818241065092,-19.5000000000009,2.1));
#19875=CARTESIAN_POINT('',(1.13818241065092,-19.0000000000009,2.1));
#19876=CARTESIAN_POINT('',(1.13818241065092,-19.5000000000009,1.6));
#19877=CARTESIAN_POINT('',(1.13818241065092,-19.0000000000009,1.6));
#19878=CARTESIAN_POINT('',(1.13818241065092,-19.5000000000009,2.1));
#19879=CARTESIAN_POINT('Origin',(11.1381823957498,-19.5000000000009,2.1));
#19880=CARTESIAN_POINT('',(11.1381823957498,-19.5000000000009,2.1));
#19881=CARTESIAN_POINT('',(1.13818241065092,-19.5000000000009,2.1));
#19882=CARTESIAN_POINT('',(11.1381823957498,-19.5000000000009,1.6));
#19883=CARTESIAN_POINT('',(1.13818241065092,-19.5000000000009,1.6));
#19884=CARTESIAN_POINT('',(11.1381823957498,-19.5000000000009,2.1));
#19885=CARTESIAN_POINT('Origin',(11.1381823957498,-19.0000000000009,2.1));
#19886=CARTESIAN_POINT('',(11.1381823957498,-19.5000000000009,2.1));
#19887=CARTESIAN_POINT('',(11.1381823957498,-19.5000000000009,1.6));
#19888=CARTESIAN_POINT('Origin',(6.13818240320034,-19.2500000000009,2.1));
#19889=CARTESIAN_POINT('Origin',(6.13818240320034,-19.2500000000009,1.6));
#19890=CARTESIAN_POINT('Origin',(11.1381823957498,-21.0000000000009,2.1));
#19891=CARTESIAN_POINT('',(11.1381823957498,-21.0000000000009,2.1));
#19892=CARTESIAN_POINT('',(11.1381823957498,-21.5000000000009,2.1));
#19893=CARTESIAN_POINT('',(11.1381823957498,-21.0000000000009,2.1));
#19894=CARTESIAN_POINT('',(11.1381823957498,-21.5000000000009,1.6));
#19895=CARTESIAN_POINT('',(11.1381823957498,-21.5000000000009,2.1));
#19896=CARTESIAN_POINT('',(11.1381823957498,-21.0000000000009,1.6));
#19897=CARTESIAN_POINT('',(11.1381823957498,-21.0000000000009,1.6));
#19898=CARTESIAN_POINT('',(11.1381823957498,-21.0000000000009,2.1));
#19899=CARTESIAN_POINT('Origin',(1.13818241065092,-21.0000000000009,2.1));
#19900=CARTESIAN_POINT('',(1.13818241065092,-21.0000000000009,2.1));
#19901=CARTESIAN_POINT('',(1.13818241065092,-21.0000000000009,2.1));
#19902=CARTESIAN_POINT('',(1.13818241065092,-21.0000000000009,1.6));
#19903=CARTESIAN_POINT('',(1.13818241065092,-21.0000000000009,1.6));
#19904=CARTESIAN_POINT('',(1.13818241065092,-21.0000000000009,2.1));
#19905=CARTESIAN_POINT('Origin',(1.13818241065092,-21.5000000000009,2.1));
#19906=CARTESIAN_POINT('',(1.13818241065092,-21.5000000000009,2.1));
#19907=CARTESIAN_POINT('',(1.13818241065092,-21.5000000000009,2.1));
#19908=CARTESIAN_POINT('',(1.13818241065092,-21.5000000000009,1.6));
#19909=CARTESIAN_POINT('',(1.13818241065092,-21.5000000000009,1.6));
#19910=CARTESIAN_POINT('',(1.13818241065092,-21.5000000000009,2.1));
#19911=CARTESIAN_POINT('Origin',(11.1381823957498,-21.5000000000009,2.1));
#19912=CARTESIAN_POINT('',(11.1381823957498,-21.5000000000009,2.1));
#19913=CARTESIAN_POINT('',(11.1381823957498,-21.5000000000009,1.6));
#19914=CARTESIAN_POINT('Origin',(6.13818240320034,-21.2500000000009,2.1));
#19915=CARTESIAN_POINT('Origin',(6.13818240320034,-21.2500000000009,1.6));
#19916=CARTESIAN_POINT('Origin',(11.1381823957498,-20.0000000000009,2.1));
#19917=CARTESIAN_POINT('',(11.1381823957498,-20.0000000000009,2.1));
#19918=CARTESIAN_POINT('',(11.1381823957498,-20.5000000000009,2.1));
#19919=CARTESIAN_POINT('',(11.1381823957498,-20.0000000000009,2.1));
#19920=CARTESIAN_POINT('',(11.1381823957498,-20.5000000000009,1.6));
#19921=CARTESIAN_POINT('',(11.1381823957498,-20.5000000000009,2.1));
#19922=CARTESIAN_POINT('',(11.1381823957498,-20.0000000000009,1.6));
#19923=CARTESIAN_POINT('',(11.1381823957498,-20.0000000000009,1.6));
#19924=CARTESIAN_POINT('',(11.1381823957498,-20.0000000000009,2.1));
#19925=CARTESIAN_POINT('Origin',(1.13818241065092,-20.0000000000009,2.1));
#19926=CARTESIAN_POINT('',(1.13818241065092,-20.0000000000009,2.1));
#19927=CARTESIAN_POINT('',(1.13818241065092,-20.0000000000009,2.1));
#19928=CARTESIAN_POINT('',(1.13818241065092,-20.0000000000009,1.6));
#19929=CARTESIAN_POINT('',(1.13818241065092,-20.0000000000009,1.6));
#19930=CARTESIAN_POINT('',(1.13818241065092,-20.0000000000009,2.1));
#19931=CARTESIAN_POINT('Origin',(1.13818241065092,-20.5000000000009,2.1));
#19932=CARTESIAN_POINT('',(1.13818241065092,-20.5000000000009,2.1));
#19933=CARTESIAN_POINT('',(1.13818241065092,-20.5000000000009,2.1));
#19934=CARTESIAN_POINT('',(1.13818241065092,-20.5000000000009,1.6));
#19935=CARTESIAN_POINT('',(1.13818241065092,-20.5000000000009,1.6));
#19936=CARTESIAN_POINT('',(1.13818241065092,-20.5000000000009,2.1));
#19937=CARTESIAN_POINT('Origin',(11.1381823957498,-20.5000000000009,2.1));
#19938=CARTESIAN_POINT('',(11.1381823957498,-20.5000000000009,2.1));
#19939=CARTESIAN_POINT('',(11.1381823957498,-20.5000000000009,1.6));
#19940=CARTESIAN_POINT('Origin',(6.13818240320034,-20.2500000000009,2.1));
#19941=CARTESIAN_POINT('Origin',(6.13818240320034,-20.2500000000009,1.6));
#19942=CARTESIAN_POINT('Origin',(1.13818241065092,-18.0000000000009,2.1));
#19943=CARTESIAN_POINT('',(11.1381823957498,-18.0000000000009,2.1));
#19944=CARTESIAN_POINT('',(1.13818241065092,-18.0000000000009,2.1));
#19945=CARTESIAN_POINT('',(11.1381823957498,-18.0000000000009,2.1));
#19946=CARTESIAN_POINT('',(11.1381823957498,-18.0000000000009,1.6));
#19947=CARTESIAN_POINT('',(11.1381823957498,-18.0000000000009,2.1));
#19948=CARTESIAN_POINT('',(1.13818241065092,-18.0000000000009,1.6));
#19949=CARTESIAN_POINT('',(11.1381823957498,-18.0000000000009,1.6));
#19950=CARTESIAN_POINT('',(1.13818241065092,-18.0000000000009,2.1));
#19951=CARTESIAN_POINT('Origin',(1.13818241065092,-18.5000000000009,2.1));
#19952=CARTESIAN_POINT('',(1.13818241065092,-18.5000000000009,2.1));
#19953=CARTESIAN_POINT('',(1.13818241065092,-18.0000000000009,2.1));
#19954=CARTESIAN_POINT('',(1.13818241065092,-18.5000000000009,1.6));
#19955=CARTESIAN_POINT('',(1.13818241065092,-18.0000000000009,1.6));
#19956=CARTESIAN_POINT('',(1.13818241065092,-18.5000000000009,2.1));
#19957=CARTESIAN_POINT('Origin',(11.1381823957498,-18.5000000000009,2.1));
#19958=CARTESIAN_POINT('',(11.1381823957498,-18.5000000000009,2.1));
#19959=CARTESIAN_POINT('',(1.13818241065092,-18.5000000000009,2.1));
#19960=CARTESIAN_POINT('',(11.1381823957498,-18.5000000000009,1.6));
#19961=CARTESIAN_POINT('',(1.13818241065092,-18.5000000000009,1.6));
#19962=CARTESIAN_POINT('',(11.1381823957498,-18.5000000000009,2.1));
#19963=CARTESIAN_POINT('Origin',(11.1381823957498,-18.0000000000009,2.1));
#19964=CARTESIAN_POINT('',(11.1381823957498,-18.5000000000009,2.1));
#19965=CARTESIAN_POINT('',(11.1381823957498,-18.5000000000009,1.6));
#19966=CARTESIAN_POINT('Origin',(6.13818240320034,-18.2500000000009,2.1));
#19967=CARTESIAN_POINT('Origin',(6.13818240320034,-18.2500000000009,1.6));
#19968=CARTESIAN_POINT('Origin',(11.1381823957498,3.99999999999908,2.1));
#19969=CARTESIAN_POINT('',(11.1381823957498,3.99999999999908,2.1));
#19970=CARTESIAN_POINT('',(11.1381823957498,3.49999999999908,2.1));
#19971=CARTESIAN_POINT('',(11.1381823957498,3.99999999999908,2.1));
#19972=CARTESIAN_POINT('',(11.1381823957498,3.49999999999908,1.6));
#19973=CARTESIAN_POINT('',(11.1381823957498,3.49999999999908,2.1));
#19974=CARTESIAN_POINT('',(11.1381823957498,3.99999999999908,1.6));
#19975=CARTESIAN_POINT('',(11.1381823957498,3.99999999999908,1.6));
#19976=CARTESIAN_POINT('',(11.1381823957498,3.99999999999908,2.1));
#19977=CARTESIAN_POINT('Origin',(1.13818241065092,3.99999999999908,2.1));
#19978=CARTESIAN_POINT('',(1.13818241065092,3.99999999999908,2.1));
#19979=CARTESIAN_POINT('',(1.13818241065092,3.99999999999908,2.1));
#19980=CARTESIAN_POINT('',(1.13818241065092,3.99999999999908,1.6));
#19981=CARTESIAN_POINT('',(1.13818241065092,3.99999999999908,1.6));
#19982=CARTESIAN_POINT('',(1.13818241065092,3.99999999999908,2.1));
#19983=CARTESIAN_POINT('Origin',(1.13818241065092,3.49999999999908,2.1));
#19984=CARTESIAN_POINT('',(1.13818241065092,3.49999999999908,2.1));
#19985=CARTESIAN_POINT('',(1.13818241065092,3.49999999999908,2.1));
#19986=CARTESIAN_POINT('',(1.13818241065092,3.49999999999908,1.6));
#19987=CARTESIAN_POINT('',(1.13818241065092,3.49999999999908,1.6));
#19988=CARTESIAN_POINT('',(1.13818241065092,3.49999999999908,2.1));
#19989=CARTESIAN_POINT('Origin',(11.1381823957498,3.49999999999908,2.1));
#19990=CARTESIAN_POINT('',(11.1381823957498,3.49999999999908,2.1));
#19991=CARTESIAN_POINT('',(11.1381823957498,3.49999999999908,1.6));
#19992=CARTESIAN_POINT('Origin',(6.13818240320034,3.74999999999908,2.1));
#19993=CARTESIAN_POINT('Origin',(6.13818240320034,3.74999999999908,1.6));
#19994=CARTESIAN_POINT('Origin',(11.1381823957498,2.99999999999908,2.1));
#19995=CARTESIAN_POINT('',(11.1381823957498,2.99999999999908,2.1));
#19996=CARTESIAN_POINT('',(11.1381823957498,2.49999999999908,2.1));
#19997=CARTESIAN_POINT('',(11.1381823957498,2.99999999999908,2.1));
#19998=CARTESIAN_POINT('',(11.1381823957498,2.49999999999908,1.6));
#19999=CARTESIAN_POINT('',(11.1381823957498,2.49999999999908,2.1));
#20000=CARTESIAN_POINT('',(11.1381823957498,2.99999999999908,1.6));
#20001=CARTESIAN_POINT('',(11.1381823957498,2.99999999999908,1.6));
#20002=CARTESIAN_POINT('',(11.1381823957498,2.99999999999908,2.1));
#20003=CARTESIAN_POINT('Origin',(1.13818241065092,2.99999999999908,2.1));
#20004=CARTESIAN_POINT('',(1.13818241065092,2.99999999999908,2.1));
#20005=CARTESIAN_POINT('',(1.13818241065092,2.99999999999908,2.1));
#20006=CARTESIAN_POINT('',(1.13818241065092,2.99999999999908,1.6));
#20007=CARTESIAN_POINT('',(1.13818241065092,2.99999999999908,1.6));
#20008=CARTESIAN_POINT('',(1.13818241065092,2.99999999999908,2.1));
#20009=CARTESIAN_POINT('Origin',(1.13818241065092,2.49999999999908,2.1));
#20010=CARTESIAN_POINT('',(1.13818241065092,2.49999999999908,2.1));
#20011=CARTESIAN_POINT('',(1.13818241065092,2.49999999999908,2.1));
#20012=CARTESIAN_POINT('',(1.13818241065092,2.49999999999908,1.6));
#20013=CARTESIAN_POINT('',(1.13818241065092,2.49999999999908,1.6));
#20014=CARTESIAN_POINT('',(1.13818241065092,2.49999999999908,2.1));
#20015=CARTESIAN_POINT('Origin',(11.1381823957498,2.49999999999908,2.1));
#20016=CARTESIAN_POINT('',(11.1381823957498,2.49999999999908,2.1));
#20017=CARTESIAN_POINT('',(11.1381823957498,2.49999999999908,1.6));
#20018=CARTESIAN_POINT('Origin',(6.13818240320034,2.74999999999908,2.1));
#20019=CARTESIAN_POINT('Origin',(6.13818240320034,2.74999999999908,1.6));
#20020=CARTESIAN_POINT('Origin',(1.13818241065092,4.99999999999908,2.1));
#20021=CARTESIAN_POINT('',(11.1381823957498,4.99999999999908,2.1));
#20022=CARTESIAN_POINT('',(1.13818241065092,4.99999999999908,2.1));
#20023=CARTESIAN_POINT('',(11.1381823957498,4.99999999999908,2.1));
#20024=CARTESIAN_POINT('',(11.1381823957498,4.99999999999908,1.6));
#20025=CARTESIAN_POINT('',(11.1381823957498,4.99999999999908,2.1));
#20026=CARTESIAN_POINT('',(1.13818241065092,4.99999999999908,1.6));
#20027=CARTESIAN_POINT('',(11.1381823957498,4.99999999999908,1.6));
#20028=CARTESIAN_POINT('',(1.13818241065092,4.99999999999908,2.1));
#20029=CARTESIAN_POINT('Origin',(1.13818241065092,4.49999999999908,2.1));
#20030=CARTESIAN_POINT('',(1.13818241065092,4.49999999999908,2.1));
#20031=CARTESIAN_POINT('',(1.13818241065092,4.99999999999908,2.1));
#20032=CARTESIAN_POINT('',(1.13818241065092,4.49999999999908,1.6));
#20033=CARTESIAN_POINT('',(1.13818241065092,4.99999999999908,1.6));
#20034=CARTESIAN_POINT('',(1.13818241065092,4.49999999999908,2.1));
#20035=CARTESIAN_POINT('Origin',(11.1381823957498,4.49999999999908,2.1));
#20036=CARTESIAN_POINT('',(11.1381823957498,4.49999999999908,2.1));
#20037=CARTESIAN_POINT('',(1.13818241065092,4.49999999999908,2.1));
#20038=CARTESIAN_POINT('',(11.1381823957498,4.49999999999908,1.6));
#20039=CARTESIAN_POINT('',(1.13818241065092,4.49999999999908,1.6));
#20040=CARTESIAN_POINT('',(11.1381823957498,4.49999999999908,2.1));
#20041=CARTESIAN_POINT('Origin',(11.1381823957498,4.99999999999908,2.1));
#20042=CARTESIAN_POINT('',(11.1381823957498,4.49999999999908,2.1));
#20043=CARTESIAN_POINT('',(11.1381823957498,4.49999999999908,1.6));
#20044=CARTESIAN_POINT('Origin',(6.13818240320034,4.74999999999908,2.1));
#20045=CARTESIAN_POINT('Origin',(6.13818240320034,4.74999999999908,1.6));
#20046=CARTESIAN_POINT('Origin',(1.13818241065092,5.99999999999908,2.1));
#20047=CARTESIAN_POINT('',(11.1381823957498,5.99999999999908,2.1));
#20048=CARTESIAN_POINT('',(1.13818241065092,5.99999999999908,2.1));
#20049=CARTESIAN_POINT('',(11.1381823957498,5.99999999999908,2.1));
#20050=CARTESIAN_POINT('',(11.1381823957498,5.99999999999908,1.6));
#20051=CARTESIAN_POINT('',(11.1381823957498,5.99999999999908,2.1));
#20052=CARTESIAN_POINT('',(1.13818241065092,5.99999999999908,1.6));
#20053=CARTESIAN_POINT('',(11.1381823957498,5.99999999999908,1.6));
#20054=CARTESIAN_POINT('',(1.13818241065092,5.99999999999908,2.1));
#20055=CARTESIAN_POINT('Origin',(1.13818241065092,5.49999999999908,2.1));
#20056=CARTESIAN_POINT('',(1.13818241065092,5.49999999999908,2.1));
#20057=CARTESIAN_POINT('',(1.13818241065092,5.99999999999908,2.1));
#20058=CARTESIAN_POINT('',(1.13818241065092,5.49999999999908,1.6));
#20059=CARTESIAN_POINT('',(1.13818241065092,5.99999999999908,1.6));
#20060=CARTESIAN_POINT('',(1.13818241065092,5.49999999999908,2.1));
#20061=CARTESIAN_POINT('Origin',(11.1381823957498,5.49999999999908,2.1));
#20062=CARTESIAN_POINT('',(11.1381823957498,5.49999999999908,2.1));
#20063=CARTESIAN_POINT('',(1.13818241065092,5.49999999999908,2.1));
#20064=CARTESIAN_POINT('',(11.1381823957498,5.49999999999908,1.6));
#20065=CARTESIAN_POINT('',(1.13818241065092,5.49999999999908,1.6));
#20066=CARTESIAN_POINT('',(11.1381823957498,5.49999999999908,2.1));
#20067=CARTESIAN_POINT('Origin',(11.1381823957498,5.99999999999908,2.1));
#20068=CARTESIAN_POINT('',(11.1381823957498,5.49999999999908,2.1));
#20069=CARTESIAN_POINT('',(11.1381823957498,5.49999999999908,1.6));
#20070=CARTESIAN_POINT('Origin',(6.13818240320034,5.74999999999908,2.1));
#20071=CARTESIAN_POINT('Origin',(6.13818240320034,5.74999999999908,1.6));
#20072=CARTESIAN_POINT('Origin',(11.1381823957498,9.99999999999908,2.1));
#20073=CARTESIAN_POINT('',(11.1381823957498,9.99999999999908,2.1));
#20074=CARTESIAN_POINT('',(11.1381823957498,9.49999999999908,2.1));
#20075=CARTESIAN_POINT('',(11.1381823957498,9.99999999999908,2.1));
#20076=CARTESIAN_POINT('',(11.1381823957498,9.49999999999908,1.6));
#20077=CARTESIAN_POINT('',(11.1381823957498,9.49999999999908,2.1));
#20078=CARTESIAN_POINT('',(11.1381823957498,9.99999999999908,1.6));
#20079=CARTESIAN_POINT('',(11.1381823957498,9.99999999999908,1.6));
#20080=CARTESIAN_POINT('',(11.1381823957498,9.99999999999908,2.1));
#20081=CARTESIAN_POINT('Origin',(1.13818241065092,9.99999999999908,2.1));
#20082=CARTESIAN_POINT('',(1.13818241065092,9.99999999999908,2.1));
#20083=CARTESIAN_POINT('',(1.13818241065092,9.99999999999908,2.1));
#20084=CARTESIAN_POINT('',(1.13818241065092,9.99999999999908,1.6));
#20085=CARTESIAN_POINT('',(1.13818241065092,9.99999999999908,1.6));
#20086=CARTESIAN_POINT('',(1.13818241065092,9.99999999999908,2.1));
#20087=CARTESIAN_POINT('Origin',(1.13818241065092,9.49999999999908,2.1));
#20088=CARTESIAN_POINT('',(1.13818241065092,9.49999999999908,2.1));
#20089=CARTESIAN_POINT('',(1.13818241065092,9.49999999999908,2.1));
#20090=CARTESIAN_POINT('',(1.13818241065092,9.49999999999908,1.6));
#20091=CARTESIAN_POINT('',(1.13818241065092,9.49999999999908,1.6));
#20092=CARTESIAN_POINT('',(1.13818241065092,9.49999999999908,2.1));
#20093=CARTESIAN_POINT('Origin',(11.1381823957498,9.49999999999908,2.1));
#20094=CARTESIAN_POINT('',(11.1381823957498,9.49999999999908,2.1));
#20095=CARTESIAN_POINT('',(11.1381823957498,9.49999999999908,1.6));
#20096=CARTESIAN_POINT('Origin',(6.13818240320034,9.74999999999908,2.1));
#20097=CARTESIAN_POINT('Origin',(6.13818240320034,9.74999999999908,1.6));
#20098=CARTESIAN_POINT('Origin',(11.1381823957498,8.99999999999908,2.1));
#20099=CARTESIAN_POINT('',(11.1381823957498,8.99999999999908,2.1));
#20100=CARTESIAN_POINT('',(11.1381823957498,8.49999999999908,2.1));
#20101=CARTESIAN_POINT('',(11.1381823957498,8.99999999999908,2.1));
#20102=CARTESIAN_POINT('',(11.1381823957498,8.49999999999908,1.6));
#20103=CARTESIAN_POINT('',(11.1381823957498,8.49999999999908,2.1));
#20104=CARTESIAN_POINT('',(11.1381823957498,8.99999999999908,1.6));
#20105=CARTESIAN_POINT('',(11.1381823957498,8.99999999999908,1.6));
#20106=CARTESIAN_POINT('',(11.1381823957498,8.99999999999908,2.1));
#20107=CARTESIAN_POINT('Origin',(1.13818241065092,8.99999999999908,2.1));
#20108=CARTESIAN_POINT('',(1.13818241065092,8.99999999999908,2.1));
#20109=CARTESIAN_POINT('',(1.13818241065092,8.99999999999908,2.1));
#20110=CARTESIAN_POINT('',(1.13818241065092,8.99999999999908,1.6));
#20111=CARTESIAN_POINT('',(1.13818241065092,8.99999999999908,1.6));
#20112=CARTESIAN_POINT('',(1.13818241065092,8.99999999999908,2.1));
#20113=CARTESIAN_POINT('Origin',(1.13818241065092,8.49999999999908,2.1));
#20114=CARTESIAN_POINT('',(1.13818241065092,8.49999999999908,2.1));
#20115=CARTESIAN_POINT('',(1.13818241065092,8.49999999999908,2.1));
#20116=CARTESIAN_POINT('',(1.13818241065092,8.49999999999908,1.6));
#20117=CARTESIAN_POINT('',(1.13818241065092,8.49999999999908,1.6));
#20118=CARTESIAN_POINT('',(1.13818241065092,8.49999999999908,2.1));
#20119=CARTESIAN_POINT('Origin',(11.1381823957498,8.49999999999908,2.1));
#20120=CARTESIAN_POINT('',(11.1381823957498,8.49999999999908,2.1));
#20121=CARTESIAN_POINT('',(11.1381823957498,8.49999999999908,1.6));
#20122=CARTESIAN_POINT('Origin',(6.13818240320034,8.74999999999908,2.1));
#20123=CARTESIAN_POINT('Origin',(6.13818240320034,8.74999999999908,1.6));
#20124=CARTESIAN_POINT('Origin',(1.13818241065092,10.9999999999991,2.1));
#20125=CARTESIAN_POINT('',(11.1381823957498,10.9999999999991,2.1));
#20126=CARTESIAN_POINT('',(1.13818241065092,10.9999999999991,2.1));
#20127=CARTESIAN_POINT('',(11.1381823957498,10.9999999999991,2.1));
#20128=CARTESIAN_POINT('',(11.1381823957498,10.9999999999991,1.6));
#20129=CARTESIAN_POINT('',(11.1381823957498,10.9999999999991,2.1));
#20130=CARTESIAN_POINT('',(1.13818241065092,10.9999999999991,1.6));
#20131=CARTESIAN_POINT('',(11.1381823957498,10.9999999999991,1.6));
#20132=CARTESIAN_POINT('',(1.13818241065092,10.9999999999991,2.1));
#20133=CARTESIAN_POINT('Origin',(1.13818241065092,10.4999999999991,2.1));
#20134=CARTESIAN_POINT('',(1.13818241065092,10.4999999999991,2.1));
#20135=CARTESIAN_POINT('',(1.13818241065092,10.9999999999991,2.1));
#20136=CARTESIAN_POINT('',(1.13818241065092,10.4999999999991,1.6));
#20137=CARTESIAN_POINT('',(1.13818241065092,10.9999999999991,1.6));
#20138=CARTESIAN_POINT('',(1.13818241065092,10.4999999999991,2.1));
#20139=CARTESIAN_POINT('Origin',(11.1381823957498,10.4999999999991,2.1));
#20140=CARTESIAN_POINT('',(11.1381823957498,10.4999999999991,2.1));
#20141=CARTESIAN_POINT('',(1.13818241065092,10.4999999999991,2.1));
#20142=CARTESIAN_POINT('',(11.1381823957498,10.4999999999991,1.6));
#20143=CARTESIAN_POINT('',(1.13818241065092,10.4999999999991,1.6));
#20144=CARTESIAN_POINT('',(11.1381823957498,10.4999999999991,2.1));
#20145=CARTESIAN_POINT('Origin',(11.1381823957498,10.9999999999991,2.1));
#20146=CARTESIAN_POINT('',(11.1381823957498,10.4999999999991,2.1));
#20147=CARTESIAN_POINT('',(11.1381823957498,10.4999999999991,1.6));
#20148=CARTESIAN_POINT('Origin',(6.13818240320034,10.7499999999991,2.1));
#20149=CARTESIAN_POINT('Origin',(6.13818240320034,10.7499999999991,1.6));
#20150=CARTESIAN_POINT('Origin',(1.13818241065092,11.9999999999991,2.1));
#20151=CARTESIAN_POINT('',(11.1381823957498,11.9999999999991,2.1));
#20152=CARTESIAN_POINT('',(1.13818241065092,11.9999999999991,2.1));
#20153=CARTESIAN_POINT('',(11.1381823957498,11.9999999999991,2.1));
#20154=CARTESIAN_POINT('',(11.1381823957498,11.9999999999991,1.6));
#20155=CARTESIAN_POINT('',(11.1381823957498,11.9999999999991,2.1));
#20156=CARTESIAN_POINT('',(1.13818241065092,11.9999999999991,1.6));
#20157=CARTESIAN_POINT('',(11.1381823957498,11.9999999999991,1.6));
#20158=CARTESIAN_POINT('',(1.13818241065092,11.9999999999991,2.1));
#20159=CARTESIAN_POINT('Origin',(1.13818241065092,11.4999999999991,2.1));
#20160=CARTESIAN_POINT('',(1.13818241065092,11.4999999999991,2.1));
#20161=CARTESIAN_POINT('',(1.13818241065092,11.9999999999991,2.1));
#20162=CARTESIAN_POINT('',(1.13818241065092,11.4999999999991,1.6));
#20163=CARTESIAN_POINT('',(1.13818241065092,11.9999999999991,1.6));
#20164=CARTESIAN_POINT('',(1.13818241065092,11.4999999999991,2.1));
#20165=CARTESIAN_POINT('Origin',(11.1381823957498,11.4999999999991,2.1));
#20166=CARTESIAN_POINT('',(11.1381823957498,11.4999999999991,2.1));
#20167=CARTESIAN_POINT('',(1.13818241065092,11.4999999999991,2.1));
#20168=CARTESIAN_POINT('',(11.1381823957498,11.4999999999991,1.6));
#20169=CARTESIAN_POINT('',(1.13818241065092,11.4999999999991,1.6));
#20170=CARTESIAN_POINT('',(11.1381823957498,11.4999999999991,2.1));
#20171=CARTESIAN_POINT('Origin',(11.1381823957498,11.9999999999991,2.1));
#20172=CARTESIAN_POINT('',(11.1381823957498,11.4999999999991,2.1));
#20173=CARTESIAN_POINT('',(11.1381823957498,11.4999999999991,1.6));
#20174=CARTESIAN_POINT('Origin',(6.13818240320034,11.7499999999991,2.1));
#20175=CARTESIAN_POINT('Origin',(6.13818240320034,11.7499999999991,1.6));
#20176=CARTESIAN_POINT('Origin',(11.1381823957498,15.9999999999991,2.1));
#20177=CARTESIAN_POINT('',(11.1381823957498,15.9999999999991,2.1));
#20178=CARTESIAN_POINT('',(11.1381823957498,15.4999999999991,2.1));
#20179=CARTESIAN_POINT('',(11.1381823957498,15.9999999999991,2.1));
#20180=CARTESIAN_POINT('',(11.1381823957498,15.4999999999991,1.6));
#20181=CARTESIAN_POINT('',(11.1381823957498,15.4999999999991,2.1));
#20182=CARTESIAN_POINT('',(11.1381823957498,15.9999999999991,1.6));
#20183=CARTESIAN_POINT('',(11.1381823957498,15.9999999999991,1.6));
#20184=CARTESIAN_POINT('',(11.1381823957498,15.9999999999991,2.1));
#20185=CARTESIAN_POINT('Origin',(1.13818241065092,15.9999999999991,2.1));
#20186=CARTESIAN_POINT('',(1.13818241065092,15.9999999999991,2.1));
#20187=CARTESIAN_POINT('',(1.13818241065092,15.9999999999991,2.1));
#20188=CARTESIAN_POINT('',(1.13818241065092,15.9999999999991,1.6));
#20189=CARTESIAN_POINT('',(1.13818241065092,15.9999999999991,1.6));
#20190=CARTESIAN_POINT('',(1.13818241065092,15.9999999999991,2.1));
#20191=CARTESIAN_POINT('Origin',(1.13818241065092,15.4999999999991,2.1));
#20192=CARTESIAN_POINT('',(1.13818241065092,15.4999999999991,2.1));
#20193=CARTESIAN_POINT('',(1.13818241065092,15.4999999999991,2.1));
#20194=CARTESIAN_POINT('',(1.13818241065092,15.4999999999991,1.6));
#20195=CARTESIAN_POINT('',(1.13818241065092,15.4999999999991,1.6));
#20196=CARTESIAN_POINT('',(1.13818241065092,15.4999999999991,2.1));
#20197=CARTESIAN_POINT('Origin',(11.1381823957498,15.4999999999991,2.1));
#20198=CARTESIAN_POINT('',(11.1381823957498,15.4999999999991,2.1));
#20199=CARTESIAN_POINT('',(11.1381823957498,15.4999999999991,1.6));
#20200=CARTESIAN_POINT('Origin',(6.13818240320034,15.7499999999991,2.1));
#20201=CARTESIAN_POINT('Origin',(6.13818240320034,15.7499999999991,1.6));
#20202=CARTESIAN_POINT('Origin',(11.1381823957498,14.9999999999991,2.1));
#20203=CARTESIAN_POINT('',(11.1381823957498,14.9999999999991,2.1));
#20204=CARTESIAN_POINT('',(11.1381823957498,14.4999999999991,2.1));
#20205=CARTESIAN_POINT('',(11.1381823957498,14.9999999999991,2.1));
#20206=CARTESIAN_POINT('',(11.1381823957498,14.4999999999991,1.6));
#20207=CARTESIAN_POINT('',(11.1381823957498,14.4999999999991,2.1));
#20208=CARTESIAN_POINT('',(11.1381823957498,14.9999999999991,1.6));
#20209=CARTESIAN_POINT('',(11.1381823957498,14.9999999999991,1.6));
#20210=CARTESIAN_POINT('',(11.1381823957498,14.9999999999991,2.1));
#20211=CARTESIAN_POINT('Origin',(1.13818241065092,14.9999999999991,2.1));
#20212=CARTESIAN_POINT('',(1.13818241065092,14.9999999999991,2.1));
#20213=CARTESIAN_POINT('',(1.13818241065092,14.9999999999991,2.1));
#20214=CARTESIAN_POINT('',(1.13818241065092,14.9999999999991,1.6));
#20215=CARTESIAN_POINT('',(1.13818241065092,14.9999999999991,1.6));
#20216=CARTESIAN_POINT('',(1.13818241065092,14.9999999999991,2.1));
#20217=CARTESIAN_POINT('Origin',(1.13818241065092,14.4999999999991,2.1));
#20218=CARTESIAN_POINT('',(1.13818241065092,14.4999999999991,2.1));
#20219=CARTESIAN_POINT('',(1.13818241065092,14.4999999999991,2.1));
#20220=CARTESIAN_POINT('',(1.13818241065092,14.4999999999991,1.6));
#20221=CARTESIAN_POINT('',(1.13818241065092,14.4999999999991,1.6));
#20222=CARTESIAN_POINT('',(1.13818241065092,14.4999999999991,2.1));
#20223=CARTESIAN_POINT('Origin',(11.1381823957498,14.4999999999991,2.1));
#20224=CARTESIAN_POINT('',(11.1381823957498,14.4999999999991,2.1));
#20225=CARTESIAN_POINT('',(11.1381823957498,14.4999999999991,1.6));
#20226=CARTESIAN_POINT('Origin',(6.13818240320034,14.7499999999991,2.1));
#20227=CARTESIAN_POINT('Origin',(6.13818240320034,14.7499999999991,1.6));
#20228=CARTESIAN_POINT('Origin',(1.13818241065092,16.9999999999991,2.1));
#20229=CARTESIAN_POINT('',(11.1381823957498,16.9999999999991,2.1));
#20230=CARTESIAN_POINT('',(1.13818241065092,16.9999999999991,2.1));
#20231=CARTESIAN_POINT('',(11.1381823957498,16.9999999999991,2.1));
#20232=CARTESIAN_POINT('',(11.1381823957498,16.9999999999991,1.6));
#20233=CARTESIAN_POINT('',(11.1381823957498,16.9999999999991,2.1));
#20234=CARTESIAN_POINT('',(1.13818241065092,16.9999999999991,1.6));
#20235=CARTESIAN_POINT('',(11.1381823957498,16.9999999999991,1.6));
#20236=CARTESIAN_POINT('',(1.13818241065092,16.9999999999991,2.1));
#20237=CARTESIAN_POINT('Origin',(1.13818241065092,16.4999999999991,2.1));
#20238=CARTESIAN_POINT('',(1.13818241065092,16.4999999999991,2.1));
#20239=CARTESIAN_POINT('',(1.13818241065092,16.9999999999991,2.1));
#20240=CARTESIAN_POINT('',(1.13818241065092,16.4999999999991,1.6));
#20241=CARTESIAN_POINT('',(1.13818241065092,16.9999999999991,1.6));
#20242=CARTESIAN_POINT('',(1.13818241065092,16.4999999999991,2.1));
#20243=CARTESIAN_POINT('Origin',(11.1381823957498,16.4999999999991,2.1));
#20244=CARTESIAN_POINT('',(11.1381823957498,16.4999999999991,2.1));
#20245=CARTESIAN_POINT('',(1.13818241065092,16.4999999999991,2.1));
#20246=CARTESIAN_POINT('',(11.1381823957498,16.4999999999991,1.6));
#20247=CARTESIAN_POINT('',(1.13818241065092,16.4999999999991,1.6));
#20248=CARTESIAN_POINT('',(11.1381823957498,16.4999999999991,2.1));
#20249=CARTESIAN_POINT('Origin',(11.1381823957498,16.9999999999991,2.1));
#20250=CARTESIAN_POINT('',(11.1381823957498,16.4999999999991,2.1));
#20251=CARTESIAN_POINT('',(11.1381823957498,16.4999999999991,1.6));
#20252=CARTESIAN_POINT('Origin',(6.13818240320034,16.7499999999991,2.1));
#20253=CARTESIAN_POINT('Origin',(6.13818240320034,16.7499999999991,1.6));
#20254=CARTESIAN_POINT('Origin',(1.13818241065092,17.9999999999991,2.1));
#20255=CARTESIAN_POINT('',(11.1381823957498,17.9999999999991,2.1));
#20256=CARTESIAN_POINT('',(1.13818241065092,17.9999999999991,2.1));
#20257=CARTESIAN_POINT('',(11.1381823957498,17.9999999999991,2.1));
#20258=CARTESIAN_POINT('',(11.1381823957498,17.9999999999991,1.6));
#20259=CARTESIAN_POINT('',(11.1381823957498,17.9999999999991,2.1));
#20260=CARTESIAN_POINT('',(1.13818241065092,17.9999999999991,1.6));
#20261=CARTESIAN_POINT('',(11.1381823957498,17.9999999999991,1.6));
#20262=CARTESIAN_POINT('',(1.13818241065092,17.9999999999991,2.1));
#20263=CARTESIAN_POINT('Origin',(1.13818241065092,17.4999999999991,2.1));
#20264=CARTESIAN_POINT('',(1.13818241065092,17.4999999999991,2.1));
#20265=CARTESIAN_POINT('',(1.13818241065092,17.9999999999991,2.1));
#20266=CARTESIAN_POINT('',(1.13818241065092,17.4999999999991,1.6));
#20267=CARTESIAN_POINT('',(1.13818241065092,17.9999999999991,1.6));
#20268=CARTESIAN_POINT('',(1.13818241065092,17.4999999999991,2.1));
#20269=CARTESIAN_POINT('Origin',(11.1381823957498,17.4999999999991,2.1));
#20270=CARTESIAN_POINT('',(11.1381823957498,17.4999999999991,2.1));
#20271=CARTESIAN_POINT('',(1.13818241065092,17.4999999999991,2.1));
#20272=CARTESIAN_POINT('',(11.1381823957498,17.4999999999991,1.6));
#20273=CARTESIAN_POINT('',(1.13818241065092,17.4999999999991,1.6));
#20274=CARTESIAN_POINT('',(11.1381823957498,17.4999999999991,2.1));
#20275=CARTESIAN_POINT('Origin',(11.1381823957498,17.9999999999991,2.1));
#20276=CARTESIAN_POINT('',(11.1381823957498,17.4999999999991,2.1));
#20277=CARTESIAN_POINT('',(11.1381823957498,17.4999999999991,1.6));
#20278=CARTESIAN_POINT('Origin',(6.13818240320034,17.7499999999991,2.1));
#20279=CARTESIAN_POINT('Origin',(6.13818240320034,17.7499999999991,1.6));
#20280=CARTESIAN_POINT('Origin',(-11.1381823957498,-2.00000000000092,2.1));
#20281=CARTESIAN_POINT('',(-11.1381823957498,-2.00000000000092,2.1));
#20282=CARTESIAN_POINT('',(-11.1381823957498,-2.50000000000092,2.1));
#20283=CARTESIAN_POINT('',(-11.1381823957498,-2.00000000000092,2.1));
#20284=CARTESIAN_POINT('',(-11.1381823957498,-2.00000000000092,1.6));
#20285=CARTESIAN_POINT('',(-11.1381823957498,-2.00000000000092,2.1));
#20286=CARTESIAN_POINT('',(-11.1381823957498,-2.50000000000092,1.6));
#20287=CARTESIAN_POINT('',(-11.1381823957498,-2.00000000000092,1.6));
#20288=CARTESIAN_POINT('',(-11.1381823957498,-2.50000000000092,2.1));
#20289=CARTESIAN_POINT('Origin',(-1.13818241065092,-2.00000000000092,2.1));
#20290=CARTESIAN_POINT('',(-1.13818241065092,-2.00000000000092,2.1));
#20291=CARTESIAN_POINT('',(-1.13818241065092,-2.00000000000092,2.1));
#20292=CARTESIAN_POINT('',(-1.13818241065092,-2.00000000000092,1.6));
#20293=CARTESIAN_POINT('',(-1.13818241065092,-2.00000000000092,2.1));
#20294=CARTESIAN_POINT('',(-1.13818241065092,-2.00000000000092,1.6));
#20295=CARTESIAN_POINT('Origin',(-1.13818241065092,-2.50000000000092,2.1));
#20296=CARTESIAN_POINT('',(-1.13818241065092,-2.50000000000092,2.1));
#20297=CARTESIAN_POINT('',(-1.13818241065092,-2.50000000000092,2.1));
#20298=CARTESIAN_POINT('',(-1.13818241065092,-2.50000000000092,1.6));
#20299=CARTESIAN_POINT('',(-1.13818241065092,-2.50000000000092,2.1));
#20300=CARTESIAN_POINT('',(-1.13818241065092,-2.50000000000092,1.6));
#20301=CARTESIAN_POINT('Origin',(-11.1381823957498,-2.50000000000092,2.1));
#20302=CARTESIAN_POINT('',(-11.1381823957498,-2.50000000000092,2.1));
#20303=CARTESIAN_POINT('',(-11.1381823957498,-2.50000000000092,1.6));
#20304=CARTESIAN_POINT('Origin',(-6.13818240320034,-2.25000000000092,2.1));
#20305=CARTESIAN_POINT('Origin',(-6.13818240320034,-2.25000000000092,1.6));
#20306=CARTESIAN_POINT('Origin',(-1.13818241065092,-1.00000000000092,2.1));
#20307=CARTESIAN_POINT('',(-11.1381823957498,-1.00000000000092,2.1));
#20308=CARTESIAN_POINT('',(-1.13818241065092,-1.00000000000092,2.1));
#20309=CARTESIAN_POINT('',(-11.1381823957498,-1.00000000000092,2.1));
#20310=CARTESIAN_POINT('',(-1.13818241065092,-1.00000000000092,1.6));
#20311=CARTESIAN_POINT('',(-1.13818241065092,-1.00000000000092,2.1));
#20312=CARTESIAN_POINT('',(-11.1381823957498,-1.00000000000092,1.6));
#20313=CARTESIAN_POINT('',(-11.1381823957498,-1.00000000000092,1.6));
#20314=CARTESIAN_POINT('',(-11.1381823957498,-1.00000000000092,2.1));
#20315=CARTESIAN_POINT('Origin',(-1.13818241065092,-1.50000000000092,2.1));
#20316=CARTESIAN_POINT('',(-1.13818241065092,-1.50000000000092,2.1));
#20317=CARTESIAN_POINT('',(-1.13818241065092,-1.00000000000092,2.1));
#20318=CARTESIAN_POINT('',(-1.13818241065092,-1.50000000000092,1.6));
#20319=CARTESIAN_POINT('',(-1.13818241065092,-1.50000000000092,2.1));
#20320=CARTESIAN_POINT('',(-1.13818241065092,-1.00000000000092,1.6));
#20321=CARTESIAN_POINT('Origin',(-11.1381823957498,-1.50000000000092,2.1));
#20322=CARTESIAN_POINT('',(-11.1381823957498,-1.50000000000092,2.1));
#20323=CARTESIAN_POINT('',(-1.13818241065092,-1.50000000000092,2.1));
#20324=CARTESIAN_POINT('',(-11.1381823957498,-1.50000000000092,1.6));
#20325=CARTESIAN_POINT('',(-11.1381823957498,-1.50000000000092,2.1));
#20326=CARTESIAN_POINT('',(-1.13818241065092,-1.50000000000092,1.6));
#20327=CARTESIAN_POINT('Origin',(-11.1381823957498,-1.00000000000092,2.1));
#20328=CARTESIAN_POINT('',(-11.1381823957498,-1.50000000000092,2.1));
#20329=CARTESIAN_POINT('',(-11.1381823957498,-1.50000000000092,1.6));
#20330=CARTESIAN_POINT('Origin',(-6.13818240320034,-1.25000000000092,2.1));
#20331=CARTESIAN_POINT('Origin',(-6.13818240320034,-1.25000000000092,1.6));
#20332=CARTESIAN_POINT('Origin',(-11.1381823957498,-3.00000000000092,2.1));
#20333=CARTESIAN_POINT('',(-11.1381823957498,-3.00000000000092,2.1));
#20334=CARTESIAN_POINT('',(-11.1381823957498,-3.50000000000092,2.1));
#20335=CARTESIAN_POINT('',(-11.1381823957498,-3.00000000000092,2.1));
#20336=CARTESIAN_POINT('',(-11.1381823957498,-3.00000000000092,1.6));
#20337=CARTESIAN_POINT('',(-11.1381823957498,-3.00000000000092,2.1));
#20338=CARTESIAN_POINT('',(-11.1381823957498,-3.50000000000092,1.6));
#20339=CARTESIAN_POINT('',(-11.1381823957498,-3.00000000000092,1.6));
#20340=CARTESIAN_POINT('',(-11.1381823957498,-3.50000000000092,2.1));
#20341=CARTESIAN_POINT('Origin',(-1.13818241065092,-3.00000000000092,2.1));
#20342=CARTESIAN_POINT('',(-1.13818241065092,-3.00000000000092,2.1));
#20343=CARTESIAN_POINT('',(-1.13818241065092,-3.00000000000092,2.1));
#20344=CARTESIAN_POINT('',(-1.13818241065092,-3.00000000000092,1.6));
#20345=CARTESIAN_POINT('',(-1.13818241065092,-3.00000000000092,2.1));
#20346=CARTESIAN_POINT('',(-1.13818241065092,-3.00000000000092,1.6));
#20347=CARTESIAN_POINT('Origin',(-1.13818241065092,-3.50000000000092,2.1));
#20348=CARTESIAN_POINT('',(-1.13818241065092,-3.50000000000092,2.1));
#20349=CARTESIAN_POINT('',(-1.13818241065092,-3.50000000000092,2.1));
#20350=CARTESIAN_POINT('',(-1.13818241065092,-3.50000000000092,1.6));
#20351=CARTESIAN_POINT('',(-1.13818241065092,-3.50000000000092,2.1));
#20352=CARTESIAN_POINT('',(-1.13818241065092,-3.50000000000092,1.6));
#20353=CARTESIAN_POINT('Origin',(-11.1381823957498,-3.50000000000092,2.1));
#20354=CARTESIAN_POINT('',(-11.1381823957498,-3.50000000000092,2.1));
#20355=CARTESIAN_POINT('',(-11.1381823957498,-3.50000000000092,1.6));
#20356=CARTESIAN_POINT('Origin',(-6.13818240320034,-3.25000000000092,2.1));
#20357=CARTESIAN_POINT('Origin',(-6.13818240320034,-3.25000000000092,1.6));
#20358=CARTESIAN_POINT('Origin',(-1.13818241065092,-9.2370555648813E-13,
2.1));
#20359=CARTESIAN_POINT('',(-11.1381823957498,-9.2370555648813E-13,2.1));
#20360=CARTESIAN_POINT('',(-1.13818241065092,-9.2370555648813E-13,2.1));
#20361=CARTESIAN_POINT('',(-11.1381823957498,-9.2370555648813E-13,2.1));
#20362=CARTESIAN_POINT('',(-1.13818241065092,-9.2370555648813E-13,1.6));
#20363=CARTESIAN_POINT('',(-1.13818241065092,-9.2370555648813E-13,2.1));
#20364=CARTESIAN_POINT('',(-11.1381823957498,-9.2370555648813E-13,1.6));
#20365=CARTESIAN_POINT('',(-11.1381823957498,-9.2370555648813E-13,1.6));
#20366=CARTESIAN_POINT('',(-11.1381823957498,-9.2370555648813E-13,2.1));
#20367=CARTESIAN_POINT('Origin',(-1.13818241065092,-0.500000000000924,2.1));
#20368=CARTESIAN_POINT('',(-1.13818241065092,-0.500000000000924,2.1));
#20369=CARTESIAN_POINT('',(-1.13818241065092,-9.2370555648813E-13,2.1));
#20370=CARTESIAN_POINT('',(-1.13818241065092,-0.500000000000924,1.6));
#20371=CARTESIAN_POINT('',(-1.13818241065092,-0.500000000000924,2.1));
#20372=CARTESIAN_POINT('',(-1.13818241065092,-9.2370555648813E-13,1.6));
#20373=CARTESIAN_POINT('Origin',(-11.1381823957498,-0.500000000000924,2.1));
#20374=CARTESIAN_POINT('',(-11.1381823957498,-0.500000000000924,2.1));
#20375=CARTESIAN_POINT('',(-1.13818241065092,-0.500000000000924,2.1));
#20376=CARTESIAN_POINT('',(-11.1381823957498,-0.500000000000924,1.6));
#20377=CARTESIAN_POINT('',(-11.1381823957498,-0.500000000000924,2.1));
#20378=CARTESIAN_POINT('',(-1.13818241065092,-0.500000000000924,1.6));
#20379=CARTESIAN_POINT('Origin',(-11.1381823957498,-9.2370555648813E-13,
2.1));
#20380=CARTESIAN_POINT('',(-11.1381823957498,-0.500000000000924,2.1));
#20381=CARTESIAN_POINT('',(-11.1381823957498,-0.500000000000924,1.6));
#20382=CARTESIAN_POINT('Origin',(-6.13818240320034,-0.250000000000924,2.1));
#20383=CARTESIAN_POINT('Origin',(-6.13818240320034,-0.250000000000924,1.6));
#20384=CARTESIAN_POINT('Origin',(-11.1381823957498,-8.00000000000092,2.1));
#20385=CARTESIAN_POINT('',(-11.1381823957498,-8.00000000000092,2.1));
#20386=CARTESIAN_POINT('',(-11.1381823957498,-8.50000000000092,2.1));
#20387=CARTESIAN_POINT('',(-11.1381823957498,-8.00000000000092,2.1));
#20388=CARTESIAN_POINT('',(-11.1381823957498,-8.00000000000092,1.6));
#20389=CARTESIAN_POINT('',(-11.1381823957498,-8.00000000000092,2.1));
#20390=CARTESIAN_POINT('',(-11.1381823957498,-8.50000000000092,1.6));
#20391=CARTESIAN_POINT('',(-11.1381823957498,-8.00000000000092,1.6));
#20392=CARTESIAN_POINT('',(-11.1381823957498,-8.50000000000092,2.1));
#20393=CARTESIAN_POINT('Origin',(-1.13818241065092,-8.00000000000092,2.1));
#20394=CARTESIAN_POINT('',(-1.13818241065092,-8.00000000000092,2.1));
#20395=CARTESIAN_POINT('',(-1.13818241065092,-8.00000000000092,2.1));
#20396=CARTESIAN_POINT('',(-1.13818241065092,-8.00000000000092,1.6));
#20397=CARTESIAN_POINT('',(-1.13818241065092,-8.00000000000092,2.1));
#20398=CARTESIAN_POINT('',(-1.13818241065092,-8.00000000000092,1.6));
#20399=CARTESIAN_POINT('Origin',(-1.13818241065092,-8.50000000000092,2.1));
#20400=CARTESIAN_POINT('',(-1.13818241065092,-8.50000000000092,2.1));
#20401=CARTESIAN_POINT('',(-1.13818241065092,-8.50000000000092,2.1));
#20402=CARTESIAN_POINT('',(-1.13818241065092,-8.50000000000092,1.6));
#20403=CARTESIAN_POINT('',(-1.13818241065092,-8.50000000000092,2.1));
#20404=CARTESIAN_POINT('',(-1.13818241065092,-8.50000000000092,1.6));
#20405=CARTESIAN_POINT('Origin',(-11.1381823957498,-8.50000000000092,2.1));
#20406=CARTESIAN_POINT('',(-11.1381823957498,-8.50000000000092,2.1));
#20407=CARTESIAN_POINT('',(-11.1381823957498,-8.50000000000092,1.6));
#20408=CARTESIAN_POINT('Origin',(-6.13818240320034,-8.25000000000092,2.1));
#20409=CARTESIAN_POINT('Origin',(-6.13818240320034,-8.25000000000092,1.6));
#20410=CARTESIAN_POINT('Origin',(-11.1381823957498,-9.00000000000093,2.1));
#20411=CARTESIAN_POINT('',(-11.1381823957498,-9.00000000000093,2.1));
#20412=CARTESIAN_POINT('',(-11.1381823957498,-9.50000000000092,2.1));
#20413=CARTESIAN_POINT('',(-11.1381823957498,-9.00000000000093,2.1));
#20414=CARTESIAN_POINT('',(-11.1381823957498,-9.00000000000093,1.6));
#20415=CARTESIAN_POINT('',(-11.1381823957498,-9.00000000000093,2.1));
#20416=CARTESIAN_POINT('',(-11.1381823957498,-9.50000000000092,1.6));
#20417=CARTESIAN_POINT('',(-11.1381823957498,-9.00000000000093,1.6));
#20418=CARTESIAN_POINT('',(-11.1381823957498,-9.50000000000092,2.1));
#20419=CARTESIAN_POINT('Origin',(-1.13818241065092,-9.00000000000093,2.1));
#20420=CARTESIAN_POINT('',(-1.13818241065092,-9.00000000000093,2.1));
#20421=CARTESIAN_POINT('',(-1.13818241065092,-9.00000000000093,2.1));
#20422=CARTESIAN_POINT('',(-1.13818241065092,-9.00000000000093,1.6));
#20423=CARTESIAN_POINT('',(-1.13818241065092,-9.00000000000093,2.1));
#20424=CARTESIAN_POINT('',(-1.13818241065092,-9.00000000000093,1.6));
#20425=CARTESIAN_POINT('Origin',(-1.13818241065092,-9.50000000000092,2.1));
#20426=CARTESIAN_POINT('',(-1.13818241065092,-9.50000000000092,2.1));
#20427=CARTESIAN_POINT('',(-1.13818241065092,-9.50000000000092,2.1));
#20428=CARTESIAN_POINT('',(-1.13818241065092,-9.50000000000092,1.6));
#20429=CARTESIAN_POINT('',(-1.13818241065092,-9.50000000000092,2.1));
#20430=CARTESIAN_POINT('',(-1.13818241065092,-9.50000000000092,1.6));
#20431=CARTESIAN_POINT('Origin',(-11.1381823957498,-9.50000000000092,2.1));
#20432=CARTESIAN_POINT('',(-11.1381823957498,-9.50000000000092,2.1));
#20433=CARTESIAN_POINT('',(-11.1381823957498,-9.50000000000092,1.6));
#20434=CARTESIAN_POINT('Origin',(-6.13818240320034,-9.25000000000092,2.1));
#20435=CARTESIAN_POINT('Origin',(-6.13818240320034,-9.25000000000092,1.6));
#20436=CARTESIAN_POINT('Origin',(-1.13818241065092,-7.00000000000092,2.1));
#20437=CARTESIAN_POINT('',(-11.1381823957498,-7.00000000000092,2.1));
#20438=CARTESIAN_POINT('',(-1.13818241065092,-7.00000000000092,2.1));
#20439=CARTESIAN_POINT('',(-11.1381823957498,-7.00000000000092,2.1));
#20440=CARTESIAN_POINT('',(-1.13818241065092,-7.00000000000092,1.6));
#20441=CARTESIAN_POINT('',(-1.13818241065092,-7.00000000000092,2.1));
#20442=CARTESIAN_POINT('',(-11.1381823957498,-7.00000000000092,1.6));
#20443=CARTESIAN_POINT('',(-11.1381823957498,-7.00000000000092,1.6));
#20444=CARTESIAN_POINT('',(-11.1381823957498,-7.00000000000092,2.1));
#20445=CARTESIAN_POINT('Origin',(-1.13818241065092,-7.50000000000092,2.1));
#20446=CARTESIAN_POINT('',(-1.13818241065092,-7.50000000000092,2.1));
#20447=CARTESIAN_POINT('',(-1.13818241065092,-7.00000000000092,2.1));
#20448=CARTESIAN_POINT('',(-1.13818241065092,-7.50000000000092,1.6));
#20449=CARTESIAN_POINT('',(-1.13818241065092,-7.50000000000092,2.1));
#20450=CARTESIAN_POINT('',(-1.13818241065092,-7.00000000000092,1.6));
#20451=CARTESIAN_POINT('Origin',(-11.1381823957498,-7.50000000000092,2.1));
#20452=CARTESIAN_POINT('',(-11.1381823957498,-7.50000000000092,2.1));
#20453=CARTESIAN_POINT('',(-1.13818241065092,-7.50000000000092,2.1));
#20454=CARTESIAN_POINT('',(-11.1381823957498,-7.50000000000092,1.6));
#20455=CARTESIAN_POINT('',(-11.1381823957498,-7.50000000000092,2.1));
#20456=CARTESIAN_POINT('',(-1.13818241065092,-7.50000000000092,1.6));
#20457=CARTESIAN_POINT('Origin',(-11.1381823957498,-7.00000000000092,2.1));
#20458=CARTESIAN_POINT('',(-11.1381823957498,-7.50000000000092,2.1));
#20459=CARTESIAN_POINT('',(-11.1381823957498,-7.50000000000092,1.6));
#20460=CARTESIAN_POINT('Origin',(-6.13818240320034,-7.25000000000092,2.1));
#20461=CARTESIAN_POINT('Origin',(-6.13818240320034,-7.25000000000092,1.6));
#20462=CARTESIAN_POINT('Origin',(-1.13818241065092,-6.00000000000092,2.1));
#20463=CARTESIAN_POINT('',(-11.1381823957498,-6.00000000000092,2.1));
#20464=CARTESIAN_POINT('',(-1.13818241065092,-6.00000000000092,2.1));
#20465=CARTESIAN_POINT('',(-11.1381823957498,-6.00000000000092,2.1));
#20466=CARTESIAN_POINT('',(-1.13818241065092,-6.00000000000092,1.6));
#20467=CARTESIAN_POINT('',(-1.13818241065092,-6.00000000000092,2.1));
#20468=CARTESIAN_POINT('',(-11.1381823957498,-6.00000000000092,1.6));
#20469=CARTESIAN_POINT('',(-11.1381823957498,-6.00000000000092,1.6));
#20470=CARTESIAN_POINT('',(-11.1381823957498,-6.00000000000092,2.1));
#20471=CARTESIAN_POINT('Origin',(-1.13818241065092,-6.50000000000093,2.1));
#20472=CARTESIAN_POINT('',(-1.13818241065092,-6.50000000000093,2.1));
#20473=CARTESIAN_POINT('',(-1.13818241065092,-6.00000000000092,2.1));
#20474=CARTESIAN_POINT('',(-1.13818241065092,-6.50000000000093,1.6));
#20475=CARTESIAN_POINT('',(-1.13818241065092,-6.50000000000093,2.1));
#20476=CARTESIAN_POINT('',(-1.13818241065092,-6.00000000000092,1.6));
#20477=CARTESIAN_POINT('Origin',(-11.1381823957498,-6.50000000000093,2.1));
#20478=CARTESIAN_POINT('',(-11.1381823957498,-6.50000000000093,2.1));
#20479=CARTESIAN_POINT('',(-1.13818241065092,-6.50000000000093,2.1));
#20480=CARTESIAN_POINT('',(-11.1381823957498,-6.50000000000093,1.6));
#20481=CARTESIAN_POINT('',(-11.1381823957498,-6.50000000000093,2.1));
#20482=CARTESIAN_POINT('',(-1.13818241065092,-6.50000000000093,1.6));
#20483=CARTESIAN_POINT('Origin',(-11.1381823957498,-6.00000000000092,2.1));
#20484=CARTESIAN_POINT('',(-11.1381823957498,-6.50000000000093,2.1));
#20485=CARTESIAN_POINT('',(-11.1381823957498,-6.50000000000093,1.6));
#20486=CARTESIAN_POINT('Origin',(-6.13818240320034,-6.25000000000092,2.1));
#20487=CARTESIAN_POINT('Origin',(-6.13818240320034,-6.25000000000092,1.6));
#20488=CARTESIAN_POINT('Origin',(-11.1381823957498,-14.0000000000009,2.1));
#20489=CARTESIAN_POINT('',(-11.1381823957498,-14.0000000000009,2.1));
#20490=CARTESIAN_POINT('',(-11.1381823957498,-14.5000000000009,2.1));
#20491=CARTESIAN_POINT('',(-11.1381823957498,-14.0000000000009,2.1));
#20492=CARTESIAN_POINT('',(-11.1381823957498,-14.0000000000009,1.6));
#20493=CARTESIAN_POINT('',(-11.1381823957498,-14.0000000000009,2.1));
#20494=CARTESIAN_POINT('',(-11.1381823957498,-14.5000000000009,1.6));
#20495=CARTESIAN_POINT('',(-11.1381823957498,-14.0000000000009,1.6));
#20496=CARTESIAN_POINT('',(-11.1381823957498,-14.5000000000009,2.1));
#20497=CARTESIAN_POINT('Origin',(-1.13818241065092,-14.0000000000009,2.1));
#20498=CARTESIAN_POINT('',(-1.13818241065092,-14.0000000000009,2.1));
#20499=CARTESIAN_POINT('',(-1.13818241065092,-14.0000000000009,2.1));
#20500=CARTESIAN_POINT('',(-1.13818241065092,-14.0000000000009,1.6));
#20501=CARTESIAN_POINT('',(-1.13818241065092,-14.0000000000009,2.1));
#20502=CARTESIAN_POINT('',(-1.13818241065092,-14.0000000000009,1.6));
#20503=CARTESIAN_POINT('Origin',(-1.13818241065092,-14.5000000000009,2.1));
#20504=CARTESIAN_POINT('',(-1.13818241065092,-14.5000000000009,2.1));
#20505=CARTESIAN_POINT('',(-1.13818241065092,-14.5000000000009,2.1));
#20506=CARTESIAN_POINT('',(-1.13818241065092,-14.5000000000009,1.6));
#20507=CARTESIAN_POINT('',(-1.13818241065092,-14.5000000000009,2.1));
#20508=CARTESIAN_POINT('',(-1.13818241065092,-14.5000000000009,1.6));
#20509=CARTESIAN_POINT('Origin',(-11.1381823957498,-14.5000000000009,2.1));
#20510=CARTESIAN_POINT('',(-11.1381823957498,-14.5000000000009,2.1));
#20511=CARTESIAN_POINT('',(-11.1381823957498,-14.5000000000009,1.6));
#20512=CARTESIAN_POINT('Origin',(-6.13818240320034,-14.2500000000009,2.1));
#20513=CARTESIAN_POINT('Origin',(-6.13818240320034,-14.2500000000009,1.6));
#20514=CARTESIAN_POINT('Origin',(-1.13818241065092,-12.0000000000009,2.1));
#20515=CARTESIAN_POINT('',(-11.1381823957498,-12.0000000000009,2.1));
#20516=CARTESIAN_POINT('',(-1.13818241065092,-12.0000000000009,2.1));
#20517=CARTESIAN_POINT('',(-11.1381823957498,-12.0000000000009,2.1));
#20518=CARTESIAN_POINT('',(-1.13818241065092,-12.0000000000009,1.6));
#20519=CARTESIAN_POINT('',(-1.13818241065092,-12.0000000000009,2.1));
#20520=CARTESIAN_POINT('',(-11.1381823957498,-12.0000000000009,1.6));
#20521=CARTESIAN_POINT('',(-11.1381823957498,-12.0000000000009,1.6));
#20522=CARTESIAN_POINT('',(-11.1381823957498,-12.0000000000009,2.1));
#20523=CARTESIAN_POINT('Origin',(-1.13818241065092,-12.5000000000009,2.1));
#20524=CARTESIAN_POINT('',(-1.13818241065092,-12.5000000000009,2.1));
#20525=CARTESIAN_POINT('',(-1.13818241065092,-12.0000000000009,2.1));
#20526=CARTESIAN_POINT('',(-1.13818241065092,-12.5000000000009,1.6));
#20527=CARTESIAN_POINT('',(-1.13818241065092,-12.5000000000009,2.1));
#20528=CARTESIAN_POINT('',(-1.13818241065092,-12.0000000000009,1.6));
#20529=CARTESIAN_POINT('Origin',(-11.1381823957498,-12.5000000000009,2.1));
#20530=CARTESIAN_POINT('',(-11.1381823957498,-12.5000000000009,2.1));
#20531=CARTESIAN_POINT('',(-1.13818241065092,-12.5000000000009,2.1));
#20532=CARTESIAN_POINT('',(-11.1381823957498,-12.5000000000009,1.6));
#20533=CARTESIAN_POINT('',(-11.1381823957498,-12.5000000000009,2.1));
#20534=CARTESIAN_POINT('',(-1.13818241065092,-12.5000000000009,1.6));
#20535=CARTESIAN_POINT('Origin',(-11.1381823957498,-12.0000000000009,2.1));
#20536=CARTESIAN_POINT('',(-11.1381823957498,-12.5000000000009,2.1));
#20537=CARTESIAN_POINT('',(-11.1381823957498,-12.5000000000009,1.6));
#20538=CARTESIAN_POINT('Origin',(-6.13818240320034,-12.2500000000009,2.1));
#20539=CARTESIAN_POINT('Origin',(-6.13818240320034,-12.2500000000009,1.6));
#20540=CARTESIAN_POINT('Origin',(-11.1381823957498,-15.0000000000009,2.1));
#20541=CARTESIAN_POINT('',(-11.1381823957498,-15.0000000000009,2.1));
#20542=CARTESIAN_POINT('',(-11.1381823957498,-15.5000000000009,2.1));
#20543=CARTESIAN_POINT('',(-11.1381823957498,-15.0000000000009,2.1));
#20544=CARTESIAN_POINT('',(-11.1381823957498,-15.0000000000009,1.6));
#20545=CARTESIAN_POINT('',(-11.1381823957498,-15.0000000000009,2.1));
#20546=CARTESIAN_POINT('',(-11.1381823957498,-15.5000000000009,1.6));
#20547=CARTESIAN_POINT('',(-11.1381823957498,-15.0000000000009,1.6));
#20548=CARTESIAN_POINT('',(-11.1381823957498,-15.5000000000009,2.1));
#20549=CARTESIAN_POINT('Origin',(-1.13818241065092,-15.0000000000009,2.1));
#20550=CARTESIAN_POINT('',(-1.13818241065092,-15.0000000000009,2.1));
#20551=CARTESIAN_POINT('',(-1.13818241065092,-15.0000000000009,2.1));
#20552=CARTESIAN_POINT('',(-1.13818241065092,-15.0000000000009,1.6));
#20553=CARTESIAN_POINT('',(-1.13818241065092,-15.0000000000009,2.1));
#20554=CARTESIAN_POINT('',(-1.13818241065092,-15.0000000000009,1.6));
#20555=CARTESIAN_POINT('Origin',(-1.13818241065092,-15.5000000000009,2.1));
#20556=CARTESIAN_POINT('',(-1.13818241065092,-15.5000000000009,2.1));
#20557=CARTESIAN_POINT('',(-1.13818241065092,-15.5000000000009,2.1));
#20558=CARTESIAN_POINT('',(-1.13818241065092,-15.5000000000009,1.6));
#20559=CARTESIAN_POINT('',(-1.13818241065092,-15.5000000000009,2.1));
#20560=CARTESIAN_POINT('',(-1.13818241065092,-15.5000000000009,1.6));
#20561=CARTESIAN_POINT('Origin',(-11.1381823957498,-15.5000000000009,2.1));
#20562=CARTESIAN_POINT('',(-11.1381823957498,-15.5000000000009,2.1));
#20563=CARTESIAN_POINT('',(-11.1381823957498,-15.5000000000009,1.6));
#20564=CARTESIAN_POINT('Origin',(-6.13818240320034,-15.2500000000009,2.1));
#20565=CARTESIAN_POINT('Origin',(-6.13818240320034,-15.2500000000009,1.6));
#20566=CARTESIAN_POINT('Origin',(-1.13818241065092,-13.0000000000009,2.1));
#20567=CARTESIAN_POINT('',(-11.1381823957498,-13.0000000000009,2.1));
#20568=CARTESIAN_POINT('',(-1.13818241065092,-13.0000000000009,2.1));
#20569=CARTESIAN_POINT('',(-11.1381823957498,-13.0000000000009,2.1));
#20570=CARTESIAN_POINT('',(-1.13818241065092,-13.0000000000009,1.6));
#20571=CARTESIAN_POINT('',(-1.13818241065092,-13.0000000000009,2.1));
#20572=CARTESIAN_POINT('',(-11.1381823957498,-13.0000000000009,1.6));
#20573=CARTESIAN_POINT('',(-11.1381823957498,-13.0000000000009,1.6));
#20574=CARTESIAN_POINT('',(-11.1381823957498,-13.0000000000009,2.1));
#20575=CARTESIAN_POINT('Origin',(-1.13818241065092,-13.5000000000009,2.1));
#20576=CARTESIAN_POINT('',(-1.13818241065092,-13.5000000000009,2.1));
#20577=CARTESIAN_POINT('',(-1.13818241065092,-13.0000000000009,2.1));
#20578=CARTESIAN_POINT('',(-1.13818241065092,-13.5000000000009,1.6));
#20579=CARTESIAN_POINT('',(-1.13818241065092,-13.5000000000009,2.1));
#20580=CARTESIAN_POINT('',(-1.13818241065092,-13.0000000000009,1.6));
#20581=CARTESIAN_POINT('Origin',(-11.1381823957498,-13.5000000000009,2.1));
#20582=CARTESIAN_POINT('',(-11.1381823957498,-13.5000000000009,2.1));
#20583=CARTESIAN_POINT('',(-1.13818241065092,-13.5000000000009,2.1));
#20584=CARTESIAN_POINT('',(-11.1381823957498,-13.5000000000009,1.6));
#20585=CARTESIAN_POINT('',(-11.1381823957498,-13.5000000000009,2.1));
#20586=CARTESIAN_POINT('',(-1.13818241065092,-13.5000000000009,1.6));
#20587=CARTESIAN_POINT('Origin',(-11.1381823957498,-13.0000000000009,2.1));
#20588=CARTESIAN_POINT('',(-11.1381823957498,-13.5000000000009,2.1));
#20589=CARTESIAN_POINT('',(-11.1381823957498,-13.5000000000009,1.6));
#20590=CARTESIAN_POINT('Origin',(-6.13818240320034,-13.2500000000009,2.1));
#20591=CARTESIAN_POINT('Origin',(-6.13818240320034,-13.2500000000009,1.6));
#20592=CARTESIAN_POINT('Origin',(-11.1381823957498,-20.0000000000009,2.1));
#20593=CARTESIAN_POINT('',(-11.1381823957498,-20.0000000000009,2.1));
#20594=CARTESIAN_POINT('',(-11.1381823957498,-20.5000000000009,2.1));
#20595=CARTESIAN_POINT('',(-11.1381823957498,-20.0000000000009,2.1));
#20596=CARTESIAN_POINT('',(-11.1381823957498,-20.0000000000009,1.6));
#20597=CARTESIAN_POINT('',(-11.1381823957498,-20.0000000000009,2.1));
#20598=CARTESIAN_POINT('',(-11.1381823957498,-20.5000000000009,1.6));
#20599=CARTESIAN_POINT('',(-11.1381823957498,-20.0000000000009,1.6));
#20600=CARTESIAN_POINT('',(-11.1381823957498,-20.5000000000009,2.1));
#20601=CARTESIAN_POINT('Origin',(-1.13818241065092,-20.0000000000009,2.1));
#20602=CARTESIAN_POINT('',(-1.13818241065092,-20.0000000000009,2.1));
#20603=CARTESIAN_POINT('',(-1.13818241065092,-20.0000000000009,2.1));
#20604=CARTESIAN_POINT('',(-1.13818241065092,-20.0000000000009,1.6));
#20605=CARTESIAN_POINT('',(-1.13818241065092,-20.0000000000009,2.1));
#20606=CARTESIAN_POINT('',(-1.13818241065092,-20.0000000000009,1.6));
#20607=CARTESIAN_POINT('Origin',(-1.13818241065092,-20.5000000000009,2.1));
#20608=CARTESIAN_POINT('',(-1.13818241065092,-20.5000000000009,2.1));
#20609=CARTESIAN_POINT('',(-1.13818241065092,-20.5000000000009,2.1));
#20610=CARTESIAN_POINT('',(-1.13818241065092,-20.5000000000009,1.6));
#20611=CARTESIAN_POINT('',(-1.13818241065092,-20.5000000000009,2.1));
#20612=CARTESIAN_POINT('',(-1.13818241065092,-20.5000000000009,1.6));
#20613=CARTESIAN_POINT('Origin',(-11.1381823957498,-20.5000000000009,2.1));
#20614=CARTESIAN_POINT('',(-11.1381823957498,-20.5000000000009,2.1));
#20615=CARTESIAN_POINT('',(-11.1381823957498,-20.5000000000009,1.6));
#20616=CARTESIAN_POINT('Origin',(-6.13818240320034,-20.2500000000009,2.1));
#20617=CARTESIAN_POINT('Origin',(-6.13818240320034,-20.2500000000009,1.6));
#20618=CARTESIAN_POINT('Origin',(-1.13818241065092,-19.0000000000009,2.1));
#20619=CARTESIAN_POINT('',(-11.1381823957498,-19.0000000000009,2.1));
#20620=CARTESIAN_POINT('',(-1.13818241065092,-19.0000000000009,2.1));
#20621=CARTESIAN_POINT('',(-11.1381823957498,-19.0000000000009,2.1));
#20622=CARTESIAN_POINT('',(-1.13818241065092,-19.0000000000009,1.6));
#20623=CARTESIAN_POINT('',(-1.13818241065092,-19.0000000000009,2.1));
#20624=CARTESIAN_POINT('',(-11.1381823957498,-19.0000000000009,1.6));
#20625=CARTESIAN_POINT('',(-11.1381823957498,-19.0000000000009,1.6));
#20626=CARTESIAN_POINT('',(-11.1381823957498,-19.0000000000009,2.1));
#20627=CARTESIAN_POINT('Origin',(-1.13818241065092,-19.5000000000009,2.1));
#20628=CARTESIAN_POINT('',(-1.13818241065092,-19.5000000000009,2.1));
#20629=CARTESIAN_POINT('',(-1.13818241065092,-19.0000000000009,2.1));
#20630=CARTESIAN_POINT('',(-1.13818241065092,-19.5000000000009,1.6));
#20631=CARTESIAN_POINT('',(-1.13818241065092,-19.5000000000009,2.1));
#20632=CARTESIAN_POINT('',(-1.13818241065092,-19.0000000000009,1.6));
#20633=CARTESIAN_POINT('Origin',(-11.1381823957498,-19.5000000000009,2.1));
#20634=CARTESIAN_POINT('',(-11.1381823957498,-19.5000000000009,2.1));
#20635=CARTESIAN_POINT('',(-1.13818241065092,-19.5000000000009,2.1));
#20636=CARTESIAN_POINT('',(-11.1381823957498,-19.5000000000009,1.6));
#20637=CARTESIAN_POINT('',(-11.1381823957498,-19.5000000000009,2.1));
#20638=CARTESIAN_POINT('',(-1.13818241065092,-19.5000000000009,1.6));
#20639=CARTESIAN_POINT('Origin',(-11.1381823957498,-19.0000000000009,2.1));
#20640=CARTESIAN_POINT('',(-11.1381823957498,-19.5000000000009,2.1));
#20641=CARTESIAN_POINT('',(-11.1381823957498,-19.5000000000009,1.6));
#20642=CARTESIAN_POINT('Origin',(-6.13818240320034,-19.2500000000009,2.1));
#20643=CARTESIAN_POINT('Origin',(-6.13818240320034,-19.2500000000009,1.6));
#20644=CARTESIAN_POINT('Origin',(-1.13818241065092,-18.0000000000009,2.1));
#20645=CARTESIAN_POINT('',(-11.1381823957498,-18.0000000000009,2.1));
#20646=CARTESIAN_POINT('',(-1.13818241065092,-18.0000000000009,2.1));
#20647=CARTESIAN_POINT('',(-11.1381823957498,-18.0000000000009,2.1));
#20648=CARTESIAN_POINT('',(-1.13818241065092,-18.0000000000009,1.6));
#20649=CARTESIAN_POINT('',(-1.13818241065092,-18.0000000000009,2.1));
#20650=CARTESIAN_POINT('',(-11.1381823957498,-18.0000000000009,1.6));
#20651=CARTESIAN_POINT('',(-11.1381823957498,-18.0000000000009,1.6));
#20652=CARTESIAN_POINT('',(-11.1381823957498,-18.0000000000009,2.1));
#20653=CARTESIAN_POINT('Origin',(-1.13818241065092,-18.5000000000009,2.1));
#20654=CARTESIAN_POINT('',(-1.13818241065092,-18.5000000000009,2.1));
#20655=CARTESIAN_POINT('',(-1.13818241065092,-18.0000000000009,2.1));
#20656=CARTESIAN_POINT('',(-1.13818241065092,-18.5000000000009,1.6));
#20657=CARTESIAN_POINT('',(-1.13818241065092,-18.5000000000009,2.1));
#20658=CARTESIAN_POINT('',(-1.13818241065092,-18.0000000000009,1.6));
#20659=CARTESIAN_POINT('Origin',(-11.1381823957498,-18.5000000000009,2.1));
#20660=CARTESIAN_POINT('',(-11.1381823957498,-18.5000000000009,2.1));
#20661=CARTESIAN_POINT('',(-1.13818241065092,-18.5000000000009,2.1));
#20662=CARTESIAN_POINT('',(-11.1381823957498,-18.5000000000009,1.6));
#20663=CARTESIAN_POINT('',(-11.1381823957498,-18.5000000000009,2.1));
#20664=CARTESIAN_POINT('',(-1.13818241065092,-18.5000000000009,1.6));
#20665=CARTESIAN_POINT('Origin',(-11.1381823957498,-18.0000000000009,2.1));
#20666=CARTESIAN_POINT('',(-11.1381823957498,-18.5000000000009,2.1));
#20667=CARTESIAN_POINT('',(-11.1381823957498,-18.5000000000009,1.6));
#20668=CARTESIAN_POINT('Origin',(-6.13818240320034,-18.2500000000009,2.1));
#20669=CARTESIAN_POINT('Origin',(-6.13818240320034,-18.2500000000009,1.6));
#20670=CARTESIAN_POINT('Origin',(-11.1381823957498,-21.0000000000009,2.1));
#20671=CARTESIAN_POINT('',(-11.1381823957498,-21.0000000000009,2.1));
#20672=CARTESIAN_POINT('',(-11.1381823957498,-21.5000000000009,2.1));
#20673=CARTESIAN_POINT('',(-11.1381823957498,-21.0000000000009,2.1));
#20674=CARTESIAN_POINT('',(-11.1381823957498,-21.0000000000009,1.6));
#20675=CARTESIAN_POINT('',(-11.1381823957498,-21.0000000000009,2.1));
#20676=CARTESIAN_POINT('',(-11.1381823957498,-21.5000000000009,1.6));
#20677=CARTESIAN_POINT('',(-11.1381823957498,-21.0000000000009,1.6));
#20678=CARTESIAN_POINT('',(-11.1381823957498,-21.5000000000009,2.1));
#20679=CARTESIAN_POINT('Origin',(-1.13818241065092,-21.0000000000009,2.1));
#20680=CARTESIAN_POINT('',(-1.13818241065092,-21.0000000000009,2.1));
#20681=CARTESIAN_POINT('',(-1.13818241065092,-21.0000000000009,2.1));
#20682=CARTESIAN_POINT('',(-1.13818241065092,-21.0000000000009,1.6));
#20683=CARTESIAN_POINT('',(-1.13818241065092,-21.0000000000009,2.1));
#20684=CARTESIAN_POINT('',(-1.13818241065092,-21.0000000000009,1.6));
#20685=CARTESIAN_POINT('Origin',(-1.13818241065092,-21.5000000000009,2.1));
#20686=CARTESIAN_POINT('',(-1.13818241065092,-21.5000000000009,2.1));
#20687=CARTESIAN_POINT('',(-1.13818241065092,-21.5000000000009,2.1));
#20688=CARTESIAN_POINT('',(-1.13818241065092,-21.5000000000009,1.6));
#20689=CARTESIAN_POINT('',(-1.13818241065092,-21.5000000000009,2.1));
#20690=CARTESIAN_POINT('',(-1.13818241065092,-21.5000000000009,1.6));
#20691=CARTESIAN_POINT('Origin',(-11.1381823957498,-21.5000000000009,2.1));
#20692=CARTESIAN_POINT('',(-11.1381823957498,-21.5000000000009,2.1));
#20693=CARTESIAN_POINT('',(-11.1381823957498,-21.5000000000009,1.6));
#20694=CARTESIAN_POINT('Origin',(-6.13818240320034,-21.2500000000009,2.1));
#20695=CARTESIAN_POINT('Origin',(-6.13818240320034,-21.2500000000009,1.6));
#20696=CARTESIAN_POINT('Origin',(-11.1381823957498,-2.00000000000092,2.1));
#20697=CARTESIAN_POINT('',(-11.1381823957498,-2.00000000000092,2.1));
#20698=CARTESIAN_POINT('',(-11.1381823957498,-2.50000000000092,2.1));
#20699=CARTESIAN_POINT('',(-11.1381823957498,-2.00000000000092,2.1));
#20700=CARTESIAN_POINT('',(-11.1381823957498,-2.00000000000092,1.6));
#20701=CARTESIAN_POINT('',(-11.1381823957498,-2.00000000000092,2.1));
#20702=CARTESIAN_POINT('',(-11.1381823957498,-2.50000000000092,1.6));
#20703=CARTESIAN_POINT('',(-11.1381823957498,-2.00000000000092,1.6));
#20704=CARTESIAN_POINT('',(-11.1381823957498,-2.50000000000092,2.1));
#20705=CARTESIAN_POINT('Origin',(-1.13818241065092,-2.00000000000092,2.1));
#20706=CARTESIAN_POINT('',(-1.13818241065092,-2.00000000000092,2.1));
#20707=CARTESIAN_POINT('',(-1.13818241065092,-2.00000000000092,2.1));
#20708=CARTESIAN_POINT('',(-1.13818241065092,-2.00000000000092,1.6));
#20709=CARTESIAN_POINT('',(-1.13818241065092,-2.00000000000092,2.1));
#20710=CARTESIAN_POINT('',(-1.13818241065092,-2.00000000000092,1.6));
#20711=CARTESIAN_POINT('Origin',(-1.13818241065092,-2.50000000000092,2.1));
#20712=CARTESIAN_POINT('',(-1.13818241065092,-2.50000000000092,2.1));
#20713=CARTESIAN_POINT('',(-1.13818241065092,-2.50000000000092,2.1));
#20714=CARTESIAN_POINT('',(-1.13818241065092,-2.50000000000092,1.6));
#20715=CARTESIAN_POINT('',(-1.13818241065092,-2.50000000000092,2.1));
#20716=CARTESIAN_POINT('',(-1.13818241065092,-2.50000000000092,1.6));
#20717=CARTESIAN_POINT('Origin',(-11.1381823957498,-2.50000000000092,2.1));
#20718=CARTESIAN_POINT('',(-11.1381823957498,-2.50000000000092,2.1));
#20719=CARTESIAN_POINT('',(-11.1381823957498,-2.50000000000092,1.6));
#20720=CARTESIAN_POINT('Origin',(-6.13818240320034,-2.25000000000092,2.1));
#20721=CARTESIAN_POINT('Origin',(-6.13818240320034,-2.25000000000092,1.6));
#20722=CARTESIAN_POINT('Origin',(-11.1381823957498,-3.00000000000092,2.1));
#20723=CARTESIAN_POINT('',(-11.1381823957498,-3.00000000000092,2.1));
#20724=CARTESIAN_POINT('',(-11.1381823957498,-3.50000000000092,2.1));
#20725=CARTESIAN_POINT('',(-11.1381823957498,-3.00000000000092,2.1));
#20726=CARTESIAN_POINT('',(-11.1381823957498,-3.00000000000092,1.6));
#20727=CARTESIAN_POINT('',(-11.1381823957498,-3.00000000000092,2.1));
#20728=CARTESIAN_POINT('',(-11.1381823957498,-3.50000000000092,1.6));
#20729=CARTESIAN_POINT('',(-11.1381823957498,-3.00000000000092,1.6));
#20730=CARTESIAN_POINT('',(-11.1381823957498,-3.50000000000092,2.1));
#20731=CARTESIAN_POINT('Origin',(-1.13818241065092,-3.00000000000092,2.1));
#20732=CARTESIAN_POINT('',(-1.13818241065092,-3.00000000000092,2.1));
#20733=CARTESIAN_POINT('',(-1.13818241065092,-3.00000000000092,2.1));
#20734=CARTESIAN_POINT('',(-1.13818241065092,-3.00000000000092,1.6));
#20735=CARTESIAN_POINT('',(-1.13818241065092,-3.00000000000092,2.1));
#20736=CARTESIAN_POINT('',(-1.13818241065092,-3.00000000000092,1.6));
#20737=CARTESIAN_POINT('Origin',(-1.13818241065092,-3.50000000000092,2.1));
#20738=CARTESIAN_POINT('',(-1.13818241065092,-3.50000000000092,2.1));
#20739=CARTESIAN_POINT('',(-1.13818241065092,-3.50000000000092,2.1));
#20740=CARTESIAN_POINT('',(-1.13818241065092,-3.50000000000092,1.6));
#20741=CARTESIAN_POINT('',(-1.13818241065092,-3.50000000000092,2.1));
#20742=CARTESIAN_POINT('',(-1.13818241065092,-3.50000000000092,1.6));
#20743=CARTESIAN_POINT('Origin',(-11.1381823957498,-3.50000000000092,2.1));
#20744=CARTESIAN_POINT('',(-11.1381823957498,-3.50000000000092,2.1));
#20745=CARTESIAN_POINT('',(-11.1381823957498,-3.50000000000092,1.6));
#20746=CARTESIAN_POINT('Origin',(-6.13818240320034,-3.25000000000092,2.1));
#20747=CARTESIAN_POINT('Origin',(-6.13818240320034,-3.25000000000092,1.6));
#20748=CARTESIAN_POINT('Origin',(-1.13818241065092,-1.00000000000092,2.1));
#20749=CARTESIAN_POINT('',(-11.1381823957498,-1.00000000000092,2.1));
#20750=CARTESIAN_POINT('',(-1.13818241065092,-1.00000000000092,2.1));
#20751=CARTESIAN_POINT('',(-11.1381823957498,-1.00000000000092,2.1));
#20752=CARTESIAN_POINT('',(-1.13818241065092,-1.00000000000092,1.6));
#20753=CARTESIAN_POINT('',(-1.13818241065092,-1.00000000000092,2.1));
#20754=CARTESIAN_POINT('',(-11.1381823957498,-1.00000000000092,1.6));
#20755=CARTESIAN_POINT('',(-11.1381823957498,-1.00000000000092,1.6));
#20756=CARTESIAN_POINT('',(-11.1381823957498,-1.00000000000092,2.1));
#20757=CARTESIAN_POINT('Origin',(-1.13818241065092,-1.50000000000092,2.1));
#20758=CARTESIAN_POINT('',(-1.13818241065092,-1.50000000000092,2.1));
#20759=CARTESIAN_POINT('',(-1.13818241065092,-1.00000000000092,2.1));
#20760=CARTESIAN_POINT('',(-1.13818241065092,-1.50000000000092,1.6));
#20761=CARTESIAN_POINT('',(-1.13818241065092,-1.50000000000092,2.1));
#20762=CARTESIAN_POINT('',(-1.13818241065092,-1.00000000000092,1.6));
#20763=CARTESIAN_POINT('Origin',(-11.1381823957498,-1.50000000000092,2.1));
#20764=CARTESIAN_POINT('',(-11.1381823957498,-1.50000000000092,2.1));
#20765=CARTESIAN_POINT('',(-1.13818241065092,-1.50000000000092,2.1));
#20766=CARTESIAN_POINT('',(-11.1381823957498,-1.50000000000092,1.6));
#20767=CARTESIAN_POINT('',(-11.1381823957498,-1.50000000000092,2.1));
#20768=CARTESIAN_POINT('',(-1.13818241065092,-1.50000000000092,1.6));
#20769=CARTESIAN_POINT('Origin',(-11.1381823957498,-1.00000000000092,2.1));
#20770=CARTESIAN_POINT('',(-11.1381823957498,-1.50000000000092,2.1));
#20771=CARTESIAN_POINT('',(-11.1381823957498,-1.50000000000092,1.6));
#20772=CARTESIAN_POINT('Origin',(-6.13818240320034,-1.25000000000092,2.1));
#20773=CARTESIAN_POINT('Origin',(-6.13818240320034,-1.25000000000092,1.6));
#20774=CARTESIAN_POINT('Origin',(-1.13818241065092,-6.00000000000092,2.1));
#20775=CARTESIAN_POINT('',(-11.1381823957498,-6.00000000000092,2.1));
#20776=CARTESIAN_POINT('',(-1.13818241065092,-6.00000000000092,2.1));
#20777=CARTESIAN_POINT('',(-11.1381823957498,-6.00000000000092,2.1));
#20778=CARTESIAN_POINT('',(-1.13818241065092,-6.00000000000092,1.6));
#20779=CARTESIAN_POINT('',(-1.13818241065092,-6.00000000000092,2.1));
#20780=CARTESIAN_POINT('',(-11.1381823957498,-6.00000000000092,1.6));
#20781=CARTESIAN_POINT('',(-11.1381823957498,-6.00000000000092,1.6));
#20782=CARTESIAN_POINT('',(-11.1381823957498,-6.00000000000092,2.1));
#20783=CARTESIAN_POINT('Origin',(-1.13818241065092,-6.50000000000093,2.1));
#20784=CARTESIAN_POINT('',(-1.13818241065092,-6.50000000000093,2.1));
#20785=CARTESIAN_POINT('',(-1.13818241065092,-6.00000000000092,2.1));
#20786=CARTESIAN_POINT('',(-1.13818241065092,-6.50000000000093,1.6));
#20787=CARTESIAN_POINT('',(-1.13818241065092,-6.50000000000093,2.1));
#20788=CARTESIAN_POINT('',(-1.13818241065092,-6.00000000000092,1.6));
#20789=CARTESIAN_POINT('Origin',(-11.1381823957498,-6.50000000000093,2.1));
#20790=CARTESIAN_POINT('',(-11.1381823957498,-6.50000000000093,2.1));
#20791=CARTESIAN_POINT('',(-1.13818241065092,-6.50000000000093,2.1));
#20792=CARTESIAN_POINT('',(-11.1381823957498,-6.50000000000093,1.6));
#20793=CARTESIAN_POINT('',(-11.1381823957498,-6.50000000000093,2.1));
#20794=CARTESIAN_POINT('',(-1.13818241065092,-6.50000000000093,1.6));
#20795=CARTESIAN_POINT('Origin',(-11.1381823957498,-6.00000000000092,2.1));
#20796=CARTESIAN_POINT('',(-11.1381823957498,-6.50000000000093,2.1));
#20797=CARTESIAN_POINT('',(-11.1381823957498,-6.50000000000093,1.6));
#20798=CARTESIAN_POINT('Origin',(-6.13818240320034,-6.25000000000092,2.1));
#20799=CARTESIAN_POINT('Origin',(-6.13818240320034,-6.25000000000092,1.6));
#20800=CARTESIAN_POINT('Origin',(-1.13818241065092,-9.2370555648813E-13,
2.1));
#20801=CARTESIAN_POINT('',(-11.1381823957498,-9.2370555648813E-13,2.1));
#20802=CARTESIAN_POINT('',(-1.13818241065092,-9.2370555648813E-13,2.1));
#20803=CARTESIAN_POINT('',(-11.1381823957498,-9.2370555648813E-13,2.1));
#20804=CARTESIAN_POINT('',(-1.13818241065092,-9.2370555648813E-13,1.6));
#20805=CARTESIAN_POINT('',(-1.13818241065092,-9.2370555648813E-13,2.1));
#20806=CARTESIAN_POINT('',(-11.1381823957498,-9.2370555648813E-13,1.6));
#20807=CARTESIAN_POINT('',(-11.1381823957498,-9.2370555648813E-13,1.6));
#20808=CARTESIAN_POINT('',(-11.1381823957498,-9.2370555648813E-13,2.1));
#20809=CARTESIAN_POINT('Origin',(-1.13818241065092,-0.500000000000924,2.1));
#20810=CARTESIAN_POINT('',(-1.13818241065092,-0.500000000000924,2.1));
#20811=CARTESIAN_POINT('',(-1.13818241065092,-9.2370555648813E-13,2.1));
#20812=CARTESIAN_POINT('',(-1.13818241065092,-0.500000000000924,1.6));
#20813=CARTESIAN_POINT('',(-1.13818241065092,-0.500000000000924,2.1));
#20814=CARTESIAN_POINT('',(-1.13818241065092,-9.2370555648813E-13,1.6));
#20815=CARTESIAN_POINT('Origin',(-11.1381823957498,-0.500000000000924,2.1));
#20816=CARTESIAN_POINT('',(-11.1381823957498,-0.500000000000924,2.1));
#20817=CARTESIAN_POINT('',(-1.13818241065092,-0.500000000000924,2.1));
#20818=CARTESIAN_POINT('',(-11.1381823957498,-0.500000000000924,1.6));
#20819=CARTESIAN_POINT('',(-11.1381823957498,-0.500000000000924,2.1));
#20820=CARTESIAN_POINT('',(-1.13818241065092,-0.500000000000924,1.6));
#20821=CARTESIAN_POINT('Origin',(-11.1381823957498,-9.2370555648813E-13,
2.1));
#20822=CARTESIAN_POINT('',(-11.1381823957498,-0.500000000000924,2.1));
#20823=CARTESIAN_POINT('',(-11.1381823957498,-0.500000000000924,1.6));
#20824=CARTESIAN_POINT('Origin',(-6.13818240320034,-0.250000000000924,2.1));
#20825=CARTESIAN_POINT('Origin',(-6.13818240320034,-0.250000000000924,1.6));
#20826=CARTESIAN_POINT('Origin',(-1.13818241065092,-13.0000000000009,2.1));
#20827=CARTESIAN_POINT('',(-11.1381823957498,-13.0000000000009,2.1));
#20828=CARTESIAN_POINT('',(-1.13818241065092,-13.0000000000009,2.1));
#20829=CARTESIAN_POINT('',(-11.1381823957498,-13.0000000000009,2.1));
#20830=CARTESIAN_POINT('',(-1.13818241065092,-13.0000000000009,1.6));
#20831=CARTESIAN_POINT('',(-1.13818241065092,-13.0000000000009,2.1));
#20832=CARTESIAN_POINT('',(-11.1381823957498,-13.0000000000009,1.6));
#20833=CARTESIAN_POINT('',(-11.1381823957498,-13.0000000000009,1.6));
#20834=CARTESIAN_POINT('',(-11.1381823957498,-13.0000000000009,2.1));
#20835=CARTESIAN_POINT('Origin',(-1.13818241065092,-13.5000000000009,2.1));
#20836=CARTESIAN_POINT('',(-1.13818241065092,-13.5000000000009,2.1));
#20837=CARTESIAN_POINT('',(-1.13818241065092,-13.0000000000009,2.1));
#20838=CARTESIAN_POINT('',(-1.13818241065092,-13.5000000000009,1.6));
#20839=CARTESIAN_POINT('',(-1.13818241065092,-13.5000000000009,2.1));
#20840=CARTESIAN_POINT('',(-1.13818241065092,-13.0000000000009,1.6));
#20841=CARTESIAN_POINT('Origin',(-11.1381823957498,-13.5000000000009,2.1));
#20842=CARTESIAN_POINT('',(-11.1381823957498,-13.5000000000009,2.1));
#20843=CARTESIAN_POINT('',(-1.13818241065092,-13.5000000000009,2.1));
#20844=CARTESIAN_POINT('',(-11.1381823957498,-13.5000000000009,1.6));
#20845=CARTESIAN_POINT('',(-11.1381823957498,-13.5000000000009,2.1));
#20846=CARTESIAN_POINT('',(-1.13818241065092,-13.5000000000009,1.6));
#20847=CARTESIAN_POINT('Origin',(-11.1381823957498,-13.0000000000009,2.1));
#20848=CARTESIAN_POINT('',(-11.1381823957498,-13.5000000000009,2.1));
#20849=CARTESIAN_POINT('',(-11.1381823957498,-13.5000000000009,1.6));
#20850=CARTESIAN_POINT('Origin',(-6.13818240320034,-13.2500000000009,2.1));
#20851=CARTESIAN_POINT('Origin',(-6.13818240320034,-13.2500000000009,1.6));
#20852=CARTESIAN_POINT('Origin',(-11.1381823957498,-8.00000000000092,2.1));
#20853=CARTESIAN_POINT('',(-11.1381823957498,-8.00000000000092,2.1));
#20854=CARTESIAN_POINT('',(-11.1381823957498,-8.50000000000092,2.1));
#20855=CARTESIAN_POINT('',(-11.1381823957498,-8.00000000000092,2.1));
#20856=CARTESIAN_POINT('',(-11.1381823957498,-8.00000000000092,1.6));
#20857=CARTESIAN_POINT('',(-11.1381823957498,-8.00000000000092,2.1));
#20858=CARTESIAN_POINT('',(-11.1381823957498,-8.50000000000092,1.6));
#20859=CARTESIAN_POINT('',(-11.1381823957498,-8.00000000000092,1.6));
#20860=CARTESIAN_POINT('',(-11.1381823957498,-8.50000000000092,2.1));
#20861=CARTESIAN_POINT('Origin',(-1.13818241065092,-8.00000000000092,2.1));
#20862=CARTESIAN_POINT('',(-1.13818241065092,-8.00000000000092,2.1));
#20863=CARTESIAN_POINT('',(-1.13818241065092,-8.00000000000092,2.1));
#20864=CARTESIAN_POINT('',(-1.13818241065092,-8.00000000000092,1.6));
#20865=CARTESIAN_POINT('',(-1.13818241065092,-8.00000000000092,2.1));
#20866=CARTESIAN_POINT('',(-1.13818241065092,-8.00000000000092,1.6));
#20867=CARTESIAN_POINT('Origin',(-1.13818241065092,-8.50000000000092,2.1));
#20868=CARTESIAN_POINT('',(-1.13818241065092,-8.50000000000092,2.1));
#20869=CARTESIAN_POINT('',(-1.13818241065092,-8.50000000000092,2.1));
#20870=CARTESIAN_POINT('',(-1.13818241065092,-8.50000000000092,1.6));
#20871=CARTESIAN_POINT('',(-1.13818241065092,-8.50000000000092,2.1));
#20872=CARTESIAN_POINT('',(-1.13818241065092,-8.50000000000092,1.6));
#20873=CARTESIAN_POINT('Origin',(-11.1381823957498,-8.50000000000092,2.1));
#20874=CARTESIAN_POINT('',(-11.1381823957498,-8.50000000000092,2.1));
#20875=CARTESIAN_POINT('',(-11.1381823957498,-8.50000000000092,1.6));
#20876=CARTESIAN_POINT('Origin',(-6.13818240320034,-8.25000000000092,2.1));
#20877=CARTESIAN_POINT('Origin',(-6.13818240320034,-8.25000000000092,1.6));
#20878=CARTESIAN_POINT('Origin',(-11.1381823957498,-9.00000000000093,2.1));
#20879=CARTESIAN_POINT('',(-11.1381823957498,-9.00000000000093,2.1));
#20880=CARTESIAN_POINT('',(-11.1381823957498,-9.50000000000092,2.1));
#20881=CARTESIAN_POINT('',(-11.1381823957498,-9.00000000000093,2.1));
#20882=CARTESIAN_POINT('',(-11.1381823957498,-9.00000000000093,1.6));
#20883=CARTESIAN_POINT('',(-11.1381823957498,-9.00000000000093,2.1));
#20884=CARTESIAN_POINT('',(-11.1381823957498,-9.50000000000092,1.6));
#20885=CARTESIAN_POINT('',(-11.1381823957498,-9.00000000000093,1.6));
#20886=CARTESIAN_POINT('',(-11.1381823957498,-9.50000000000092,2.1));
#20887=CARTESIAN_POINT('Origin',(-1.13818241065092,-9.00000000000093,2.1));
#20888=CARTESIAN_POINT('',(-1.13818241065092,-9.00000000000093,2.1));
#20889=CARTESIAN_POINT('',(-1.13818241065092,-9.00000000000093,2.1));
#20890=CARTESIAN_POINT('',(-1.13818241065092,-9.00000000000093,1.6));
#20891=CARTESIAN_POINT('',(-1.13818241065092,-9.00000000000093,2.1));
#20892=CARTESIAN_POINT('',(-1.13818241065092,-9.00000000000093,1.6));
#20893=CARTESIAN_POINT('Origin',(-1.13818241065092,-9.50000000000092,2.1));
#20894=CARTESIAN_POINT('',(-1.13818241065092,-9.50000000000092,2.1));
#20895=CARTESIAN_POINT('',(-1.13818241065092,-9.50000000000092,2.1));
#20896=CARTESIAN_POINT('',(-1.13818241065092,-9.50000000000092,1.6));
#20897=CARTESIAN_POINT('',(-1.13818241065092,-9.50000000000092,2.1));
#20898=CARTESIAN_POINT('',(-1.13818241065092,-9.50000000000092,1.6));
#20899=CARTESIAN_POINT('Origin',(-11.1381823957498,-9.50000000000092,2.1));
#20900=CARTESIAN_POINT('',(-11.1381823957498,-9.50000000000092,2.1));
#20901=CARTESIAN_POINT('',(-11.1381823957498,-9.50000000000092,1.6));
#20902=CARTESIAN_POINT('Origin',(-6.13818240320034,-9.25000000000092,2.1));
#20903=CARTESIAN_POINT('Origin',(-6.13818240320034,-9.25000000000092,1.6));
#20904=CARTESIAN_POINT('Origin',(-1.13818241065092,-7.00000000000092,2.1));
#20905=CARTESIAN_POINT('',(-11.1381823957498,-7.00000000000092,2.1));
#20906=CARTESIAN_POINT('',(-1.13818241065092,-7.00000000000092,2.1));
#20907=CARTESIAN_POINT('',(-11.1381823957498,-7.00000000000092,2.1));
#20908=CARTESIAN_POINT('',(-1.13818241065092,-7.00000000000092,1.6));
#20909=CARTESIAN_POINT('',(-1.13818241065092,-7.00000000000092,2.1));
#20910=CARTESIAN_POINT('',(-11.1381823957498,-7.00000000000092,1.6));
#20911=CARTESIAN_POINT('',(-11.1381823957498,-7.00000000000092,1.6));
#20912=CARTESIAN_POINT('',(-11.1381823957498,-7.00000000000092,2.1));
#20913=CARTESIAN_POINT('Origin',(-1.13818241065092,-7.50000000000092,2.1));
#20914=CARTESIAN_POINT('',(-1.13818241065092,-7.50000000000092,2.1));
#20915=CARTESIAN_POINT('',(-1.13818241065092,-7.00000000000092,2.1));
#20916=CARTESIAN_POINT('',(-1.13818241065092,-7.50000000000092,1.6));
#20917=CARTESIAN_POINT('',(-1.13818241065092,-7.50000000000092,2.1));
#20918=CARTESIAN_POINT('',(-1.13818241065092,-7.00000000000092,1.6));
#20919=CARTESIAN_POINT('Origin',(-11.1381823957498,-7.50000000000092,2.1));
#20920=CARTESIAN_POINT('',(-11.1381823957498,-7.50000000000092,2.1));
#20921=CARTESIAN_POINT('',(-1.13818241065092,-7.50000000000092,2.1));
#20922=CARTESIAN_POINT('',(-11.1381823957498,-7.50000000000092,1.6));
#20923=CARTESIAN_POINT('',(-11.1381823957498,-7.50000000000092,2.1));
#20924=CARTESIAN_POINT('',(-1.13818241065092,-7.50000000000092,1.6));
#20925=CARTESIAN_POINT('Origin',(-11.1381823957498,-7.00000000000092,2.1));
#20926=CARTESIAN_POINT('',(-11.1381823957498,-7.50000000000092,2.1));
#20927=CARTESIAN_POINT('',(-11.1381823957498,-7.50000000000092,1.6));
#20928=CARTESIAN_POINT('Origin',(-6.13818240320034,-7.25000000000092,2.1));
#20929=CARTESIAN_POINT('Origin',(-6.13818240320034,-7.25000000000092,1.6));
#20930=CARTESIAN_POINT('Origin',(-11.1381823957498,-14.0000000000009,2.1));
#20931=CARTESIAN_POINT('',(-11.1381823957498,-14.0000000000009,2.1));
#20932=CARTESIAN_POINT('',(-11.1381823957498,-14.5000000000009,2.1));
#20933=CARTESIAN_POINT('',(-11.1381823957498,-14.0000000000009,2.1));
#20934=CARTESIAN_POINT('',(-11.1381823957498,-14.0000000000009,1.6));
#20935=CARTESIAN_POINT('',(-11.1381823957498,-14.0000000000009,2.1));
#20936=CARTESIAN_POINT('',(-11.1381823957498,-14.5000000000009,1.6));
#20937=CARTESIAN_POINT('',(-11.1381823957498,-14.0000000000009,1.6));
#20938=CARTESIAN_POINT('',(-11.1381823957498,-14.5000000000009,2.1));
#20939=CARTESIAN_POINT('Origin',(-1.13818241065092,-14.0000000000009,2.1));
#20940=CARTESIAN_POINT('',(-1.13818241065092,-14.0000000000009,2.1));
#20941=CARTESIAN_POINT('',(-1.13818241065092,-14.0000000000009,2.1));
#20942=CARTESIAN_POINT('',(-1.13818241065092,-14.0000000000009,1.6));
#20943=CARTESIAN_POINT('',(-1.13818241065092,-14.0000000000009,2.1));
#20944=CARTESIAN_POINT('',(-1.13818241065092,-14.0000000000009,1.6));
#20945=CARTESIAN_POINT('Origin',(-1.13818241065092,-14.5000000000009,2.1));
#20946=CARTESIAN_POINT('',(-1.13818241065092,-14.5000000000009,2.1));
#20947=CARTESIAN_POINT('',(-1.13818241065092,-14.5000000000009,2.1));
#20948=CARTESIAN_POINT('',(-1.13818241065092,-14.5000000000009,1.6));
#20949=CARTESIAN_POINT('',(-1.13818241065092,-14.5000000000009,2.1));
#20950=CARTESIAN_POINT('',(-1.13818241065092,-14.5000000000009,1.6));
#20951=CARTESIAN_POINT('Origin',(-11.1381823957498,-14.5000000000009,2.1));
#20952=CARTESIAN_POINT('',(-11.1381823957498,-14.5000000000009,2.1));
#20953=CARTESIAN_POINT('',(-11.1381823957498,-14.5000000000009,1.6));
#20954=CARTESIAN_POINT('Origin',(-6.13818240320034,-14.2500000000009,2.1));
#20955=CARTESIAN_POINT('Origin',(-6.13818240320034,-14.2500000000009,1.6));
#20956=CARTESIAN_POINT('Origin',(-1.13818241065092,-12.0000000000009,2.1));
#20957=CARTESIAN_POINT('',(-11.1381823957498,-12.0000000000009,2.1));
#20958=CARTESIAN_POINT('',(-1.13818241065092,-12.0000000000009,2.1));
#20959=CARTESIAN_POINT('',(-11.1381823957498,-12.0000000000009,2.1));
#20960=CARTESIAN_POINT('',(-1.13818241065092,-12.0000000000009,1.6));
#20961=CARTESIAN_POINT('',(-1.13818241065092,-12.0000000000009,2.1));
#20962=CARTESIAN_POINT('',(-11.1381823957498,-12.0000000000009,1.6));
#20963=CARTESIAN_POINT('',(-11.1381823957498,-12.0000000000009,1.6));
#20964=CARTESIAN_POINT('',(-11.1381823957498,-12.0000000000009,2.1));
#20965=CARTESIAN_POINT('Origin',(-1.13818241065092,-12.5000000000009,2.1));
#20966=CARTESIAN_POINT('',(-1.13818241065092,-12.5000000000009,2.1));
#20967=CARTESIAN_POINT('',(-1.13818241065092,-12.0000000000009,2.1));
#20968=CARTESIAN_POINT('',(-1.13818241065092,-12.5000000000009,1.6));
#20969=CARTESIAN_POINT('',(-1.13818241065092,-12.5000000000009,2.1));
#20970=CARTESIAN_POINT('',(-1.13818241065092,-12.0000000000009,1.6));
#20971=CARTESIAN_POINT('Origin',(-11.1381823957498,-12.5000000000009,2.1));
#20972=CARTESIAN_POINT('',(-11.1381823957498,-12.5000000000009,2.1));
#20973=CARTESIAN_POINT('',(-1.13818241065092,-12.5000000000009,2.1));
#20974=CARTESIAN_POINT('',(-11.1381823957498,-12.5000000000009,1.6));
#20975=CARTESIAN_POINT('',(-11.1381823957498,-12.5000000000009,2.1));
#20976=CARTESIAN_POINT('',(-1.13818241065092,-12.5000000000009,1.6));
#20977=CARTESIAN_POINT('Origin',(-11.1381823957498,-12.0000000000009,2.1));
#20978=CARTESIAN_POINT('',(-11.1381823957498,-12.5000000000009,2.1));
#20979=CARTESIAN_POINT('',(-11.1381823957498,-12.5000000000009,1.6));
#20980=CARTESIAN_POINT('Origin',(-6.13818240320034,-12.2500000000009,2.1));
#20981=CARTESIAN_POINT('Origin',(-6.13818240320034,-12.2500000000009,1.6));
#20982=CARTESIAN_POINT('Origin',(-11.1381823957498,-15.0000000000009,2.1));
#20983=CARTESIAN_POINT('',(-11.1381823957498,-15.0000000000009,2.1));
#20984=CARTESIAN_POINT('',(-11.1381823957498,-15.5000000000009,2.1));
#20985=CARTESIAN_POINT('',(-11.1381823957498,-15.0000000000009,2.1));
#20986=CARTESIAN_POINT('',(-11.1381823957498,-15.0000000000009,1.6));
#20987=CARTESIAN_POINT('',(-11.1381823957498,-15.0000000000009,2.1));
#20988=CARTESIAN_POINT('',(-11.1381823957498,-15.5000000000009,1.6));
#20989=CARTESIAN_POINT('',(-11.1381823957498,-15.0000000000009,1.6));
#20990=CARTESIAN_POINT('',(-11.1381823957498,-15.5000000000009,2.1));
#20991=CARTESIAN_POINT('Origin',(-1.13818241065092,-15.0000000000009,2.1));
#20992=CARTESIAN_POINT('',(-1.13818241065092,-15.0000000000009,2.1));
#20993=CARTESIAN_POINT('',(-1.13818241065092,-15.0000000000009,2.1));
#20994=CARTESIAN_POINT('',(-1.13818241065092,-15.0000000000009,1.6));
#20995=CARTESIAN_POINT('',(-1.13818241065092,-15.0000000000009,2.1));
#20996=CARTESIAN_POINT('',(-1.13818241065092,-15.0000000000009,1.6));
#20997=CARTESIAN_POINT('Origin',(-1.13818241065092,-15.5000000000009,2.1));
#20998=CARTESIAN_POINT('',(-1.13818241065092,-15.5000000000009,2.1));
#20999=CARTESIAN_POINT('',(-1.13818241065092,-15.5000000000009,2.1));
#21000=CARTESIAN_POINT('',(-1.13818241065092,-15.5000000000009,1.6));
#21001=CARTESIAN_POINT('',(-1.13818241065092,-15.5000000000009,2.1));
#21002=CARTESIAN_POINT('',(-1.13818241065092,-15.5000000000009,1.6));
#21003=CARTESIAN_POINT('Origin',(-11.1381823957498,-15.5000000000009,2.1));
#21004=CARTESIAN_POINT('',(-11.1381823957498,-15.5000000000009,2.1));
#21005=CARTESIAN_POINT('',(-11.1381823957498,-15.5000000000009,1.6));
#21006=CARTESIAN_POINT('Origin',(-6.13818240320034,-15.2500000000009,2.1));
#21007=CARTESIAN_POINT('Origin',(-6.13818240320034,-15.2500000000009,1.6));
#21008=CARTESIAN_POINT('Origin',(-1.13818241065092,-19.0000000000009,2.1));
#21009=CARTESIAN_POINT('',(-11.1381823957498,-19.0000000000009,2.1));
#21010=CARTESIAN_POINT('',(-1.13818241065092,-19.0000000000009,2.1));
#21011=CARTESIAN_POINT('',(-11.1381823957498,-19.0000000000009,2.1));
#21012=CARTESIAN_POINT('',(-1.13818241065092,-19.0000000000009,1.6));
#21013=CARTESIAN_POINT('',(-1.13818241065092,-19.0000000000009,2.1));
#21014=CARTESIAN_POINT('',(-11.1381823957498,-19.0000000000009,1.6));
#21015=CARTESIAN_POINT('',(-11.1381823957498,-19.0000000000009,1.6));
#21016=CARTESIAN_POINT('',(-11.1381823957498,-19.0000000000009,2.1));
#21017=CARTESIAN_POINT('Origin',(-1.13818241065092,-19.5000000000009,2.1));
#21018=CARTESIAN_POINT('',(-1.13818241065092,-19.5000000000009,2.1));
#21019=CARTESIAN_POINT('',(-1.13818241065092,-19.0000000000009,2.1));
#21020=CARTESIAN_POINT('',(-1.13818241065092,-19.5000000000009,1.6));
#21021=CARTESIAN_POINT('',(-1.13818241065092,-19.5000000000009,2.1));
#21022=CARTESIAN_POINT('',(-1.13818241065092,-19.0000000000009,1.6));
#21023=CARTESIAN_POINT('Origin',(-11.1381823957498,-19.5000000000009,2.1));
#21024=CARTESIAN_POINT('',(-11.1381823957498,-19.5000000000009,2.1));
#21025=CARTESIAN_POINT('',(-1.13818241065092,-19.5000000000009,2.1));
#21026=CARTESIAN_POINT('',(-11.1381823957498,-19.5000000000009,1.6));
#21027=CARTESIAN_POINT('',(-11.1381823957498,-19.5000000000009,2.1));
#21028=CARTESIAN_POINT('',(-1.13818241065092,-19.5000000000009,1.6));
#21029=CARTESIAN_POINT('Origin',(-11.1381823957498,-19.0000000000009,2.1));
#21030=CARTESIAN_POINT('',(-11.1381823957498,-19.5000000000009,2.1));
#21031=CARTESIAN_POINT('',(-11.1381823957498,-19.5000000000009,1.6));
#21032=CARTESIAN_POINT('Origin',(-6.13818240320034,-19.2500000000009,2.1));
#21033=CARTESIAN_POINT('Origin',(-6.13818240320034,-19.2500000000009,1.6));
#21034=CARTESIAN_POINT('Origin',(-11.1381823957498,-21.0000000000009,2.1));
#21035=CARTESIAN_POINT('',(-11.1381823957498,-21.0000000000009,2.1));
#21036=CARTESIAN_POINT('',(-11.1381823957498,-21.5000000000009,2.1));
#21037=CARTESIAN_POINT('',(-11.1381823957498,-21.0000000000009,2.1));
#21038=CARTESIAN_POINT('',(-11.1381823957498,-21.0000000000009,1.6));
#21039=CARTESIAN_POINT('',(-11.1381823957498,-21.0000000000009,2.1));
#21040=CARTESIAN_POINT('',(-11.1381823957498,-21.5000000000009,1.6));
#21041=CARTESIAN_POINT('',(-11.1381823957498,-21.0000000000009,1.6));
#21042=CARTESIAN_POINT('',(-11.1381823957498,-21.5000000000009,2.1));
#21043=CARTESIAN_POINT('Origin',(-1.13818241065092,-21.0000000000009,2.1));
#21044=CARTESIAN_POINT('',(-1.13818241065092,-21.0000000000009,2.1));
#21045=CARTESIAN_POINT('',(-1.13818241065092,-21.0000000000009,2.1));
#21046=CARTESIAN_POINT('',(-1.13818241065092,-21.0000000000009,1.6));
#21047=CARTESIAN_POINT('',(-1.13818241065092,-21.0000000000009,2.1));
#21048=CARTESIAN_POINT('',(-1.13818241065092,-21.0000000000009,1.6));
#21049=CARTESIAN_POINT('Origin',(-1.13818241065092,-21.5000000000009,2.1));
#21050=CARTESIAN_POINT('',(-1.13818241065092,-21.5000000000009,2.1));
#21051=CARTESIAN_POINT('',(-1.13818241065092,-21.5000000000009,2.1));
#21052=CARTESIAN_POINT('',(-1.13818241065092,-21.5000000000009,1.6));
#21053=CARTESIAN_POINT('',(-1.13818241065092,-21.5000000000009,2.1));
#21054=CARTESIAN_POINT('',(-1.13818241065092,-21.5000000000009,1.6));
#21055=CARTESIAN_POINT('Origin',(-11.1381823957498,-21.5000000000009,2.1));
#21056=CARTESIAN_POINT('',(-11.1381823957498,-21.5000000000009,2.1));
#21057=CARTESIAN_POINT('',(-11.1381823957498,-21.5000000000009,1.6));
#21058=CARTESIAN_POINT('Origin',(-6.13818240320034,-21.2500000000009,2.1));
#21059=CARTESIAN_POINT('Origin',(-6.13818240320034,-21.2500000000009,1.6));
#21060=CARTESIAN_POINT('Origin',(-11.1381823957498,-20.0000000000009,2.1));
#21061=CARTESIAN_POINT('',(-11.1381823957498,-20.0000000000009,2.1));
#21062=CARTESIAN_POINT('',(-11.1381823957498,-20.5000000000009,2.1));
#21063=CARTESIAN_POINT('',(-11.1381823957498,-20.0000000000009,2.1));
#21064=CARTESIAN_POINT('',(-11.1381823957498,-20.0000000000009,1.6));
#21065=CARTESIAN_POINT('',(-11.1381823957498,-20.0000000000009,2.1));
#21066=CARTESIAN_POINT('',(-11.1381823957498,-20.5000000000009,1.6));
#21067=CARTESIAN_POINT('',(-11.1381823957498,-20.0000000000009,1.6));
#21068=CARTESIAN_POINT('',(-11.1381823957498,-20.5000000000009,2.1));
#21069=CARTESIAN_POINT('Origin',(-1.13818241065092,-20.0000000000009,2.1));
#21070=CARTESIAN_POINT('',(-1.13818241065092,-20.0000000000009,2.1));
#21071=CARTESIAN_POINT('',(-1.13818241065092,-20.0000000000009,2.1));
#21072=CARTESIAN_POINT('',(-1.13818241065092,-20.0000000000009,1.6));
#21073=CARTESIAN_POINT('',(-1.13818241065092,-20.0000000000009,2.1));
#21074=CARTESIAN_POINT('',(-1.13818241065092,-20.0000000000009,1.6));
#21075=CARTESIAN_POINT('Origin',(-1.13818241065092,-20.5000000000009,2.1));
#21076=CARTESIAN_POINT('',(-1.13818241065092,-20.5000000000009,2.1));
#21077=CARTESIAN_POINT('',(-1.13818241065092,-20.5000000000009,2.1));
#21078=CARTESIAN_POINT('',(-1.13818241065092,-20.5000000000009,1.6));
#21079=CARTESIAN_POINT('',(-1.13818241065092,-20.5000000000009,2.1));
#21080=CARTESIAN_POINT('',(-1.13818241065092,-20.5000000000009,1.6));
#21081=CARTESIAN_POINT('Origin',(-11.1381823957498,-20.5000000000009,2.1));
#21082=CARTESIAN_POINT('',(-11.1381823957498,-20.5000000000009,2.1));
#21083=CARTESIAN_POINT('',(-11.1381823957498,-20.5000000000009,1.6));
#21084=CARTESIAN_POINT('Origin',(-6.13818240320034,-20.2500000000009,2.1));
#21085=CARTESIAN_POINT('Origin',(-6.13818240320034,-20.2500000000009,1.6));
#21086=CARTESIAN_POINT('Origin',(-1.13818241065092,-18.0000000000009,2.1));
#21087=CARTESIAN_POINT('',(-11.1381823957498,-18.0000000000009,2.1));
#21088=CARTESIAN_POINT('',(-1.13818241065092,-18.0000000000009,2.1));
#21089=CARTESIAN_POINT('',(-11.1381823957498,-18.0000000000009,2.1));
#21090=CARTESIAN_POINT('',(-1.13818241065092,-18.0000000000009,1.6));
#21091=CARTESIAN_POINT('',(-1.13818241065092,-18.0000000000009,2.1));
#21092=CARTESIAN_POINT('',(-11.1381823957498,-18.0000000000009,1.6));
#21093=CARTESIAN_POINT('',(-11.1381823957498,-18.0000000000009,1.6));
#21094=CARTESIAN_POINT('',(-11.1381823957498,-18.0000000000009,2.1));
#21095=CARTESIAN_POINT('Origin',(-1.13818241065092,-18.5000000000009,2.1));
#21096=CARTESIAN_POINT('',(-1.13818241065092,-18.5000000000009,2.1));
#21097=CARTESIAN_POINT('',(-1.13818241065092,-18.0000000000009,2.1));
#21098=CARTESIAN_POINT('',(-1.13818241065092,-18.5000000000009,1.6));
#21099=CARTESIAN_POINT('',(-1.13818241065092,-18.5000000000009,2.1));
#21100=CARTESIAN_POINT('',(-1.13818241065092,-18.0000000000009,1.6));
#21101=CARTESIAN_POINT('Origin',(-11.1381823957498,-18.5000000000009,2.1));
#21102=CARTESIAN_POINT('',(-11.1381823957498,-18.5000000000009,2.1));
#21103=CARTESIAN_POINT('',(-1.13818241065092,-18.5000000000009,2.1));
#21104=CARTESIAN_POINT('',(-11.1381823957498,-18.5000000000009,1.6));
#21105=CARTESIAN_POINT('',(-11.1381823957498,-18.5000000000009,2.1));
#21106=CARTESIAN_POINT('',(-1.13818241065092,-18.5000000000009,1.6));
#21107=CARTESIAN_POINT('Origin',(-11.1381823957498,-18.0000000000009,2.1));
#21108=CARTESIAN_POINT('',(-11.1381823957498,-18.5000000000009,2.1));
#21109=CARTESIAN_POINT('',(-11.1381823957498,-18.5000000000009,1.6));
#21110=CARTESIAN_POINT('Origin',(-6.13818240320034,-18.2500000000009,2.1));
#21111=CARTESIAN_POINT('Origin',(-6.13818240320034,-18.2500000000009,1.6));
#21112=CARTESIAN_POINT('Origin',(-11.1381823957498,3.99999999999908,2.1));
#21113=CARTESIAN_POINT('',(-11.1381823957498,3.99999999999908,2.1));
#21114=CARTESIAN_POINT('',(-11.1381823957498,3.49999999999908,2.1));
#21115=CARTESIAN_POINT('',(-11.1381823957498,3.99999999999908,2.1));
#21116=CARTESIAN_POINT('',(-11.1381823957498,3.99999999999908,1.6));
#21117=CARTESIAN_POINT('',(-11.1381823957498,3.99999999999908,2.1));
#21118=CARTESIAN_POINT('',(-11.1381823957498,3.49999999999908,1.6));
#21119=CARTESIAN_POINT('',(-11.1381823957498,3.99999999999908,1.6));
#21120=CARTESIAN_POINT('',(-11.1381823957498,3.49999999999908,2.1));
#21121=CARTESIAN_POINT('Origin',(-1.13818241065092,3.99999999999908,2.1));
#21122=CARTESIAN_POINT('',(-1.13818241065092,3.99999999999908,2.1));
#21123=CARTESIAN_POINT('',(-1.13818241065092,3.99999999999908,2.1));
#21124=CARTESIAN_POINT('',(-1.13818241065092,3.99999999999908,1.6));
#21125=CARTESIAN_POINT('',(-1.13818241065092,3.99999999999908,2.1));
#21126=CARTESIAN_POINT('',(-1.13818241065092,3.99999999999908,1.6));
#21127=CARTESIAN_POINT('Origin',(-1.13818241065092,3.49999999999908,2.1));
#21128=CARTESIAN_POINT('',(-1.13818241065092,3.49999999999908,2.1));
#21129=CARTESIAN_POINT('',(-1.13818241065092,3.49999999999908,2.1));
#21130=CARTESIAN_POINT('',(-1.13818241065092,3.49999999999908,1.6));
#21131=CARTESIAN_POINT('',(-1.13818241065092,3.49999999999908,2.1));
#21132=CARTESIAN_POINT('',(-1.13818241065092,3.49999999999908,1.6));
#21133=CARTESIAN_POINT('Origin',(-11.1381823957498,3.49999999999908,2.1));
#21134=CARTESIAN_POINT('',(-11.1381823957498,3.49999999999908,2.1));
#21135=CARTESIAN_POINT('',(-11.1381823957498,3.49999999999908,1.6));
#21136=CARTESIAN_POINT('Origin',(-6.13818240320034,3.74999999999908,2.1));
#21137=CARTESIAN_POINT('Origin',(-6.13818240320034,3.74999999999908,1.6));
#21138=CARTESIAN_POINT('Origin',(-11.1381823957498,2.99999999999908,2.1));
#21139=CARTESIAN_POINT('',(-11.1381823957498,2.99999999999908,2.1));
#21140=CARTESIAN_POINT('',(-11.1381823957498,2.49999999999908,2.1));
#21141=CARTESIAN_POINT('',(-11.1381823957498,2.99999999999908,2.1));
#21142=CARTESIAN_POINT('',(-11.1381823957498,2.99999999999908,1.6));
#21143=CARTESIAN_POINT('',(-11.1381823957498,2.99999999999908,2.1));
#21144=CARTESIAN_POINT('',(-11.1381823957498,2.49999999999908,1.6));
#21145=CARTESIAN_POINT('',(-11.1381823957498,2.99999999999908,1.6));
#21146=CARTESIAN_POINT('',(-11.1381823957498,2.49999999999908,2.1));
#21147=CARTESIAN_POINT('Origin',(-1.13818241065092,2.99999999999908,2.1));
#21148=CARTESIAN_POINT('',(-1.13818241065092,2.99999999999908,2.1));
#21149=CARTESIAN_POINT('',(-1.13818241065092,2.99999999999908,2.1));
#21150=CARTESIAN_POINT('',(-1.13818241065092,2.99999999999908,1.6));
#21151=CARTESIAN_POINT('',(-1.13818241065092,2.99999999999908,2.1));
#21152=CARTESIAN_POINT('',(-1.13818241065092,2.99999999999908,1.6));
#21153=CARTESIAN_POINT('Origin',(-1.13818241065092,2.49999999999908,2.1));
#21154=CARTESIAN_POINT('',(-1.13818241065092,2.49999999999908,2.1));
#21155=CARTESIAN_POINT('',(-1.13818241065092,2.49999999999908,2.1));
#21156=CARTESIAN_POINT('',(-1.13818241065092,2.49999999999908,1.6));
#21157=CARTESIAN_POINT('',(-1.13818241065092,2.49999999999908,2.1));
#21158=CARTESIAN_POINT('',(-1.13818241065092,2.49999999999908,1.6));
#21159=CARTESIAN_POINT('Origin',(-11.1381823957498,2.49999999999908,2.1));
#21160=CARTESIAN_POINT('',(-11.1381823957498,2.49999999999908,2.1));
#21161=CARTESIAN_POINT('',(-11.1381823957498,2.49999999999908,1.6));
#21162=CARTESIAN_POINT('Origin',(-6.13818240320034,2.74999999999908,2.1));
#21163=CARTESIAN_POINT('Origin',(-6.13818240320034,2.74999999999908,1.6));
#21164=CARTESIAN_POINT('Origin',(-1.13818241065092,4.99999999999908,2.1));
#21165=CARTESIAN_POINT('',(-11.1381823957498,4.99999999999908,2.1));
#21166=CARTESIAN_POINT('',(-1.13818241065092,4.99999999999908,2.1));
#21167=CARTESIAN_POINT('',(-11.1381823957498,4.99999999999908,2.1));
#21168=CARTESIAN_POINT('',(-1.13818241065092,4.99999999999908,1.6));
#21169=CARTESIAN_POINT('',(-1.13818241065092,4.99999999999908,2.1));
#21170=CARTESIAN_POINT('',(-11.1381823957498,4.99999999999908,1.6));
#21171=CARTESIAN_POINT('',(-11.1381823957498,4.99999999999908,1.6));
#21172=CARTESIAN_POINT('',(-11.1381823957498,4.99999999999908,2.1));
#21173=CARTESIAN_POINT('Origin',(-1.13818241065092,4.49999999999908,2.1));
#21174=CARTESIAN_POINT('',(-1.13818241065092,4.49999999999908,2.1));
#21175=CARTESIAN_POINT('',(-1.13818241065092,4.99999999999908,2.1));
#21176=CARTESIAN_POINT('',(-1.13818241065092,4.49999999999908,1.6));
#21177=CARTESIAN_POINT('',(-1.13818241065092,4.49999999999908,2.1));
#21178=CARTESIAN_POINT('',(-1.13818241065092,4.99999999999908,1.6));
#21179=CARTESIAN_POINT('Origin',(-11.1381823957498,4.49999999999908,2.1));
#21180=CARTESIAN_POINT('',(-11.1381823957498,4.49999999999908,2.1));
#21181=CARTESIAN_POINT('',(-1.13818241065092,4.49999999999908,2.1));
#21182=CARTESIAN_POINT('',(-11.1381823957498,4.49999999999908,1.6));
#21183=CARTESIAN_POINT('',(-11.1381823957498,4.49999999999908,2.1));
#21184=CARTESIAN_POINT('',(-1.13818241065092,4.49999999999908,1.6));
#21185=CARTESIAN_POINT('Origin',(-11.1381823957498,4.99999999999908,2.1));
#21186=CARTESIAN_POINT('',(-11.1381823957498,4.49999999999908,2.1));
#21187=CARTESIAN_POINT('',(-11.1381823957498,4.49999999999908,1.6));
#21188=CARTESIAN_POINT('Origin',(-6.13818240320034,4.74999999999908,2.1));
#21189=CARTESIAN_POINT('Origin',(-6.13818240320034,4.74999999999908,1.6));
#21190=CARTESIAN_POINT('Origin',(-1.13818241065092,5.99999999999908,2.1));
#21191=CARTESIAN_POINT('',(-11.1381823957498,5.99999999999908,2.1));
#21192=CARTESIAN_POINT('',(-1.13818241065092,5.99999999999908,2.1));
#21193=CARTESIAN_POINT('',(-11.1381823957498,5.99999999999908,2.1));
#21194=CARTESIAN_POINT('',(-1.13818241065092,5.99999999999908,1.6));
#21195=CARTESIAN_POINT('',(-1.13818241065092,5.99999999999908,2.1));
#21196=CARTESIAN_POINT('',(-11.1381823957498,5.99999999999908,1.6));
#21197=CARTESIAN_POINT('',(-11.1381823957498,5.99999999999908,1.6));
#21198=CARTESIAN_POINT('',(-11.1381823957498,5.99999999999908,2.1));
#21199=CARTESIAN_POINT('Origin',(-1.13818241065092,5.49999999999908,2.1));
#21200=CARTESIAN_POINT('',(-1.13818241065092,5.49999999999908,2.1));
#21201=CARTESIAN_POINT('',(-1.13818241065092,5.99999999999908,2.1));
#21202=CARTESIAN_POINT('',(-1.13818241065092,5.49999999999908,1.6));
#21203=CARTESIAN_POINT('',(-1.13818241065092,5.49999999999908,2.1));
#21204=CARTESIAN_POINT('',(-1.13818241065092,5.99999999999908,1.6));
#21205=CARTESIAN_POINT('Origin',(-11.1381823957498,5.49999999999908,2.1));
#21206=CARTESIAN_POINT('',(-11.1381823957498,5.49999999999908,2.1));
#21207=CARTESIAN_POINT('',(-1.13818241065092,5.49999999999908,2.1));
#21208=CARTESIAN_POINT('',(-11.1381823957498,5.49999999999908,1.6));
#21209=CARTESIAN_POINT('',(-11.1381823957498,5.49999999999908,2.1));
#21210=CARTESIAN_POINT('',(-1.13818241065092,5.49999999999908,1.6));
#21211=CARTESIAN_POINT('Origin',(-11.1381823957498,5.99999999999908,2.1));
#21212=CARTESIAN_POINT('',(-11.1381823957498,5.49999999999908,2.1));
#21213=CARTESIAN_POINT('',(-11.1381823957498,5.49999999999908,1.6));
#21214=CARTESIAN_POINT('Origin',(-6.13818240320034,5.74999999999908,2.1));
#21215=CARTESIAN_POINT('Origin',(-6.13818240320034,5.74999999999908,1.6));
#21216=CARTESIAN_POINT('Origin',(-11.1381823957498,9.99999999999908,2.1));
#21217=CARTESIAN_POINT('',(-11.1381823957498,9.99999999999908,2.1));
#21218=CARTESIAN_POINT('',(-11.1381823957498,9.49999999999908,2.1));
#21219=CARTESIAN_POINT('',(-11.1381823957498,9.99999999999908,2.1));
#21220=CARTESIAN_POINT('',(-11.1381823957498,9.99999999999908,1.6));
#21221=CARTESIAN_POINT('',(-11.1381823957498,9.99999999999908,2.1));
#21222=CARTESIAN_POINT('',(-11.1381823957498,9.49999999999908,1.6));
#21223=CARTESIAN_POINT('',(-11.1381823957498,9.99999999999908,1.6));
#21224=CARTESIAN_POINT('',(-11.1381823957498,9.49999999999908,2.1));
#21225=CARTESIAN_POINT('Origin',(-1.13818241065092,9.99999999999908,2.1));
#21226=CARTESIAN_POINT('',(-1.13818241065092,9.99999999999908,2.1));
#21227=CARTESIAN_POINT('',(-1.13818241065092,9.99999999999908,2.1));
#21228=CARTESIAN_POINT('',(-1.13818241065092,9.99999999999908,1.6));
#21229=CARTESIAN_POINT('',(-1.13818241065092,9.99999999999908,2.1));
#21230=CARTESIAN_POINT('',(-1.13818241065092,9.99999999999908,1.6));
#21231=CARTESIAN_POINT('Origin',(-1.13818241065092,9.49999999999908,2.1));
#21232=CARTESIAN_POINT('',(-1.13818241065092,9.49999999999908,2.1));
#21233=CARTESIAN_POINT('',(-1.13818241065092,9.49999999999908,2.1));
#21234=CARTESIAN_POINT('',(-1.13818241065092,9.49999999999908,1.6));
#21235=CARTESIAN_POINT('',(-1.13818241065092,9.49999999999908,2.1));
#21236=CARTESIAN_POINT('',(-1.13818241065092,9.49999999999908,1.6));
#21237=CARTESIAN_POINT('Origin',(-11.1381823957498,9.49999999999908,2.1));
#21238=CARTESIAN_POINT('',(-11.1381823957498,9.49999999999908,2.1));
#21239=CARTESIAN_POINT('',(-11.1381823957498,9.49999999999908,1.6));
#21240=CARTESIAN_POINT('Origin',(-6.13818240320034,9.74999999999908,2.1));
#21241=CARTESIAN_POINT('Origin',(-6.13818240320034,9.74999999999908,1.6));
#21242=CARTESIAN_POINT('Origin',(-11.1381823957498,8.99999999999908,2.1));
#21243=CARTESIAN_POINT('',(-11.1381823957498,8.99999999999908,2.1));
#21244=CARTESIAN_POINT('',(-11.1381823957498,8.49999999999908,2.1));
#21245=CARTESIAN_POINT('',(-11.1381823957498,8.99999999999908,2.1));
#21246=CARTESIAN_POINT('',(-11.1381823957498,8.99999999999908,1.6));
#21247=CARTESIAN_POINT('',(-11.1381823957498,8.99999999999908,2.1));
#21248=CARTESIAN_POINT('',(-11.1381823957498,8.49999999999908,1.6));
#21249=CARTESIAN_POINT('',(-11.1381823957498,8.99999999999908,1.6));
#21250=CARTESIAN_POINT('',(-11.1381823957498,8.49999999999908,2.1));
#21251=CARTESIAN_POINT('Origin',(-1.13818241065092,8.99999999999908,2.1));
#21252=CARTESIAN_POINT('',(-1.13818241065092,8.99999999999908,2.1));
#21253=CARTESIAN_POINT('',(-1.13818241065092,8.99999999999908,2.1));
#21254=CARTESIAN_POINT('',(-1.13818241065092,8.99999999999908,1.6));
#21255=CARTESIAN_POINT('',(-1.13818241065092,8.99999999999908,2.1));
#21256=CARTESIAN_POINT('',(-1.13818241065092,8.99999999999908,1.6));
#21257=CARTESIAN_POINT('Origin',(-1.13818241065092,8.49999999999908,2.1));
#21258=CARTESIAN_POINT('',(-1.13818241065092,8.49999999999908,2.1));
#21259=CARTESIAN_POINT('',(-1.13818241065092,8.49999999999908,2.1));
#21260=CARTESIAN_POINT('',(-1.13818241065092,8.49999999999908,1.6));
#21261=CARTESIAN_POINT('',(-1.13818241065092,8.49999999999908,2.1));
#21262=CARTESIAN_POINT('',(-1.13818241065092,8.49999999999908,1.6));
#21263=CARTESIAN_POINT('Origin',(-11.1381823957498,8.49999999999908,2.1));
#21264=CARTESIAN_POINT('',(-11.1381823957498,8.49999999999908,2.1));
#21265=CARTESIAN_POINT('',(-11.1381823957498,8.49999999999908,1.6));
#21266=CARTESIAN_POINT('Origin',(-6.13818240320034,8.74999999999908,2.1));
#21267=CARTESIAN_POINT('Origin',(-6.13818240320034,8.74999999999908,1.6));
#21268=CARTESIAN_POINT('Origin',(-1.13818241065092,10.9999999999991,2.1));
#21269=CARTESIAN_POINT('',(-11.1381823957498,10.9999999999991,2.1));
#21270=CARTESIAN_POINT('',(-1.13818241065092,10.9999999999991,2.1));
#21271=CARTESIAN_POINT('',(-11.1381823957498,10.9999999999991,2.1));
#21272=CARTESIAN_POINT('',(-1.13818241065092,10.9999999999991,1.6));
#21273=CARTESIAN_POINT('',(-1.13818241065092,10.9999999999991,2.1));
#21274=CARTESIAN_POINT('',(-11.1381823957498,10.9999999999991,1.6));
#21275=CARTESIAN_POINT('',(-11.1381823957498,10.9999999999991,1.6));
#21276=CARTESIAN_POINT('',(-11.1381823957498,10.9999999999991,2.1));
#21277=CARTESIAN_POINT('Origin',(-1.13818241065092,10.4999999999991,2.1));
#21278=CARTESIAN_POINT('',(-1.13818241065092,10.4999999999991,2.1));
#21279=CARTESIAN_POINT('',(-1.13818241065092,10.9999999999991,2.1));
#21280=CARTESIAN_POINT('',(-1.13818241065092,10.4999999999991,1.6));
#21281=CARTESIAN_POINT('',(-1.13818241065092,10.4999999999991,2.1));
#21282=CARTESIAN_POINT('',(-1.13818241065092,10.9999999999991,1.6));
#21283=CARTESIAN_POINT('Origin',(-11.1381823957498,10.4999999999991,2.1));
#21284=CARTESIAN_POINT('',(-11.1381823957498,10.4999999999991,2.1));
#21285=CARTESIAN_POINT('',(-1.13818241065092,10.4999999999991,2.1));
#21286=CARTESIAN_POINT('',(-11.1381823957498,10.4999999999991,1.6));
#21287=CARTESIAN_POINT('',(-11.1381823957498,10.4999999999991,2.1));
#21288=CARTESIAN_POINT('',(-1.13818241065092,10.4999999999991,1.6));
#21289=CARTESIAN_POINT('Origin',(-11.1381823957498,10.9999999999991,2.1));
#21290=CARTESIAN_POINT('',(-11.1381823957498,10.4999999999991,2.1));
#21291=CARTESIAN_POINT('',(-11.1381823957498,10.4999999999991,1.6));
#21292=CARTESIAN_POINT('Origin',(-6.13818240320034,10.7499999999991,2.1));
#21293=CARTESIAN_POINT('Origin',(-6.13818240320034,10.7499999999991,1.6));
#21294=CARTESIAN_POINT('Origin',(-1.13818241065092,11.9999999999991,2.1));
#21295=CARTESIAN_POINT('',(-11.1381823957498,11.9999999999991,2.1));
#21296=CARTESIAN_POINT('',(-1.13818241065092,11.9999999999991,2.1));
#21297=CARTESIAN_POINT('',(-11.1381823957498,11.9999999999991,2.1));
#21298=CARTESIAN_POINT('',(-1.13818241065092,11.9999999999991,1.6));
#21299=CARTESIAN_POINT('',(-1.13818241065092,11.9999999999991,2.1));
#21300=CARTESIAN_POINT('',(-11.1381823957498,11.9999999999991,1.6));
#21301=CARTESIAN_POINT('',(-11.1381823957498,11.9999999999991,1.6));
#21302=CARTESIAN_POINT('',(-11.1381823957498,11.9999999999991,2.1));
#21303=CARTESIAN_POINT('Origin',(-1.13818241065092,11.4999999999991,2.1));
#21304=CARTESIAN_POINT('',(-1.13818241065092,11.4999999999991,2.1));
#21305=CARTESIAN_POINT('',(-1.13818241065092,11.9999999999991,2.1));
#21306=CARTESIAN_POINT('',(-1.13818241065092,11.4999999999991,1.6));
#21307=CARTESIAN_POINT('',(-1.13818241065092,11.4999999999991,2.1));
#21308=CARTESIAN_POINT('',(-1.13818241065092,11.9999999999991,1.6));
#21309=CARTESIAN_POINT('Origin',(-11.1381823957498,11.4999999999991,2.1));
#21310=CARTESIAN_POINT('',(-11.1381823957498,11.4999999999991,2.1));
#21311=CARTESIAN_POINT('',(-1.13818241065092,11.4999999999991,2.1));
#21312=CARTESIAN_POINT('',(-11.1381823957498,11.4999999999991,1.6));
#21313=CARTESIAN_POINT('',(-11.1381823957498,11.4999999999991,2.1));
#21314=CARTESIAN_POINT('',(-1.13818241065092,11.4999999999991,1.6));
#21315=CARTESIAN_POINT('Origin',(-11.1381823957498,11.9999999999991,2.1));
#21316=CARTESIAN_POINT('',(-11.1381823957498,11.4999999999991,2.1));
#21317=CARTESIAN_POINT('',(-11.1381823957498,11.4999999999991,1.6));
#21318=CARTESIAN_POINT('Origin',(-6.13818240320034,11.7499999999991,2.1));
#21319=CARTESIAN_POINT('Origin',(-6.13818240320034,11.7499999999991,1.6));
#21320=CARTESIAN_POINT('Origin',(-11.1381823957498,15.9999999999991,2.1));
#21321=CARTESIAN_POINT('',(-11.1381823957498,15.9999999999991,2.1));
#21322=CARTESIAN_POINT('',(-11.1381823957498,15.4999999999991,2.1));
#21323=CARTESIAN_POINT('',(-11.1381823957498,15.9999999999991,2.1));
#21324=CARTESIAN_POINT('',(-11.1381823957498,15.9999999999991,1.6));
#21325=CARTESIAN_POINT('',(-11.1381823957498,15.9999999999991,2.1));
#21326=CARTESIAN_POINT('',(-11.1381823957498,15.4999999999991,1.6));
#21327=CARTESIAN_POINT('',(-11.1381823957498,15.9999999999991,1.6));
#21328=CARTESIAN_POINT('',(-11.1381823957498,15.4999999999991,2.1));
#21329=CARTESIAN_POINT('Origin',(-1.13818241065092,15.9999999999991,2.1));
#21330=CARTESIAN_POINT('',(-1.13818241065092,15.9999999999991,2.1));
#21331=CARTESIAN_POINT('',(-1.13818241065092,15.9999999999991,2.1));
#21332=CARTESIAN_POINT('',(-1.13818241065092,15.9999999999991,1.6));
#21333=CARTESIAN_POINT('',(-1.13818241065092,15.9999999999991,2.1));
#21334=CARTESIAN_POINT('',(-1.13818241065092,15.9999999999991,1.6));
#21335=CARTESIAN_POINT('Origin',(-1.13818241065092,15.4999999999991,2.1));
#21336=CARTESIAN_POINT('',(-1.13818241065092,15.4999999999991,2.1));
#21337=CARTESIAN_POINT('',(-1.13818241065092,15.4999999999991,2.1));
#21338=CARTESIAN_POINT('',(-1.13818241065092,15.4999999999991,1.6));
#21339=CARTESIAN_POINT('',(-1.13818241065092,15.4999999999991,2.1));
#21340=CARTESIAN_POINT('',(-1.13818241065092,15.4999999999991,1.6));
#21341=CARTESIAN_POINT('Origin',(-11.1381823957498,15.4999999999991,2.1));
#21342=CARTESIAN_POINT('',(-11.1381823957498,15.4999999999991,2.1));
#21343=CARTESIAN_POINT('',(-11.1381823957498,15.4999999999991,1.6));
#21344=CARTESIAN_POINT('Origin',(-6.13818240320034,15.7499999999991,2.1));
#21345=CARTESIAN_POINT('Origin',(-6.13818240320034,15.7499999999991,1.6));
#21346=CARTESIAN_POINT('Origin',(-11.1381823957498,14.9999999999991,2.1));
#21347=CARTESIAN_POINT('',(-11.1381823957498,14.9999999999991,2.1));
#21348=CARTESIAN_POINT('',(-11.1381823957498,14.4999999999991,2.1));
#21349=CARTESIAN_POINT('',(-11.1381823957498,14.9999999999991,2.1));
#21350=CARTESIAN_POINT('',(-11.1381823957498,14.9999999999991,1.6));
#21351=CARTESIAN_POINT('',(-11.1381823957498,14.9999999999991,2.1));
#21352=CARTESIAN_POINT('',(-11.1381823957498,14.4999999999991,1.6));
#21353=CARTESIAN_POINT('',(-11.1381823957498,14.9999999999991,1.6));
#21354=CARTESIAN_POINT('',(-11.1381823957498,14.4999999999991,2.1));
#21355=CARTESIAN_POINT('Origin',(-1.13818241065092,14.9999999999991,2.1));
#21356=CARTESIAN_POINT('',(-1.13818241065092,14.9999999999991,2.1));
#21357=CARTESIAN_POINT('',(-1.13818241065092,14.9999999999991,2.1));
#21358=CARTESIAN_POINT('',(-1.13818241065092,14.9999999999991,1.6));
#21359=CARTESIAN_POINT('',(-1.13818241065092,14.9999999999991,2.1));
#21360=CARTESIAN_POINT('',(-1.13818241065092,14.9999999999991,1.6));
#21361=CARTESIAN_POINT('Origin',(-1.13818241065092,14.4999999999991,2.1));
#21362=CARTESIAN_POINT('',(-1.13818241065092,14.4999999999991,2.1));
#21363=CARTESIAN_POINT('',(-1.13818241065092,14.4999999999991,2.1));
#21364=CARTESIAN_POINT('',(-1.13818241065092,14.4999999999991,1.6));
#21365=CARTESIAN_POINT('',(-1.13818241065092,14.4999999999991,2.1));
#21366=CARTESIAN_POINT('',(-1.13818241065092,14.4999999999991,1.6));
#21367=CARTESIAN_POINT('Origin',(-11.1381823957498,14.4999999999991,2.1));
#21368=CARTESIAN_POINT('',(-11.1381823957498,14.4999999999991,2.1));
#21369=CARTESIAN_POINT('',(-11.1381823957498,14.4999999999991,1.6));
#21370=CARTESIAN_POINT('Origin',(-6.13818240320034,14.7499999999991,2.1));
#21371=CARTESIAN_POINT('Origin',(-6.13818240320034,14.7499999999991,1.6));
#21372=CARTESIAN_POINT('Origin',(-1.13818241065092,16.9999999999991,2.1));
#21373=CARTESIAN_POINT('',(-11.1381823957498,16.9999999999991,2.1));
#21374=CARTESIAN_POINT('',(-1.13818241065092,16.9999999999991,2.1));
#21375=CARTESIAN_POINT('',(-11.1381823957498,16.9999999999991,2.1));
#21376=CARTESIAN_POINT('',(-1.13818241065092,16.9999999999991,1.6));
#21377=CARTESIAN_POINT('',(-1.13818241065092,16.9999999999991,2.1));
#21378=CARTESIAN_POINT('',(-11.1381823957498,16.9999999999991,1.6));
#21379=CARTESIAN_POINT('',(-11.1381823957498,16.9999999999991,1.6));
#21380=CARTESIAN_POINT('',(-11.1381823957498,16.9999999999991,2.1));
#21381=CARTESIAN_POINT('Origin',(-1.13818241065092,16.4999999999991,2.1));
#21382=CARTESIAN_POINT('',(-1.13818241065092,16.4999999999991,2.1));
#21383=CARTESIAN_POINT('',(-1.13818241065092,16.9999999999991,2.1));
#21384=CARTESIAN_POINT('',(-1.13818241065092,16.4999999999991,1.6));
#21385=CARTESIAN_POINT('',(-1.13818241065092,16.4999999999991,2.1));
#21386=CARTESIAN_POINT('',(-1.13818241065092,16.9999999999991,1.6));
#21387=CARTESIAN_POINT('Origin',(-11.1381823957498,16.4999999999991,2.1));
#21388=CARTESIAN_POINT('',(-11.1381823957498,16.4999999999991,2.1));
#21389=CARTESIAN_POINT('',(-1.13818241065092,16.4999999999991,2.1));
#21390=CARTESIAN_POINT('',(-11.1381823957498,16.4999999999991,1.6));
#21391=CARTESIAN_POINT('',(-11.1381823957498,16.4999999999991,2.1));
#21392=CARTESIAN_POINT('',(-1.13818241065092,16.4999999999991,1.6));
#21393=CARTESIAN_POINT('Origin',(-11.1381823957498,16.9999999999991,2.1));
#21394=CARTESIAN_POINT('',(-11.1381823957498,16.4999999999991,2.1));
#21395=CARTESIAN_POINT('',(-11.1381823957498,16.4999999999991,1.6));
#21396=CARTESIAN_POINT('Origin',(-6.13818240320034,16.7499999999991,2.1));
#21397=CARTESIAN_POINT('Origin',(-6.13818240320034,16.7499999999991,1.6));
#21398=CARTESIAN_POINT('Origin',(-1.13818241065092,17.9999999999991,2.1));
#21399=CARTESIAN_POINT('',(-11.1381823957498,17.9999999999991,2.1));
#21400=CARTESIAN_POINT('',(-1.13818241065092,17.9999999999991,2.1));
#21401=CARTESIAN_POINT('',(-11.1381823957498,17.9999999999991,2.1));
#21402=CARTESIAN_POINT('',(-1.13818241065092,17.9999999999991,1.6));
#21403=CARTESIAN_POINT('',(-1.13818241065092,17.9999999999991,2.1));
#21404=CARTESIAN_POINT('',(-11.1381823957498,17.9999999999991,1.6));
#21405=CARTESIAN_POINT('',(-11.1381823957498,17.9999999999991,1.6));
#21406=CARTESIAN_POINT('',(-11.1381823957498,17.9999999999991,2.1));
#21407=CARTESIAN_POINT('Origin',(-1.13818241065092,17.4999999999991,2.1));
#21408=CARTESIAN_POINT('',(-1.13818241065092,17.4999999999991,2.1));
#21409=CARTESIAN_POINT('',(-1.13818241065092,17.9999999999991,2.1));
#21410=CARTESIAN_POINT('',(-1.13818241065092,17.4999999999991,1.6));
#21411=CARTESIAN_POINT('',(-1.13818241065092,17.4999999999991,2.1));
#21412=CARTESIAN_POINT('',(-1.13818241065092,17.9999999999991,1.6));
#21413=CARTESIAN_POINT('Origin',(-11.1381823957498,17.4999999999991,2.1));
#21414=CARTESIAN_POINT('',(-11.1381823957498,17.4999999999991,2.1));
#21415=CARTESIAN_POINT('',(-1.13818241065092,17.4999999999991,2.1));
#21416=CARTESIAN_POINT('',(-11.1381823957498,17.4999999999991,1.6));
#21417=CARTESIAN_POINT('',(-11.1381823957498,17.4999999999991,2.1));
#21418=CARTESIAN_POINT('',(-1.13818241065092,17.4999999999991,1.6));
#21419=CARTESIAN_POINT('Origin',(-11.1381823957498,17.9999999999991,2.1));
#21420=CARTESIAN_POINT('',(-11.1381823957498,17.4999999999991,2.1));
#21421=CARTESIAN_POINT('',(-11.1381823957498,17.4999999999991,1.6));
#21422=CARTESIAN_POINT('Origin',(-6.13818240320034,17.7499999999991,2.1));
#21423=CARTESIAN_POINT('Origin',(-6.13818240320034,17.7499999999991,1.6));
#21424=UNCERTAINTY_MEASURE_WITH_UNIT(LENGTH_MEASURE(0.01),#21428,
'DISTANCE_ACCURACY_VALUE',
'Maximum model space distance between geometric entities at asserted c
onnectivities');
#21425=UNCERTAINTY_MEASURE_WITH_UNIT(LENGTH_MEASURE(0.01),#21428,
'DISTANCE_ACCURACY_VALUE',
'Maximum model space distance between geometric entities at asserted c
onnectivities');
#21426=(
GEOMETRIC_REPRESENTATION_CONTEXT(3)
GLOBAL_UNCERTAINTY_ASSIGNED_CONTEXT((#21424))
GLOBAL_UNIT_ASSIGNED_CONTEXT((#21428,#21430,#21431))
REPRESENTATION_CONTEXT('','3D')
);
#21427=(
GEOMETRIC_REPRESENTATION_CONTEXT(3)
GLOBAL_UNCERTAINTY_ASSIGNED_CONTEXT((#21425))
GLOBAL_UNIT_ASSIGNED_CONTEXT((#21428,#21430,#21431))
REPRESENTATION_CONTEXT('','3D')
);
#21428=(
LENGTH_UNIT()
NAMED_UNIT(*)
SI_UNIT(.MILLI.,.METRE.)
);
#21429=(
LENGTH_UNIT()
NAMED_UNIT(*)
SI_UNIT($,.METRE.)
);
#21430=(
NAMED_UNIT(*)
PLANE_ANGLE_UNIT()
SI_UNIT($,.RADIAN.)
);
#21431=(
NAMED_UNIT(*)
SI_UNIT($,.STERADIAN.)
SOLID_ANGLE_UNIT()
);
#21432=SHAPE_DEFINITION_REPRESENTATION(#21433,#21434);
#21433=PRODUCT_DEFINITION_SHAPE('',$,#21436);
#21434=SHAPE_REPRESENTATION('',(#13516),#21426);
#21435=PRODUCT_DEFINITION_CONTEXT('part definition',#21440,'design');
#21436=PRODUCT_DEFINITION('SolarPanel_30x65x3mm',
'SolarPanel_30x65x3mm v4',#21437,#21435);
#21437=PRODUCT_DEFINITION_FORMATION('',$,#21442);
#21438=PRODUCT_RELATED_PRODUCT_CATEGORY('SolarPanel_30x65x3mm v4',
'SolarPanel_30x65x3mm v4',(#21442));
#21439=APPLICATION_PROTOCOL_DEFINITION('international standard',
'automotive_design',2009,#21440);
#21440=APPLICATION_CONTEXT(
'Core Data for Automotive Mechanical Design Process');
#21441=PRODUCT_CONTEXT('part definition',#21440,'mechanical');
#21442=PRODUCT('SolarPanel_30x65x3mm','SolarPanel_30x65x3mm v4',$,(#21441));
#21443=PRESENTATION_STYLE_ASSIGNMENT((#21446));
#21444=PRESENTATION_STYLE_ASSIGNMENT((#21447));
#21445=PRESENTATION_STYLE_ASSIGNMENT((#21448));
#21446=SURFACE_STYLE_USAGE(.BOTH.,#21449);
#21447=SURFACE_STYLE_USAGE(.BOTH.,#21450);
#21448=SURFACE_STYLE_USAGE(.BOTH.,#21451);
#21449=SURFACE_SIDE_STYLE('',(#21452));
#21450=SURFACE_SIDE_STYLE('',(#21453));
#21451=SURFACE_SIDE_STYLE('',(#21454));
#21452=SURFACE_STYLE_FILL_AREA(#21455);
#21453=SURFACE_STYLE_FILL_AREA(#21456);
#21454=SURFACE_STYLE_FILL_AREA(#21457);
#21455=FILL_AREA_STYLE('Steel - Satin',(#21458));
#21456=FILL_AREA_STYLE('Glass - Heavy Color',(#21459));
#21457=FILL_AREA_STYLE('Steel - Satin',(#21460));
#21458=FILL_AREA_STYLE_COLOUR('Steel - Satin',#21461);
#21459=FILL_AREA_STYLE_COLOUR('Glass - Heavy Color',#21462);
#21460=FILL_AREA_STYLE_COLOUR('Steel - Satin',#21463);
#21461=COLOUR_RGB('Steel - Satin',0.627450980392157,0.627450980392157,0.627450980392157);
#21462=COLOUR_RGB('Glass - Heavy Color',0.0980392156862745,0.0980392156862745,
0.0980392156862745);
#21463=COLOUR_RGB('Steel - Satin',0.525490196078431,0.525490196078431,0.525490196078431);
ENDSEC;
END-ISO-10303-21;
